window_id,truth,detector,score,threshold
ec2_cpu_utilization_53ea38:2419:2435,0,autoencoder@0.95,2.1105232,2.2757568359375
ec2_cpu_utilization_53ea38:2427:2443,0,autoencoder@0.95,0.925773,2.2757568359375
ec2_cpu_utilization_53ea38:2435:2451,0,autoencoder@0.95,1.0598476,2.2757568359375
ec2_cpu_utilization_53ea38:2443:2459,0,autoencoder@0.95,13.582706,2.2757568359375
ec2_cpu_utilization_53ea38:2451:2467,0,autoencoder@0.95,12.481588,2.2757568359375
ec2_cpu_utilization_53ea38:2459:2475,0,autoencoder@0.95,1.7544938,2.2757568359375
ec2_cpu_utilization_53ea38:2467:2483,0,autoencoder@0.95,2.5584073,2.2757568359375
ec2_cpu_utilization_53ea38:2475:2491,0,autoencoder@0.95,0.81933355,2.2757568359375
ec2_cpu_utilization_53ea38:2483:2499,0,autoencoder@0.95,0.768886,2.2757568359375
ec2_cpu_utilization_53ea38:2491:2507,0,autoencoder@0.95,1.3847393,2.2757568359375
ec2_cpu_utilization_53ea38:2499:2515,0,autoencoder@0.95,1.3133739,2.2757568359375
ec2_cpu_utilization_53ea38:2507:2523,0,autoencoder@0.95,1.9982152,2.2757568359375
ec2_cpu_utilization_53ea38:2515:2531,0,autoencoder@0.95,2.0482135,2.2757568359375
ec2_cpu_utilization_53ea38:2523:2539,0,autoencoder@0.95,1.4370822,2.2757568359375
ec2_cpu_utilization_53ea38:2531:2547,0,autoencoder@0.95,1.0547907,2.2757568359375
ec2_cpu_utilization_53ea38:2539:2555,0,autoencoder@0.95,1.0289621,2.2757568359375
ec2_cpu_utilization_53ea38:2547:2563,1,autoencoder@0.95,0.9833226,2.2757568359375
ec2_cpu_utilization_53ea38:2555:2571,1,autoencoder@0.95,0.90030384,2.2757568359375
ec2_cpu_utilization_53ea38:2563:2579,1,autoencoder@0.95,1.3904833,2.2757568359375
ec2_cpu_utilization_53ea38:2571:2587,1,autoencoder@0.95,1.5500398,2.2757568359375
ec2_cpu_utilization_53ea38:2579:2595,1,autoencoder@0.95,1.433959,2.2757568359375
ec2_cpu_utilization_53ea38:2587:2603,1,autoencoder@0.95,1.739709,2.2757568359375
ec2_cpu_utilization_53ea38:2595:2611,1,autoencoder@0.95,0.75988644,2.2757568359375
ec2_cpu_utilization_53ea38:2603:2619,1,autoencoder@0.95,0.72077376,2.2757568359375
ec2_cpu_utilization_53ea38:2611:2627,1,autoencoder@0.95,1.7969908,2.2757568359375
ec2_cpu_utilization_53ea38:2619:2635,1,autoencoder@0.95,1.9409978,2.2757568359375
ec2_cpu_utilization_53ea38:2627:2643,1,autoencoder@0.95,1.0366973,2.2757568359375
ec2_cpu_utilization_53ea38:2635:2651,1,autoencoder@0.95,1.4381595,2.2757568359375
ec2_cpu_utilization_53ea38:2643:2659,1,autoencoder@0.95,1.2386447,2.2757568359375
ec2_cpu_utilization_53ea38:2651:2667,1,autoencoder@0.95,4.223152,2.2757568359375
ec2_cpu_utilization_53ea38:2659:2675,1,autoencoder@0.95,6.839191,2.2757568359375
ec2_cpu_utilization_53ea38:2667:2683,1,autoencoder@0.95,4.8431263,2.2757568359375
ec2_cpu_utilization_53ea38:2675:2691,1,autoencoder@0.95,3.3023014,2.2757568359375
ec2_cpu_utilization_53ea38:2683:2699,1,autoencoder@0.95,3.7886162,2.2757568359375
ec2_cpu_utilization_53ea38:2691:2707,1,autoencoder@0.95,1.998519,2.2757568359375
ec2_cpu_utilization_53ea38:2699:2715,1,autoencoder@0.95,0.99672055,2.2757568359375
ec2_cpu_utilization_53ea38:2707:2723,1,autoencoder@0.95,1.3582543,2.2757568359375
ec2_cpu_utilization_53ea38:2715:2731,1,autoencoder@0.95,1.3637125,2.2757568359375
ec2_cpu_utilization_53ea38:2723:2739,1,autoencoder@0.95,2.0765471,2.2757568359375
ec2_cpu_utilization_53ea38:2731:2747,1,autoencoder@0.95,3.6235561,2.2757568359375
ec2_cpu_utilization_53ea38:2739:2755,1,autoencoder@0.95,5.8928237,2.2757568359375
ec2_cpu_utilization_53ea38:2747:2763,1,autoencoder@0.95,6.614323,2.2757568359375
ec2_cpu_utilization_53ea38:2755:2771,1,autoencoder@0.95,1.8825369,2.2757568359375
ec2_cpu_utilization_53ea38:2763:2779,0,autoencoder@0.95,1.4289807,2.2757568359375
ec2_cpu_utilization_53ea38:2771:2787,0,autoencoder@0.95,1.0776513,2.2757568359375
ec2_cpu_utilization_53ea38:2779:2795,0,autoencoder@0.95,1.5336689,2.2757568359375
ec2_cpu_utilization_53ea38:2787:2803,0,autoencoder@0.95,1.1255417,2.2757568359375
ec2_cpu_utilization_53ea38:2795:2811,0,autoencoder@0.95,0.8511611,2.2757568359375
ec2_cpu_utilization_53ea38:2803:2819,0,autoencoder@0.95,1.4689932,2.2757568359375
ec2_cpu_utilization_53ea38:2811:2827,0,autoencoder@0.95,0.9469069,2.2757568359375
ec2_cpu_utilization_53ea38:2819:2835,0,autoencoder@0.95,1.1374382,2.2757568359375
ec2_cpu_utilization_53ea38:2827:2843,0,autoencoder@0.95,1.2019911,2.2757568359375
ec2_cpu_utilization_53ea38:2835:2851,0,autoencoder@0.95,1.2023236,2.2757568359375
ec2_cpu_utilization_53ea38:2843:2859,0,autoencoder@0.95,2.4256966,2.2757568359375
ec2_cpu_utilization_53ea38:2851:2867,0,autoencoder@0.95,2.4748178,2.2757568359375
ec2_cpu_utilization_53ea38:2859:2875,0,autoencoder@0.95,0.76645625,2.2757568359375
ec2_cpu_utilization_53ea38:2867:2883,0,autoencoder@0.95,0.5101034,2.2757568359375
ec2_cpu_utilization_53ea38:2875:2891,0,autoencoder@0.95,0.72012544,2.2757568359375
ec2_cpu_utilization_53ea38:2883:2899,0,autoencoder@0.95,0.8318787,2.2757568359375
ec2_cpu_utilization_53ea38:2891:2907,0,autoencoder@0.95,1.059889,2.2757568359375
ec2_cpu_utilization_53ea38:2899:2915,0,autoencoder@0.95,1.9597219,2.2757568359375
ec2_cpu_utilization_53ea38:2907:2923,0,autoencoder@0.95,1.7856773,2.2757568359375
ec2_cpu_utilization_53ea38:2915:2931,0,autoencoder@0.95,1.1440811,2.2757568359375
ec2_cpu_utilization_53ea38:2923:2939,0,autoencoder@0.95,1.8127315,2.2757568359375
ec2_cpu_utilization_53ea38:2931:2947,0,autoencoder@0.95,1.051269,2.2757568359375
ec2_cpu_utilization_53ea38:2939:2955,0,autoencoder@0.95,1.1035432,2.2757568359375
ec2_cpu_utilization_53ea38:2947:2963,0,autoencoder@0.95,1.485781,2.2757568359375
ec2_cpu_utilization_53ea38:2955:2971,0,autoencoder@0.95,0.76651424,2.2757568359375
ec2_cpu_utilization_53ea38:2963:2979,0,autoencoder@0.95,1.498157,2.2757568359375
ec2_cpu_utilization_53ea38:2971:2987,0,autoencoder@0.95,2.229045,2.2757568359375
ec2_cpu_utilization_53ea38:2979:2995,0,autoencoder@0.95,1.0060793,2.2757568359375
ec2_cpu_utilization_53ea38:2987:3003,0,autoencoder@0.95,1.2295687,2.2757568359375
ec2_cpu_utilization_53ea38:2995:3011,0,autoencoder@0.95,2.629908,2.2757568359375
ec2_cpu_utilization_53ea38:3003:3019,0,autoencoder@0.95,2.0502748,2.2757568359375
ec2_cpu_utilization_53ea38:3011:3027,0,autoencoder@0.95,1.1534878,2.2757568359375
ec2_cpu_utilization_53ea38:3019:3035,0,autoencoder@0.95,1.953013,2.2757568359375
ec2_cpu_utilization_53ea38:3027:3043,0,autoencoder@0.95,5.2869806,2.2757568359375
ec2_cpu_utilization_53ea38:3035:3051,0,autoencoder@0.95,6.9397216,2.2757568359375
ec2_cpu_utilization_53ea38:3043:3059,0,autoencoder@0.95,1.7146658,2.2757568359375
ec2_cpu_utilization_53ea38:3051:3067,0,autoencoder@0.95,1.6127049,2.2757568359375
ec2_cpu_utilization_53ea38:3059:3075,0,autoencoder@0.95,1.3655723,2.2757568359375
ec2_cpu_utilization_53ea38:3067:3083,0,autoencoder@0.95,1.324924,2.2757568359375
ec2_cpu_utilization_53ea38:3075:3091,0,autoencoder@0.95,1.4943976,2.2757568359375
ec2_cpu_utilization_53ea38:3083:3099,0,autoencoder@0.95,2.7340448,2.2757568359375
ec2_cpu_utilization_53ea38:3091:3107,0,autoencoder@0.95,2.7927778,2.2757568359375
ec2_cpu_utilization_53ea38:3099:3115,0,autoencoder@0.95,1.3230132,2.2757568359375
ec2_cpu_utilization_53ea38:3107:3123,0,autoencoder@0.95,1.230268,2.2757568359375
ec2_cpu_utilization_53ea38:3115:3131,0,autoencoder@0.95,1.9112629,2.2757568359375
ec2_cpu_utilization_53ea38:3123:3139,0,autoencoder@0.95,1.4889601,2.2757568359375
ec2_cpu_utilization_53ea38:3131:3147,0,autoencoder@0.95,1.2182788,2.2757568359375
ec2_cpu_utilization_53ea38:3139:3155,0,autoencoder@0.95,1.5390494,2.2757568359375
ec2_cpu_utilization_53ea38:3147:3163,0,autoencoder@0.95,0.94755524,2.2757568359375
ec2_cpu_utilization_53ea38:3155:3171,0,autoencoder@0.95,1.3932722,2.2757568359375
ec2_cpu_utilization_53ea38:3163:3179,0,autoencoder@0.95,2.1441941,2.2757568359375
ec2_cpu_utilization_53ea38:3171:3187,0,autoencoder@0.95,1.2462703,2.2757568359375
ec2_cpu_utilization_53ea38:3179:3195,0,autoencoder@0.95,1.1587625,2.2757568359375
ec2_cpu_utilization_53ea38:3187:3203,0,autoencoder@0.95,2.0837448,2.2757568359375
ec2_cpu_utilization_53ea38:3195:3211,0,autoencoder@0.95,1.6511216,2.2757568359375
ec2_cpu_utilization_53ea38:3203:3219,0,autoencoder@0.95,1.3084453,2.2757568359375
ec2_cpu_utilization_53ea38:2419:2435,0,autoencoder@0.975,2.1105232,3.125034809112549
ec2_cpu_utilization_53ea38:2427:2443,0,autoencoder@0.975,0.925773,3.125034809112549
ec2_cpu_utilization_53ea38:2435:2451,0,autoencoder@0.975,1.0598476,3.125034809112549
ec2_cpu_utilization_53ea38:2443:2459,0,autoencoder@0.975,13.582706,3.125034809112549
ec2_cpu_utilization_53ea38:2451:2467,0,autoencoder@0.975,12.481588,3.125034809112549
ec2_cpu_utilization_53ea38:2459:2475,0,autoencoder@0.975,1.7544938,3.125034809112549
ec2_cpu_utilization_53ea38:2467:2483,0,autoencoder@0.975,2.5584073,3.125034809112549
ec2_cpu_utilization_53ea38:2475:2491,0,autoencoder@0.975,0.81933355,3.125034809112549
ec2_cpu_utilization_53ea38:2483:2499,0,autoencoder@0.975,0.768886,3.125034809112549
ec2_cpu_utilization_53ea38:2491:2507,0,autoencoder@0.975,1.3847393,3.125034809112549
ec2_cpu_utilization_53ea38:2499:2515,0,autoencoder@0.975,1.3133739,3.125034809112549
ec2_cpu_utilization_53ea38:2507:2523,0,autoencoder@0.975,1.9982152,3.125034809112549
ec2_cpu_utilization_53ea38:2515:2531,0,autoencoder@0.975,2.0482135,3.125034809112549
ec2_cpu_utilization_53ea38:2523:2539,0,autoencoder@0.975,1.4370822,3.125034809112549
ec2_cpu_utilization_53ea38:2531:2547,0,autoencoder@0.975,1.0547907,3.125034809112549
ec2_cpu_utilization_53ea38:2539:2555,0,autoencoder@0.975,1.0289621,3.125034809112549
ec2_cpu_utilization_53ea38:2547:2563,1,autoencoder@0.975,0.9833226,3.125034809112549
ec2_cpu_utilization_53ea38:2555:2571,1,autoencoder@0.975,0.90030384,3.125034809112549
ec2_cpu_utilization_53ea38:2563:2579,1,autoencoder@0.975,1.3904833,3.125034809112549
ec2_cpu_utilization_53ea38:2571:2587,1,autoencoder@0.975,1.5500398,3.125034809112549
ec2_cpu_utilization_53ea38:2579:2595,1,autoencoder@0.975,1.433959,3.125034809112549
ec2_cpu_utilization_53ea38:2587:2603,1,autoencoder@0.975,1.739709,3.125034809112549
ec2_cpu_utilization_53ea38:2595:2611,1,autoencoder@0.975,0.75988644,3.125034809112549
ec2_cpu_utilization_53ea38:2603:2619,1,autoencoder@0.975,0.72077376,3.125034809112549
ec2_cpu_utilization_53ea38:2611:2627,1,autoencoder@0.975,1.7969908,3.125034809112549
ec2_cpu_utilization_53ea38:2619:2635,1,autoencoder@0.975,1.9409978,3.125034809112549
ec2_cpu_utilization_53ea38:2627:2643,1,autoencoder@0.975,1.0366973,3.125034809112549
ec2_cpu_utilization_53ea38:2635:2651,1,autoencoder@0.975,1.4381595,3.125034809112549
ec2_cpu_utilization_53ea38:2643:2659,1,autoencoder@0.975,1.2386447,3.125034809112549
ec2_cpu_utilization_53ea38:2651:2667,1,autoencoder@0.975,4.223152,3.125034809112549
ec2_cpu_utilization_53ea38:2659:2675,1,autoencoder@0.975,6.839191,3.125034809112549
ec2_cpu_utilization_53ea38:2667:2683,1,autoencoder@0.975,4.8431263,3.125034809112549
ec2_cpu_utilization_53ea38:2675:2691,1,autoencoder@0.975,3.3023014,3.125034809112549
ec2_cpu_utilization_53ea38:2683:2699,1,autoencoder@0.975,3.7886162,3.125034809112549
ec2_cpu_utilization_53ea38:2691:2707,1,autoencoder@0.975,1.998519,3.125034809112549
ec2_cpu_utilization_53ea38:2699:2715,1,autoencoder@0.975,0.99672055,3.125034809112549
ec2_cpu_utilization_53ea38:2707:2723,1,autoencoder@0.975,1.3582543,3.125034809112549
ec2_cpu_utilization_53ea38:2715:2731,1,autoencoder@0.975,1.3637125,3.125034809112549
ec2_cpu_utilization_53ea38:2723:2739,1,autoencoder@0.975,2.0765471,3.125034809112549
ec2_cpu_utilization_53ea38:2731:2747,1,autoencoder@0.975,3.6235561,3.125034809112549
ec2_cpu_utilization_53ea38:2739:2755,1,autoencoder@0.975,5.8928237,3.125034809112549
ec2_cpu_utilization_53ea38:2747:2763,1,autoencoder@0.975,6.614323,3.125034809112549
ec2_cpu_utilization_53ea38:2755:2771,1,autoencoder@0.975,1.8825369,3.125034809112549
ec2_cpu_utilization_53ea38:2763:2779,0,autoencoder@0.975,1.4289807,3.125034809112549
ec2_cpu_utilization_53ea38:2771:2787,0,autoencoder@0.975,1.0776513,3.125034809112549
ec2_cpu_utilization_53ea38:2779:2795,0,autoencoder@0.975,1.5336689,3.125034809112549
ec2_cpu_utilization_53ea38:2787:2803,0,autoencoder@0.975,1.1255417,3.125034809112549
ec2_cpu_utilization_53ea38:2795:2811,0,autoencoder@0.975,0.8511611,3.125034809112549
ec2_cpu_utilization_53ea38:2803:2819,0,autoencoder@0.975,1.4689932,3.125034809112549
ec2_cpu_utilization_53ea38:2811:2827,0,autoencoder@0.975,0.9469069,3.125034809112549
ec2_cpu_utilization_53ea38:2819:2835,0,autoencoder@0.975,1.1374382,3.125034809112549
ec2_cpu_utilization_53ea38:2827:2843,0,autoencoder@0.975,1.2019911,3.125034809112549
ec2_cpu_utilization_53ea38:2835:2851,0,autoencoder@0.975,1.2023236,3.125034809112549
ec2_cpu_utilization_53ea38:2843:2859,0,autoencoder@0.975,2.4256966,3.125034809112549
ec2_cpu_utilization_53ea38:2851:2867,0,autoencoder@0.975,2.4748178,3.125034809112549
ec2_cpu_utilization_53ea38:2859:2875,0,autoencoder@0.975,0.76645625,3.125034809112549
ec2_cpu_utilization_53ea38:2867:2883,0,autoencoder@0.975,0.5101034,3.125034809112549
ec2_cpu_utilization_53ea38:2875:2891,0,autoencoder@0.975,0.72012544,3.125034809112549
ec2_cpu_utilization_53ea38:2883:2899,0,autoencoder@0.975,0.8318787,3.125034809112549
ec2_cpu_utilization_53ea38:2891:2907,0,autoencoder@0.975,1.059889,3.125034809112549
ec2_cpu_utilization_53ea38:2899:2915,0,autoencoder@0.975,1.9597219,3.125034809112549
ec2_cpu_utilization_53ea38:2907:2923,0,autoencoder@0.975,1.7856773,3.125034809112549
ec2_cpu_utilization_53ea38:2915:2931,0,autoencoder@0.975,1.1440811,3.125034809112549
ec2_cpu_utilization_53ea38:2923:2939,0,autoencoder@0.975,1.8127315,3.125034809112549
ec2_cpu_utilization_53ea38:2931:2947,0,autoencoder@0.975,1.051269,3.125034809112549
ec2_cpu_utilization_53ea38:2939:2955,0,autoencoder@0.975,1.1035432,3.125034809112549
ec2_cpu_utilization_53ea38:2947:2963,0,autoencoder@0.975,1.485781,3.125034809112549
ec2_cpu_utilization_53ea38:2955:2971,0,autoencoder@0.975,0.76651424,3.125034809112549
ec2_cpu_utilization_53ea38:2963:2979,0,autoencoder@0.975,1.498157,3.125034809112549
ec2_cpu_utilization_53ea38:2971:2987,0,autoencoder@0.975,2.229045,3.125034809112549
ec2_cpu_utilization_53ea38:2979:2995,0,autoencoder@0.975,1.0060793,3.125034809112549
ec2_cpu_utilization_53ea38:2987:3003,0,autoencoder@0.975,1.2295687,3.125034809112549
ec2_cpu_utilization_53ea38:2995:3011,0,autoencoder@0.975,2.629908,3.125034809112549
ec2_cpu_utilization_53ea38:3003:3019,0,autoencoder@0.975,2.0502748,3.125034809112549
ec2_cpu_utilization_53ea38:3011:3027,0,autoencoder@0.975,1.1534878,3.125034809112549
ec2_cpu_utilization_53ea38:3019:3035,0,autoencoder@0.975,1.953013,3.125034809112549
ec2_cpu_utilization_53ea38:3027:3043,0,autoencoder@0.975,5.2869806,3.125034809112549
ec2_cpu_utilization_53ea38:3035:3051,0,autoencoder@0.975,6.9397216,3.125034809112549
ec2_cpu_utilization_53ea38:3043:3059,0,autoencoder@0.975,1.7146658,3.125034809112549
ec2_cpu_utilization_53ea38:3051:3067,0,autoencoder@0.975,1.6127049,3.125034809112549
ec2_cpu_utilization_53ea38:3059:3075,0,autoencoder@0.975,1.3655723,3.125034809112549
ec2_cpu_utilization_53ea38:3067:3083,0,autoencoder@0.975,1.324924,3.125034809112549
ec2_cpu_utilization_53ea38:3075:3091,0,autoencoder@0.975,1.4943976,3.125034809112549
ec2_cpu_utilization_53ea38:3083:3099,0,autoencoder@0.975,2.7340448,3.125034809112549
ec2_cpu_utilization_53ea38:3091:3107,0,autoencoder@0.975,2.7927778,3.125034809112549
ec2_cpu_utilization_53ea38:3099:3115,0,autoencoder@0.975,1.3230132,3.125034809112549
ec2_cpu_utilization_53ea38:3107:3123,0,autoencoder@0.975,1.230268,3.125034809112549
ec2_cpu_utilization_53ea38:3115:3131,0,autoencoder@0.975,1.9112629,3.125034809112549
ec2_cpu_utilization_53ea38:3123:3139,0,autoencoder@0.975,1.4889601,3.125034809112549
ec2_cpu_utilization_53ea38:3131:3147,0,autoencoder@0.975,1.2182788,3.125034809112549
ec2_cpu_utilization_53ea38:3139:3155,0,autoencoder@0.975,1.5390494,3.125034809112549
ec2_cpu_utilization_53ea38:3147:3163,0,autoencoder@0.975,0.94755524,3.125034809112549
ec2_cpu_utilization_53ea38:3155:3171,0,autoencoder@0.975,1.3932722,3.125034809112549
ec2_cpu_utilization_53ea38:3163:3179,0,autoencoder@0.975,2.1441941,3.125034809112549
ec2_cpu_utilization_53ea38:3171:3187,0,autoencoder@0.975,1.2462703,3.125034809112549
ec2_cpu_utilization_53ea38:3179:3195,0,autoencoder@0.975,1.1587625,3.125034809112549
ec2_cpu_utilization_53ea38:3187:3203,0,autoencoder@0.975,2.0837448,3.125034809112549
ec2_cpu_utilization_53ea38:3195:3211,0,autoencoder@0.975,1.6511216,3.125034809112549
ec2_cpu_utilization_53ea38:3203:3219,0,autoencoder@0.975,1.3084453,3.125034809112549
ec2_cpu_utilization_53ea38:2419:2435,0,autoencoder@0.99,2.1105232,3.934497356414795
ec2_cpu_utilization_53ea38:2427:2443,0,autoencoder@0.99,0.925773,3.934497356414795
ec2_cpu_utilization_53ea38:2435:2451,0,autoencoder@0.99,1.0598476,3.934497356414795
ec2_cpu_utilization_53ea38:2443:2459,0,autoencoder@0.99,13.582706,3.934497356414795
ec2_cpu_utilization_53ea38:2451:2467,0,autoencoder@0.99,12.481588,3.934497356414795
ec2_cpu_utilization_53ea38:2459:2475,0,autoencoder@0.99,1.7544938,3.934497356414795
ec2_cpu_utilization_53ea38:2467:2483,0,autoencoder@0.99,2.5584073,3.934497356414795
ec2_cpu_utilization_53ea38:2475:2491,0,autoencoder@0.99,0.81933355,3.934497356414795
ec2_cpu_utilization_53ea38:2483:2499,0,autoencoder@0.99,0.768886,3.934497356414795
ec2_cpu_utilization_53ea38:2491:2507,0,autoencoder@0.99,1.3847393,3.934497356414795
ec2_cpu_utilization_53ea38:2499:2515,0,autoencoder@0.99,1.3133739,3.934497356414795
ec2_cpu_utilization_53ea38:2507:2523,0,autoencoder@0.99,1.9982152,3.934497356414795
ec2_cpu_utilization_53ea38:2515:2531,0,autoencoder@0.99,2.0482135,3.934497356414795
ec2_cpu_utilization_53ea38:2523:2539,0,autoencoder@0.99,1.4370822,3.934497356414795
ec2_cpu_utilization_53ea38:2531:2547,0,autoencoder@0.99,1.0547907,3.934497356414795
ec2_cpu_utilization_53ea38:2539:2555,0,autoencoder@0.99,1.0289621,3.934497356414795
ec2_cpu_utilization_53ea38:2547:2563,1,autoencoder@0.99,0.9833226,3.934497356414795
ec2_cpu_utilization_53ea38:2555:2571,1,autoencoder@0.99,0.90030384,3.934497356414795
ec2_cpu_utilization_53ea38:2563:2579,1,autoencoder@0.99,1.3904833,3.934497356414795
ec2_cpu_utilization_53ea38:2571:2587,1,autoencoder@0.99,1.5500398,3.934497356414795
ec2_cpu_utilization_53ea38:2579:2595,1,autoencoder@0.99,1.433959,3.934497356414795
ec2_cpu_utilization_53ea38:2587:2603,1,autoencoder@0.99,1.739709,3.934497356414795
ec2_cpu_utilization_53ea38:2595:2611,1,autoencoder@0.99,0.75988644,3.934497356414795
ec2_cpu_utilization_53ea38:2603:2619,1,autoencoder@0.99,0.72077376,3.934497356414795
ec2_cpu_utilization_53ea38:2611:2627,1,autoencoder@0.99,1.7969908,3.934497356414795
ec2_cpu_utilization_53ea38:2619:2635,1,autoencoder@0.99,1.9409978,3.934497356414795
ec2_cpu_utilization_53ea38:2627:2643,1,autoencoder@0.99,1.0366973,3.934497356414795
ec2_cpu_utilization_53ea38:2635:2651,1,autoencoder@0.99,1.4381595,3.934497356414795
ec2_cpu_utilization_53ea38:2643:2659,1,autoencoder@0.99,1.2386447,3.934497356414795
ec2_cpu_utilization_53ea38:2651:2667,1,autoencoder@0.99,4.223152,3.934497356414795
ec2_cpu_utilization_53ea38:2659:2675,1,autoencoder@0.99,6.839191,3.934497356414795
ec2_cpu_utilization_53ea38:2667:2683,1,autoencoder@0.99,4.8431263,3.934497356414795
ec2_cpu_utilization_53ea38:2675:2691,1,autoencoder@0.99,3.3023014,3.934497356414795
ec2_cpu_utilization_53ea38:2683:2699,1,autoencoder@0.99,3.7886162,3.934497356414795
ec2_cpu_utilization_53ea38:2691:2707,1,autoencoder@0.99,1.998519,3.934497356414795
ec2_cpu_utilization_53ea38:2699:2715,1,autoencoder@0.99,0.99672055,3.934497356414795
ec2_cpu_utilization_53ea38:2707:2723,1,autoencoder@0.99,1.3582543,3.934497356414795
ec2_cpu_utilization_53ea38:2715:2731,1,autoencoder@0.99,1.3637125,3.934497356414795
ec2_cpu_utilization_53ea38:2723:2739,1,autoencoder@0.99,2.0765471,3.934497356414795
ec2_cpu_utilization_53ea38:2731:2747,1,autoencoder@0.99,3.6235561,3.934497356414795
ec2_cpu_utilization_53ea38:2739:2755,1,autoencoder@0.99,5.8928237,3.934497356414795
ec2_cpu_utilization_53ea38:2747:2763,1,autoencoder@0.99,6.614323,3.934497356414795
ec2_cpu_utilization_53ea38:2755:2771,1,autoencoder@0.99,1.8825369,3.934497356414795
ec2_cpu_utilization_53ea38:2763:2779,0,autoencoder@0.99,1.4289807,3.934497356414795
ec2_cpu_utilization_53ea38:2771:2787,0,autoencoder@0.99,1.0776513,3.934497356414795
ec2_cpu_utilization_53ea38:2779:2795,0,autoencoder@0.99,1.5336689,3.934497356414795
ec2_cpu_utilization_53ea38:2787:2803,0,autoencoder@0.99,1.1255417,3.934497356414795
ec2_cpu_utilization_53ea38:2795:2811,0,autoencoder@0.99,0.8511611,3.934497356414795
ec2_cpu_utilization_53ea38:2803:2819,0,autoencoder@0.99,1.4689932,3.934497356414795
ec2_cpu_utilization_53ea38:2811:2827,0,autoencoder@0.99,0.9469069,3.934497356414795
ec2_cpu_utilization_53ea38:2819:2835,0,autoencoder@0.99,1.1374382,3.934497356414795
ec2_cpu_utilization_53ea38:2827:2843,0,autoencoder@0.99,1.2019911,3.934497356414795
ec2_cpu_utilization_53ea38:2835:2851,0,autoencoder@0.99,1.2023236,3.934497356414795
ec2_cpu_utilization_53ea38:2843:2859,0,autoencoder@0.99,2.4256966,3.934497356414795
ec2_cpu_utilization_53ea38:2851:2867,0,autoencoder@0.99,2.4748178,3.934497356414795
ec2_cpu_utilization_53ea38:2859:2875,0,autoencoder@0.99,0.76645625,3.934497356414795
ec2_cpu_utilization_53ea38:2867:2883,0,autoencoder@0.99,0.5101034,3.934497356414795
ec2_cpu_utilization_53ea38:2875:2891,0,autoencoder@0.99,0.72012544,3.934497356414795
ec2_cpu_utilization_53ea38:2883:2899,0,autoencoder@0.99,0.8318787,3.934497356414795
ec2_cpu_utilization_53ea38:2891:2907,0,autoencoder@0.99,1.059889,3.934497356414795
ec2_cpu_utilization_53ea38:2899:2915,0,autoencoder@0.99,1.9597219,3.934497356414795
ec2_cpu_utilization_53ea38:2907:2923,0,autoencoder@0.99,1.7856773,3.934497356414795
ec2_cpu_utilization_53ea38:2915:2931,0,autoencoder@0.99,1.1440811,3.934497356414795
ec2_cpu_utilization_53ea38:2923:2939,0,autoencoder@0.99,1.8127315,3.934497356414795
ec2_cpu_utilization_53ea38:2931:2947,0,autoencoder@0.99,1.051269,3.934497356414795
ec2_cpu_utilization_53ea38:2939:2955,0,autoencoder@0.99,1.1035432,3.934497356414795
ec2_cpu_utilization_53ea38:2947:2963,0,autoencoder@0.99,1.485781,3.934497356414795
ec2_cpu_utilization_53ea38:2955:2971,0,autoencoder@0.99,0.76651424,3.934497356414795
ec2_cpu_utilization_53ea38:2963:2979,0,autoencoder@0.99,1.498157,3.934497356414795
ec2_cpu_utilization_53ea38:2971:2987,0,autoencoder@0.99,2.229045,3.934497356414795
ec2_cpu_utilization_53ea38:2979:2995,0,autoencoder@0.99,1.0060793,3.934497356414795
ec2_cpu_utilization_53ea38:2987:3003,0,autoencoder@0.99,1.2295687,3.934497356414795
ec2_cpu_utilization_53ea38:2995:3011,0,autoencoder@0.99,2.629908,3.934497356414795
ec2_cpu_utilization_53ea38:3003:3019,0,autoencoder@0.99,2.0502748,3.934497356414795
ec2_cpu_utilization_53ea38:3011:3027,0,autoencoder@0.99,1.1534878,3.934497356414795
ec2_cpu_utilization_53ea38:3019:3035,0,autoencoder@0.99,1.953013,3.934497356414795
ec2_cpu_utilization_53ea38:3027:3043,0,autoencoder@0.99,5.2869806,3.934497356414795
ec2_cpu_utilization_53ea38:3035:3051,0,autoencoder@0.99,6.9397216,3.934497356414795
ec2_cpu_utilization_53ea38:3043:3059,0,autoencoder@0.99,1.7146658,3.934497356414795
ec2_cpu_utilization_53ea38:3051:3067,0,autoencoder@0.99,1.6127049,3.934497356414795
ec2_cpu_utilization_53ea38:3059:3075,0,autoencoder@0.99,1.3655723,3.934497356414795
ec2_cpu_utilization_53ea38:3067:3083,0,autoencoder@0.99,1.324924,3.934497356414795
ec2_cpu_utilization_53ea38:3075:3091,0,autoencoder@0.99,1.4943976,3.934497356414795
ec2_cpu_utilization_53ea38:3083:3099,0,autoencoder@0.99,2.7340448,3.934497356414795
ec2_cpu_utilization_53ea38:3091:3107,0,autoencoder@0.99,2.7927778,3.934497356414795
ec2_cpu_utilization_53ea38:3099:3115,0,autoencoder@0.99,1.3230132,3.934497356414795
ec2_cpu_utilization_53ea38:3107:3123,0,autoencoder@0.99,1.230268,3.934497356414795
ec2_cpu_utilization_53ea38:3115:3131,0,autoencoder@0.99,1.9112629,3.934497356414795
ec2_cpu_utilization_53ea38:3123:3139,0,autoencoder@0.99,1.4889601,3.934497356414795
ec2_cpu_utilization_53ea38:3131:3147,0,autoencoder@0.99,1.2182788,3.934497356414795
ec2_cpu_utilization_53ea38:3139:3155,0,autoencoder@0.99,1.5390494,3.934497356414795
ec2_cpu_utilization_53ea38:3147:3163,0,autoencoder@0.99,0.94755524,3.934497356414795
ec2_cpu_utilization_53ea38:3155:3171,0,autoencoder@0.99,1.3932722,3.934497356414795
ec2_cpu_utilization_53ea38:3163:3179,0,autoencoder@0.99,2.1441941,3.934497356414795
ec2_cpu_utilization_53ea38:3171:3187,0,autoencoder@0.99,1.2462703,3.934497356414795
ec2_cpu_utilization_53ea38:3179:3195,0,autoencoder@0.99,1.1587625,3.934497356414795
ec2_cpu_utilization_53ea38:3187:3203,0,autoencoder@0.99,2.0837448,3.934497356414795
ec2_cpu_utilization_53ea38:3195:3211,0,autoencoder@0.99,1.6511216,3.934497356414795
ec2_cpu_utilization_53ea38:3203:3219,0,autoencoder@0.99,1.3084453,3.934497356414795
ec2_cpu_utilization_53ea38:2419:2435,0,max_abs_z@0.95,4.6496224,6.342860698699951
ec2_cpu_utilization_53ea38:2427:2443,0,max_abs_z@0.95,4.4232326,6.342860698699951
ec2_cpu_utilization_53ea38:2435:2451,0,max_abs_z@0.95,4.4027433,6.342860698699951
ec2_cpu_utilization_53ea38:2443:2459,0,max_abs_z@0.95,15.47981,6.342860698699951
ec2_cpu_utilization_53ea38:2451:2467,0,max_abs_z@0.95,15.6145735,6.342860698699951
ec2_cpu_utilization_53ea38:2459:2475,0,max_abs_z@0.95,6.3583574,6.342860698699951
ec2_cpu_utilization_53ea38:2467:2483,0,max_abs_z@0.95,6.3482404,6.342860698699951
ec2_cpu_utilization_53ea38:2475:2491,0,max_abs_z@0.95,3.4156501,6.342860698699951
ec2_cpu_utilization_53ea38:2483:2499,0,max_abs_z@0.95,3.1714272,6.342860698699951
ec2_cpu_utilization_53ea38:2491:2507,0,max_abs_z@0.95,3.890397,6.342860698699951
ec2_cpu_utilization_53ea38:2499:2515,0,max_abs_z@0.95,4.1320457,6.342860698699951
ec2_cpu_utilization_53ea38:2507:2523,0,max_abs_z@0.95,4.8316803,6.342860698699951
ec2_cpu_utilization_53ea38:2515:2531,0,max_abs_z@0.95,4.84548,6.342860698699951
ec2_cpu_utilization_53ea38:2523:2539,0,max_abs_z@0.95,3.8474712,6.342860698699951
ec2_cpu_utilization_53ea38:2531:2547,0,max_abs_z@0.95,2.6644154,6.342860698699951
ec2_cpu_utilization_53ea38:2539:2555,0,max_abs_z@0.95,2.6618752,6.342860698699951
ec2_cpu_utilization_53ea38:2547:2563,1,max_abs_z@0.95,2.8526692,6.342860698699951
ec2_cpu_utilization_53ea38:2555:2571,1,max_abs_z@0.95,2.8570058,6.342860698699951
ec2_cpu_utilization_53ea38:2563:2579,1,max_abs_z@0.95,4.4609537,6.342860698699951
ec2_cpu_utilization_53ea38:2571:2587,1,max_abs_z@0.95,4.495202,6.342860698699951
ec2_cpu_utilization_53ea38:2579:2595,1,max_abs_z@0.95,3.6685157,6.342860698699951
ec2_cpu_utilization_53ea38:2587:2603,1,max_abs_z@0.95,3.6777468,6.342860698699951
ec2_cpu_utilization_53ea38:2595:2611,1,max_abs_z@0.95,3.1997406,6.342860698699951
ec2_cpu_utilization_53ea38:2603:2619,1,max_abs_z@0.95,3.3887174,6.342860698699951
ec2_cpu_utilization_53ea38:2611:2627,1,max_abs_z@0.95,5.566406,6.342860698699951
ec2_cpu_utilization_53ea38:2619:2635,1,max_abs_z@0.95,5.6107383,6.342860698699951
ec2_cpu_utilization_53ea38:2627:2643,1,max_abs_z@0.95,3.3887174,6.342860698699951
ec2_cpu_utilization_53ea38:2635:2651,1,max_abs_z@0.95,3.3846917,6.342860698699951
ec2_cpu_utilization_53ea38:2643:2659,1,max_abs_z@0.95,3.3076944,6.342860698699951
ec2_cpu_utilization_53ea38:2651:2667,1,max_abs_z@0.95,6.101301,6.342860698699951
ec2_cpu_utilization_53ea38:2659:2675,1,max_abs_z@0.95,10.380468,6.342860698699951
ec2_cpu_utilization_53ea38:2667:2683,1,max_abs_z@0.95,10.468716,6.342860698699951
ec2_cpu_utilization_53ea38:2675:2691,1,max_abs_z@0.95,7.481027,6.342860698699951
ec2_cpu_utilization_53ea38:2683:2699,1,max_abs_z@0.95,7.4686074,6.342860698699951
ec2_cpu_utilization_53ea38:2691:2707,1,max_abs_z@0.95,4.4232326,6.342860698699951
ec2_cpu_utilization_53ea38:2699:2715,1,max_abs_z@0.95,3.1784668,6.342860698699951
ec2_cpu_utilization_53ea38:2707:2723,1,max_abs_z@0.95,4.389635,6.342860698699951
ec2_cpu_utilization_53ea38:2715:2731,1,max_abs_z@0.95,4.4232326,6.342860698699951
ec2_cpu_utilization_53ea38:2723:2739,1,max_abs_z@0.95,6.7567253,6.342860698699951
ec2_cpu_utilization_53ea38:2731:2747,1,max_abs_z@0.95,6.745791,6.342860698699951
ec2_cpu_utilization_53ea38:2739:2755,1,max_abs_z@0.95,11.018892,6.342860698699951
ec2_cpu_utilization_53ea38:2747:2763,1,max_abs_z@0.95,11.014393,6.342860698699951
ec2_cpu_utilization_53ea38:2755:2771,1,max_abs_z@0.95,4.353974,6.342860698699951
ec2_cpu_utilization_53ea38:2763:2779,0,max_abs_z@0.95,4.387246,6.342860698699951
ec2_cpu_utilization_53ea38:2771:2787,0,max_abs_z@0.95,2.9922576,6.342860698699951
ec2_cpu_utilization_53ea38:2779:2795,0,max_abs_z@0.95,3.2841809,6.342860698699951
ec2_cpu_utilization_53ea38:2787:2803,0,max_abs_z@0.95,3.3076944,6.342860698699951
ec2_cpu_utilization_53ea38:2795:2811,0,max_abs_z@0.95,3.8595147,6.342860698699951
ec2_cpu_utilization_53ea38:2803:2819,0,max_abs_z@0.95,3.8545232,6.342860698699951
ec2_cpu_utilization_53ea38:2811:2827,0,max_abs_z@0.95,3.3076944,6.342860698699951
ec2_cpu_utilization_53ea38:2819:2835,0,max_abs_z@0.95,2.9922576,6.342860698699951
ec2_cpu_utilization_53ea38:2827:2843,0,max_abs_z@0.95,3.42682,6.342860698699951
ec2_cpu_utilization_53ea38:2835:2851,0,max_abs_z@0.95,3.4516346,6.342860698699951
ec2_cpu_utilization_53ea38:2843:2859,0,max_abs_z@0.95,5.525409,6.342860698699951
ec2_cpu_utilization_53ea38:2851:2867,0,max_abs_z@0.95,5.5170007,6.342860698699951
ec2_cpu_utilization_53ea38:2859:2875,0,max_abs_z@0.95,3.2717097,6.342860698699951
ec2_cpu_utilization_53ea38:2867:2883,0,max_abs_z@0.95,2.70063,6.342860698699951
ec2_cpu_utilization_53ea38:2875:2891,0,max_abs_z@0.95,2.6980157,6.342860698699951
ec2_cpu_utilization_53ea38:2883:2899,0,max_abs_z@0.95,3.2609801,6.342860698699951
ec2_cpu_utilization_53ea38:2891:2907,0,max_abs_z@0.95,3.7146537,6.342860698699951
ec2_cpu_utilization_53ea38:2899:2915,0,max_abs_z@0.95,4.995849,6.342860698699951
ec2_cpu_utilization_53ea38:2907:2923,0,max_abs_z@0.95,5.0349765,6.342860698699951
ec2_cpu_utilization_53ea38:2915:2931,0,max_abs_z@0.95,2.6644154,6.342860698699951
ec2_cpu_utilization_53ea38:2923:2939,0,max_abs_z@0.95,4.4609537,6.342860698699951
ec2_cpu_utilization_53ea38:2931:2947,0,max_abs_z@0.95,4.495202,6.342860698699951
ec2_cpu_utilization_53ea38:2939:2955,0,max_abs_z@0.95,4.294097,6.342860698699951
ec2_cpu_utilization_53ea38:2947:2963,0,max_abs_z@0.95,4.288214,6.342860698699951
ec2_cpu_utilization_53ea38:2955:2971,0,max_abs_z@0.95,3.4516346,6.342860698699951
ec2_cpu_utilization_53ea38:2963:2979,0,max_abs_z@0.95,5.0908284,6.342860698699951
ec2_cpu_utilization_53ea38:2971:2987,0,max_abs_z@0.95,5.0833116,6.342860698699951
ec2_cpu_utilization_53ea38:2979:2995,0,max_abs_z@0.95,2.803904,6.342860698699951
ec2_cpu_utilization_53ea38:2987:3003,0,max_abs_z@0.95,4.4027433,6.342860698699951
ec2_cpu_utilization_53ea38:2995:3011,0,max_abs_z@0.95,4.4252925,6.342860698699951
ec2_cpu_utilization_53ea38:3003:3019,0,max_abs_z@0.95,4.459215,6.342860698699951
ec2_cpu_utilization_53ea38:3011:3027,0,max_abs_z@0.95,4.438956,6.342860698699951
ec2_cpu_utilization_53ea38:3019:3035,0,max_abs_z@0.95,4.432776,6.342860698699951
ec2_cpu_utilization_53ea38:3027:3043,0,max_abs_z@0.95,10.692245,6.342860698699951
ec2_cpu_utilization_53ea38:3035:3051,0,max_abs_z@0.95,10.687898,6.342860698699951
ec2_cpu_utilization_53ea38:3043:3059,0,max_abs_z@0.95,3.9990869,6.342860698699951
ec2_cpu_utilization_53ea38:3051:3067,0,max_abs_z@0.95,4.077602,6.342860698699951
ec2_cpu_utilization_53ea38:3059:3075,0,max_abs_z@0.95,4.076333,6.342860698699951
ec2_cpu_utilization_53ea38:3067:3083,0,max_abs_z@0.95,3.7477577,6.342860698699951
ec2_cpu_utilization_53ea38:3075:3091,0,max_abs_z@0.95,4.5675755,6.342860698699951
ec2_cpu_utilization_53ea38:3083:3099,0,max_abs_z@0.95,6.177282,6.342860698699951
ec2_cpu_utilization_53ea38:3091:3107,0,max_abs_z@0.95,6.1675363,6.342860698699951
ec2_cpu_utilization_53ea38:3099:3115,0,max_abs_z@0.95,4.099365,6.342860698699951
ec2_cpu_utilization_53ea38:3107:3123,0,max_abs_z@0.95,2.8570058,6.342860698699951
ec2_cpu_utilization_53ea38:3115:3131,0,max_abs_z@0.95,4.4609537,6.342860698699951
ec2_cpu_utilization_53ea38:3123:3139,0,max_abs_z@0.95,4.495202,6.342860698699951
ec2_cpu_utilization_53ea38:3131:3147,0,max_abs_z@0.95,4.33031,6.342860698699951
ec2_cpu_utilization_53ea38:3139:3155,0,max_abs_z@0.95,4.3243527,6.342860698699951
ec2_cpu_utilization_53ea38:3147:3163,0,max_abs_z@0.95,3.1997406,6.342860698699951
ec2_cpu_utilization_53ea38:3155:3171,0,max_abs_z@0.95,4.5113854,6.342860698699951
ec2_cpu_utilization_53ea38:3163:3179,0,max_abs_z@0.95,4.505057,6.342860698699951
ec2_cpu_utilization_53ea38:3171:3187,0,max_abs_z@0.95,4.495202,6.342860698699951
ec2_cpu_utilization_53ea38:3179:3195,0,max_abs_z@0.95,4.5113854,6.342860698699951
ec2_cpu_utilization_53ea38:3187:3203,0,max_abs_z@0.95,4.639252,6.342860698699951
ec2_cpu_utilization_53ea38:3195:3211,0,max_abs_z@0.95,4.675127,6.342860698699951
ec2_cpu_utilization_53ea38:3203:3219,0,max_abs_z@0.95,3.205676,6.342860698699951
ec2_cpu_utilization_53ea38:2419:2435,0,max_abs_z@0.975,4.6496224,7.409987449645996
ec2_cpu_utilization_53ea38:2427:2443,0,max_abs_z@0.975,4.4232326,7.409987449645996
ec2_cpu_utilization_53ea38:2435:2451,0,max_abs_z@0.975,4.4027433,7.409987449645996
ec2_cpu_utilization_53ea38:2443:2459,0,max_abs_z@0.975,15.47981,7.409987449645996
ec2_cpu_utilization_53ea38:2451:2467,0,max_abs_z@0.975,15.6145735,7.409987449645996
ec2_cpu_utilization_53ea38:2459:2475,0,max_abs_z@0.975,6.3583574,7.409987449645996
ec2_cpu_utilization_53ea38:2467:2483,0,max_abs_z@0.975,6.3482404,7.409987449645996
ec2_cpu_utilization_53ea38:2475:2491,0,max_abs_z@0.975,3.4156501,7.409987449645996
ec2_cpu_utilization_53ea38:2483:2499,0,max_abs_z@0.975,3.1714272,7.409987449645996
ec2_cpu_utilization_53ea38:2491:2507,0,max_abs_z@0.975,3.890397,7.409987449645996
ec2_cpu_utilization_53ea38:2499:2515,0,max_abs_z@0.975,4.1320457,7.409987449645996
ec2_cpu_utilization_53ea38:2507:2523,0,max_abs_z@0.975,4.8316803,7.409987449645996
ec2_cpu_utilization_53ea38:2515:2531,0,max_abs_z@0.975,4.84548,7.409987449645996
ec2_cpu_utilization_53ea38:2523:2539,0,max_abs_z@0.975,3.8474712,7.409987449645996
ec2_cpu_utilization_53ea38:2531:2547,0,max_abs_z@0.975,2.6644154,7.409987449645996
ec2_cpu_utilization_53ea38:2539:2555,0,max_abs_z@0.975,2.6618752,7.409987449645996
ec2_cpu_utilization_53ea38:2547:2563,1,max_abs_z@0.975,2.8526692,7.409987449645996
ec2_cpu_utilization_53ea38:2555:2571,1,max_abs_z@0.975,2.8570058,7.409987449645996
ec2_cpu_utilization_53ea38:2563:2579,1,max_abs_z@0.975,4.4609537,7.409987449645996
ec2_cpu_utilization_53ea38:2571:2587,1,max_abs_z@0.975,4.495202,7.409987449645996
ec2_cpu_utilization_53ea38:2579:2595,1,max_abs_z@0.975,3.6685157,7.409987449645996
ec2_cpu_utilization_53ea38:2587:2603,1,max_abs_z@0.975,3.6777468,7.409987449645996
ec2_cpu_utilization_53ea38:2595:2611,1,max_abs_z@0.975,3.1997406,7.409987449645996
ec2_cpu_utilization_53ea38:2603:2619,1,max_abs_z@0.975,3.3887174,7.409987449645996
ec2_cpu_utilization_53ea38:2611:2627,1,max_abs_z@0.975,5.566406,7.409987449645996
ec2_cpu_utilization_53ea38:2619:2635,1,max_abs_z@0.975,5.6107383,7.409987449645996
ec2_cpu_utilization_53ea38:2627:2643,1,max_abs_z@0.975,3.3887174,7.409987449645996
ec2_cpu_utilization_53ea38:2635:2651,1,max_abs_z@0.975,3.3846917,7.409987449645996
ec2_cpu_utilization_53ea38:2643:2659,1,max_abs_z@0.975,3.3076944,7.409987449645996
ec2_cpu_utilization_53ea38:2651:2667,1,max_abs_z@0.975,6.101301,7.409987449645996
ec2_cpu_utilization_53ea38:2659:2675,1,max_abs_z@0.975,10.380468,7.409987449645996
ec2_cpu_utilization_53ea38:2667:2683,1,max_abs_z@0.975,10.468716,7.409987449645996
ec2_cpu_utilization_53ea38:2675:2691,1,max_abs_z@0.975,7.481027,7.409987449645996
ec2_cpu_utilization_53ea38:2683:2699,1,max_abs_z@0.975,7.4686074,7.409987449645996
ec2_cpu_utilization_53ea38:2691:2707,1,max_abs_z@0.975,4.4232326,7.409987449645996
ec2_cpu_utilization_53ea38:2699:2715,1,max_abs_z@0.975,3.1784668,7.409987449645996
ec2_cpu_utilization_53ea38:2707:2723,1,max_abs_z@0.975,4.389635,7.409987449645996
ec2_cpu_utilization_53ea38:2715:2731,1,max_abs_z@0.975,4.4232326,7.409987449645996
ec2_cpu_utilization_53ea38:2723:2739,1,max_abs_z@0.975,6.7567253,7.409987449645996
ec2_cpu_utilization_53ea38:2731:2747,1,max_abs_z@0.975,6.745791,7.409987449645996
ec2_cpu_utilization_53ea38:2739:2755,1,max_abs_z@0.975,11.018892,7.409987449645996
ec2_cpu_utilization_53ea38:2747:2763,1,max_abs_z@0.975,11.014393,7.409987449645996
ec2_cpu_utilization_53ea38:2755:2771,1,max_abs_z@0.975,4.353974,7.409987449645996
ec2_cpu_utilization_53ea38:2763:2779,0,max_abs_z@0.975,4.387246,7.409987449645996
ec2_cpu_utilization_53ea38:2771:2787,0,max_abs_z@0.975,2.9922576,7.409987449645996
ec2_cpu_utilization_53ea38:2779:2795,0,max_abs_z@0.975,3.2841809,7.409987449645996
ec2_cpu_utilization_53ea38:2787:2803,0,max_abs_z@0.975,3.3076944,7.409987449645996
ec2_cpu_utilization_53ea38:2795:2811,0,max_abs_z@0.975,3.8595147,7.409987449645996
ec2_cpu_utilization_53ea38:2803:2819,0,max_abs_z@0.975,3.8545232,7.409987449645996
ec2_cpu_utilization_53ea38:2811:2827,0,max_abs_z@0.975,3.3076944,7.409987449645996
ec2_cpu_utilization_53ea38:2819:2835,0,max_abs_z@0.975,2.9922576,7.409987449645996
ec2_cpu_utilization_53ea38:2827:2843,0,max_abs_z@0.975,3.42682,7.409987449645996
ec2_cpu_utilization_53ea38:2835:2851,0,max_abs_z@0.975,3.4516346,7.409987449645996
ec2_cpu_utilization_53ea38:2843:2859,0,max_abs_z@0.975,5.525409,7.409987449645996
ec2_cpu_utilization_53ea38:2851:2867,0,max_abs_z@0.975,5.5170007,7.409987449645996
ec2_cpu_utilization_53ea38:2859:2875,0,max_abs_z@0.975,3.2717097,7.409987449645996
ec2_cpu_utilization_53ea38:2867:2883,0,max_abs_z@0.975,2.70063,7.409987449645996
ec2_cpu_utilization_53ea38:2875:2891,0,max_abs_z@0.975,2.6980157,7.409987449645996
ec2_cpu_utilization_53ea38:2883:2899,0,max_abs_z@0.975,3.2609801,7.409987449645996
ec2_cpu_utilization_53ea38:2891:2907,0,max_abs_z@0.975,3.7146537,7.409987449645996
ec2_cpu_utilization_53ea38:2899:2915,0,max_abs_z@0.975,4.995849,7.409987449645996
ec2_cpu_utilization_53ea38:2907:2923,0,max_abs_z@0.975,5.0349765,7.409987449645996
ec2_cpu_utilization_53ea38:2915:2931,0,max_abs_z@0.975,2.6644154,7.409987449645996
ec2_cpu_utilization_53ea38:2923:2939,0,max_abs_z@0.975,4.4609537,7.409987449645996
ec2_cpu_utilization_53ea38:2931:2947,0,max_abs_z@0.975,4.495202,7.409987449645996
ec2_cpu_utilization_53ea38:2939:2955,0,max_abs_z@0.975,4.294097,7.409987449645996
ec2_cpu_utilization_53ea38:2947:2963,0,max_abs_z@0.975,4.288214,7.409987449645996
ec2_cpu_utilization_53ea38:2955:2971,0,max_abs_z@0.975,3.4516346,7.409987449645996
ec2_cpu_utilization_53ea38:2963:2979,0,max_abs_z@0.975,5.0908284,7.409987449645996
ec2_cpu_utilization_53ea38:2971:2987,0,max_abs_z@0.975,5.0833116,7.409987449645996
ec2_cpu_utilization_53ea38:2979:2995,0,max_abs_z@0.975,2.803904,7.409987449645996
ec2_cpu_utilization_53ea38:2987:3003,0,max_abs_z@0.975,4.4027433,7.409987449645996
ec2_cpu_utilization_53ea38:2995:3011,0,max_abs_z@0.975,4.4252925,7.409987449645996
ec2_cpu_utilization_53ea38:3003:3019,0,max_abs_z@0.975,4.459215,7.409987449645996
ec2_cpu_utilization_53ea38:3011:3027,0,max_abs_z@0.975,4.438956,7.409987449645996
ec2_cpu_utilization_53ea38:3019:3035,0,max_abs_z@0.975,4.432776,7.409987449645996
ec2_cpu_utilization_53ea38:3027:3043,0,max_abs_z@0.975,10.692245,7.409987449645996
ec2_cpu_utilization_53ea38:3035:3051,0,max_abs_z@0.975,10.687898,7.409987449645996
ec2_cpu_utilization_53ea38:3043:3059,0,max_abs_z@0.975,3.9990869,7.409987449645996
ec2_cpu_utilization_53ea38:3051:3067,0,max_abs_z@0.975,4.077602,7.409987449645996
ec2_cpu_utilization_53ea38:3059:3075,0,max_abs_z@0.975,4.076333,7.409987449645996
ec2_cpu_utilization_53ea38:3067:3083,0,max_abs_z@0.975,3.7477577,7.409987449645996
ec2_cpu_utilization_53ea38:3075:3091,0,max_abs_z@0.975,4.5675755,7.409987449645996
ec2_cpu_utilization_53ea38:3083:3099,0,max_abs_z@0.975,6.177282,7.409987449645996
ec2_cpu_utilization_53ea38:3091:3107,0,max_abs_z@0.975,6.1675363,7.409987449645996
ec2_cpu_utilization_53ea38:3099:3115,0,max_abs_z@0.975,4.099365,7.409987449645996
ec2_cpu_utilization_53ea38:3107:3123,0,max_abs_z@0.975,2.8570058,7.409987449645996
ec2_cpu_utilization_53ea38:3115:3131,0,max_abs_z@0.975,4.4609537,7.409987449645996
ec2_cpu_utilization_53ea38:3123:3139,0,max_abs_z@0.975,4.495202,7.409987449645996
ec2_cpu_utilization_53ea38:3131:3147,0,max_abs_z@0.975,4.33031,7.409987449645996
ec2_cpu_utilization_53ea38:3139:3155,0,max_abs_z@0.975,4.3243527,7.409987449645996
ec2_cpu_utilization_53ea38:3147:3163,0,max_abs_z@0.975,3.1997406,7.409987449645996
ec2_cpu_utilization_53ea38:3155:3171,0,max_abs_z@0.975,4.5113854,7.409987449645996
ec2_cpu_utilization_53ea38:3163:3179,0,max_abs_z@0.975,4.505057,7.409987449645996
ec2_cpu_utilization_53ea38:3171:3187,0,max_abs_z@0.975,4.495202,7.409987449645996
ec2_cpu_utilization_53ea38:3179:3195,0,max_abs_z@0.975,4.5113854,7.409987449645996
ec2_cpu_utilization_53ea38:3187:3203,0,max_abs_z@0.975,4.639252,7.409987449645996
ec2_cpu_utilization_53ea38:3195:3211,0,max_abs_z@0.975,4.675127,7.409987449645996
ec2_cpu_utilization_53ea38:3203:3219,0,max_abs_z@0.975,3.205676,7.409987449645996
ec2_cpu_utilization_53ea38:2419:2435,0,max_abs_z@0.99,4.6496224,8.294370651245117
ec2_cpu_utilization_53ea38:2427:2443,0,max_abs_z@0.99,4.4232326,8.294370651245117
ec2_cpu_utilization_53ea38:2435:2451,0,max_abs_z@0.99,4.4027433,8.294370651245117
ec2_cpu_utilization_53ea38:2443:2459,0,max_abs_z@0.99,15.47981,8.294370651245117
ec2_cpu_utilization_53ea38:2451:2467,0,max_abs_z@0.99,15.6145735,8.294370651245117
ec2_cpu_utilization_53ea38:2459:2475,0,max_abs_z@0.99,6.3583574,8.294370651245117
ec2_cpu_utilization_53ea38:2467:2483,0,max_abs_z@0.99,6.3482404,8.294370651245117
ec2_cpu_utilization_53ea38:2475:2491,0,max_abs_z@0.99,3.4156501,8.294370651245117
ec2_cpu_utilization_53ea38:2483:2499,0,max_abs_z@0.99,3.1714272,8.294370651245117
ec2_cpu_utilization_53ea38:2491:2507,0,max_abs_z@0.99,3.890397,8.294370651245117
ec2_cpu_utilization_53ea38:2499:2515,0,max_abs_z@0.99,4.1320457,8.294370651245117
ec2_cpu_utilization_53ea38:2507:2523,0,max_abs_z@0.99,4.8316803,8.294370651245117
ec2_cpu_utilization_53ea38:2515:2531,0,max_abs_z@0.99,4.84548,8.294370651245117
ec2_cpu_utilization_53ea38:2523:2539,0,max_abs_z@0.99,3.8474712,8.294370651245117
ec2_cpu_utilization_53ea38:2531:2547,0,max_abs_z@0.99,2.6644154,8.294370651245117
ec2_cpu_utilization_53ea38:2539:2555,0,max_abs_z@0.99,2.6618752,8.294370651245117
ec2_cpu_utilization_53ea38:2547:2563,1,max_abs_z@0.99,2.8526692,8.294370651245117
ec2_cpu_utilization_53ea38:2555:2571,1,max_abs_z@0.99,2.8570058,8.294370651245117
ec2_cpu_utilization_53ea38:2563:2579,1,max_abs_z@0.99,4.4609537,8.294370651245117
ec2_cpu_utilization_53ea38:2571:2587,1,max_abs_z@0.99,4.495202,8.294370651245117
ec2_cpu_utilization_53ea38:2579:2595,1,max_abs_z@0.99,3.6685157,8.294370651245117
ec2_cpu_utilization_53ea38:2587:2603,1,max_abs_z@0.99,3.6777468,8.294370651245117
ec2_cpu_utilization_53ea38:2595:2611,1,max_abs_z@0.99,3.1997406,8.294370651245117
ec2_cpu_utilization_53ea38:2603:2619,1,max_abs_z@0.99,3.3887174,8.294370651245117
ec2_cpu_utilization_53ea38:2611:2627,1,max_abs_z@0.99,5.566406,8.294370651245117
ec2_cpu_utilization_53ea38:2619:2635,1,max_abs_z@0.99,5.6107383,8.294370651245117
ec2_cpu_utilization_53ea38:2627:2643,1,max_abs_z@0.99,3.3887174,8.294370651245117
ec2_cpu_utilization_53ea38:2635:2651,1,max_abs_z@0.99,3.3846917,8.294370651245117
ec2_cpu_utilization_53ea38:2643:2659,1,max_abs_z@0.99,3.3076944,8.294370651245117
ec2_cpu_utilization_53ea38:2651:2667,1,max_abs_z@0.99,6.101301,8.294370651245117
ec2_cpu_utilization_53ea38:2659:2675,1,max_abs_z@0.99,10.380468,8.294370651245117
ec2_cpu_utilization_53ea38:2667:2683,1,max_abs_z@0.99,10.468716,8.294370651245117
ec2_cpu_utilization_53ea38:2675:2691,1,max_abs_z@0.99,7.481027,8.294370651245117
ec2_cpu_utilization_53ea38:2683:2699,1,max_abs_z@0.99,7.4686074,8.294370651245117
ec2_cpu_utilization_53ea38:2691:2707,1,max_abs_z@0.99,4.4232326,8.294370651245117
ec2_cpu_utilization_53ea38:2699:2715,1,max_abs_z@0.99,3.1784668,8.294370651245117
ec2_cpu_utilization_53ea38:2707:2723,1,max_abs_z@0.99,4.389635,8.294370651245117
ec2_cpu_utilization_53ea38:2715:2731,1,max_abs_z@0.99,4.4232326,8.294370651245117
ec2_cpu_utilization_53ea38:2723:2739,1,max_abs_z@0.99,6.7567253,8.294370651245117
ec2_cpu_utilization_53ea38:2731:2747,1,max_abs_z@0.99,6.745791,8.294370651245117
ec2_cpu_utilization_53ea38:2739:2755,1,max_abs_z@0.99,11.018892,8.294370651245117
ec2_cpu_utilization_53ea38:2747:2763,1,max_abs_z@0.99,11.014393,8.294370651245117
ec2_cpu_utilization_53ea38:2755:2771,1,max_abs_z@0.99,4.353974,8.294370651245117
ec2_cpu_utilization_53ea38:2763:2779,0,max_abs_z@0.99,4.387246,8.294370651245117
ec2_cpu_utilization_53ea38:2771:2787,0,max_abs_z@0.99,2.9922576,8.294370651245117
ec2_cpu_utilization_53ea38:2779:2795,0,max_abs_z@0.99,3.2841809,8.294370651245117
ec2_cpu_utilization_53ea38:2787:2803,0,max_abs_z@0.99,3.3076944,8.294370651245117
ec2_cpu_utilization_53ea38:2795:2811,0,max_abs_z@0.99,3.8595147,8.294370651245117
ec2_cpu_utilization_53ea38:2803:2819,0,max_abs_z@0.99,3.8545232,8.294370651245117
ec2_cpu_utilization_53ea38:2811:2827,0,max_abs_z@0.99,3.3076944,8.294370651245117
ec2_cpu_utilization_53ea38:2819:2835,0,max_abs_z@0.99,2.9922576,8.294370651245117
ec2_cpu_utilization_53ea38:2827:2843,0,max_abs_z@0.99,3.42682,8.294370651245117
ec2_cpu_utilization_53ea38:2835:2851,0,max_abs_z@0.99,3.4516346,8.294370651245117
ec2_cpu_utilization_53ea38:2843:2859,0,max_abs_z@0.99,5.525409,8.294370651245117
ec2_cpu_utilization_53ea38:2851:2867,0,max_abs_z@0.99,5.5170007,8.294370651245117
ec2_cpu_utilization_53ea38:2859:2875,0,max_abs_z@0.99,3.2717097,8.294370651245117
ec2_cpu_utilization_53ea38:2867:2883,0,max_abs_z@0.99,2.70063,8.294370651245117
ec2_cpu_utilization_53ea38:2875:2891,0,max_abs_z@0.99,2.6980157,8.294370651245117
ec2_cpu_utilization_53ea38:2883:2899,0,max_abs_z@0.99,3.2609801,8.294370651245117
ec2_cpu_utilization_53ea38:2891:2907,0,max_abs_z@0.99,3.7146537,8.294370651245117
ec2_cpu_utilization_53ea38:2899:2915,0,max_abs_z@0.99,4.995849,8.294370651245117
ec2_cpu_utilization_53ea38:2907:2923,0,max_abs_z@0.99,5.0349765,8.294370651245117
ec2_cpu_utilization_53ea38:2915:2931,0,max_abs_z@0.99,2.6644154,8.294370651245117
ec2_cpu_utilization_53ea38:2923:2939,0,max_abs_z@0.99,4.4609537,8.294370651245117
ec2_cpu_utilization_53ea38:2931:2947,0,max_abs_z@0.99,4.495202,8.294370651245117
ec2_cpu_utilization_53ea38:2939:2955,0,max_abs_z@0.99,4.294097,8.294370651245117
ec2_cpu_utilization_53ea38:2947:2963,0,max_abs_z@0.99,4.288214,8.294370651245117
ec2_cpu_utilization_53ea38:2955:2971,0,max_abs_z@0.99,3.4516346,8.294370651245117
ec2_cpu_utilization_53ea38:2963:2979,0,max_abs_z@0.99,5.0908284,8.294370651245117
ec2_cpu_utilization_53ea38:2971:2987,0,max_abs_z@0.99,5.0833116,8.294370651245117
ec2_cpu_utilization_53ea38:2979:2995,0,max_abs_z@0.99,2.803904,8.294370651245117
ec2_cpu_utilization_53ea38:2987:3003,0,max_abs_z@0.99,4.4027433,8.294370651245117
ec2_cpu_utilization_53ea38:2995:3011,0,max_abs_z@0.99,4.4252925,8.294370651245117
ec2_cpu_utilization_53ea38:3003:3019,0,max_abs_z@0.99,4.459215,8.294370651245117
ec2_cpu_utilization_53ea38:3011:3027,0,max_abs_z@0.99,4.438956,8.294370651245117
ec2_cpu_utilization_53ea38:3019:3035,0,max_abs_z@0.99,4.432776,8.294370651245117
ec2_cpu_utilization_53ea38:3027:3043,0,max_abs_z@0.99,10.692245,8.294370651245117
ec2_cpu_utilization_53ea38:3035:3051,0,max_abs_z@0.99,10.687898,8.294370651245117
ec2_cpu_utilization_53ea38:3043:3059,0,max_abs_z@0.99,3.9990869,8.294370651245117
ec2_cpu_utilization_53ea38:3051:3067,0,max_abs_z@0.99,4.077602,8.294370651245117
ec2_cpu_utilization_53ea38:3059:3075,0,max_abs_z@0.99,4.076333,8.294370651245117
ec2_cpu_utilization_53ea38:3067:3083,0,max_abs_z@0.99,3.7477577,8.294370651245117
ec2_cpu_utilization_53ea38:3075:3091,0,max_abs_z@0.99,4.5675755,8.294370651245117
ec2_cpu_utilization_53ea38:3083:3099,0,max_abs_z@0.99,6.177282,8.294370651245117
ec2_cpu_utilization_53ea38:3091:3107,0,max_abs_z@0.99,6.1675363,8.294370651245117
ec2_cpu_utilization_53ea38:3099:3115,0,max_abs_z@0.99,4.099365,8.294370651245117
ec2_cpu_utilization_53ea38:3107:3123,0,max_abs_z@0.99,2.8570058,8.294370651245117
ec2_cpu_utilization_53ea38:3115:3131,0,max_abs_z@0.99,4.4609537,8.294370651245117
ec2_cpu_utilization_53ea38:3123:3139,0,max_abs_z@0.99,4.495202,8.294370651245117
ec2_cpu_utilization_53ea38:3131:3147,0,max_abs_z@0.99,4.33031,8.294370651245117
ec2_cpu_utilization_53ea38:3139:3155,0,max_abs_z@0.99,4.3243527,8.294370651245117
ec2_cpu_utilization_53ea38:3147:3163,0,max_abs_z@0.99,3.1997406,8.294370651245117
ec2_cpu_utilization_53ea38:3155:3171,0,max_abs_z@0.99,4.5113854,8.294370651245117
ec2_cpu_utilization_53ea38:3163:3179,0,max_abs_z@0.99,4.505057,8.294370651245117
ec2_cpu_utilization_53ea38:3171:3187,0,max_abs_z@0.99,4.495202,8.294370651245117
ec2_cpu_utilization_53ea38:3179:3195,0,max_abs_z@0.99,4.5113854,8.294370651245117
ec2_cpu_utilization_53ea38:3187:3203,0,max_abs_z@0.99,4.639252,8.294370651245117
ec2_cpu_utilization_53ea38:3195:3211,0,max_abs_z@0.99,4.675127,8.294370651245117
ec2_cpu_utilization_53ea38:3203:3219,0,max_abs_z@0.99,3.205676,8.294370651245117
ec2_cpu_utilization_53ea38:2419:2435,0,rolling_32@0.95,24.741040220851527,17.03480744465831
ec2_cpu_utilization_53ea38:2427:2443,0,rolling_32@0.95,23.32147897756899,17.03480744465831
ec2_cpu_utilization_53ea38:2435:2451,0,rolling_32@0.95,20.7865214207156,17.03480744465831
ec2_cpu_utilization_53ea38:2443:2459,0,rolling_32@0.95,16.247274729253743,17.03480744465831
ec2_cpu_utilization_53ea38:2451:2467,0,rolling_32@0.95,16.247274729253743,17.03480744465831
ec2_cpu_utilization_53ea38:2459:2475,0,rolling_32@0.95,4.21887787093865,17.03480744465831
ec2_cpu_utilization_53ea38:2467:2483,0,rolling_32@0.95,4.21887787093865,17.03480744465831
ec2_cpu_utilization_53ea38:2475:2491,0,rolling_32@0.95,2.559094511112003,17.03480744465831
ec2_cpu_utilization_53ea38:2483:2499,0,rolling_32@0.95,2.559094511112003,17.03480744465831
ec2_cpu_utilization_53ea38:2491:2507,0,rolling_32@0.95,3.562153106409556,17.03480744465831
ec2_cpu_utilization_53ea38:2499:2515,0,rolling_32@0.95,4.8490432913963755,17.03480744465831
ec2_cpu_utilization_53ea38:2507:2523,0,rolling_32@0.95,5.576892751127254,17.03480744465831
ec2_cpu_utilization_53ea38:2515:2531,0,rolling_32@0.95,5.576892751127254,17.03480744465831
ec2_cpu_utilization_53ea38:2523:2539,0,rolling_32@0.95,3.541076487252125,17.03480744465831
ec2_cpu_utilization_53ea38:2531:2547,0,rolling_32@0.95,3.1101508427033813,17.03480744465831
ec2_cpu_utilization_53ea38:2539:2555,0,rolling_32@0.95,2.8665913813013697,17.03480744465831
ec2_cpu_utilization_53ea38:2547:2563,1,rolling_32@0.95,3.965189134846026,17.03480744465831
ec2_cpu_utilization_53ea38:2555:2571,1,rolling_32@0.95,3.965189134846026,17.03480744465831
ec2_cpu_utilization_53ea38:2563:2579,1,rolling_32@0.95,4.602420611620309,17.03480744465831
ec2_cpu_utilization_53ea38:2571:2587,1,rolling_32@0.95,4.602420611620309,17.03480744465831
ec2_cpu_utilization_53ea38:2579:2595,1,rolling_32@0.95,5.157882477130395,17.03480744465831
ec2_cpu_utilization_53ea38:2587:2603,1,rolling_32@0.95,5.157882477130395,17.03480744465831
ec2_cpu_utilization_53ea38:2595:2611,1,rolling_32@0.95,3.1740833435226343,17.03480744465831
ec2_cpu_utilization_53ea38:2603:2619,1,rolling_32@0.95,3.9676029969657387,17.03480744465831
ec2_cpu_utilization_53ea38:2611:2627,1,rolling_32@0.95,3.9676029969657387,17.03480744465831
ec2_cpu_utilization_53ea38:2619:2635,1,rolling_32@0.95,3.750173768650889,17.03480744465831
ec2_cpu_utilization_53ea38:2627:2643,1,rolling_32@0.95,2.813119470689701,17.03480744465831
ec2_cpu_utilization_53ea38:2635:2651,1,rolling_32@0.95,2.3466667793953193,17.03480744465831
ec2_cpu_utilization_53ea38:2643:2659,1,rolling_32@0.95,3.7692230836049623,17.03480744465831
ec2_cpu_utilization_53ea38:2651:2667,1,rolling_32@0.95,5.065293659712416,17.03480744465831
ec2_cpu_utilization_53ea38:2659:2675,1,rolling_32@0.95,5.065293659712416,17.03480744465831
ec2_cpu_utilization_53ea38:2667:2683,1,rolling_32@0.95,3.860880435023684,17.03480744465831
ec2_cpu_utilization_53ea38:2675:2691,1,rolling_32@0.95,2.285213268558094,17.03480744465831
ec2_cpu_utilization_53ea38:2683:2699,1,rolling_32@0.95,3.5009344268373463,17.03480744465831
ec2_cpu_utilization_53ea38:2691:2707,1,rolling_32@0.95,3.5009344268373463,17.03480744465831
ec2_cpu_utilization_53ea38:2699:2715,1,rolling_32@0.95,3.0523528382567573,17.03480744465831
ec2_cpu_utilization_53ea38:2707:2723,1,rolling_32@0.95,1.8497397270162097,17.03480744465831
ec2_cpu_utilization_53ea38:2715:2731,1,rolling_32@0.95,4.2396556554476295,17.03480744465831
ec2_cpu_utilization_53ea38:2723:2739,1,rolling_32@0.95,5.227300187997184,17.03480744465831
ec2_cpu_utilization_53ea38:2731:2747,1,rolling_32@0.95,5.227300187997184,17.03480744465831
ec2_cpu_utilization_53ea38:2739:2755,1,rolling_32@0.95,8.954441031215573,17.03480744465831
ec2_cpu_utilization_53ea38:2747:2763,1,rolling_32@0.95,8.954441031215573,17.03480744465831
ec2_cpu_utilization_53ea38:2755:2771,1,rolling_32@0.95,3.6722207678113548,17.03480744465831
ec2_cpu_utilization_53ea38:2763:2779,0,rolling_32@0.95,3.6722207678113548,17.03480744465831
ec2_cpu_utilization_53ea38:2771:2787,0,rolling_32@0.95,4.0919154318298,17.03480744465831
ec2_cpu_utilization_53ea38:2779:2795,0,rolling_32@0.95,4.0919154318298,17.03480744465831
ec2_cpu_utilization_53ea38:2787:2803,0,rolling_32@0.95,2.777311414217132,17.03480744465831
ec2_cpu_utilization_53ea38:2795:2811,0,rolling_32@0.95,2.416924034918286,17.03480744465831
ec2_cpu_utilization_53ea38:2803:2819,0,rolling_32@0.95,2.416924034918286,17.03480744465831
ec2_cpu_utilization_53ea38:2811:2827,0,rolling_32@0.95,2.2580802679139302,17.03480744465831
ec2_cpu_utilization_53ea38:2819:2835,0,rolling_32@0.95,4.046949151467624,17.03480744465831
ec2_cpu_utilization_53ea38:2827:2843,0,rolling_32@0.95,4.046949151467624,17.03480744465831
ec2_cpu_utilization_53ea38:2835:2851,0,rolling_32@0.95,3.8850594416082194,17.03480744465831
ec2_cpu_utilization_53ea38:2843:2859,0,rolling_32@0.95,5.753022217212723,17.03480744465831
ec2_cpu_utilization_53ea38:2851:2867,0,rolling_32@0.95,5.753022217212723,17.03480744465831
ec2_cpu_utilization_53ea38:2859:2875,0,rolling_32@0.95,3.128886448968057,17.03480744465831
ec2_cpu_utilization_53ea38:2867:2883,0,rolling_32@0.95,2.9087411646796792,17.03480744465831
ec2_cpu_utilization_53ea38:2875:2891,0,rolling_32@0.95,3.3724519699850166,17.03480744465831
ec2_cpu_utilization_53ea38:2883:2899,0,rolling_32@0.95,3.873507292076941,17.03480744465831
ec2_cpu_utilization_53ea38:2891:2907,0,rolling_32@0.95,3.873507292076941,17.03480744465831
ec2_cpu_utilization_53ea38:2899:2915,0,rolling_32@0.95,3.0164716946364694,17.03480744465831
ec2_cpu_utilization_53ea38:2907:2923,0,rolling_32@0.95,3.141202579470118,17.03480744465831
ec2_cpu_utilization_53ea38:2915:2931,0,rolling_32@0.95,3.141202579470118,17.03480744465831
ec2_cpu_utilization_53ea38:2923:2939,0,rolling_32@0.95,4.290509671787423,17.03480744465831
ec2_cpu_utilization_53ea38:2931:2947,0,rolling_32@0.95,4.290509671787423,17.03480744465831
ec2_cpu_utilization_53ea38:2939:2955,0,rolling_32@0.95,3.7692098681376325,17.03480744465831
ec2_cpu_utilization_53ea38:2947:2963,0,rolling_32@0.95,3.7692098681376325,17.03480744465831
ec2_cpu_utilization_53ea38:2955:2971,0,rolling_32@0.95,2.816986784805916,17.03480744465831
ec2_cpu_utilization_53ea38:2963:2979,0,rolling_32@0.95,4.135694343286982,17.03480744465831
ec2_cpu_utilization_53ea38:2971:2987,0,rolling_32@0.95,4.135694343286982,17.03480744465831
ec2_cpu_utilization_53ea38:2979:2995,0,rolling_32@0.95,3.1701089817092254,17.03480744465831
ec2_cpu_utilization_53ea38:2987:3003,0,rolling_32@0.95,3.7434293434899684,17.03480744465831
ec2_cpu_utilization_53ea38:2995:3011,0,rolling_32@0.95,3.8629966016669237,17.03480744465831
ec2_cpu_utilization_53ea38:3003:3019,0,rolling_32@0.95,3.8629966016669237,17.03480744465831
ec2_cpu_utilization_53ea38:3011:3027,0,rolling_32@0.95,2.7308685657447147,17.03480744465831
ec2_cpu_utilization_53ea38:3019:3035,0,rolling_32@0.95,2.448922646264527,17.03480744465831
ec2_cpu_utilization_53ea38:3027:3043,0,rolling_32@0.95,9.826404393006708,17.03480744465831
ec2_cpu_utilization_53ea38:3035:3051,0,rolling_32@0.95,9.826404393006708,17.03480744465831
ec2_cpu_utilization_53ea38:3043:3059,0,rolling_32@0.95,3.1354714385628193,17.03480744465831
ec2_cpu_utilization_53ea38:3051:3067,0,rolling_32@0.95,5.436803786819535,17.03480744465831
ec2_cpu_utilization_53ea38:3059:3075,0,rolling_32@0.95,5.436803786819535,17.03480744465831
ec2_cpu_utilization_53ea38:3067:3083,0,rolling_32@0.95,3.9675960414448603,17.03480744465831
ec2_cpu_utilization_53ea38:3075:3091,0,rolling_32@0.95,6.467179513766094,17.03480744465831
ec2_cpu_utilization_53ea38:3083:3099,0,rolling_32@0.95,6.467179513766094,17.03480744465831
ec2_cpu_utilization_53ea38:3091:3107,0,rolling_32@0.95,6.282405158940236,17.03480744465831
ec2_cpu_utilization_53ea38:3099:3115,0,rolling_32@0.95,3.727456673835067,17.03480744465831
ec2_cpu_utilization_53ea38:3107:3123,0,rolling_32@0.95,3.9675960414448603,17.03480744465831
ec2_cpu_utilization_53ea38:3115:3131,0,rolling_32@0.95,4.602420611620309,17.03480744465831
ec2_cpu_utilization_53ea38:3123:3139,0,rolling_32@0.95,4.602420611620309,17.03480744465831
ec2_cpu_utilization_53ea38:3131:3147,0,rolling_32@0.95,4.483389352778691,17.03480744465831
ec2_cpu_utilization_53ea38:3139:3155,0,rolling_32@0.95,4.483389352778691,17.03480744465831
ec2_cpu_utilization_53ea38:3147:3163,0,rolling_32@0.95,3.083390923643917,17.03480744465831
ec2_cpu_utilization_53ea38:3155:3171,0,rolling_32@0.95,3.196498470252105,17.03480744465831
ec2_cpu_utilization_53ea38:3163:3179,0,rolling_32@0.95,3.196498470252105,17.03480744465831
ec2_cpu_utilization_53ea38:3171:3187,0,rolling_32@0.95,3.028029234932179,17.03480744465831
ec2_cpu_utilization_53ea38:3179:3195,0,rolling_32@0.95,3.1715456601667644,17.03480744465831
ec2_cpu_utilization_53ea38:3187:3203,0,rolling_32@0.95,3.93452868578445,17.03480744465831
ec2_cpu_utilization_53ea38:3195:3211,0,rolling_32@0.95,4.308036833721802,17.03480744465831
ec2_cpu_utilization_53ea38:3203:3219,0,rolling_32@0.95,4.308036833721802,17.03480744465831
ec2_cpu_utilization_53ea38:2419:2435,0,rolling_32@0.975,24.741040220851527,20.076746842846656
ec2_cpu_utilization_53ea38:2427:2443,0,rolling_32@0.975,23.32147897756899,20.076746842846656
ec2_cpu_utilization_53ea38:2435:2451,0,rolling_32@0.975,20.7865214207156,20.076746842846656
ec2_cpu_utilization_53ea38:2443:2459,0,rolling_32@0.975,16.247274729253743,20.076746842846656
ec2_cpu_utilization_53ea38:2451:2467,0,rolling_32@0.975,16.247274729253743,20.076746842846656
ec2_cpu_utilization_53ea38:2459:2475,0,rolling_32@0.975,4.21887787093865,20.076746842846656
ec2_cpu_utilization_53ea38:2467:2483,0,rolling_32@0.975,4.21887787093865,20.076746842846656
ec2_cpu_utilization_53ea38:2475:2491,0,rolling_32@0.975,2.559094511112003,20.076746842846656
ec2_cpu_utilization_53ea38:2483:2499,0,rolling_32@0.975,2.559094511112003,20.076746842846656
ec2_cpu_utilization_53ea38:2491:2507,0,rolling_32@0.975,3.562153106409556,20.076746842846656
ec2_cpu_utilization_53ea38:2499:2515,0,rolling_32@0.975,4.8490432913963755,20.076746842846656
ec2_cpu_utilization_53ea38:2507:2523,0,rolling_32@0.975,5.576892751127254,20.076746842846656
ec2_cpu_utilization_53ea38:2515:2531,0,rolling_32@0.975,5.576892751127254,20.076746842846656
ec2_cpu_utilization_53ea38:2523:2539,0,rolling_32@0.975,3.541076487252125,20.076746842846656
ec2_cpu_utilization_53ea38:2531:2547,0,rolling_32@0.975,3.1101508427033813,20.076746842846656
ec2_cpu_utilization_53ea38:2539:2555,0,rolling_32@0.975,2.8665913813013697,20.076746842846656
ec2_cpu_utilization_53ea38:2547:2563,1,rolling_32@0.975,3.965189134846026,20.076746842846656
ec2_cpu_utilization_53ea38:2555:2571,1,rolling_32@0.975,3.965189134846026,20.076746842846656
ec2_cpu_utilization_53ea38:2563:2579,1,rolling_32@0.975,4.602420611620309,20.076746842846656
ec2_cpu_utilization_53ea38:2571:2587,1,rolling_32@0.975,4.602420611620309,20.076746842846656
ec2_cpu_utilization_53ea38:2579:2595,1,rolling_32@0.975,5.157882477130395,20.076746842846656
ec2_cpu_utilization_53ea38:2587:2603,1,rolling_32@0.975,5.157882477130395,20.076746842846656
ec2_cpu_utilization_53ea38:2595:2611,1,rolling_32@0.975,3.1740833435226343,20.076746842846656
ec2_cpu_utilization_53ea38:2603:2619,1,rolling_32@0.975,3.9676029969657387,20.076746842846656
ec2_cpu_utilization_53ea38:2611:2627,1,rolling_32@0.975,3.9676029969657387,20.076746842846656
ec2_cpu_utilization_53ea38:2619:2635,1,rolling_32@0.975,3.750173768650889,20.076746842846656
ec2_cpu_utilization_53ea38:2627:2643,1,rolling_32@0.975,2.813119470689701,20.076746842846656
ec2_cpu_utilization_53ea38:2635:2651,1,rolling_32@0.975,2.3466667793953193,20.076746842846656
ec2_cpu_utilization_53ea38:2643:2659,1,rolling_32@0.975,3.7692230836049623,20.076746842846656
ec2_cpu_utilization_53ea38:2651:2667,1,rolling_32@0.975,5.065293659712416,20.076746842846656
ec2_cpu_utilization_53ea38:2659:2675,1,rolling_32@0.975,5.065293659712416,20.076746842846656
ec2_cpu_utilization_53ea38:2667:2683,1,rolling_32@0.975,3.860880435023684,20.076746842846656
ec2_cpu_utilization_53ea38:2675:2691,1,rolling_32@0.975,2.285213268558094,20.076746842846656
ec2_cpu_utilization_53ea38:2683:2699,1,rolling_32@0.975,3.5009344268373463,20.076746842846656
ec2_cpu_utilization_53ea38:2691:2707,1,rolling_32@0.975,3.5009344268373463,20.076746842846656
ec2_cpu_utilization_53ea38:2699:2715,1,rolling_32@0.975,3.0523528382567573,20.076746842846656
ec2_cpu_utilization_53ea38:2707:2723,1,rolling_32@0.975,1.8497397270162097,20.076746842846656
ec2_cpu_utilization_53ea38:2715:2731,1,rolling_32@0.975,4.2396556554476295,20.076746842846656
ec2_cpu_utilization_53ea38:2723:2739,1,rolling_32@0.975,5.227300187997184,20.076746842846656
ec2_cpu_utilization_53ea38:2731:2747,1,rolling_32@0.975,5.227300187997184,20.076746842846656
ec2_cpu_utilization_53ea38:2739:2755,1,rolling_32@0.975,8.954441031215573,20.076746842846656
ec2_cpu_utilization_53ea38:2747:2763,1,rolling_32@0.975,8.954441031215573,20.076746842846656
ec2_cpu_utilization_53ea38:2755:2771,1,rolling_32@0.975,3.6722207678113548,20.076746842846656
ec2_cpu_utilization_53ea38:2763:2779,0,rolling_32@0.975,3.6722207678113548,20.076746842846656
ec2_cpu_utilization_53ea38:2771:2787,0,rolling_32@0.975,4.0919154318298,20.076746842846656
ec2_cpu_utilization_53ea38:2779:2795,0,rolling_32@0.975,4.0919154318298,20.076746842846656
ec2_cpu_utilization_53ea38:2787:2803,0,rolling_32@0.975,2.777311414217132,20.076746842846656
ec2_cpu_utilization_53ea38:2795:2811,0,rolling_32@0.975,2.416924034918286,20.076746842846656
ec2_cpu_utilization_53ea38:2803:2819,0,rolling_32@0.975,2.416924034918286,20.076746842846656
ec2_cpu_utilization_53ea38:2811:2827,0,rolling_32@0.975,2.2580802679139302,20.076746842846656
ec2_cpu_utilization_53ea38:2819:2835,0,rolling_32@0.975,4.046949151467624,20.076746842846656
ec2_cpu_utilization_53ea38:2827:2843,0,rolling_32@0.975,4.046949151467624,20.076746842846656
ec2_cpu_utilization_53ea38:2835:2851,0,rolling_32@0.975,3.8850594416082194,20.076746842846656
ec2_cpu_utilization_53ea38:2843:2859,0,rolling_32@0.975,5.753022217212723,20.076746842846656
ec2_cpu_utilization_53ea38:2851:2867,0,rolling_32@0.975,5.753022217212723,20.076746842846656
ec2_cpu_utilization_53ea38:2859:2875,0,rolling_32@0.975,3.128886448968057,20.076746842846656
ec2_cpu_utilization_53ea38:2867:2883,0,rolling_32@0.975,2.9087411646796792,20.076746842846656
ec2_cpu_utilization_53ea38:2875:2891,0,rolling_32@0.975,3.3724519699850166,20.076746842846656
ec2_cpu_utilization_53ea38:2883:2899,0,rolling_32@0.975,3.873507292076941,20.076746842846656
ec2_cpu_utilization_53ea38:2891:2907,0,rolling_32@0.975,3.873507292076941,20.076746842846656
ec2_cpu_utilization_53ea38:2899:2915,0,rolling_32@0.975,3.0164716946364694,20.076746842846656
ec2_cpu_utilization_53ea38:2907:2923,0,rolling_32@0.975,3.141202579470118,20.076746842846656
ec2_cpu_utilization_53ea38:2915:2931,0,rolling_32@0.975,3.141202579470118,20.076746842846656
ec2_cpu_utilization_53ea38:2923:2939,0,rolling_32@0.975,4.290509671787423,20.076746842846656
ec2_cpu_utilization_53ea38:2931:2947,0,rolling_32@0.975,4.290509671787423,20.076746842846656
ec2_cpu_utilization_53ea38:2939:2955,0,rolling_32@0.975,3.7692098681376325,20.076746842846656
ec2_cpu_utilization_53ea38:2947:2963,0,rolling_32@0.975,3.7692098681376325,20.076746842846656
ec2_cpu_utilization_53ea38:2955:2971,0,rolling_32@0.975,2.816986784805916,20.076746842846656
ec2_cpu_utilization_53ea38:2963:2979,0,rolling_32@0.975,4.135694343286982,20.076746842846656
ec2_cpu_utilization_53ea38:2971:2987,0,rolling_32@0.975,4.135694343286982,20.076746842846656
ec2_cpu_utilization_53ea38:2979:2995,0,rolling_32@0.975,3.1701089817092254,20.076746842846656
ec2_cpu_utilization_53ea38:2987:3003,0,rolling_32@0.975,3.7434293434899684,20.076746842846656
ec2_cpu_utilization_53ea38:2995:3011,0,rolling_32@0.975,3.8629966016669237,20.076746842846656
ec2_cpu_utilization_53ea38:3003:3019,0,rolling_32@0.975,3.8629966016669237,20.076746842846656
ec2_cpu_utilization_53ea38:3011:3027,0,rolling_32@0.975,2.7308685657447147,20.076746842846656
ec2_cpu_utilization_53ea38:3019:3035,0,rolling_32@0.975,2.448922646264527,20.076746842846656
ec2_cpu_utilization_53ea38:3027:3043,0,rolling_32@0.975,9.826404393006708,20.076746842846656
ec2_cpu_utilization_53ea38:3035:3051,0,rolling_32@0.975,9.826404393006708,20.076746842846656
ec2_cpu_utilization_53ea38:3043:3059,0,rolling_32@0.975,3.1354714385628193,20.076746842846656
ec2_cpu_utilization_53ea38:3051:3067,0,rolling_32@0.975,5.436803786819535,20.076746842846656
ec2_cpu_utilization_53ea38:3059:3075,0,rolling_32@0.975,5.436803786819535,20.076746842846656
ec2_cpu_utilization_53ea38:3067:3083,0,rolling_32@0.975,3.9675960414448603,20.076746842846656
ec2_cpu_utilization_53ea38:3075:3091,0,rolling_32@0.975,6.467179513766094,20.076746842846656
ec2_cpu_utilization_53ea38:3083:3099,0,rolling_32@0.975,6.467179513766094,20.076746842846656
ec2_cpu_utilization_53ea38:3091:3107,0,rolling_32@0.975,6.282405158940236,20.076746842846656
ec2_cpu_utilization_53ea38:3099:3115,0,rolling_32@0.975,3.727456673835067,20.076746842846656
ec2_cpu_utilization_53ea38:3107:3123,0,rolling_32@0.975,3.9675960414448603,20.076746842846656
ec2_cpu_utilization_53ea38:3115:3131,0,rolling_32@0.975,4.602420611620309,20.076746842846656
ec2_cpu_utilization_53ea38:3123:3139,0,rolling_32@0.975,4.602420611620309,20.076746842846656
ec2_cpu_utilization_53ea38:3131:3147,0,rolling_32@0.975,4.483389352778691,20.076746842846656
ec2_cpu_utilization_53ea38:3139:3155,0,rolling_32@0.975,4.483389352778691,20.076746842846656
ec2_cpu_utilization_53ea38:3147:3163,0,rolling_32@0.975,3.083390923643917,20.076746842846656
ec2_cpu_utilization_53ea38:3155:3171,0,rolling_32@0.975,3.196498470252105,20.076746842846656
ec2_cpu_utilization_53ea38:3163:3179,0,rolling_32@0.975,3.196498470252105,20.076746842846656
ec2_cpu_utilization_53ea38:3171:3187,0,rolling_32@0.975,3.028029234932179,20.076746842846656
ec2_cpu_utilization_53ea38:3179:3195,0,rolling_32@0.975,3.1715456601667644,20.076746842846656
ec2_cpu_utilization_53ea38:3187:3203,0,rolling_32@0.975,3.93452868578445,20.076746842846656
ec2_cpu_utilization_53ea38:3195:3211,0,rolling_32@0.975,4.308036833721802,20.076746842846656
ec2_cpu_utilization_53ea38:3203:3219,0,rolling_32@0.975,4.308036833721802,20.076746842846656
ec2_cpu_utilization_53ea38:2419:2435,0,rolling_32@0.99,24.741040220851527,21.064847653930244
ec2_cpu_utilization_53ea38:2427:2443,0,rolling_32@0.99,23.32147897756899,21.064847653930244
ec2_cpu_utilization_53ea38:2435:2451,0,rolling_32@0.99,20.7865214207156,21.064847653930244
ec2_cpu_utilization_53ea38:2443:2459,0,rolling_32@0.99,16.247274729253743,21.064847653930244
ec2_cpu_utilization_53ea38:2451:2467,0,rolling_32@0.99,16.247274729253743,21.064847653930244
ec2_cpu_utilization_53ea38:2459:2475,0,rolling_32@0.99,4.21887787093865,21.064847653930244
ec2_cpu_utilization_53ea38:2467:2483,0,rolling_32@0.99,4.21887787093865,21.064847653930244
ec2_cpu_utilization_53ea38:2475:2491,0,rolling_32@0.99,2.559094511112003,21.064847653930244
ec2_cpu_utilization_53ea38:2483:2499,0,rolling_32@0.99,2.559094511112003,21.064847653930244
ec2_cpu_utilization_53ea38:2491:2507,0,rolling_32@0.99,3.562153106409556,21.064847653930244
ec2_cpu_utilization_53ea38:2499:2515,0,rolling_32@0.99,4.8490432913963755,21.064847653930244
ec2_cpu_utilization_53ea38:2507:2523,0,rolling_32@0.99,5.576892751127254,21.064847653930244
ec2_cpu_utilization_53ea38:2515:2531,0,rolling_32@0.99,5.576892751127254,21.064847653930244
ec2_cpu_utilization_53ea38:2523:2539,0,rolling_32@0.99,3.541076487252125,21.064847653930244
ec2_cpu_utilization_53ea38:2531:2547,0,rolling_32@0.99,3.1101508427033813,21.064847653930244
ec2_cpu_utilization_53ea38:2539:2555,0,rolling_32@0.99,2.8665913813013697,21.064847653930244
ec2_cpu_utilization_53ea38:2547:2563,1,rolling_32@0.99,3.965189134846026,21.064847653930244
ec2_cpu_utilization_53ea38:2555:2571,1,rolling_32@0.99,3.965189134846026,21.064847653930244
ec2_cpu_utilization_53ea38:2563:2579,1,rolling_32@0.99,4.602420611620309,21.064847653930244
ec2_cpu_utilization_53ea38:2571:2587,1,rolling_32@0.99,4.602420611620309,21.064847653930244
ec2_cpu_utilization_53ea38:2579:2595,1,rolling_32@0.99,5.157882477130395,21.064847653930244
ec2_cpu_utilization_53ea38:2587:2603,1,rolling_32@0.99,5.157882477130395,21.064847653930244
ec2_cpu_utilization_53ea38:2595:2611,1,rolling_32@0.99,3.1740833435226343,21.064847653930244
ec2_cpu_utilization_53ea38:2603:2619,1,rolling_32@0.99,3.9676029969657387,21.064847653930244
ec2_cpu_utilization_53ea38:2611:2627,1,rolling_32@0.99,3.9676029969657387,21.064847653930244
ec2_cpu_utilization_53ea38:2619:2635,1,rolling_32@0.99,3.750173768650889,21.064847653930244
ec2_cpu_utilization_53ea38:2627:2643,1,rolling_32@0.99,2.813119470689701,21.064847653930244
ec2_cpu_utilization_53ea38:2635:2651,1,rolling_32@0.99,2.3466667793953193,21.064847653930244
ec2_cpu_utilization_53ea38:2643:2659,1,rolling_32@0.99,3.7692230836049623,21.064847653930244
ec2_cpu_utilization_53ea38:2651:2667,1,rolling_32@0.99,5.065293659712416,21.064847653930244
ec2_cpu_utilization_53ea38:2659:2675,1,rolling_32@0.99,5.065293659712416,21.064847653930244
ec2_cpu_utilization_53ea38:2667:2683,1,rolling_32@0.99,3.860880435023684,21.064847653930244
ec2_cpu_utilization_53ea38:2675:2691,1,rolling_32@0.99,2.285213268558094,21.064847653930244
ec2_cpu_utilization_53ea38:2683:2699,1,rolling_32@0.99,3.5009344268373463,21.064847653930244
ec2_cpu_utilization_53ea38:2691:2707,1,rolling_32@0.99,3.5009344268373463,21.064847653930244
ec2_cpu_utilization_53ea38:2699:2715,1,rolling_32@0.99,3.0523528382567573,21.064847653930244
ec2_cpu_utilization_53ea38:2707:2723,1,rolling_32@0.99,1.8497397270162097,21.064847653930244
ec2_cpu_utilization_53ea38:2715:2731,1,rolling_32@0.99,4.2396556554476295,21.064847653930244
ec2_cpu_utilization_53ea38:2723:2739,1,rolling_32@0.99,5.227300187997184,21.064847653930244
ec2_cpu_utilization_53ea38:2731:2747,1,rolling_32@0.99,5.227300187997184,21.064847653930244
ec2_cpu_utilization_53ea38:2739:2755,1,rolling_32@0.99,8.954441031215573,21.064847653930244
ec2_cpu_utilization_53ea38:2747:2763,1,rolling_32@0.99,8.954441031215573,21.064847653930244
ec2_cpu_utilization_53ea38:2755:2771,1,rolling_32@0.99,3.6722207678113548,21.064847653930244
ec2_cpu_utilization_53ea38:2763:2779,0,rolling_32@0.99,3.6722207678113548,21.064847653930244
ec2_cpu_utilization_53ea38:2771:2787,0,rolling_32@0.99,4.0919154318298,21.064847653930244
ec2_cpu_utilization_53ea38:2779:2795,0,rolling_32@0.99,4.0919154318298,21.064847653930244
ec2_cpu_utilization_53ea38:2787:2803,0,rolling_32@0.99,2.777311414217132,21.064847653930244
ec2_cpu_utilization_53ea38:2795:2811,0,rolling_32@0.99,2.416924034918286,21.064847653930244
ec2_cpu_utilization_53ea38:2803:2819,0,rolling_32@0.99,2.416924034918286,21.064847653930244
ec2_cpu_utilization_53ea38:2811:2827,0,rolling_32@0.99,2.2580802679139302,21.064847653930244
ec2_cpu_utilization_53ea38:2819:2835,0,rolling_32@0.99,4.046949151467624,21.064847653930244
ec2_cpu_utilization_53ea38:2827:2843,0,rolling_32@0.99,4.046949151467624,21.064847653930244
ec2_cpu_utilization_53ea38:2835:2851,0,rolling_32@0.99,3.8850594416082194,21.064847653930244
ec2_cpu_utilization_53ea38:2843:2859,0,rolling_32@0.99,5.753022217212723,21.064847653930244
ec2_cpu_utilization_53ea38:2851:2867,0,rolling_32@0.99,5.753022217212723,21.064847653930244
ec2_cpu_utilization_53ea38:2859:2875,0,rolling_32@0.99,3.128886448968057,21.064847653930244
ec2_cpu_utilization_53ea38:2867:2883,0,rolling_32@0.99,2.9087411646796792,21.064847653930244
ec2_cpu_utilization_53ea38:2875:2891,0,rolling_32@0.99,3.3724519699850166,21.064847653930244
ec2_cpu_utilization_53ea38:2883:2899,0,rolling_32@0.99,3.873507292076941,21.064847653930244
ec2_cpu_utilization_53ea38:2891:2907,0,rolling_32@0.99,3.873507292076941,21.064847653930244
ec2_cpu_utilization_53ea38:2899:2915,0,rolling_32@0.99,3.0164716946364694,21.064847653930244
ec2_cpu_utilization_53ea38:2907:2923,0,rolling_32@0.99,3.141202579470118,21.064847653930244
ec2_cpu_utilization_53ea38:2915:2931,0,rolling_32@0.99,3.141202579470118,21.064847653930244
ec2_cpu_utilization_53ea38:2923:2939,0,rolling_32@0.99,4.290509671787423,21.064847653930244
ec2_cpu_utilization_53ea38:2931:2947,0,rolling_32@0.99,4.290509671787423,21.064847653930244
ec2_cpu_utilization_53ea38:2939:2955,0,rolling_32@0.99,3.7692098681376325,21.064847653930244
ec2_cpu_utilization_53ea38:2947:2963,0,rolling_32@0.99,3.7692098681376325,21.064847653930244
ec2_cpu_utilization_53ea38:2955:2971,0,rolling_32@0.99,2.816986784805916,21.064847653930244
ec2_cpu_utilization_53ea38:2963:2979,0,rolling_32@0.99,4.135694343286982,21.064847653930244
ec2_cpu_utilization_53ea38:2971:2987,0,rolling_32@0.99,4.135694343286982,21.064847653930244
ec2_cpu_utilization_53ea38:2979:2995,0,rolling_32@0.99,3.1701089817092254,21.064847653930244
ec2_cpu_utilization_53ea38:2987:3003,0,rolling_32@0.99,3.7434293434899684,21.064847653930244
ec2_cpu_utilization_53ea38:2995:3011,0,rolling_32@0.99,3.8629966016669237,21.064847653930244
ec2_cpu_utilization_53ea38:3003:3019,0,rolling_32@0.99,3.8629966016669237,21.064847653930244
ec2_cpu_utilization_53ea38:3011:3027,0,rolling_32@0.99,2.7308685657447147,21.064847653930244
ec2_cpu_utilization_53ea38:3019:3035,0,rolling_32@0.99,2.448922646264527,21.064847653930244
ec2_cpu_utilization_53ea38:3027:3043,0,rolling_32@0.99,9.826404393006708,21.064847653930244
ec2_cpu_utilization_53ea38:3035:3051,0,rolling_32@0.99,9.826404393006708,21.064847653930244
ec2_cpu_utilization_53ea38:3043:3059,0,rolling_32@0.99,3.1354714385628193,21.064847653930244
ec2_cpu_utilization_53ea38:3051:3067,0,rolling_32@0.99,5.436803786819535,21.064847653930244
ec2_cpu_utilization_53ea38:3059:3075,0,rolling_32@0.99,5.436803786819535,21.064847653930244
ec2_cpu_utilization_53ea38:3067:3083,0,rolling_32@0.99,3.9675960414448603,21.064847653930244
ec2_cpu_utilization_53ea38:3075:3091,0,rolling_32@0.99,6.467179513766094,21.064847653930244
ec2_cpu_utilization_53ea38:3083:3099,0,rolling_32@0.99,6.467179513766094,21.064847653930244
ec2_cpu_utilization_53ea38:3091:3107,0,rolling_32@0.99,6.282405158940236,21.064847653930244
ec2_cpu_utilization_53ea38:3099:3115,0,rolling_32@0.99,3.727456673835067,21.064847653930244
ec2_cpu_utilization_53ea38:3107:3123,0,rolling_32@0.99,3.9675960414448603,21.064847653930244
ec2_cpu_utilization_53ea38:3115:3131,0,rolling_32@0.99,4.602420611620309,21.064847653930244
ec2_cpu_utilization_53ea38:3123:3139,0,rolling_32@0.99,4.602420611620309,21.064847653930244
ec2_cpu_utilization_53ea38:3131:3147,0,rolling_32@0.99,4.483389352778691,21.064847653930244
ec2_cpu_utilization_53ea38:3139:3155,0,rolling_32@0.99,4.483389352778691,21.064847653930244
ec2_cpu_utilization_53ea38:3147:3163,0,rolling_32@0.99,3.083390923643917,21.064847653930244
ec2_cpu_utilization_53ea38:3155:3171,0,rolling_32@0.99,3.196498470252105,21.064847653930244
ec2_cpu_utilization_53ea38:3163:3179,0,rolling_32@0.99,3.196498470252105,21.064847653930244
ec2_cpu_utilization_53ea38:3171:3187,0,rolling_32@0.99,3.028029234932179,21.064847653930244
ec2_cpu_utilization_53ea38:3179:3195,0,rolling_32@0.99,3.1715456601667644,21.064847653930244
ec2_cpu_utilization_53ea38:3187:3203,0,rolling_32@0.99,3.93452868578445,21.064847653930244
ec2_cpu_utilization_53ea38:3195:3211,0,rolling_32@0.99,4.308036833721802,21.064847653930244
ec2_cpu_utilization_53ea38:3203:3219,0,rolling_32@0.99,4.308036833721802,21.064847653930244
ec2_cpu_utilization_53ea38:2419:2435,0,rolling_64@0.95,24.741040220851527,16.800925729342076
ec2_cpu_utilization_53ea38:2427:2443,0,rolling_64@0.95,23.32147897756899,16.800925729342076
ec2_cpu_utilization_53ea38:2435:2451,0,rolling_64@0.95,23.929845099626295,16.800925729342076
ec2_cpu_utilization_53ea38:2443:2459,0,rolling_64@0.95,86.3908299051294,16.800925729342076
ec2_cpu_utilization_53ea38:2451:2467,0,rolling_64@0.95,86.3908299051294,16.800925729342076
ec2_cpu_utilization_53ea38:2459:2475,0,rolling_64@0.95,7.310590445666526,16.800925729342076
ec2_cpu_utilization_53ea38:2467:2483,0,rolling_64@0.95,7.310590445666526,16.800925729342076
ec2_cpu_utilization_53ea38:2475:2491,0,rolling_64@0.95,2.8368306257127536,16.800925729342076
ec2_cpu_utilization_53ea38:2483:2499,0,rolling_64@0.95,2.5789412385651973,16.800925729342076
ec2_cpu_utilization_53ea38:2491:2507,0,rolling_64@0.95,2.883446514285649,16.800925729342076
ec2_cpu_utilization_53ea38:2499:2515,0,rolling_64@0.95,3.9149806834317733,16.800925729342076
ec2_cpu_utilization_53ea38:2507:2523,0,rolling_64@0.95,5.662164437805506,16.800925729342076
ec2_cpu_utilization_53ea38:2515:2531,0,rolling_64@0.95,5.662164437805506,16.800925729342076
ec2_cpu_utilization_53ea38:2523:2539,0,rolling_64@0.95,2.9997067602135155,16.800925729342076
ec2_cpu_utilization_53ea38:2531:2547,0,rolling_64@0.95,2.8963398908503004,16.800925729342076
ec2_cpu_utilization_53ea38:2539:2555,0,rolling_64@0.95,2.751213756137464,16.800925729342076
ec2_cpu_utilization_53ea38:2547:2563,1,rolling_64@0.95,3.6347545185755035,16.800925729342076
ec2_cpu_utilization_53ea38:2555:2571,1,rolling_64@0.95,3.6347545185755035,16.800925729342076
ec2_cpu_utilization_53ea38:2563:2579,1,rolling_64@0.95,5.081160058473985,16.800925729342076
ec2_cpu_utilization_53ea38:2571:2587,1,rolling_64@0.95,5.081160058473985,16.800925729342076
ec2_cpu_utilization_53ea38:2579:2595,1,rolling_64@0.95,5.157882477130395,16.800925729342076
ec2_cpu_utilization_53ea38:2587:2603,1,rolling_64@0.95,5.157882477130395,16.800925729342076
ec2_cpu_utilization_53ea38:2595:2611,1,rolling_64@0.95,3.1740833435226343,16.800925729342076
ec2_cpu_utilization_53ea38:2603:2619,1,rolling_64@0.95,3.9676029969657387,16.800925729342076
ec2_cpu_utilization_53ea38:2611:2627,1,rolling_64@0.95,5.470878675661085,16.800925729342076
ec2_cpu_utilization_53ea38:2619:2635,1,rolling_64@0.95,5.470878675661085,16.800925729342076
ec2_cpu_utilization_53ea38:2627:2643,1,rolling_64@0.95,3.412132784832257,16.800925729342076
ec2_cpu_utilization_53ea38:2635:2651,1,rolling_64@0.95,3.412132784832257,16.800925729342076
ec2_cpu_utilization_53ea38:2643:2659,1,rolling_64@0.95,3.7692230836049623,16.800925729342076
ec2_cpu_utilization_53ea38:2651:2667,1,rolling_64@0.95,4.2641576263198795,16.800925729342076
ec2_cpu_utilization_53ea38:2659:2675,1,rolling_64@0.95,5.345593971584961,16.800925729342076
ec2_cpu_utilization_53ea38:2667:2683,1,rolling_64@0.95,5.345593971584961,16.800925729342076
ec2_cpu_utilization_53ea38:2675:2691,1,rolling_64@0.95,2.360718495726427,16.800925729342076
ec2_cpu_utilization_53ea38:2683:2699,1,rolling_64@0.95,2.175562953348987,16.800925729342076
ec2_cpu_utilization_53ea38:2691:2707,1,rolling_64@0.95,2.0157191498971847,16.800925729342076
ec2_cpu_utilization_53ea38:2699:2715,1,rolling_64@0.95,1.8528177739631624,16.800925729342076
ec2_cpu_utilization_53ea38:2707:2723,1,rolling_64@0.95,1.0889368596145728,16.800925729342076
ec2_cpu_utilization_53ea38:2715:2731,1,rolling_64@0.95,1.789462132343145,16.800925729342076
ec2_cpu_utilization_53ea38:2723:2739,1,rolling_64@0.95,1.789462132343145,16.800925729342076
ec2_cpu_utilization_53ea38:2731:2747,1,rolling_64@0.95,2.360718249385824,16.800925729342076
ec2_cpu_utilization_53ea38:2739:2755,1,rolling_64@0.95,8.08334782034068,16.800925729342076
ec2_cpu_utilization_53ea38:2747:2763,1,rolling_64@0.95,8.08334782034068,16.800925729342076
ec2_cpu_utilization_53ea38:2755:2771,1,rolling_64@0.95,3.5144432769250784,16.800925729342076
ec2_cpu_utilization_53ea38:2763:2779,0,rolling_64@0.95,3.5144432769250784,16.800925729342076
ec2_cpu_utilization_53ea38:2771:2787,0,rolling_64@0.95,3.230447390401244,16.800925729342076
ec2_cpu_utilization_53ea38:2779:2795,0,rolling_64@0.95,3.230447390401244,16.800925729342076
ec2_cpu_utilization_53ea38:2787:2803,0,rolling_64@0.95,2.386654059789037,16.800925729342076
ec2_cpu_utilization_53ea38:2795:2811,0,rolling_64@0.95,2.900305240411778,16.800925729342076
ec2_cpu_utilization_53ea38:2803:2819,0,rolling_64@0.95,2.900305240411778,16.800925729342076
ec2_cpu_utilization_53ea38:2811:2827,0,rolling_64@0.95,2.4212465013116398,16.800925729342076
ec2_cpu_utilization_53ea38:2819:2835,0,rolling_64@0.95,4.165982910326514,16.800925729342076
ec2_cpu_utilization_53ea38:2827:2843,0,rolling_64@0.95,4.165982910326514,16.800925729342076
ec2_cpu_utilization_53ea38:2835:2851,0,rolling_64@0.95,3.5547552340883226,16.800925729342076
ec2_cpu_utilization_53ea38:2843:2859,0,rolling_64@0.95,5.588642315985556,16.800925729342076
ec2_cpu_utilization_53ea38:2851:2867,0,rolling_64@0.95,5.588642315985556,16.800925729342076
ec2_cpu_utilization_53ea38:2859:2875,0,rolling_64@0.95,2.9896353050106734,16.800925729342076
ec2_cpu_utilization_53ea38:2867:2883,0,rolling_64@0.95,2.797155185569917,16.800925729342076
ec2_cpu_utilization_53ea38:2875:2891,0,rolling_64@0.95,2.797155185569917,16.800925729342076
ec2_cpu_utilization_53ea38:2883:2899,0,rolling_64@0.95,4.011445488663243,16.800925729342076
ec2_cpu_utilization_53ea38:2891:2907,0,rolling_64@0.95,4.011445488663243,16.800925729342076
ec2_cpu_utilization_53ea38:2899:2915,0,rolling_64@0.95,4.579439043550855,16.800925729342076
ec2_cpu_utilization_53ea38:2907:2923,0,rolling_64@0.95,4.579439043550855,16.800925729342076
ec2_cpu_utilization_53ea38:2915:2931,0,rolling_64@0.95,2.664240912101779,16.800925729342076
ec2_cpu_utilization_53ea38:2923:2939,0,rolling_64@0.95,3.562693194917924,16.800925729342076
ec2_cpu_utilization_53ea38:2931:2947,0,rolling_64@0.95,3.562693194917924,16.800925729342076
ec2_cpu_utilization_53ea38:2939:2955,0,rolling_64@0.95,2.4821285678543803,16.800925729342076
ec2_cpu_utilization_53ea38:2947:2963,0,rolling_64@0.95,2.4821285678543803,16.800925729342076
ec2_cpu_utilization_53ea38:2955:2971,0,rolling_64@0.95,2.533894663919341,16.800925729342076
ec2_cpu_utilization_53ea38:2963:2979,0,rolling_64@0.95,4.402923309375478,16.800925729342076
ec2_cpu_utilization_53ea38:2971:2987,0,rolling_64@0.95,4.402923309375478,16.800925729342076
ec2_cpu_utilization_53ea38:2979:2995,0,rolling_64@0.95,2.436421417671694,16.800925729342076
ec2_cpu_utilization_53ea38:2987:3003,0,rolling_64@0.95,2.436421417671694,16.800925729342076
ec2_cpu_utilization_53ea38:2995:3011,0,rolling_64@0.95,3.6850268951406955,16.800925729342076
ec2_cpu_utilization_53ea38:3003:3019,0,rolling_64@0.95,3.6850268951406955,16.800925729342076
ec2_cpu_utilization_53ea38:3011:3027,0,rolling_64@0.95,4.175425186313942,16.800925729342076
ec2_cpu_utilization_53ea38:3019:3035,0,rolling_64@0.95,4.175425186313942,16.800925729342076
ec2_cpu_utilization_53ea38:3027:3043,0,rolling_64@0.95,8.270806429841105,16.800925729342076
ec2_cpu_utilization_53ea38:3035:3051,0,rolling_64@0.95,8.270806429841105,16.800925729342076
ec2_cpu_utilization_53ea38:3043:3059,0,rolling_64@0.95,1.9785068085048423,16.800925729342076
ec2_cpu_utilization_53ea38:3051:3067,0,rolling_64@0.95,3.1239574987598924,16.800925729342076
ec2_cpu_utilization_53ea38:3059:3075,0,rolling_64@0.95,3.297509138837206,16.800925729342076
ec2_cpu_utilization_53ea38:3067:3083,0,rolling_64@0.95,3.297509138837206,16.800925729342076
ec2_cpu_utilization_53ea38:3075:3091,0,rolling_64@0.95,5.83343230334587,16.800925729342076
ec2_cpu_utilization_53ea38:3083:3099,0,rolling_64@0.95,6.407665171116358,16.800925729342076
ec2_cpu_utilization_53ea38:3091:3107,0,rolling_64@0.95,6.407665171116358,16.800925729342076
ec2_cpu_utilization_53ea38:3099:3115,0,rolling_64@0.95,4.046949151467624,16.800925729342076
ec2_cpu_utilization_53ea38:3107:3123,0,rolling_64@0.95,3.967589085948369,16.800925729342076
ec2_cpu_utilization_53ea38:3115:3131,0,rolling_64@0.95,4.60240447483618,16.800925729342076
ec2_cpu_utilization_53ea38:3123:3139,0,rolling_64@0.95,4.60240447483618,16.800925729342076
ec2_cpu_utilization_53ea38:3131:3147,0,rolling_64@0.95,4.443698262747411,16.800925729342076
ec2_cpu_utilization_53ea38:3139:3155,0,rolling_64@0.95,4.443698262747411,16.800925729342076
ec2_cpu_utilization_53ea38:3147:3163,0,rolling_64@0.95,3.967589085948369,16.800925729342076
ec2_cpu_utilization_53ea38:3155:3171,0,rolling_64@0.95,4.6420774805581475,16.800925729342076
ec2_cpu_utilization_53ea38:3163:3179,0,rolling_64@0.95,4.6420774805581475,16.800925729342076
ec2_cpu_utilization_53ea38:3171:3187,0,rolling_64@0.95,4.496618464144081,16.800925729342076
ec2_cpu_utilization_53ea38:3179:3195,0,rolling_64@0.95,4.496618464144081,16.800925729342076
ec2_cpu_utilization_53ea38:3187:3203,0,rolling_64@0.95,4.2110156325817,16.800925729342076
ec2_cpu_utilization_53ea38:3195:3211,0,rolling_64@0.95,3.9719944386898414,16.800925729342076
ec2_cpu_utilization_53ea38:3203:3219,0,rolling_64@0.95,3.6094325147605133,16.800925729342076
ec2_cpu_utilization_53ea38:2419:2435,0,rolling_64@0.975,24.741040220851527,20.076746842846656
ec2_cpu_utilization_53ea38:2427:2443,0,rolling_64@0.975,23.32147897756899,20.076746842846656
ec2_cpu_utilization_53ea38:2435:2451,0,rolling_64@0.975,23.929845099626295,20.076746842846656
ec2_cpu_utilization_53ea38:2443:2459,0,rolling_64@0.975,86.3908299051294,20.076746842846656
ec2_cpu_utilization_53ea38:2451:2467,0,rolling_64@0.975,86.3908299051294,20.076746842846656
ec2_cpu_utilization_53ea38:2459:2475,0,rolling_64@0.975,7.310590445666526,20.076746842846656
ec2_cpu_utilization_53ea38:2467:2483,0,rolling_64@0.975,7.310590445666526,20.076746842846656
ec2_cpu_utilization_53ea38:2475:2491,0,rolling_64@0.975,2.8368306257127536,20.076746842846656
ec2_cpu_utilization_53ea38:2483:2499,0,rolling_64@0.975,2.5789412385651973,20.076746842846656
ec2_cpu_utilization_53ea38:2491:2507,0,rolling_64@0.975,2.883446514285649,20.076746842846656
ec2_cpu_utilization_53ea38:2499:2515,0,rolling_64@0.975,3.9149806834317733,20.076746842846656
ec2_cpu_utilization_53ea38:2507:2523,0,rolling_64@0.975,5.662164437805506,20.076746842846656
ec2_cpu_utilization_53ea38:2515:2531,0,rolling_64@0.975,5.662164437805506,20.076746842846656
ec2_cpu_utilization_53ea38:2523:2539,0,rolling_64@0.975,2.9997067602135155,20.076746842846656
ec2_cpu_utilization_53ea38:2531:2547,0,rolling_64@0.975,2.8963398908503004,20.076746842846656
ec2_cpu_utilization_53ea38:2539:2555,0,rolling_64@0.975,2.751213756137464,20.076746842846656
ec2_cpu_utilization_53ea38:2547:2563,1,rolling_64@0.975,3.6347545185755035,20.076746842846656
ec2_cpu_utilization_53ea38:2555:2571,1,rolling_64@0.975,3.6347545185755035,20.076746842846656
ec2_cpu_utilization_53ea38:2563:2579,1,rolling_64@0.975,5.081160058473985,20.076746842846656
ec2_cpu_utilization_53ea38:2571:2587,1,rolling_64@0.975,5.081160058473985,20.076746842846656
ec2_cpu_utilization_53ea38:2579:2595,1,rolling_64@0.975,5.157882477130395,20.076746842846656
ec2_cpu_utilization_53ea38:2587:2603,1,rolling_64@0.975,5.157882477130395,20.076746842846656
ec2_cpu_utilization_53ea38:2595:2611,1,rolling_64@0.975,3.1740833435226343,20.076746842846656
ec2_cpu_utilization_53ea38:2603:2619,1,rolling_64@0.975,3.9676029969657387,20.076746842846656
ec2_cpu_utilization_53ea38:2611:2627,1,rolling_64@0.975,5.470878675661085,20.076746842846656
ec2_cpu_utilization_53ea38:2619:2635,1,rolling_64@0.975,5.470878675661085,20.076746842846656
ec2_cpu_utilization_53ea38:2627:2643,1,rolling_64@0.975,3.412132784832257,20.076746842846656
ec2_cpu_utilization_53ea38:2635:2651,1,rolling_64@0.975,3.412132784832257,20.076746842846656
ec2_cpu_utilization_53ea38:2643:2659,1,rolling_64@0.975,3.7692230836049623,20.076746842846656
ec2_cpu_utilization_53ea38:2651:2667,1,rolling_64@0.975,4.2641576263198795,20.076746842846656
ec2_cpu_utilization_53ea38:2659:2675,1,rolling_64@0.975,5.345593971584961,20.076746842846656
ec2_cpu_utilization_53ea38:2667:2683,1,rolling_64@0.975,5.345593971584961,20.076746842846656
ec2_cpu_utilization_53ea38:2675:2691,1,rolling_64@0.975,2.360718495726427,20.076746842846656
ec2_cpu_utilization_53ea38:2683:2699,1,rolling_64@0.975,2.175562953348987,20.076746842846656
ec2_cpu_utilization_53ea38:2691:2707,1,rolling_64@0.975,2.0157191498971847,20.076746842846656
ec2_cpu_utilization_53ea38:2699:2715,1,rolling_64@0.975,1.8528177739631624,20.076746842846656
ec2_cpu_utilization_53ea38:2707:2723,1,rolling_64@0.975,1.0889368596145728,20.076746842846656
ec2_cpu_utilization_53ea38:2715:2731,1,rolling_64@0.975,1.789462132343145,20.076746842846656
ec2_cpu_utilization_53ea38:2723:2739,1,rolling_64@0.975,1.789462132343145,20.076746842846656
ec2_cpu_utilization_53ea38:2731:2747,1,rolling_64@0.975,2.360718249385824,20.076746842846656
ec2_cpu_utilization_53ea38:2739:2755,1,rolling_64@0.975,8.08334782034068,20.076746842846656
ec2_cpu_utilization_53ea38:2747:2763,1,rolling_64@0.975,8.08334782034068,20.076746842846656
ec2_cpu_utilization_53ea38:2755:2771,1,rolling_64@0.975,3.5144432769250784,20.076746842846656
ec2_cpu_utilization_53ea38:2763:2779,0,rolling_64@0.975,3.5144432769250784,20.076746842846656
ec2_cpu_utilization_53ea38:2771:2787,0,rolling_64@0.975,3.230447390401244,20.076746842846656
ec2_cpu_utilization_53ea38:2779:2795,0,rolling_64@0.975,3.230447390401244,20.076746842846656
ec2_cpu_utilization_53ea38:2787:2803,0,rolling_64@0.975,2.386654059789037,20.076746842846656
ec2_cpu_utilization_53ea38:2795:2811,0,rolling_64@0.975,2.900305240411778,20.076746842846656
ec2_cpu_utilization_53ea38:2803:2819,0,rolling_64@0.975,2.900305240411778,20.076746842846656
ec2_cpu_utilization_53ea38:2811:2827,0,rolling_64@0.975,2.4212465013116398,20.076746842846656
ec2_cpu_utilization_53ea38:2819:2835,0,rolling_64@0.975,4.165982910326514,20.076746842846656
ec2_cpu_utilization_53ea38:2827:2843,0,rolling_64@0.975,4.165982910326514,20.076746842846656
ec2_cpu_utilization_53ea38:2835:2851,0,rolling_64@0.975,3.5547552340883226,20.076746842846656
ec2_cpu_utilization_53ea38:2843:2859,0,rolling_64@0.975,5.588642315985556,20.076746842846656
ec2_cpu_utilization_53ea38:2851:2867,0,rolling_64@0.975,5.588642315985556,20.076746842846656
ec2_cpu_utilization_53ea38:2859:2875,0,rolling_64@0.975,2.9896353050106734,20.076746842846656
ec2_cpu_utilization_53ea38:2867:2883,0,rolling_64@0.975,2.797155185569917,20.076746842846656
ec2_cpu_utilization_53ea38:2875:2891,0,rolling_64@0.975,2.797155185569917,20.076746842846656
ec2_cpu_utilization_53ea38:2883:2899,0,rolling_64@0.975,4.011445488663243,20.076746842846656
ec2_cpu_utilization_53ea38:2891:2907,0,rolling_64@0.975,4.011445488663243,20.076746842846656
ec2_cpu_utilization_53ea38:2899:2915,0,rolling_64@0.975,4.579439043550855,20.076746842846656
ec2_cpu_utilization_53ea38:2907:2923,0,rolling_64@0.975,4.579439043550855,20.076746842846656
ec2_cpu_utilization_53ea38:2915:2931,0,rolling_64@0.975,2.664240912101779,20.076746842846656
ec2_cpu_utilization_53ea38:2923:2939,0,rolling_64@0.975,3.562693194917924,20.076746842846656
ec2_cpu_utilization_53ea38:2931:2947,0,rolling_64@0.975,3.562693194917924,20.076746842846656
ec2_cpu_utilization_53ea38:2939:2955,0,rolling_64@0.975,2.4821285678543803,20.076746842846656
ec2_cpu_utilization_53ea38:2947:2963,0,rolling_64@0.975,2.4821285678543803,20.076746842846656
ec2_cpu_utilization_53ea38:2955:2971,0,rolling_64@0.975,2.533894663919341,20.076746842846656
ec2_cpu_utilization_53ea38:2963:2979,0,rolling_64@0.975,4.402923309375478,20.076746842846656
ec2_cpu_utilization_53ea38:2971:2987,0,rolling_64@0.975,4.402923309375478,20.076746842846656
ec2_cpu_utilization_53ea38:2979:2995,0,rolling_64@0.975,2.436421417671694,20.076746842846656
ec2_cpu_utilization_53ea38:2987:3003,0,rolling_64@0.975,2.436421417671694,20.076746842846656
ec2_cpu_utilization_53ea38:2995:3011,0,rolling_64@0.975,3.6850268951406955,20.076746842846656
ec2_cpu_utilization_53ea38:3003:3019,0,rolling_64@0.975,3.6850268951406955,20.076746842846656
ec2_cpu_utilization_53ea38:3011:3027,0,rolling_64@0.975,4.175425186313942,20.076746842846656
ec2_cpu_utilization_53ea38:3019:3035,0,rolling_64@0.975,4.175425186313942,20.076746842846656
ec2_cpu_utilization_53ea38:3027:3043,0,rolling_64@0.975,8.270806429841105,20.076746842846656
ec2_cpu_utilization_53ea38:3035:3051,0,rolling_64@0.975,8.270806429841105,20.076746842846656
ec2_cpu_utilization_53ea38:3043:3059,0,rolling_64@0.975,1.9785068085048423,20.076746842846656
ec2_cpu_utilization_53ea38:3051:3067,0,rolling_64@0.975,3.1239574987598924,20.076746842846656
ec2_cpu_utilization_53ea38:3059:3075,0,rolling_64@0.975,3.297509138837206,20.076746842846656
ec2_cpu_utilization_53ea38:3067:3083,0,rolling_64@0.975,3.297509138837206,20.076746842846656
ec2_cpu_utilization_53ea38:3075:3091,0,rolling_64@0.975,5.83343230334587,20.076746842846656
ec2_cpu_utilization_53ea38:3083:3099,0,rolling_64@0.975,6.407665171116358,20.076746842846656
ec2_cpu_utilization_53ea38:3091:3107,0,rolling_64@0.975,6.407665171116358,20.076746842846656
ec2_cpu_utilization_53ea38:3099:3115,0,rolling_64@0.975,4.046949151467624,20.076746842846656
ec2_cpu_utilization_53ea38:3107:3123,0,rolling_64@0.975,3.967589085948369,20.076746842846656
ec2_cpu_utilization_53ea38:3115:3131,0,rolling_64@0.975,4.60240447483618,20.076746842846656
ec2_cpu_utilization_53ea38:3123:3139,0,rolling_64@0.975,4.60240447483618,20.076746842846656
ec2_cpu_utilization_53ea38:3131:3147,0,rolling_64@0.975,4.443698262747411,20.076746842846656
ec2_cpu_utilization_53ea38:3139:3155,0,rolling_64@0.975,4.443698262747411,20.076746842846656
ec2_cpu_utilization_53ea38:3147:3163,0,rolling_64@0.975,3.967589085948369,20.076746842846656
ec2_cpu_utilization_53ea38:3155:3171,0,rolling_64@0.975,4.6420774805581475,20.076746842846656
ec2_cpu_utilization_53ea38:3163:3179,0,rolling_64@0.975,4.6420774805581475,20.076746842846656
ec2_cpu_utilization_53ea38:3171:3187,0,rolling_64@0.975,4.496618464144081,20.076746842846656
ec2_cpu_utilization_53ea38:3179:3195,0,rolling_64@0.975,4.496618464144081,20.076746842846656
ec2_cpu_utilization_53ea38:3187:3203,0,rolling_64@0.975,4.2110156325817,20.076746842846656
ec2_cpu_utilization_53ea38:3195:3211,0,rolling_64@0.975,3.9719944386898414,20.076746842846656
ec2_cpu_utilization_53ea38:3203:3219,0,rolling_64@0.975,3.6094325147605133,20.076746842846656
ec2_cpu_utilization_53ea38:2419:2435,0,rolling_64@0.99,24.741040220851527,20.482332315914626
ec2_cpu_utilization_53ea38:2427:2443,0,rolling_64@0.99,23.32147897756899,20.482332315914626
ec2_cpu_utilization_53ea38:2435:2451,0,rolling_64@0.99,23.929845099626295,20.482332315914626
ec2_cpu_utilization_53ea38:2443:2459,0,rolling_64@0.99,86.3908299051294,20.482332315914626
ec2_cpu_utilization_53ea38:2451:2467,0,rolling_64@0.99,86.3908299051294,20.482332315914626
ec2_cpu_utilization_53ea38:2459:2475,0,rolling_64@0.99,7.310590445666526,20.482332315914626
ec2_cpu_utilization_53ea38:2467:2483,0,rolling_64@0.99,7.310590445666526,20.482332315914626
ec2_cpu_utilization_53ea38:2475:2491,0,rolling_64@0.99,2.8368306257127536,20.482332315914626
ec2_cpu_utilization_53ea38:2483:2499,0,rolling_64@0.99,2.5789412385651973,20.482332315914626
ec2_cpu_utilization_53ea38:2491:2507,0,rolling_64@0.99,2.883446514285649,20.482332315914626
ec2_cpu_utilization_53ea38:2499:2515,0,rolling_64@0.99,3.9149806834317733,20.482332315914626
ec2_cpu_utilization_53ea38:2507:2523,0,rolling_64@0.99,5.662164437805506,20.482332315914626
ec2_cpu_utilization_53ea38:2515:2531,0,rolling_64@0.99,5.662164437805506,20.482332315914626
ec2_cpu_utilization_53ea38:2523:2539,0,rolling_64@0.99,2.9997067602135155,20.482332315914626
ec2_cpu_utilization_53ea38:2531:2547,0,rolling_64@0.99,2.8963398908503004,20.482332315914626
ec2_cpu_utilization_53ea38:2539:2555,0,rolling_64@0.99,2.751213756137464,20.482332315914626
ec2_cpu_utilization_53ea38:2547:2563,1,rolling_64@0.99,3.6347545185755035,20.482332315914626
ec2_cpu_utilization_53ea38:2555:2571,1,rolling_64@0.99,3.6347545185755035,20.482332315914626
ec2_cpu_utilization_53ea38:2563:2579,1,rolling_64@0.99,5.081160058473985,20.482332315914626
ec2_cpu_utilization_53ea38:2571:2587,1,rolling_64@0.99,5.081160058473985,20.482332315914626
ec2_cpu_utilization_53ea38:2579:2595,1,rolling_64@0.99,5.157882477130395,20.482332315914626
ec2_cpu_utilization_53ea38:2587:2603,1,rolling_64@0.99,5.157882477130395,20.482332315914626
ec2_cpu_utilization_53ea38:2595:2611,1,rolling_64@0.99,3.1740833435226343,20.482332315914626
ec2_cpu_utilization_53ea38:2603:2619,1,rolling_64@0.99,3.9676029969657387,20.482332315914626
ec2_cpu_utilization_53ea38:2611:2627,1,rolling_64@0.99,5.470878675661085,20.482332315914626
ec2_cpu_utilization_53ea38:2619:2635,1,rolling_64@0.99,5.470878675661085,20.482332315914626
ec2_cpu_utilization_53ea38:2627:2643,1,rolling_64@0.99,3.412132784832257,20.482332315914626
ec2_cpu_utilization_53ea38:2635:2651,1,rolling_64@0.99,3.412132784832257,20.482332315914626
ec2_cpu_utilization_53ea38:2643:2659,1,rolling_64@0.99,3.7692230836049623,20.482332315914626
ec2_cpu_utilization_53ea38:2651:2667,1,rolling_64@0.99,4.2641576263198795,20.482332315914626
ec2_cpu_utilization_53ea38:2659:2675,1,rolling_64@0.99,5.345593971584961,20.482332315914626
ec2_cpu_utilization_53ea38:2667:2683,1,rolling_64@0.99,5.345593971584961,20.482332315914626
ec2_cpu_utilization_53ea38:2675:2691,1,rolling_64@0.99,2.360718495726427,20.482332315914626
ec2_cpu_utilization_53ea38:2683:2699,1,rolling_64@0.99,2.175562953348987,20.482332315914626
ec2_cpu_utilization_53ea38:2691:2707,1,rolling_64@0.99,2.0157191498971847,20.482332315914626
ec2_cpu_utilization_53ea38:2699:2715,1,rolling_64@0.99,1.8528177739631624,20.482332315914626
ec2_cpu_utilization_53ea38:2707:2723,1,rolling_64@0.99,1.0889368596145728,20.482332315914626
ec2_cpu_utilization_53ea38:2715:2731,1,rolling_64@0.99,1.789462132343145,20.482332315914626
ec2_cpu_utilization_53ea38:2723:2739,1,rolling_64@0.99,1.789462132343145,20.482332315914626
ec2_cpu_utilization_53ea38:2731:2747,1,rolling_64@0.99,2.360718249385824,20.482332315914626
ec2_cpu_utilization_53ea38:2739:2755,1,rolling_64@0.99,8.08334782034068,20.482332315914626
ec2_cpu_utilization_53ea38:2747:2763,1,rolling_64@0.99,8.08334782034068,20.482332315914626
ec2_cpu_utilization_53ea38:2755:2771,1,rolling_64@0.99,3.5144432769250784,20.482332315914626
ec2_cpu_utilization_53ea38:2763:2779,0,rolling_64@0.99,3.5144432769250784,20.482332315914626
ec2_cpu_utilization_53ea38:2771:2787,0,rolling_64@0.99,3.230447390401244,20.482332315914626
ec2_cpu_utilization_53ea38:2779:2795,0,rolling_64@0.99,3.230447390401244,20.482332315914626
ec2_cpu_utilization_53ea38:2787:2803,0,rolling_64@0.99,2.386654059789037,20.482332315914626
ec2_cpu_utilization_53ea38:2795:2811,0,rolling_64@0.99,2.900305240411778,20.482332315914626
ec2_cpu_utilization_53ea38:2803:2819,0,rolling_64@0.99,2.900305240411778,20.482332315914626
ec2_cpu_utilization_53ea38:2811:2827,0,rolling_64@0.99,2.4212465013116398,20.482332315914626
ec2_cpu_utilization_53ea38:2819:2835,0,rolling_64@0.99,4.165982910326514,20.482332315914626
ec2_cpu_utilization_53ea38:2827:2843,0,rolling_64@0.99,4.165982910326514,20.482332315914626
ec2_cpu_utilization_53ea38:2835:2851,0,rolling_64@0.99,3.5547552340883226,20.482332315914626
ec2_cpu_utilization_53ea38:2843:2859,0,rolling_64@0.99,5.588642315985556,20.482332315914626
ec2_cpu_utilization_53ea38:2851:2867,0,rolling_64@0.99,5.588642315985556,20.482332315914626
ec2_cpu_utilization_53ea38:2859:2875,0,rolling_64@0.99,2.9896353050106734,20.482332315914626
ec2_cpu_utilization_53ea38:2867:2883,0,rolling_64@0.99,2.797155185569917,20.482332315914626
ec2_cpu_utilization_53ea38:2875:2891,0,rolling_64@0.99,2.797155185569917,20.482332315914626
ec2_cpu_utilization_53ea38:2883:2899,0,rolling_64@0.99,4.011445488663243,20.482332315914626
ec2_cpu_utilization_53ea38:2891:2907,0,rolling_64@0.99,4.011445488663243,20.482332315914626
ec2_cpu_utilization_53ea38:2899:2915,0,rolling_64@0.99,4.579439043550855,20.482332315914626
ec2_cpu_utilization_53ea38:2907:2923,0,rolling_64@0.99,4.579439043550855,20.482332315914626
ec2_cpu_utilization_53ea38:2915:2931,0,rolling_64@0.99,2.664240912101779,20.482332315914626
ec2_cpu_utilization_53ea38:2923:2939,0,rolling_64@0.99,3.562693194917924,20.482332315914626
ec2_cpu_utilization_53ea38:2931:2947,0,rolling_64@0.99,3.562693194917924,20.482332315914626
ec2_cpu_utilization_53ea38:2939:2955,0,rolling_64@0.99,2.4821285678543803,20.482332315914626
ec2_cpu_utilization_53ea38:2947:2963,0,rolling_64@0.99,2.4821285678543803,20.482332315914626
ec2_cpu_utilization_53ea38:2955:2971,0,rolling_64@0.99,2.533894663919341,20.482332315914626
ec2_cpu_utilization_53ea38:2963:2979,0,rolling_64@0.99,4.402923309375478,20.482332315914626
ec2_cpu_utilization_53ea38:2971:2987,0,rolling_64@0.99,4.402923309375478,20.482332315914626
ec2_cpu_utilization_53ea38:2979:2995,0,rolling_64@0.99,2.436421417671694,20.482332315914626
ec2_cpu_utilization_53ea38:2987:3003,0,rolling_64@0.99,2.436421417671694,20.482332315914626
ec2_cpu_utilization_53ea38:2995:3011,0,rolling_64@0.99,3.6850268951406955,20.482332315914626
ec2_cpu_utilization_53ea38:3003:3019,0,rolling_64@0.99,3.6850268951406955,20.482332315914626
ec2_cpu_utilization_53ea38:3011:3027,0,rolling_64@0.99,4.175425186313942,20.482332315914626
ec2_cpu_utilization_53ea38:3019:3035,0,rolling_64@0.99,4.175425186313942,20.482332315914626
ec2_cpu_utilization_53ea38:3027:3043,0,rolling_64@0.99,8.270806429841105,20.482332315914626
ec2_cpu_utilization_53ea38:3035:3051,0,rolling_64@0.99,8.270806429841105,20.482332315914626
ec2_cpu_utilization_53ea38:3043:3059,0,rolling_64@0.99,1.9785068085048423,20.482332315914626
ec2_cpu_utilization_53ea38:3051:3067,0,rolling_64@0.99,3.1239574987598924,20.482332315914626
ec2_cpu_utilization_53ea38:3059:3075,0,rolling_64@0.99,3.297509138837206,20.482332315914626
ec2_cpu_utilization_53ea38:3067:3083,0,rolling_64@0.99,3.297509138837206,20.482332315914626
ec2_cpu_utilization_53ea38:3075:3091,0,rolling_64@0.99,5.83343230334587,20.482332315914626
ec2_cpu_utilization_53ea38:3083:3099,0,rolling_64@0.99,6.407665171116358,20.482332315914626
ec2_cpu_utilization_53ea38:3091:3107,0,rolling_64@0.99,6.407665171116358,20.482332315914626
ec2_cpu_utilization_53ea38:3099:3115,0,rolling_64@0.99,4.046949151467624,20.482332315914626
ec2_cpu_utilization_53ea38:3107:3123,0,rolling_64@0.99,3.967589085948369,20.482332315914626
ec2_cpu_utilization_53ea38:3115:3131,0,rolling_64@0.99,4.60240447483618,20.482332315914626
ec2_cpu_utilization_53ea38:3123:3139,0,rolling_64@0.99,4.60240447483618,20.482332315914626
ec2_cpu_utilization_53ea38:3131:3147,0,rolling_64@0.99,4.443698262747411,20.482332315914626
ec2_cpu_utilization_53ea38:3139:3155,0,rolling_64@0.99,4.443698262747411,20.482332315914626
ec2_cpu_utilization_53ea38:3147:3163,0,rolling_64@0.99,3.967589085948369,20.482332315914626
ec2_cpu_utilization_53ea38:3155:3171,0,rolling_64@0.99,4.6420774805581475,20.482332315914626
ec2_cpu_utilization_53ea38:3163:3179,0,rolling_64@0.99,4.6420774805581475,20.482332315914626
ec2_cpu_utilization_53ea38:3171:3187,0,rolling_64@0.99,4.496618464144081,20.482332315914626
ec2_cpu_utilization_53ea38:3179:3195,0,rolling_64@0.99,4.496618464144081,20.482332315914626
ec2_cpu_utilization_53ea38:3187:3203,0,rolling_64@0.99,4.2110156325817,20.482332315914626
ec2_cpu_utilization_53ea38:3195:3211,0,rolling_64@0.99,3.9719944386898414,20.482332315914626
ec2_cpu_utilization_53ea38:3203:3219,0,rolling_64@0.99,3.6094325147605133,20.482332315914626
ec2_cpu_utilization_53ea38:2419:2435,0,rolling_128@0.95,24.741040220851527,20.482332315914626
ec2_cpu_utilization_53ea38:2427:2443,0,rolling_128@0.95,23.32147897756899,20.482332315914626
ec2_cpu_utilization_53ea38:2435:2451,0,rolling_128@0.95,23.929845099626295,20.482332315914626
ec2_cpu_utilization_53ea38:2443:2459,0,rolling_128@0.95,86.3908299051294,20.482332315914626
ec2_cpu_utilization_53ea38:2451:2467,0,rolling_128@0.95,86.3908299051294,20.482332315914626
ec2_cpu_utilization_53ea38:2459:2475,0,rolling_128@0.95,34.272407625850605,20.482332315914626
ec2_cpu_utilization_53ea38:2467:2483,0,rolling_128@0.95,34.272407625850605,20.482332315914626
ec2_cpu_utilization_53ea38:2475:2491,0,rolling_128@0.95,17.643197741804908,20.482332315914626
ec2_cpu_utilization_53ea38:2483:2499,0,rolling_128@0.95,16.426429235056357,20.482332315914626
ec2_cpu_utilization_53ea38:2491:2507,0,rolling_128@0.95,16.426429235056357,20.482332315914626
ec2_cpu_utilization_53ea38:2499:2515,0,rolling_128@0.95,6.609992825770872,20.482332315914626
ec2_cpu_utilization_53ea38:2507:2523,0,rolling_128@0.95,6.863950677983112,20.482332315914626
ec2_cpu_utilization_53ea38:2515:2531,0,rolling_128@0.95,6.863950677983112,20.482332315914626
ec2_cpu_utilization_53ea38:2523:2539,0,rolling_128@0.95,4.00478197455311,20.482332315914626
ec2_cpu_utilization_53ea38:2531:2547,0,rolling_128@0.95,3.590022927550254,20.482332315914626
ec2_cpu_utilization_53ea38:2539:2555,0,rolling_128@0.95,2.5293403480372323,20.482332315914626
ec2_cpu_utilization_53ea38:2547:2563,1,rolling_128@0.95,3.0884591358757616,20.482332315914626
ec2_cpu_utilization_53ea38:2555:2571,1,rolling_128@0.95,3.0884591358757616,20.482332315914626
ec2_cpu_utilization_53ea38:2563:2579,1,rolling_128@0.95,3.701479659059862,20.482332315914626
ec2_cpu_utilization_53ea38:2571:2587,1,rolling_128@0.95,3.701479659059862,20.482332315914626
ec2_cpu_utilization_53ea38:2579:2595,1,rolling_128@0.95,4.283019538902017,20.482332315914626
ec2_cpu_utilization_53ea38:2587:2603,1,rolling_128@0.95,4.283019538902017,20.482332315914626
ec2_cpu_utilization_53ea38:2595:2611,1,rolling_128@0.95,2.596792640210529,20.482332315914626
ec2_cpu_utilization_53ea38:2603:2619,1,rolling_128@0.95,3.271283399687124,20.482332315914626
ec2_cpu_utilization_53ea38:2611:2627,1,rolling_128@0.95,4.85633990068276,20.482332315914626
ec2_cpu_utilization_53ea38:2619:2635,1,rolling_128@0.95,4.85633990068276,20.482332315914626
ec2_cpu_utilization_53ea38:2627:2643,1,rolling_128@0.95,3.271283399687124,20.482332315914626
ec2_cpu_utilization_53ea38:2635:2651,1,rolling_128@0.95,3.0726836008234577,20.482332315914626
ec2_cpu_utilization_53ea38:2643:2659,1,rolling_128@0.95,3.7692230836049623,20.482332315914626
ec2_cpu_utilization_53ea38:2651:2667,1,rolling_128@0.95,7.237103730583197,20.482332315914626
ec2_cpu_utilization_53ea38:2659:2675,1,rolling_128@0.95,8.211192082490754,20.482332315914626
ec2_cpu_utilization_53ea38:2667:2683,1,rolling_128@0.95,8.211192082490754,20.482332315914626
ec2_cpu_utilization_53ea38:2675:2691,1,rolling_128@0.95,4.181846461018133,20.482332315914626
ec2_cpu_utilization_53ea38:2683:2699,1,rolling_128@0.95,3.878320296569503,20.482332315914626
ec2_cpu_utilization_53ea38:2691:2707,1,rolling_128@0.95,1.50719689592574,20.482332315914626
ec2_cpu_utilization_53ea38:2699:2715,1,rolling_128@0.95,1.1966765124504692,20.482332315914626
ec2_cpu_utilization_53ea38:2707:2723,1,rolling_128@0.95,1.2731961520205528,20.482332315914626
ec2_cpu_utilization_53ea38:2715:2731,1,rolling_128@0.95,1.8885736977047225,20.482332315914626
ec2_cpu_utilization_53ea38:2723:2739,1,rolling_128@0.95,2.6269628412605925,20.482332315914626
ec2_cpu_utilization_53ea38:2731:2747,1,rolling_128@0.95,2.6269628412605925,20.482332315914626
ec2_cpu_utilization_53ea38:2739:2755,1,rolling_128@0.95,5.5308215475236,20.482332315914626
ec2_cpu_utilization_53ea38:2747:2763,1,rolling_128@0.95,5.5308215475236,20.482332315914626
ec2_cpu_utilization_53ea38:2755:2771,1,rolling_128@0.95,1.5130468975589386,20.482332315914626
ec2_cpu_utilization_53ea38:2763:2779,0,rolling_128@0.95,1.5130468975589386,20.482332315914626
ec2_cpu_utilization_53ea38:2771:2787,0,rolling_128@0.95,1.4051895010220785,20.482332315914626
ec2_cpu_utilization_53ea38:2779:2795,0,rolling_128@0.95,1.4051895010220785,20.482332315914626
ec2_cpu_utilization_53ea38:2787:2803,0,rolling_128@0.95,1.3093060788103537,20.482332315914626
ec2_cpu_utilization_53ea38:2795:2811,0,rolling_128@0.95,1.7494602110898039,20.482332315914626
ec2_cpu_utilization_53ea38:2803:2819,0,rolling_128@0.95,1.7494602110898039,20.482332315914626
ec2_cpu_utilization_53ea38:2811:2827,0,rolling_128@0.95,2.1960140344767085,20.482332315914626
ec2_cpu_utilization_53ea38:2819:2835,0,rolling_128@0.95,3.1649110425111324,20.482332315914626
ec2_cpu_utilization_53ea38:2827:2843,0,rolling_128@0.95,3.1649110425111324,20.482332315914626
ec2_cpu_utilization_53ea38:2835:2851,0,rolling_128@0.95,3.1700995340673837,20.482332315914626
ec2_cpu_utilization_53ea38:2843:2859,0,rolling_128@0.95,3.9570100732098203,20.482332315914626
ec2_cpu_utilization_53ea38:2851:2867,0,rolling_128@0.95,3.9570100732098203,20.482332315914626
ec2_cpu_utilization_53ea38:2859:2875,0,rolling_128@0.95,2.664240912101779,20.482332315914626
ec2_cpu_utilization_53ea38:2867:2883,0,rolling_128@0.95,2.4792099241398264,20.482332315914626
ec2_cpu_utilization_53ea38:2875:2891,0,rolling_128@0.95,2.4792099241398264,20.482332315914626
ec2_cpu_utilization_53ea38:2883:2899,0,rolling_128@0.95,3.7771514692945702,20.482332315914626
ec2_cpu_utilization_53ea38:2891:2907,0,rolling_128@0.95,3.7771514692945702,20.482332315914626
ec2_cpu_utilization_53ea38:2899:2915,0,rolling_128@0.95,4.579439043550855,20.482332315914626
ec2_cpu_utilization_53ea38:2907:2923,0,rolling_128@0.95,4.579439043550855,20.482332315914626
ec2_cpu_utilization_53ea38:2915:2931,0,rolling_128@0.95,3.035206184157611,20.482332315914626
ec2_cpu_utilization_53ea38:2923:2939,0,rolling_128@0.95,3.925885654715709,20.482332315914626
ec2_cpu_utilization_53ea38:2931:2947,0,rolling_128@0.95,3.925885654715709,20.482332315914626
ec2_cpu_utilization_53ea38:2939:2955,0,rolling_128@0.95,3.64225492551207,20.482332315914626
ec2_cpu_utilization_53ea38:2947:2963,0,rolling_128@0.95,3.64225492551207,20.482332315914626
ec2_cpu_utilization_53ea38:2955:2971,0,rolling_128@0.95,2.1313927296814232,20.482332315914626
ec2_cpu_utilization_53ea38:2963:2979,0,rolling_128@0.95,2.9977357161239486,20.482332315914626
ec2_cpu_utilization_53ea38:2971:2987,0,rolling_128@0.95,2.9977357161239486,20.482332315914626
ec2_cpu_utilization_53ea38:2979:2995,0,rolling_128@0.95,2.0984147034884884,20.482332315914626
ec2_cpu_utilization_53ea38:2987:3003,0,rolling_128@0.95,2.523095890444696,20.482332315914626
ec2_cpu_utilization_53ea38:2995:3011,0,rolling_128@0.95,2.8451256682090573,20.482332315914626
ec2_cpu_utilization_53ea38:3003:3019,0,rolling_128@0.95,2.8451256682090573,20.482332315914626
ec2_cpu_utilization_53ea38:3011:3027,0,rolling_128@0.95,3.7771514692945702,20.482332315914626
ec2_cpu_utilization_53ea38:3019:3035,0,rolling_128@0.95,3.7771514692945702,20.482332315914626
ec2_cpu_utilization_53ea38:3027:3043,0,rolling_128@0.95,8.516863410540058,20.482332315914626
ec2_cpu_utilization_53ea38:3035:3051,0,rolling_128@0.95,8.516863410540058,20.482332315914626
ec2_cpu_utilization_53ea38:3043:3059,0,rolling_128@0.95,2.000605782656643,20.482332315914626
ec2_cpu_utilization_53ea38:3051:3067,0,rolling_128@0.95,3.100291453295674,20.482332315914626
ec2_cpu_utilization_53ea38:3059:3075,0,rolling_128@0.95,3.100291453295674,20.482332315914626
ec2_cpu_utilization_53ea38:3067:3083,0,rolling_128@0.95,3.0598885440803105,20.482332315914626
ec2_cpu_utilization_53ea38:3075:3091,0,rolling_128@0.95,5.3959300960948084,20.482332315914626
ec2_cpu_utilization_53ea38:3083:3099,0,rolling_128@0.95,5.3959300960948084,20.482332315914626
ec2_cpu_utilization_53ea38:3091:3107,0,rolling_128@0.95,5.3959300960948084,20.482332315914626
ec2_cpu_utilization_53ea38:3099:3115,0,rolling_128@0.95,3.276102897397742,20.482332315914626
ec2_cpu_utilization_53ea38:3107:3123,0,rolling_128@0.95,3.1914969276373015,20.482332315914626
ec2_cpu_utilization_53ea38:3115:3131,0,rolling_128@0.95,4.064697264862622,20.482332315914626
ec2_cpu_utilization_53ea38:3123:3139,0,rolling_128@0.95,4.064697264862622,20.482332315914626
ec2_cpu_utilization_53ea38:3131:3147,0,rolling_128@0.95,4.028720715256846,20.482332315914626
ec2_cpu_utilization_53ea38:3139:3155,0,rolling_128@0.95,4.028720715256846,20.482332315914626
ec2_cpu_utilization_53ea38:3147:3163,0,rolling_128@0.95,3.967589085948369,20.482332315914626
ec2_cpu_utilization_53ea38:3155:3171,0,rolling_128@0.95,4.6420774805581475,20.482332315914626
ec2_cpu_utilization_53ea38:3163:3179,0,rolling_128@0.95,4.6420774805581475,20.482332315914626
ec2_cpu_utilization_53ea38:3171:3187,0,rolling_128@0.95,4.625084088161849,20.482332315914626
ec2_cpu_utilization_53ea38:3179:3195,0,rolling_128@0.95,4.625084088161849,20.482332315914626
ec2_cpu_utilization_53ea38:3187:3203,0,rolling_128@0.95,4.800783692646918,20.482332315914626
ec2_cpu_utilization_53ea38:3195:3211,0,rolling_128@0.95,4.800783692646918,20.482332315914626
ec2_cpu_utilization_53ea38:3203:3219,0,rolling_128@0.95,4.4833759982030115,20.482332315914626
ec2_cpu_utilization_53ea38:2419:2435,0,rolling_128@0.975,24.741040220851527,20.685137139993255
ec2_cpu_utilization_53ea38:2427:2443,0,rolling_128@0.975,23.32147897756899,20.685137139993255
ec2_cpu_utilization_53ea38:2435:2451,0,rolling_128@0.975,23.929845099626295,20.685137139993255
ec2_cpu_utilization_53ea38:2443:2459,0,rolling_128@0.975,86.3908299051294,20.685137139993255
ec2_cpu_utilization_53ea38:2451:2467,0,rolling_128@0.975,86.3908299051294,20.685137139993255
ec2_cpu_utilization_53ea38:2459:2475,0,rolling_128@0.975,34.272407625850605,20.685137139993255
ec2_cpu_utilization_53ea38:2467:2483,0,rolling_128@0.975,34.272407625850605,20.685137139993255
ec2_cpu_utilization_53ea38:2475:2491,0,rolling_128@0.975,17.643197741804908,20.685137139993255
ec2_cpu_utilization_53ea38:2483:2499,0,rolling_128@0.975,16.426429235056357,20.685137139993255
ec2_cpu_utilization_53ea38:2491:2507,0,rolling_128@0.975,16.426429235056357,20.685137139993255
ec2_cpu_utilization_53ea38:2499:2515,0,rolling_128@0.975,6.609992825770872,20.685137139993255
ec2_cpu_utilization_53ea38:2507:2523,0,rolling_128@0.975,6.863950677983112,20.685137139993255
ec2_cpu_utilization_53ea38:2515:2531,0,rolling_128@0.975,6.863950677983112,20.685137139993255
ec2_cpu_utilization_53ea38:2523:2539,0,rolling_128@0.975,4.00478197455311,20.685137139993255
ec2_cpu_utilization_53ea38:2531:2547,0,rolling_128@0.975,3.590022927550254,20.685137139993255
ec2_cpu_utilization_53ea38:2539:2555,0,rolling_128@0.975,2.5293403480372323,20.685137139993255
ec2_cpu_utilization_53ea38:2547:2563,1,rolling_128@0.975,3.0884591358757616,20.685137139993255
ec2_cpu_utilization_53ea38:2555:2571,1,rolling_128@0.975,3.0884591358757616,20.685137139993255
ec2_cpu_utilization_53ea38:2563:2579,1,rolling_128@0.975,3.701479659059862,20.685137139993255
ec2_cpu_utilization_53ea38:2571:2587,1,rolling_128@0.975,3.701479659059862,20.685137139993255
ec2_cpu_utilization_53ea38:2579:2595,1,rolling_128@0.975,4.283019538902017,20.685137139993255
ec2_cpu_utilization_53ea38:2587:2603,1,rolling_128@0.975,4.283019538902017,20.685137139993255
ec2_cpu_utilization_53ea38:2595:2611,1,rolling_128@0.975,2.596792640210529,20.685137139993255
ec2_cpu_utilization_53ea38:2603:2619,1,rolling_128@0.975,3.271283399687124,20.685137139993255
ec2_cpu_utilization_53ea38:2611:2627,1,rolling_128@0.975,4.85633990068276,20.685137139993255
ec2_cpu_utilization_53ea38:2619:2635,1,rolling_128@0.975,4.85633990068276,20.685137139993255
ec2_cpu_utilization_53ea38:2627:2643,1,rolling_128@0.975,3.271283399687124,20.685137139993255
ec2_cpu_utilization_53ea38:2635:2651,1,rolling_128@0.975,3.0726836008234577,20.685137139993255
ec2_cpu_utilization_53ea38:2643:2659,1,rolling_128@0.975,3.7692230836049623,20.685137139993255
ec2_cpu_utilization_53ea38:2651:2667,1,rolling_128@0.975,7.237103730583197,20.685137139993255
ec2_cpu_utilization_53ea38:2659:2675,1,rolling_128@0.975,8.211192082490754,20.685137139993255
ec2_cpu_utilization_53ea38:2667:2683,1,rolling_128@0.975,8.211192082490754,20.685137139993255
ec2_cpu_utilization_53ea38:2675:2691,1,rolling_128@0.975,4.181846461018133,20.685137139993255
ec2_cpu_utilization_53ea38:2683:2699,1,rolling_128@0.975,3.878320296569503,20.685137139993255
ec2_cpu_utilization_53ea38:2691:2707,1,rolling_128@0.975,1.50719689592574,20.685137139993255
ec2_cpu_utilization_53ea38:2699:2715,1,rolling_128@0.975,1.1966765124504692,20.685137139993255
ec2_cpu_utilization_53ea38:2707:2723,1,rolling_128@0.975,1.2731961520205528,20.685137139993255
ec2_cpu_utilization_53ea38:2715:2731,1,rolling_128@0.975,1.8885736977047225,20.685137139993255
ec2_cpu_utilization_53ea38:2723:2739,1,rolling_128@0.975,2.6269628412605925,20.685137139993255
ec2_cpu_utilization_53ea38:2731:2747,1,rolling_128@0.975,2.6269628412605925,20.685137139993255
ec2_cpu_utilization_53ea38:2739:2755,1,rolling_128@0.975,5.5308215475236,20.685137139993255
ec2_cpu_utilization_53ea38:2747:2763,1,rolling_128@0.975,5.5308215475236,20.685137139993255
ec2_cpu_utilization_53ea38:2755:2771,1,rolling_128@0.975,1.5130468975589386,20.685137139993255
ec2_cpu_utilization_53ea38:2763:2779,0,rolling_128@0.975,1.5130468975589386,20.685137139993255
ec2_cpu_utilization_53ea38:2771:2787,0,rolling_128@0.975,1.4051895010220785,20.685137139993255
ec2_cpu_utilization_53ea38:2779:2795,0,rolling_128@0.975,1.4051895010220785,20.685137139993255
ec2_cpu_utilization_53ea38:2787:2803,0,rolling_128@0.975,1.3093060788103537,20.685137139993255
ec2_cpu_utilization_53ea38:2795:2811,0,rolling_128@0.975,1.7494602110898039,20.685137139993255
ec2_cpu_utilization_53ea38:2803:2819,0,rolling_128@0.975,1.7494602110898039,20.685137139993255
ec2_cpu_utilization_53ea38:2811:2827,0,rolling_128@0.975,2.1960140344767085,20.685137139993255
ec2_cpu_utilization_53ea38:2819:2835,0,rolling_128@0.975,3.1649110425111324,20.685137139993255
ec2_cpu_utilization_53ea38:2827:2843,0,rolling_128@0.975,3.1649110425111324,20.685137139993255
ec2_cpu_utilization_53ea38:2835:2851,0,rolling_128@0.975,3.1700995340673837,20.685137139993255
ec2_cpu_utilization_53ea38:2843:2859,0,rolling_128@0.975,3.9570100732098203,20.685137139993255
ec2_cpu_utilization_53ea38:2851:2867,0,rolling_128@0.975,3.9570100732098203,20.685137139993255
ec2_cpu_utilization_53ea38:2859:2875,0,rolling_128@0.975,2.664240912101779,20.685137139993255
ec2_cpu_utilization_53ea38:2867:2883,0,rolling_128@0.975,2.4792099241398264,20.685137139993255
ec2_cpu_utilization_53ea38:2875:2891,0,rolling_128@0.975,2.4792099241398264,20.685137139993255
ec2_cpu_utilization_53ea38:2883:2899,0,rolling_128@0.975,3.7771514692945702,20.685137139993255
ec2_cpu_utilization_53ea38:2891:2907,0,rolling_128@0.975,3.7771514692945702,20.685137139993255
ec2_cpu_utilization_53ea38:2899:2915,0,rolling_128@0.975,4.579439043550855,20.685137139993255
ec2_cpu_utilization_53ea38:2907:2923,0,rolling_128@0.975,4.579439043550855,20.685137139993255
ec2_cpu_utilization_53ea38:2915:2931,0,rolling_128@0.975,3.035206184157611,20.685137139993255
ec2_cpu_utilization_53ea38:2923:2939,0,rolling_128@0.975,3.925885654715709,20.685137139993255
ec2_cpu_utilization_53ea38:2931:2947,0,rolling_128@0.975,3.925885654715709,20.685137139993255
ec2_cpu_utilization_53ea38:2939:2955,0,rolling_128@0.975,3.64225492551207,20.685137139993255
ec2_cpu_utilization_53ea38:2947:2963,0,rolling_128@0.975,3.64225492551207,20.685137139993255
ec2_cpu_utilization_53ea38:2955:2971,0,rolling_128@0.975,2.1313927296814232,20.685137139993255
ec2_cpu_utilization_53ea38:2963:2979,0,rolling_128@0.975,2.9977357161239486,20.685137139993255
ec2_cpu_utilization_53ea38:2971:2987,0,rolling_128@0.975,2.9977357161239486,20.685137139993255
ec2_cpu_utilization_53ea38:2979:2995,0,rolling_128@0.975,2.0984147034884884,20.685137139993255
ec2_cpu_utilization_53ea38:2987:3003,0,rolling_128@0.975,2.523095890444696,20.685137139993255
ec2_cpu_utilization_53ea38:2995:3011,0,rolling_128@0.975,2.8451256682090573,20.685137139993255
ec2_cpu_utilization_53ea38:3003:3019,0,rolling_128@0.975,2.8451256682090573,20.685137139993255
ec2_cpu_utilization_53ea38:3011:3027,0,rolling_128@0.975,3.7771514692945702,20.685137139993255
ec2_cpu_utilization_53ea38:3019:3035,0,rolling_128@0.975,3.7771514692945702,20.685137139993255
ec2_cpu_utilization_53ea38:3027:3043,0,rolling_128@0.975,8.516863410540058,20.685137139993255
ec2_cpu_utilization_53ea38:3035:3051,0,rolling_128@0.975,8.516863410540058,20.685137139993255
ec2_cpu_utilization_53ea38:3043:3059,0,rolling_128@0.975,2.000605782656643,20.685137139993255
ec2_cpu_utilization_53ea38:3051:3067,0,rolling_128@0.975,3.100291453295674,20.685137139993255
ec2_cpu_utilization_53ea38:3059:3075,0,rolling_128@0.975,3.100291453295674,20.685137139993255
ec2_cpu_utilization_53ea38:3067:3083,0,rolling_128@0.975,3.0598885440803105,20.685137139993255
ec2_cpu_utilization_53ea38:3075:3091,0,rolling_128@0.975,5.3959300960948084,20.685137139993255
ec2_cpu_utilization_53ea38:3083:3099,0,rolling_128@0.975,5.3959300960948084,20.685137139993255
ec2_cpu_utilization_53ea38:3091:3107,0,rolling_128@0.975,5.3959300960948084,20.685137139993255
ec2_cpu_utilization_53ea38:3099:3115,0,rolling_128@0.975,3.276102897397742,20.685137139993255
ec2_cpu_utilization_53ea38:3107:3123,0,rolling_128@0.975,3.1914969276373015,20.685137139993255
ec2_cpu_utilization_53ea38:3115:3131,0,rolling_128@0.975,4.064697264862622,20.685137139993255
ec2_cpu_utilization_53ea38:3123:3139,0,rolling_128@0.975,4.064697264862622,20.685137139993255
ec2_cpu_utilization_53ea38:3131:3147,0,rolling_128@0.975,4.028720715256846,20.685137139993255
ec2_cpu_utilization_53ea38:3139:3155,0,rolling_128@0.975,4.028720715256846,20.685137139993255
ec2_cpu_utilization_53ea38:3147:3163,0,rolling_128@0.975,3.967589085948369,20.685137139993255
ec2_cpu_utilization_53ea38:3155:3171,0,rolling_128@0.975,4.6420774805581475,20.685137139993255
ec2_cpu_utilization_53ea38:3163:3179,0,rolling_128@0.975,4.6420774805581475,20.685137139993255
ec2_cpu_utilization_53ea38:3171:3187,0,rolling_128@0.975,4.625084088161849,20.685137139993255
ec2_cpu_utilization_53ea38:3179:3195,0,rolling_128@0.975,4.625084088161849,20.685137139993255
ec2_cpu_utilization_53ea38:3187:3203,0,rolling_128@0.975,4.800783692646918,20.685137139993255
ec2_cpu_utilization_53ea38:3195:3211,0,rolling_128@0.975,4.800783692646918,20.685137139993255
ec2_cpu_utilization_53ea38:3203:3219,0,rolling_128@0.975,4.4833759982030115,20.685137139993255
ec2_cpu_utilization_53ea38:2419:2435,0,rolling_128@0.99,24.741040220851527,23.929845099626295
ec2_cpu_utilization_53ea38:2427:2443,0,rolling_128@0.99,23.32147897756899,23.929845099626295
ec2_cpu_utilization_53ea38:2435:2451,0,rolling_128@0.99,23.929845099626295,23.929845099626295
ec2_cpu_utilization_53ea38:2443:2459,0,rolling_128@0.99,86.3908299051294,23.929845099626295
ec2_cpu_utilization_53ea38:2451:2467,0,rolling_128@0.99,86.3908299051294,23.929845099626295
ec2_cpu_utilization_53ea38:2459:2475,0,rolling_128@0.99,34.272407625850605,23.929845099626295
ec2_cpu_utilization_53ea38:2467:2483,0,rolling_128@0.99,34.272407625850605,23.929845099626295
ec2_cpu_utilization_53ea38:2475:2491,0,rolling_128@0.99,17.643197741804908,23.929845099626295
ec2_cpu_utilization_53ea38:2483:2499,0,rolling_128@0.99,16.426429235056357,23.929845099626295
ec2_cpu_utilization_53ea38:2491:2507,0,rolling_128@0.99,16.426429235056357,23.929845099626295
ec2_cpu_utilization_53ea38:2499:2515,0,rolling_128@0.99,6.609992825770872,23.929845099626295
ec2_cpu_utilization_53ea38:2507:2523,0,rolling_128@0.99,6.863950677983112,23.929845099626295
ec2_cpu_utilization_53ea38:2515:2531,0,rolling_128@0.99,6.863950677983112,23.929845099626295
ec2_cpu_utilization_53ea38:2523:2539,0,rolling_128@0.99,4.00478197455311,23.929845099626295
ec2_cpu_utilization_53ea38:2531:2547,0,rolling_128@0.99,3.590022927550254,23.929845099626295
ec2_cpu_utilization_53ea38:2539:2555,0,rolling_128@0.99,2.5293403480372323,23.929845099626295
ec2_cpu_utilization_53ea38:2547:2563,1,rolling_128@0.99,3.0884591358757616,23.929845099626295
ec2_cpu_utilization_53ea38:2555:2571,1,rolling_128@0.99,3.0884591358757616,23.929845099626295
ec2_cpu_utilization_53ea38:2563:2579,1,rolling_128@0.99,3.701479659059862,23.929845099626295
ec2_cpu_utilization_53ea38:2571:2587,1,rolling_128@0.99,3.701479659059862,23.929845099626295
ec2_cpu_utilization_53ea38:2579:2595,1,rolling_128@0.99,4.283019538902017,23.929845099626295
ec2_cpu_utilization_53ea38:2587:2603,1,rolling_128@0.99,4.283019538902017,23.929845099626295
ec2_cpu_utilization_53ea38:2595:2611,1,rolling_128@0.99,2.596792640210529,23.929845099626295
ec2_cpu_utilization_53ea38:2603:2619,1,rolling_128@0.99,3.271283399687124,23.929845099626295
ec2_cpu_utilization_53ea38:2611:2627,1,rolling_128@0.99,4.85633990068276,23.929845099626295
ec2_cpu_utilization_53ea38:2619:2635,1,rolling_128@0.99,4.85633990068276,23.929845099626295
ec2_cpu_utilization_53ea38:2627:2643,1,rolling_128@0.99,3.271283399687124,23.929845099626295
ec2_cpu_utilization_53ea38:2635:2651,1,rolling_128@0.99,3.0726836008234577,23.929845099626295
ec2_cpu_utilization_53ea38:2643:2659,1,rolling_128@0.99,3.7692230836049623,23.929845099626295
ec2_cpu_utilization_53ea38:2651:2667,1,rolling_128@0.99,7.237103730583197,23.929845099626295
ec2_cpu_utilization_53ea38:2659:2675,1,rolling_128@0.99,8.211192082490754,23.929845099626295
ec2_cpu_utilization_53ea38:2667:2683,1,rolling_128@0.99,8.211192082490754,23.929845099626295
ec2_cpu_utilization_53ea38:2675:2691,1,rolling_128@0.99,4.181846461018133,23.929845099626295
ec2_cpu_utilization_53ea38:2683:2699,1,rolling_128@0.99,3.878320296569503,23.929845099626295
ec2_cpu_utilization_53ea38:2691:2707,1,rolling_128@0.99,1.50719689592574,23.929845099626295
ec2_cpu_utilization_53ea38:2699:2715,1,rolling_128@0.99,1.1966765124504692,23.929845099626295
ec2_cpu_utilization_53ea38:2707:2723,1,rolling_128@0.99,1.2731961520205528,23.929845099626295
ec2_cpu_utilization_53ea38:2715:2731,1,rolling_128@0.99,1.8885736977047225,23.929845099626295
ec2_cpu_utilization_53ea38:2723:2739,1,rolling_128@0.99,2.6269628412605925,23.929845099626295
ec2_cpu_utilization_53ea38:2731:2747,1,rolling_128@0.99,2.6269628412605925,23.929845099626295
ec2_cpu_utilization_53ea38:2739:2755,1,rolling_128@0.99,5.5308215475236,23.929845099626295
ec2_cpu_utilization_53ea38:2747:2763,1,rolling_128@0.99,5.5308215475236,23.929845099626295
ec2_cpu_utilization_53ea38:2755:2771,1,rolling_128@0.99,1.5130468975589386,23.929845099626295
ec2_cpu_utilization_53ea38:2763:2779,0,rolling_128@0.99,1.5130468975589386,23.929845099626295
ec2_cpu_utilization_53ea38:2771:2787,0,rolling_128@0.99,1.4051895010220785,23.929845099626295
ec2_cpu_utilization_53ea38:2779:2795,0,rolling_128@0.99,1.4051895010220785,23.929845099626295
ec2_cpu_utilization_53ea38:2787:2803,0,rolling_128@0.99,1.3093060788103537,23.929845099626295
ec2_cpu_utilization_53ea38:2795:2811,0,rolling_128@0.99,1.7494602110898039,23.929845099626295
ec2_cpu_utilization_53ea38:2803:2819,0,rolling_128@0.99,1.7494602110898039,23.929845099626295
ec2_cpu_utilization_53ea38:2811:2827,0,rolling_128@0.99,2.1960140344767085,23.929845099626295
ec2_cpu_utilization_53ea38:2819:2835,0,rolling_128@0.99,3.1649110425111324,23.929845099626295
ec2_cpu_utilization_53ea38:2827:2843,0,rolling_128@0.99,3.1649110425111324,23.929845099626295
ec2_cpu_utilization_53ea38:2835:2851,0,rolling_128@0.99,3.1700995340673837,23.929845099626295
ec2_cpu_utilization_53ea38:2843:2859,0,rolling_128@0.99,3.9570100732098203,23.929845099626295
ec2_cpu_utilization_53ea38:2851:2867,0,rolling_128@0.99,3.9570100732098203,23.929845099626295
ec2_cpu_utilization_53ea38:2859:2875,0,rolling_128@0.99,2.664240912101779,23.929845099626295
ec2_cpu_utilization_53ea38:2867:2883,0,rolling_128@0.99,2.4792099241398264,23.929845099626295
ec2_cpu_utilization_53ea38:2875:2891,0,rolling_128@0.99,2.4792099241398264,23.929845099626295
ec2_cpu_utilization_53ea38:2883:2899,0,rolling_128@0.99,3.7771514692945702,23.929845099626295
ec2_cpu_utilization_53ea38:2891:2907,0,rolling_128@0.99,3.7771514692945702,23.929845099626295
ec2_cpu_utilization_53ea38:2899:2915,0,rolling_128@0.99,4.579439043550855,23.929845099626295
ec2_cpu_utilization_53ea38:2907:2923,0,rolling_128@0.99,4.579439043550855,23.929845099626295
ec2_cpu_utilization_53ea38:2915:2931,0,rolling_128@0.99,3.035206184157611,23.929845099626295
ec2_cpu_utilization_53ea38:2923:2939,0,rolling_128@0.99,3.925885654715709,23.929845099626295
ec2_cpu_utilization_53ea38:2931:2947,0,rolling_128@0.99,3.925885654715709,23.929845099626295
ec2_cpu_utilization_53ea38:2939:2955,0,rolling_128@0.99,3.64225492551207,23.929845099626295
ec2_cpu_utilization_53ea38:2947:2963,0,rolling_128@0.99,3.64225492551207,23.929845099626295
ec2_cpu_utilization_53ea38:2955:2971,0,rolling_128@0.99,2.1313927296814232,23.929845099626295
ec2_cpu_utilization_53ea38:2963:2979,0,rolling_128@0.99,2.9977357161239486,23.929845099626295
ec2_cpu_utilization_53ea38:2971:2987,0,rolling_128@0.99,2.9977357161239486,23.929845099626295
ec2_cpu_utilization_53ea38:2979:2995,0,rolling_128@0.99,2.0984147034884884,23.929845099626295
ec2_cpu_utilization_53ea38:2987:3003,0,rolling_128@0.99,2.523095890444696,23.929845099626295
ec2_cpu_utilization_53ea38:2995:3011,0,rolling_128@0.99,2.8451256682090573,23.929845099626295
ec2_cpu_utilization_53ea38:3003:3019,0,rolling_128@0.99,2.8451256682090573,23.929845099626295
ec2_cpu_utilization_53ea38:3011:3027,0,rolling_128@0.99,3.7771514692945702,23.929845099626295
ec2_cpu_utilization_53ea38:3019:3035,0,rolling_128@0.99,3.7771514692945702,23.929845099626295
ec2_cpu_utilization_53ea38:3027:3043,0,rolling_128@0.99,8.516863410540058,23.929845099626295
ec2_cpu_utilization_53ea38:3035:3051,0,rolling_128@0.99,8.516863410540058,23.929845099626295
ec2_cpu_utilization_53ea38:3043:3059,0,rolling_128@0.99,2.000605782656643,23.929845099626295
ec2_cpu_utilization_53ea38:3051:3067,0,rolling_128@0.99,3.100291453295674,23.929845099626295
ec2_cpu_utilization_53ea38:3059:3075,0,rolling_128@0.99,3.100291453295674,23.929845099626295
ec2_cpu_utilization_53ea38:3067:3083,0,rolling_128@0.99,3.0598885440803105,23.929845099626295
ec2_cpu_utilization_53ea38:3075:3091,0,rolling_128@0.99,5.3959300960948084,23.929845099626295
ec2_cpu_utilization_53ea38:3083:3099,0,rolling_128@0.99,5.3959300960948084,23.929845099626295
ec2_cpu_utilization_53ea38:3091:3107,0,rolling_128@0.99,5.3959300960948084,23.929845099626295
ec2_cpu_utilization_53ea38:3099:3115,0,rolling_128@0.99,3.276102897397742,23.929845099626295
ec2_cpu_utilization_53ea38:3107:3123,0,rolling_128@0.99,3.1914969276373015,23.929845099626295
ec2_cpu_utilization_53ea38:3115:3131,0,rolling_128@0.99,4.064697264862622,23.929845099626295
ec2_cpu_utilization_53ea38:3123:3139,0,rolling_128@0.99,4.064697264862622,23.929845099626295
ec2_cpu_utilization_53ea38:3131:3147,0,rolling_128@0.99,4.028720715256846,23.929845099626295
ec2_cpu_utilization_53ea38:3139:3155,0,rolling_128@0.99,4.028720715256846,23.929845099626295
ec2_cpu_utilization_53ea38:3147:3163,0,rolling_128@0.99,3.967589085948369,23.929845099626295
ec2_cpu_utilization_53ea38:3155:3171,0,rolling_128@0.99,4.6420774805581475,23.929845099626295
ec2_cpu_utilization_53ea38:3163:3179,0,rolling_128@0.99,4.6420774805581475,23.929845099626295
ec2_cpu_utilization_53ea38:3171:3187,0,rolling_128@0.99,4.625084088161849,23.929845099626295
ec2_cpu_utilization_53ea38:3179:3195,0,rolling_128@0.99,4.625084088161849,23.929845099626295
ec2_cpu_utilization_53ea38:3187:3203,0,rolling_128@0.99,4.800783692646918,23.929845099626295
ec2_cpu_utilization_53ea38:3195:3211,0,rolling_128@0.99,4.800783692646918,23.929845099626295
ec2_cpu_utilization_53ea38:3203:3219,0,rolling_128@0.99,4.4833759982030115,23.929845099626295
