window_id,truth,detector,score,threshold
ec2_network_in_257a54:2419:2435,0,autoencoder@0.95,0.23914805,0.25659096240997314
ec2_network_in_257a54:2427:2443,0,autoencoder@0.95,0.23948735,0.25659096240997314
ec2_network_in_257a54:2435:2451,0,autoencoder@0.95,0.23965979,0.25659096240997314
ec2_network_in_257a54:2443:2459,0,autoencoder@0.95,0.2394987,0.25659096240997314
ec2_network_in_257a54:2451:2467,0,autoencoder@0.95,0.23866409,0.25659096240997314
ec2_network_in_257a54:2459:2475,0,autoencoder@0.95,0.23770955,0.25659096240997314
ec2_network_in_257a54:2467:2483,0,autoencoder@0.95,0.23706426,0.25659096240997314
ec2_network_in_257a54:2475:2491,0,autoencoder@0.95,0.23798358,0.25659096240997314
ec2_network_in_257a54:2483:2499,0,autoencoder@0.95,0.2369476,0.25659096240997314
ec2_network_in_257a54:2491:2507,0,autoencoder@0.95,0.23535573,0.25659096240997314
ec2_network_in_257a54:2499:2515,0,autoencoder@0.95,0.23783897,0.25659096240997314
ec2_network_in_257a54:2507:2523,0,autoencoder@0.95,0.23768203,0.25659096240997314
ec2_network_in_257a54:2515:2531,0,autoencoder@0.95,0.23554315,0.25659096240997314
ec2_network_in_257a54:2523:2539,0,autoencoder@0.95,0.23869626,0.25659096240997314
ec2_network_in_257a54:2531:2547,0,autoencoder@0.95,0.23958977,0.25659096240997314
ec2_network_in_257a54:2539:2555,0,autoencoder@0.95,0.23915964,0.25659096240997314
ec2_network_in_257a54:2547:2563,0,autoencoder@0.95,0.23855634,0.25659096240997314
ec2_network_in_257a54:2555:2571,0,autoencoder@0.95,0.23614562,0.25659096240997314
ec2_network_in_257a54:2563:2579,0,autoencoder@0.95,0.23827341,0.25659096240997314
ec2_network_in_257a54:2571:2587,0,autoencoder@0.95,0.23991962,0.25659096240997314
ec2_network_in_257a54:2579:2595,0,autoencoder@0.95,0.23697226,0.25659096240997314
ec2_network_in_257a54:2587:2603,0,autoencoder@0.95,0.23899214,0.25659096240997314
ec2_network_in_257a54:2595:2611,0,autoencoder@0.95,0.23857947,0.25659096240997314
ec2_network_in_257a54:2603:2619,0,autoencoder@0.95,0.23845495,0.25659096240997314
ec2_network_in_257a54:2611:2627,0,autoencoder@0.95,0.23905183,0.25659096240997314
ec2_network_in_257a54:2619:2635,0,autoencoder@0.95,0.23941234,0.25659096240997314
ec2_network_in_257a54:2627:2643,0,autoencoder@0.95,0.24038325,0.25659096240997314
ec2_network_in_257a54:2635:2651,0,autoencoder@0.95,0.23941089,0.25659096240997314
ec2_network_in_257a54:2643:2659,0,autoencoder@0.95,0.2401004,0.25659096240997314
ec2_network_in_257a54:2651:2667,0,autoencoder@0.95,0.23911348,0.25659096240997314
ec2_network_in_257a54:2659:2675,0,autoencoder@0.95,0.2385216,0.25659096240997314
ec2_network_in_257a54:2667:2683,0,autoencoder@0.95,0.23905154,0.25659096240997314
ec2_network_in_257a54:2675:2691,0,autoencoder@0.95,0.24025872,0.25659096240997314
ec2_network_in_257a54:2683:2699,0,autoencoder@0.95,0.2408603,0.25659096240997314
ec2_network_in_257a54:2691:2707,0,autoencoder@0.95,0.23891637,0.25659096240997314
ec2_network_in_257a54:2699:2715,0,autoencoder@0.95,0.2388981,0.25659096240997314
ec2_network_in_257a54:2707:2723,0,autoencoder@0.95,0.23939483,0.25659096240997314
ec2_network_in_257a54:2715:2731,0,autoencoder@0.95,0.24062698,0.25659096240997314
ec2_network_in_257a54:2723:2739,0,autoencoder@0.95,0.24051434,0.25659096240997314
ec2_network_in_257a54:2731:2747,0,autoencoder@0.95,0.23968293,0.25659096240997314
ec2_network_in_257a54:2739:2755,0,autoencoder@0.95,0.23886321,0.25659096240997314
ec2_network_in_257a54:2747:2763,0,autoencoder@0.95,0.24031699,0.25659096240997314
ec2_network_in_257a54:2755:2771,0,autoencoder@0.95,0.24065183,0.25659096240997314
ec2_network_in_257a54:2763:2779,0,autoencoder@0.95,0.24014437,0.25659096240997314
ec2_network_in_257a54:2771:2787,0,autoencoder@0.95,0.23922372,0.25659096240997314
ec2_network_in_257a54:2779:2795,0,autoencoder@0.95,0.2389722,0.25659096240997314
ec2_network_in_257a54:2787:2803,0,autoencoder@0.95,0.2397082,0.25659096240997314
ec2_network_in_257a54:2795:2811,0,autoencoder@0.95,0.2380774,0.25659096240997314
ec2_network_in_257a54:2803:2819,0,autoencoder@0.95,0.23839411,0.25659096240997314
ec2_network_in_257a54:2811:2827,0,autoencoder@0.95,0.24029109,0.25659096240997314
ec2_network_in_257a54:2819:2835,0,autoencoder@0.95,0.23814586,0.25659096240997314
ec2_network_in_257a54:2827:2843,0,autoencoder@0.95,0.23913406,0.25659096240997314
ec2_network_in_257a54:2835:2851,0,autoencoder@0.95,0.23818916,0.25659096240997314
ec2_network_in_257a54:2843:2859,0,autoencoder@0.95,0.2376328,0.25659096240997314
ec2_network_in_257a54:2851:2867,0,autoencoder@0.95,0.2377102,0.25659096240997314
ec2_network_in_257a54:2859:2875,0,autoencoder@0.95,0.2369124,0.25659096240997314
ec2_network_in_257a54:2867:2883,0,autoencoder@0.95,0.23671287,0.25659096240997314
ec2_network_in_257a54:2875:2891,0,autoencoder@0.95,0.23752552,0.25659096240997314
ec2_network_in_257a54:2883:2899,0,autoencoder@0.95,0.23647046,0.25659096240997314
ec2_network_in_257a54:2891:2907,0,autoencoder@0.95,0.23720172,0.25659096240997314
ec2_network_in_257a54:2899:2915,0,autoencoder@0.95,0.24001706,0.25659096240997314
ec2_network_in_257a54:2907:2923,0,autoencoder@0.95,0.23844707,0.25659096240997314
ec2_network_in_257a54:2915:2931,0,autoencoder@0.95,0.2367268,0.25659096240997314
ec2_network_in_257a54:2923:2939,0,autoencoder@0.95,0.23836498,0.25659096240997314
ec2_network_in_257a54:2931:2947,0,autoencoder@0.95,0.23807223,0.25659096240997314
ec2_network_in_257a54:2939:2955,0,autoencoder@0.95,0.23525223,0.25659096240997314
ec2_network_in_257a54:2947:2963,0,autoencoder@0.95,0.23267591,0.25659096240997314
ec2_network_in_257a54:2955:2971,0,autoencoder@0.95,0.23079354,0.25659096240997314
ec2_network_in_257a54:2963:2979,0,autoencoder@0.95,0.23109417,0.25659096240997314
ec2_network_in_257a54:2971:2987,0,autoencoder@0.95,0.23235315,0.25659096240997314
ec2_network_in_257a54:2979:2995,0,autoencoder@0.95,0.23448008,0.25659096240997314
ec2_network_in_257a54:2987:3003,0,autoencoder@0.95,0.23455244,0.25659096240997314
ec2_network_in_257a54:2995:3011,0,autoencoder@0.95,0.23395233,0.25659096240997314
ec2_network_in_257a54:3003:3019,0,autoencoder@0.95,0.23531361,0.25659096240997314
ec2_network_in_257a54:3011:3027,0,autoencoder@0.95,0.23392947,0.25659096240997314
ec2_network_in_257a54:3019:3035,0,autoencoder@0.95,0.23409392,0.25659096240997314
ec2_network_in_257a54:3027:3043,0,autoencoder@0.95,0.23486547,0.25659096240997314
ec2_network_in_257a54:3035:3051,0,autoencoder@0.95,0.23430783,0.25659096240997314
ec2_network_in_257a54:3043:3059,0,autoencoder@0.95,0.23518597,0.25659096240997314
ec2_network_in_257a54:3051:3067,0,autoencoder@0.95,0.23511274,0.25659096240997314
ec2_network_in_257a54:3059:3075,0,autoencoder@0.95,0.23349656,0.25659096240997314
ec2_network_in_257a54:3067:3083,0,autoencoder@0.95,0.2340798,0.25659096240997314
ec2_network_in_257a54:3075:3091,0,autoencoder@0.95,0.23442143,0.25659096240997314
ec2_network_in_257a54:3083:3099,0,autoencoder@0.95,0.2326456,0.25659096240997314
ec2_network_in_257a54:3091:3107,0,autoencoder@0.95,0.2338318,0.25659096240997314
ec2_network_in_257a54:3099:3115,0,autoencoder@0.95,0.23287565,0.25659096240997314
ec2_network_in_257a54:3107:3123,0,autoencoder@0.95,0.23310095,0.25659096240997314
ec2_network_in_257a54:3115:3131,0,autoencoder@0.95,0.23329958,0.25659096240997314
ec2_network_in_257a54:3123:3139,0,autoencoder@0.95,0.23278442,0.25659096240997314
ec2_network_in_257a54:3131:3147,0,autoencoder@0.95,0.23202567,0.25659096240997314
ec2_network_in_257a54:3139:3155,0,autoencoder@0.95,0.23267666,0.25659096240997314
ec2_network_in_257a54:3147:3163,0,autoencoder@0.95,0.23161978,0.25659096240997314
ec2_network_in_257a54:3155:3171,0,autoencoder@0.95,0.2317968,0.25659096240997314
ec2_network_in_257a54:3163:3179,0,autoencoder@0.95,0.23194426,0.25659096240997314
ec2_network_in_257a54:3171:3187,0,autoencoder@0.95,0.22886758,0.25659096240997314
ec2_network_in_257a54:3179:3195,0,autoencoder@0.95,0.22992973,0.25659096240997314
ec2_network_in_257a54:3187:3203,0,autoencoder@0.95,0.23059075,0.25659096240997314
ec2_network_in_257a54:3195:3211,0,autoencoder@0.95,0.2296924,0.25659096240997314
ec2_network_in_257a54:3203:3219,0,autoencoder@0.95,0.23151633,0.25659096240997314
ec2_network_in_257a54:2419:2435,0,autoencoder@0.975,0.23914805,0.2620006799697876
ec2_network_in_257a54:2427:2443,0,autoencoder@0.975,0.23948735,0.2620006799697876
ec2_network_in_257a54:2435:2451,0,autoencoder@0.975,0.23965979,0.2620006799697876
ec2_network_in_257a54:2443:2459,0,autoencoder@0.975,0.2394987,0.2620006799697876
ec2_network_in_257a54:2451:2467,0,autoencoder@0.975,0.23866409,0.2620006799697876
ec2_network_in_257a54:2459:2475,0,autoencoder@0.975,0.23770955,0.2620006799697876
ec2_network_in_257a54:2467:2483,0,autoencoder@0.975,0.23706426,0.2620006799697876
ec2_network_in_257a54:2475:2491,0,autoencoder@0.975,0.23798358,0.2620006799697876
ec2_network_in_257a54:2483:2499,0,autoencoder@0.975,0.2369476,0.2620006799697876
ec2_network_in_257a54:2491:2507,0,autoencoder@0.975,0.23535573,0.2620006799697876
ec2_network_in_257a54:2499:2515,0,autoencoder@0.975,0.23783897,0.2620006799697876
ec2_network_in_257a54:2507:2523,0,autoencoder@0.975,0.23768203,0.2620006799697876
ec2_network_in_257a54:2515:2531,0,autoencoder@0.975,0.23554315,0.2620006799697876
ec2_network_in_257a54:2523:2539,0,autoencoder@0.975,0.23869626,0.2620006799697876
ec2_network_in_257a54:2531:2547,0,autoencoder@0.975,0.23958977,0.2620006799697876
ec2_network_in_257a54:2539:2555,0,autoencoder@0.975,0.23915964,0.2620006799697876
ec2_network_in_257a54:2547:2563,0,autoencoder@0.975,0.23855634,0.2620006799697876
ec2_network_in_257a54:2555:2571,0,autoencoder@0.975,0.23614562,0.2620006799697876
ec2_network_in_257a54:2563:2579,0,autoencoder@0.975,0.23827341,0.2620006799697876
ec2_network_in_257a54:2571:2587,0,autoencoder@0.975,0.23991962,0.2620006799697876
ec2_network_in_257a54:2579:2595,0,autoencoder@0.975,0.23697226,0.2620006799697876
ec2_network_in_257a54:2587:2603,0,autoencoder@0.975,0.23899214,0.2620006799697876
ec2_network_in_257a54:2595:2611,0,autoencoder@0.975,0.23857947,0.2620006799697876
ec2_network_in_257a54:2603:2619,0,autoencoder@0.975,0.23845495,0.2620006799697876
ec2_network_in_257a54:2611:2627,0,autoencoder@0.975,0.23905183,0.2620006799697876
ec2_network_in_257a54:2619:2635,0,autoencoder@0.975,0.23941234,0.2620006799697876
ec2_network_in_257a54:2627:2643,0,autoencoder@0.975,0.24038325,0.2620006799697876
ec2_network_in_257a54:2635:2651,0,autoencoder@0.975,0.23941089,0.2620006799697876
ec2_network_in_257a54:2643:2659,0,autoencoder@0.975,0.2401004,0.2620006799697876
ec2_network_in_257a54:2651:2667,0,autoencoder@0.975,0.23911348,0.2620006799697876
ec2_network_in_257a54:2659:2675,0,autoencoder@0.975,0.2385216,0.2620006799697876
ec2_network_in_257a54:2667:2683,0,autoencoder@0.975,0.23905154,0.2620006799697876
ec2_network_in_257a54:2675:2691,0,autoencoder@0.975,0.24025872,0.2620006799697876
ec2_network_in_257a54:2683:2699,0,autoencoder@0.975,0.2408603,0.2620006799697876
ec2_network_in_257a54:2691:2707,0,autoencoder@0.975,0.23891637,0.2620006799697876
ec2_network_in_257a54:2699:2715,0,autoencoder@0.975,0.2388981,0.2620006799697876
ec2_network_in_257a54:2707:2723,0,autoencoder@0.975,0.23939483,0.2620006799697876
ec2_network_in_257a54:2715:2731,0,autoencoder@0.975,0.24062698,0.2620006799697876
ec2_network_in_257a54:2723:2739,0,autoencoder@0.975,0.24051434,0.2620006799697876
ec2_network_in_257a54:2731:2747,0,autoencoder@0.975,0.23968293,0.2620006799697876
ec2_network_in_257a54:2739:2755,0,autoencoder@0.975,0.23886321,0.2620006799697876
ec2_network_in_257a54:2747:2763,0,autoencoder@0.975,0.24031699,0.2620006799697876
ec2_network_in_257a54:2755:2771,0,autoencoder@0.975,0.24065183,0.2620006799697876
ec2_network_in_257a54:2763:2779,0,autoencoder@0.975,0.24014437,0.2620006799697876
ec2_network_in_257a54:2771:2787,0,autoencoder@0.975,0.23922372,0.2620006799697876
ec2_network_in_257a54:2779:2795,0,autoencoder@0.975,0.2389722,0.2620006799697876
ec2_network_in_257a54:2787:2803,0,autoencoder@0.975,0.2397082,0.2620006799697876
ec2_network_in_257a54:2795:2811,0,autoencoder@0.975,0.2380774,0.2620006799697876
ec2_network_in_257a54:2803:2819,0,autoencoder@0.975,0.23839411,0.2620006799697876
ec2_network_in_257a54:2811:2827,0,autoencoder@0.975,0.24029109,0.2620006799697876
ec2_network_in_257a54:2819:2835,0,autoencoder@0.975,0.23814586,0.2620006799697876
ec2_network_in_257a54:2827:2843,0,autoencoder@0.975,0.23913406,0.2620006799697876
ec2_network_in_257a54:2835:2851,0,autoencoder@0.975,0.23818916,0.2620006799697876
ec2_network_in_257a54:2843:2859,0,autoencoder@0.975,0.2376328,0.2620006799697876
ec2_network_in_257a54:2851:2867,0,autoencoder@0.975,0.2377102,0.2620006799697876
ec2_network_in_257a54:2859:2875,0,autoencoder@0.975,0.2369124,0.2620006799697876
ec2_network_in_257a54:2867:2883,0,autoencoder@0.975,0.23671287,0.2620006799697876
ec2_network_in_257a54:2875:2891,0,autoencoder@0.975,0.23752552,0.2620006799697876
ec2_network_in_257a54:2883:2899,0,autoencoder@0.975,0.23647046,0.2620006799697876
ec2_network_in_257a54:2891:2907,0,autoencoder@0.975,0.23720172,0.2620006799697876
ec2_network_in_257a54:2899:2915,0,autoencoder@0.975,0.24001706,0.2620006799697876
ec2_network_in_257a54:2907:2923,0,autoencoder@0.975,0.23844707,0.2620006799697876
ec2_network_in_257a54:2915:2931,0,autoencoder@0.975,0.2367268,0.2620006799697876
ec2_network_in_257a54:2923:2939,0,autoencoder@0.975,0.23836498,0.2620006799697876
ec2_network_in_257a54:2931:2947,0,autoencoder@0.975,0.23807223,0.2620006799697876
ec2_network_in_257a54:2939:2955,0,autoencoder@0.975,0.23525223,0.2620006799697876
ec2_network_in_257a54:2947:2963,0,autoencoder@0.975,0.23267591,0.2620006799697876
ec2_network_in_257a54:2955:2971,0,autoencoder@0.975,0.23079354,0.2620006799697876
ec2_network_in_257a54:2963:2979,0,autoencoder@0.975,0.23109417,0.2620006799697876
ec2_network_in_257a54:2971:2987,0,autoencoder@0.975,0.23235315,0.2620006799697876
ec2_network_in_257a54:2979:2995,0,autoencoder@0.975,0.23448008,0.2620006799697876
ec2_network_in_257a54:2987:3003,0,autoencoder@0.975,0.23455244,0.2620006799697876
ec2_network_in_257a54:2995:3011,0,autoencoder@0.975,0.23395233,0.2620006799697876
ec2_network_in_257a54:3003:3019,0,autoencoder@0.975,0.23531361,0.2620006799697876
ec2_network_in_257a54:3011:3027,0,autoencoder@0.975,0.23392947,0.2620006799697876
ec2_network_in_257a54:3019:3035,0,autoencoder@0.975,0.23409392,0.2620006799697876
ec2_network_in_257a54:3027:3043,0,autoencoder@0.975,0.23486547,0.2620006799697876
ec2_network_in_257a54:3035:3051,0,autoencoder@0.975,0.23430783,0.2620006799697876
ec2_network_in_257a54:3043:3059,0,autoencoder@0.975,0.23518597,0.2620006799697876
ec2_network_in_257a54:3051:3067,0,autoencoder@0.975,0.23511274,0.2620006799697876
ec2_network_in_257a54:3059:3075,0,autoencoder@0.975,0.23349656,0.2620006799697876
ec2_network_in_257a54:3067:3083,0,autoencoder@0.975,0.2340798,0.2620006799697876
ec2_network_in_257a54:3075:3091,0,autoencoder@0.975,0.23442143,0.2620006799697876
ec2_network_in_257a54:3083:3099,0,autoencoder@0.975,0.2326456,0.2620006799697876
ec2_network_in_257a54:3091:3107,0,autoencoder@0.975,0.2338318,0.2620006799697876
ec2_network_in_257a54:3099:3115,0,autoencoder@0.975,0.23287565,0.2620006799697876
ec2_network_in_257a54:3107:3123,0,autoencoder@0.975,0.23310095,0.2620006799697876
ec2_network_in_257a54:3115:3131,0,autoencoder@0.975,0.23329958,0.2620006799697876
ec2_network_in_257a54:3123:3139,0,autoencoder@0.975,0.23278442,0.2620006799697876
ec2_network_in_257a54:3131:3147,0,autoencoder@0.975,0.23202567,0.2620006799697876
ec2_network_in_257a54:3139:3155,0,autoencoder@0.975,0.23267666,0.2620006799697876
ec2_network_in_257a54:3147:3163,0,autoencoder@0.975,0.23161978,0.2620006799697876
ec2_network_in_257a54:3155:3171,0,autoencoder@0.975,0.2317968,0.2620006799697876
ec2_network_in_257a54:3163:3179,0,autoencoder@0.975,0.23194426,0.2620006799697876
ec2_network_in_257a54:3171:3187,0,autoencoder@0.975,0.22886758,0.2620006799697876
ec2_network_in_257a54:3179:3195,0,autoencoder@0.975,0.22992973,0.2620006799697876
ec2_network_in_257a54:3187:3203,0,autoencoder@0.975,0.23059075,0.2620006799697876
ec2_network_in_257a54:3195:3211,0,autoencoder@0.975,0.2296924,0.2620006799697876
ec2_network_in_257a54:3203:3219,0,autoencoder@0.975,0.23151633,0.2620006799697876
ec2_network_in_257a54:2419:2435,0,autoencoder@0.99,0.23914805,0.27306342124938965
ec2_network_in_257a54:2427:2443,0,autoencoder@0.99,0.23948735,0.27306342124938965
ec2_network_in_257a54:2435:2451,0,autoencoder@0.99,0.23965979,0.27306342124938965
ec2_network_in_257a54:2443:2459,0,autoencoder@0.99,0.2394987,0.27306342124938965
ec2_network_in_257a54:2451:2467,0,autoencoder@0.99,0.23866409,0.27306342124938965
ec2_network_in_257a54:2459:2475,0,autoencoder@0.99,0.23770955,0.27306342124938965
ec2_network_in_257a54:2467:2483,0,autoencoder@0.99,0.23706426,0.27306342124938965
ec2_network_in_257a54:2475:2491,0,autoencoder@0.99,0.23798358,0.27306342124938965
ec2_network_in_257a54:2483:2499,0,autoencoder@0.99,0.2369476,0.27306342124938965
ec2_network_in_257a54:2491:2507,0,autoencoder@0.99,0.23535573,0.27306342124938965
ec2_network_in_257a54:2499:2515,0,autoencoder@0.99,0.23783897,0.27306342124938965
ec2_network_in_257a54:2507:2523,0,autoencoder@0.99,0.23768203,0.27306342124938965
ec2_network_in_257a54:2515:2531,0,autoencoder@0.99,0.23554315,0.27306342124938965
ec2_network_in_257a54:2523:2539,0,autoencoder@0.99,0.23869626,0.27306342124938965
ec2_network_in_257a54:2531:2547,0,autoencoder@0.99,0.23958977,0.27306342124938965
ec2_network_in_257a54:2539:2555,0,autoencoder@0.99,0.23915964,0.27306342124938965
ec2_network_in_257a54:2547:2563,0,autoencoder@0.99,0.23855634,0.27306342124938965
ec2_network_in_257a54:2555:2571,0,autoencoder@0.99,0.23614562,0.27306342124938965
ec2_network_in_257a54:2563:2579,0,autoencoder@0.99,0.23827341,0.27306342124938965
ec2_network_in_257a54:2571:2587,0,autoencoder@0.99,0.23991962,0.27306342124938965
ec2_network_in_257a54:2579:2595,0,autoencoder@0.99,0.23697226,0.27306342124938965
ec2_network_in_257a54:2587:2603,0,autoencoder@0.99,0.23899214,0.27306342124938965
ec2_network_in_257a54:2595:2611,0,autoencoder@0.99,0.23857947,0.27306342124938965
ec2_network_in_257a54:2603:2619,0,autoencoder@0.99,0.23845495,0.27306342124938965
ec2_network_in_257a54:2611:2627,0,autoencoder@0.99,0.23905183,0.27306342124938965
ec2_network_in_257a54:2619:2635,0,autoencoder@0.99,0.23941234,0.27306342124938965
ec2_network_in_257a54:2627:2643,0,autoencoder@0.99,0.24038325,0.27306342124938965
ec2_network_in_257a54:2635:2651,0,autoencoder@0.99,0.23941089,0.27306342124938965
ec2_network_in_257a54:2643:2659,0,autoencoder@0.99,0.2401004,0.27306342124938965
ec2_network_in_257a54:2651:2667,0,autoencoder@0.99,0.23911348,0.27306342124938965
ec2_network_in_257a54:2659:2675,0,autoencoder@0.99,0.2385216,0.27306342124938965
ec2_network_in_257a54:2667:2683,0,autoencoder@0.99,0.23905154,0.27306342124938965
ec2_network_in_257a54:2675:2691,0,autoencoder@0.99,0.24025872,0.27306342124938965
ec2_network_in_257a54:2683:2699,0,autoencoder@0.99,0.2408603,0.27306342124938965
ec2_network_in_257a54:2691:2707,0,autoencoder@0.99,0.23891637,0.27306342124938965
ec2_network_in_257a54:2699:2715,0,autoencoder@0.99,0.2388981,0.27306342124938965
ec2_network_in_257a54:2707:2723,0,autoencoder@0.99,0.23939483,0.27306342124938965
ec2_network_in_257a54:2715:2731,0,autoencoder@0.99,0.24062698,0.27306342124938965
ec2_network_in_257a54:2723:2739,0,autoencoder@0.99,0.24051434,0.27306342124938965
ec2_network_in_257a54:2731:2747,0,autoencoder@0.99,0.23968293,0.27306342124938965
ec2_network_in_257a54:2739:2755,0,autoencoder@0.99,0.23886321,0.27306342124938965
ec2_network_in_257a54:2747:2763,0,autoencoder@0.99,0.24031699,0.27306342124938965
ec2_network_in_257a54:2755:2771,0,autoencoder@0.99,0.24065183,0.27306342124938965
ec2_network_in_257a54:2763:2779,0,autoencoder@0.99,0.24014437,0.27306342124938965
ec2_network_in_257a54:2771:2787,0,autoencoder@0.99,0.23922372,0.27306342124938965
ec2_network_in_257a54:2779:2795,0,autoencoder@0.99,0.2389722,0.27306342124938965
ec2_network_in_257a54:2787:2803,0,autoencoder@0.99,0.2397082,0.27306342124938965
ec2_network_in_257a54:2795:2811,0,autoencoder@0.99,0.2380774,0.27306342124938965
ec2_network_in_257a54:2803:2819,0,autoencoder@0.99,0.23839411,0.27306342124938965
ec2_network_in_257a54:2811:2827,0,autoencoder@0.99,0.24029109,0.27306342124938965
ec2_network_in_257a54:2819:2835,0,autoencoder@0.99,0.23814586,0.27306342124938965
ec2_network_in_257a54:2827:2843,0,autoencoder@0.99,0.23913406,0.27306342124938965
ec2_network_in_257a54:2835:2851,0,autoencoder@0.99,0.23818916,0.27306342124938965
ec2_network_in_257a54:2843:2859,0,autoencoder@0.99,0.2376328,0.27306342124938965
ec2_network_in_257a54:2851:2867,0,autoencoder@0.99,0.2377102,0.27306342124938965
ec2_network_in_257a54:2859:2875,0,autoencoder@0.99,0.2369124,0.27306342124938965
ec2_network_in_257a54:2867:2883,0,autoencoder@0.99,0.23671287,0.27306342124938965
ec2_network_in_257a54:2875:2891,0,autoencoder@0.99,0.23752552,0.27306342124938965
ec2_network_in_257a54:2883:2899,0,autoencoder@0.99,0.23647046,0.27306342124938965
ec2_network_in_257a54:2891:2907,0,autoencoder@0.99,0.23720172,0.27306342124938965
ec2_network_in_257a54:2899:2915,0,autoencoder@0.99,0.24001706,0.27306342124938965
ec2_network_in_257a54:2907:2923,0,autoencoder@0.99,0.23844707,0.27306342124938965
ec2_network_in_257a54:2915:2931,0,autoencoder@0.99,0.2367268,0.27306342124938965
ec2_network_in_257a54:2923:2939,0,autoencoder@0.99,0.23836498,0.27306342124938965
ec2_network_in_257a54:2931:2947,0,autoencoder@0.99,0.23807223,0.27306342124938965
ec2_network_in_257a54:2939:2955,0,autoencoder@0.99,0.23525223,0.27306342124938965
ec2_network_in_257a54:2947:2963,0,autoencoder@0.99,0.23267591,0.27306342124938965
ec2_network_in_257a54:2955:2971,0,autoencoder@0.99,0.23079354,0.27306342124938965
ec2_network_in_257a54:2963:2979,0,autoencoder@0.99,0.23109417,0.27306342124938965
ec2_network_in_257a54:2971:2987,0,autoencoder@0.99,0.23235315,0.27306342124938965
ec2_network_in_257a54:2979:2995,0,autoencoder@0.99,0.23448008,0.27306342124938965
ec2_network_in_257a54:2987:3003,0,autoencoder@0.99,0.23455244,0.27306342124938965
ec2_network_in_257a54:2995:3011,0,autoencoder@0.99,0.23395233,0.27306342124938965
ec2_network_in_257a54:3003:3019,0,autoencoder@0.99,0.23531361,0.27306342124938965
ec2_network_in_257a54:3011:3027,0,autoencoder@0.99,0.23392947,0.27306342124938965
ec2_network_in_257a54:3019:3035,0,autoencoder@0.99,0.23409392,0.27306342124938965
ec2_network_in_257a54:3027:3043,0,autoencoder@0.99,0.23486547,0.27306342124938965
ec2_network_in_257a54:3035:3051,0,autoencoder@0.99,0.23430783,0.27306342124938965
ec2_network_in_257a54:3043:3059,0,autoencoder@0.99,0.23518597,0.27306342124938965
ec2_network_in_257a54:3051:3067,0,autoencoder@0.99,0.23511274,0.27306342124938965
ec2_network_in_257a54:3059:3075,0,autoencoder@0.99,0.23349656,0.27306342124938965
ec2_network_in_257a54:3067:3083,0,autoencoder@0.99,0.2340798,0.27306342124938965
ec2_network_in_257a54:3075:3091,0,autoencoder@0.99,0.23442143,0.27306342124938965
ec2_network_in_257a54:3083:3099,0,autoencoder@0.99,0.2326456,0.27306342124938965
ec2_network_in_257a54:3091:3107,0,autoencoder@0.99,0.2338318,0.27306342124938965
ec2_network_in_257a54:3099:3115,0,autoencoder@0.99,0.23287565,0.27306342124938965
ec2_network_in_257a54:3107:3123,0,autoencoder@0.99,0.23310095,0.27306342124938965
ec2_network_in_257a54:3115:3131,0,autoencoder@0.99,0.23329958,0.27306342124938965
ec2_network_in_257a54:3123:3139,0,autoencoder@0.99,0.23278442,0.27306342124938965
ec2_network_in_257a54:3131:3147,0,autoencoder@0.99,0.23202567,0.27306342124938965
ec2_network_in_257a54:3139:3155,0,autoencoder@0.99,0.23267666,0.27306342124938965
ec2_network_in_257a54:3147:3163,0,autoencoder@0.99,0.23161978,0.27306342124938965
ec2_network_in_257a54:3155:3171,0,autoencoder@0.99,0.2317968,0.27306342124938965
ec2_network_in_257a54:3163:3179,0,autoencoder@0.99,0.23194426,0.27306342124938965
ec2_network_in_257a54:3171:3187,0,autoencoder@0.99,0.22886758,0.27306342124938965
ec2_network_in_257a54:3179:3195,0,autoencoder@0.99,0.22992973,0.27306342124938965
ec2_network_in_257a54:3187:3203,0,autoencoder@0.99,0.23059075,0.27306342124938965
ec2_network_in_257a54:3195:3211,0,autoencoder@0.99,0.2296924,0.27306342124938965
ec2_network_in_257a54:3203:3219,0,autoencoder@0.99,0.23151633,0.27306342124938965
ec2_network_in_257a54:2419:2435,0,max_abs_z@0.95,0.63378114,0.6504727602005005
ec2_network_in_257a54:2427:2443,0,max_abs_z@0.95,0.63384235,0.6504727602005005
ec2_network_in_257a54:2435:2451,0,max_abs_z@0.95,0.6298118,0.6504727602005005
ec2_network_in_257a54:2443:2459,0,max_abs_z@0.95,0.6292196,0.6504727602005005
ec2_network_in_257a54:2451:2467,0,max_abs_z@0.95,0.6321649,0.6504727602005005
ec2_network_in_257a54:2459:2475,0,max_abs_z@0.95,0.6322272,0.6504727602005005
ec2_network_in_257a54:2467:2483,0,max_abs_z@0.95,0.62295514,0.6504727602005005
ec2_network_in_257a54:2475:2491,0,max_abs_z@0.95,0.6278169,0.6504727602005005
ec2_network_in_257a54:2483:2499,0,max_abs_z@0.95,0.62787795,0.6504727602005005
ec2_network_in_257a54:2491:2507,0,max_abs_z@0.95,0.6372094,0.6504727602005005
ec2_network_in_257a54:2499:2515,0,max_abs_z@0.95,0.6372707,0.6504727602005005
ec2_network_in_257a54:2507:2523,0,max_abs_z@0.95,0.62682545,0.6504727602005005
ec2_network_in_257a54:2515:2531,0,max_abs_z@0.95,0.6306685,0.6504727602005005
ec2_network_in_257a54:2523:2539,0,max_abs_z@0.95,0.6307296,0.6504727602005005
ec2_network_in_257a54:2531:2547,0,max_abs_z@0.95,0.6303639,0.6504727602005005
ec2_network_in_257a54:2539:2555,0,max_abs_z@0.95,0.6283597,0.6504727602005005
ec2_network_in_257a54:2547:2563,0,max_abs_z@0.95,0.6328311,0.6504727602005005
ec2_network_in_257a54:2555:2571,0,max_abs_z@0.95,0.6328923,0.6504727602005005
ec2_network_in_257a54:2563:2579,0,max_abs_z@0.95,0.63835424,0.6504727602005005
ec2_network_in_257a54:2571:2587,0,max_abs_z@0.95,0.6384155,0.6504727602005005
ec2_network_in_257a54:2579:2595,0,max_abs_z@0.95,0.6301884,0.6504727602005005
ec2_network_in_257a54:2587:2603,0,max_abs_z@0.95,0.6363359,0.6504727602005005
ec2_network_in_257a54:2595:2611,0,max_abs_z@0.95,0.6364233,0.6504727602005005
ec2_network_in_257a54:2603:2619,0,max_abs_z@0.95,0.63491404,0.6504727602005005
ec2_network_in_257a54:2611:2627,0,max_abs_z@0.95,0.62836987,0.6504727602005005
ec2_network_in_257a54:2619:2635,0,max_abs_z@0.95,0.6330216,0.6504727602005005
ec2_network_in_257a54:2627:2643,0,max_abs_z@0.95,0.6330839,0.6504727602005005
ec2_network_in_257a54:2635:2651,0,max_abs_z@0.95,0.62437105,0.6504727602005005
ec2_network_in_257a54:2643:2659,0,max_abs_z@0.95,0.6343691,0.6504727602005005
ec2_network_in_257a54:2651:2667,0,max_abs_z@0.95,0.6344315,0.6504727602005005
ec2_network_in_257a54:2659:2675,0,max_abs_z@0.95,0.6280517,0.6504727602005005
ec2_network_in_257a54:2667:2683,0,max_abs_z@0.95,0.6334644,0.6504727602005005
ec2_network_in_257a54:2675:2691,0,max_abs_z@0.95,0.63352674,0.6504727602005005
ec2_network_in_257a54:2683:2699,0,max_abs_z@0.95,0.62509245,0.6504727602005005
ec2_network_in_257a54:2691:2707,0,max_abs_z@0.95,0.6315077,0.6504727602005005
ec2_network_in_257a54:2699:2715,0,max_abs_z@0.95,0.63156885,0.6504727602005005
ec2_network_in_257a54:2707:2723,0,max_abs_z@0.95,0.6292042,0.6504727602005005
ec2_network_in_257a54:2715:2731,0,max_abs_z@0.95,0.6326169,0.6504727602005005
ec2_network_in_257a54:2723:2739,0,max_abs_z@0.95,0.63267916,0.6504727602005005
ec2_network_in_257a54:2731:2747,0,max_abs_z@0.95,0.62547106,0.6504727602005005
ec2_network_in_257a54:2739:2755,0,max_abs_z@0.95,0.6330875,0.6504727602005005
ec2_network_in_257a54:2747:2763,0,max_abs_z@0.95,0.63314867,0.6504727602005005
ec2_network_in_257a54:2755:2771,0,max_abs_z@0.95,0.6293359,0.6504727602005005
ec2_network_in_257a54:2763:2779,0,max_abs_z@0.95,0.64028275,0.6504727602005005
ec2_network_in_257a54:2771:2787,0,max_abs_z@0.95,0.64034414,0.6504727602005005
ec2_network_in_257a54:2779:2795,0,max_abs_z@0.95,0.6278893,0.6504727602005005
ec2_network_in_257a54:2787:2803,0,max_abs_z@0.95,0.6279503,0.6504727602005005
ec2_network_in_257a54:2795:2811,0,max_abs_z@0.95,0.62507784,0.6504727602005005
ec2_network_in_257a54:2803:2819,0,max_abs_z@0.95,0.6292989,0.6504727602005005
ec2_network_in_257a54:2811:2827,0,max_abs_z@0.95,0.62935996,0.6504727602005005
ec2_network_in_257a54:2819:2835,0,max_abs_z@0.95,0.6323007,0.6504727602005005
ec2_network_in_257a54:2827:2843,0,max_abs_z@0.95,0.6323618,0.6504727602005005
ec2_network_in_257a54:2835:2851,0,max_abs_z@0.95,0.63305515,0.6504727602005005
ec2_network_in_257a54:2843:2859,0,max_abs_z@0.95,0.63311744,0.6504727602005005
ec2_network_in_257a54:2851:2867,0,max_abs_z@0.95,0.6252238,0.6504727602005005
ec2_network_in_257a54:2859:2875,0,max_abs_z@0.95,0.6325725,0.6504727602005005
ec2_network_in_257a54:2867:2883,0,max_abs_z@0.95,0.6326336,0.6504727602005005
ec2_network_in_257a54:2875:2891,0,max_abs_z@0.95,0.6288372,0.6504727602005005
ec2_network_in_257a54:2883:2899,0,max_abs_z@0.95,0.6293567,0.6504727602005005
ec2_network_in_257a54:2891:2907,0,max_abs_z@0.95,0.6294177,0.6504727602005005
ec2_network_in_257a54:2899:2915,0,max_abs_z@0.95,0.625134,0.6504727602005005
ec2_network_in_257a54:2907:2923,0,max_abs_z@0.95,0.629523,0.6504727602005005
ec2_network_in_257a54:2915:2931,0,max_abs_z@0.95,0.629584,0.6504727602005005
ec2_network_in_257a54:2923:2939,0,max_abs_z@0.95,0.62913674,0.6504727602005005
ec2_network_in_257a54:2931:2947,0,max_abs_z@0.95,0.6268263,0.6504727602005005
ec2_network_in_257a54:2939:2955,0,max_abs_z@0.95,0.62048846,0.6504727602005005
ec2_network_in_257a54:2947:2963,0,max_abs_z@0.95,0.61732876,0.6504727602005005
ec2_network_in_257a54:2955:2971,0,max_abs_z@0.95,0.6162805,0.6504727602005005
ec2_network_in_257a54:2963:2979,0,max_abs_z@0.95,0.61634237,0.6504727602005005
ec2_network_in_257a54:2971:2987,0,max_abs_z@0.95,0.6200542,0.6504727602005005
ec2_network_in_257a54:2979:2995,0,max_abs_z@0.95,0.6284912,0.6504727602005005
ec2_network_in_257a54:2987:3003,0,max_abs_z@0.95,0.62855345,0.6504727602005005
ec2_network_in_257a54:2995:3011,0,max_abs_z@0.95,0.6231827,0.6504727602005005
ec2_network_in_257a54:3003:3019,0,max_abs_z@0.95,0.62324476,0.6504727602005005
ec2_network_in_257a54:3011:3027,0,max_abs_z@0.95,0.6230138,0.6504727602005005
ec2_network_in_257a54:3019:3035,0,max_abs_z@0.95,0.62422544,0.6504727602005005
ec2_network_in_257a54:3027:3043,0,max_abs_z@0.95,0.62428635,0.6504727602005005
ec2_network_in_257a54:3035:3051,0,max_abs_z@0.95,0.61886245,0.6504727602005005
ec2_network_in_257a54:3043:3059,0,max_abs_z@0.95,0.6201274,0.6504727602005005
ec2_network_in_257a54:3051:3067,0,max_abs_z@0.95,0.6201882,0.6504727602005005
ec2_network_in_257a54:3059:3075,0,max_abs_z@0.95,0.62415075,0.6504727602005005
ec2_network_in_257a54:3067:3083,0,max_abs_z@0.95,0.62980163,0.6504727602005005
ec2_network_in_257a54:3075:3091,0,max_abs_z@0.95,0.6298627,0.6504727602005005
ec2_network_in_257a54:3083:3099,0,max_abs_z@0.95,0.6259507,0.6504727602005005
ec2_network_in_257a54:3091:3107,0,max_abs_z@0.95,0.62601167,0.6504727602005005
ec2_network_in_257a54:3099:3115,0,max_abs_z@0.95,0.62976104,0.6504727602005005
ec2_network_in_257a54:3107:3123,0,max_abs_z@0.95,0.62982327,0.6504727602005005
ec2_network_in_257a54:3115:3131,0,max_abs_z@0.95,0.62598217,0.6504727602005005
ec2_network_in_257a54:3123:3139,0,max_abs_z@0.95,0.6260443,0.6504727602005005
ec2_network_in_257a54:3131:3147,0,max_abs_z@0.95,0.61874926,0.6504727602005005
ec2_network_in_257a54:3139:3155,0,max_abs_z@0.95,0.6258153,0.6504727602005005
ec2_network_in_257a54:3147:3163,0,max_abs_z@0.95,0.62898743,0.6504727602005005
ec2_network_in_257a54:3155:3171,0,max_abs_z@0.95,0.6290496,0.6504727602005005
ec2_network_in_257a54:3163:3179,0,max_abs_z@0.95,0.6167906,0.6504727602005005
ec2_network_in_257a54:3171:3187,0,max_abs_z@0.95,0.6208078,0.6504727602005005
ec2_network_in_257a54:3179:3195,0,max_abs_z@0.95,0.62086976,0.6504727602005005
ec2_network_in_257a54:3187:3203,0,max_abs_z@0.95,0.61987793,0.6504727602005005
ec2_network_in_257a54:3195:3211,0,max_abs_z@0.95,0.6199399,0.6504727602005005
ec2_network_in_257a54:3203:3219,0,max_abs_z@0.95,0.61974627,0.6504727602005005
ec2_network_in_257a54:2419:2435,0,max_abs_z@0.975,0.63378114,0.7448672652244568
ec2_network_in_257a54:2427:2443,0,max_abs_z@0.975,0.63384235,0.7448672652244568
ec2_network_in_257a54:2435:2451,0,max_abs_z@0.975,0.6298118,0.7448672652244568
ec2_network_in_257a54:2443:2459,0,max_abs_z@0.975,0.6292196,0.7448672652244568
ec2_network_in_257a54:2451:2467,0,max_abs_z@0.975,0.6321649,0.7448672652244568
ec2_network_in_257a54:2459:2475,0,max_abs_z@0.975,0.6322272,0.7448672652244568
ec2_network_in_257a54:2467:2483,0,max_abs_z@0.975,0.62295514,0.7448672652244568
ec2_network_in_257a54:2475:2491,0,max_abs_z@0.975,0.6278169,0.7448672652244568
ec2_network_in_257a54:2483:2499,0,max_abs_z@0.975,0.62787795,0.7448672652244568
ec2_network_in_257a54:2491:2507,0,max_abs_z@0.975,0.6372094,0.7448672652244568
ec2_network_in_257a54:2499:2515,0,max_abs_z@0.975,0.6372707,0.7448672652244568
ec2_network_in_257a54:2507:2523,0,max_abs_z@0.975,0.62682545,0.7448672652244568
ec2_network_in_257a54:2515:2531,0,max_abs_z@0.975,0.6306685,0.7448672652244568
ec2_network_in_257a54:2523:2539,0,max_abs_z@0.975,0.6307296,0.7448672652244568
ec2_network_in_257a54:2531:2547,0,max_abs_z@0.975,0.6303639,0.7448672652244568
ec2_network_in_257a54:2539:2555,0,max_abs_z@0.975,0.6283597,0.7448672652244568
ec2_network_in_257a54:2547:2563,0,max_abs_z@0.975,0.6328311,0.7448672652244568
ec2_network_in_257a54:2555:2571,0,max_abs_z@0.975,0.6328923,0.7448672652244568
ec2_network_in_257a54:2563:2579,0,max_abs_z@0.975,0.63835424,0.7448672652244568
ec2_network_in_257a54:2571:2587,0,max_abs_z@0.975,0.6384155,0.7448672652244568
ec2_network_in_257a54:2579:2595,0,max_abs_z@0.975,0.6301884,0.7448672652244568
ec2_network_in_257a54:2587:2603,0,max_abs_z@0.975,0.6363359,0.7448672652244568
ec2_network_in_257a54:2595:2611,0,max_abs_z@0.975,0.6364233,0.7448672652244568
ec2_network_in_257a54:2603:2619,0,max_abs_z@0.975,0.63491404,0.7448672652244568
ec2_network_in_257a54:2611:2627,0,max_abs_z@0.975,0.62836987,0.7448672652244568
ec2_network_in_257a54:2619:2635,0,max_abs_z@0.975,0.6330216,0.7448672652244568
ec2_network_in_257a54:2627:2643,0,max_abs_z@0.975,0.6330839,0.7448672652244568
ec2_network_in_257a54:2635:2651,0,max_abs_z@0.975,0.62437105,0.7448672652244568
ec2_network_in_257a54:2643:2659,0,max_abs_z@0.975,0.6343691,0.7448672652244568
ec2_network_in_257a54:2651:2667,0,max_abs_z@0.975,0.6344315,0.7448672652244568
ec2_network_in_257a54:2659:2675,0,max_abs_z@0.975,0.6280517,0.7448672652244568
ec2_network_in_257a54:2667:2683,0,max_abs_z@0.975,0.6334644,0.7448672652244568
ec2_network_in_257a54:2675:2691,0,max_abs_z@0.975,0.63352674,0.7448672652244568
ec2_network_in_257a54:2683:2699,0,max_abs_z@0.975,0.62509245,0.7448672652244568
ec2_network_in_257a54:2691:2707,0,max_abs_z@0.975,0.6315077,0.7448672652244568
ec2_network_in_257a54:2699:2715,0,max_abs_z@0.975,0.63156885,0.7448672652244568
ec2_network_in_257a54:2707:2723,0,max_abs_z@0.975,0.6292042,0.7448672652244568
ec2_network_in_257a54:2715:2731,0,max_abs_z@0.975,0.6326169,0.7448672652244568
ec2_network_in_257a54:2723:2739,0,max_abs_z@0.975,0.63267916,0.7448672652244568
ec2_network_in_257a54:2731:2747,0,max_abs_z@0.975,0.62547106,0.7448672652244568
ec2_network_in_257a54:2739:2755,0,max_abs_z@0.975,0.6330875,0.7448672652244568
ec2_network_in_257a54:2747:2763,0,max_abs_z@0.975,0.63314867,0.7448672652244568
ec2_network_in_257a54:2755:2771,0,max_abs_z@0.975,0.6293359,0.7448672652244568
ec2_network_in_257a54:2763:2779,0,max_abs_z@0.975,0.64028275,0.7448672652244568
ec2_network_in_257a54:2771:2787,0,max_abs_z@0.975,0.64034414,0.7448672652244568
ec2_network_in_257a54:2779:2795,0,max_abs_z@0.975,0.6278893,0.7448672652244568
ec2_network_in_257a54:2787:2803,0,max_abs_z@0.975,0.6279503,0.7448672652244568
ec2_network_in_257a54:2795:2811,0,max_abs_z@0.975,0.62507784,0.7448672652244568
ec2_network_in_257a54:2803:2819,0,max_abs_z@0.975,0.6292989,0.7448672652244568
ec2_network_in_257a54:2811:2827,0,max_abs_z@0.975,0.62935996,0.7448672652244568
ec2_network_in_257a54:2819:2835,0,max_abs_z@0.975,0.6323007,0.7448672652244568
ec2_network_in_257a54:2827:2843,0,max_abs_z@0.975,0.6323618,0.7448672652244568
ec2_network_in_257a54:2835:2851,0,max_abs_z@0.975,0.63305515,0.7448672652244568
ec2_network_in_257a54:2843:2859,0,max_abs_z@0.975,0.63311744,0.7448672652244568
ec2_network_in_257a54:2851:2867,0,max_abs_z@0.975,0.6252238,0.7448672652244568
ec2_network_in_257a54:2859:2875,0,max_abs_z@0.975,0.6325725,0.7448672652244568
ec2_network_in_257a54:2867:2883,0,max_abs_z@0.975,0.6326336,0.7448672652244568
ec2_network_in_257a54:2875:2891,0,max_abs_z@0.975,0.6288372,0.7448672652244568
ec2_network_in_257a54:2883:2899,0,max_abs_z@0.975,0.6293567,0.7448672652244568
ec2_network_in_257a54:2891:2907,0,max_abs_z@0.975,0.6294177,0.7448672652244568
ec2_network_in_257a54:2899:2915,0,max_abs_z@0.975,0.625134,0.7448672652244568
ec2_network_in_257a54:2907:2923,0,max_abs_z@0.975,0.629523,0.7448672652244568
ec2_network_in_257a54:2915:2931,0,max_abs_z@0.975,0.629584,0.7448672652244568
ec2_network_in_257a54:2923:2939,0,max_abs_z@0.975,0.62913674,0.7448672652244568
ec2_network_in_257a54:2931:2947,0,max_abs_z@0.975,0.6268263,0.7448672652244568
ec2_network_in_257a54:2939:2955,0,max_abs_z@0.975,0.62048846,0.7448672652244568
ec2_network_in_257a54:2947:2963,0,max_abs_z@0.975,0.61732876,0.7448672652244568
ec2_network_in_257a54:2955:2971,0,max_abs_z@0.975,0.6162805,0.7448672652244568
ec2_network_in_257a54:2963:2979,0,max_abs_z@0.975,0.61634237,0.7448672652244568
ec2_network_in_257a54:2971:2987,0,max_abs_z@0.975,0.6200542,0.7448672652244568
ec2_network_in_257a54:2979:2995,0,max_abs_z@0.975,0.6284912,0.7448672652244568
ec2_network_in_257a54:2987:3003,0,max_abs_z@0.975,0.62855345,0.7448672652244568
ec2_network_in_257a54:2995:3011,0,max_abs_z@0.975,0.6231827,0.7448672652244568
ec2_network_in_257a54:3003:3019,0,max_abs_z@0.975,0.62324476,0.7448672652244568
ec2_network_in_257a54:3011:3027,0,max_abs_z@0.975,0.6230138,0.7448672652244568
ec2_network_in_257a54:3019:3035,0,max_abs_z@0.975,0.62422544,0.7448672652244568
ec2_network_in_257a54:3027:3043,0,max_abs_z@0.975,0.62428635,0.7448672652244568
ec2_network_in_257a54:3035:3051,0,max_abs_z@0.975,0.61886245,0.7448672652244568
ec2_network_in_257a54:3043:3059,0,max_abs_z@0.975,0.6201274,0.7448672652244568
ec2_network_in_257a54:3051:3067,0,max_abs_z@0.975,0.6201882,0.7448672652244568
ec2_network_in_257a54:3059:3075,0,max_abs_z@0.975,0.62415075,0.7448672652244568
ec2_network_in_257a54:3067:3083,0,max_abs_z@0.975,0.62980163,0.7448672652244568
ec2_network_in_257a54:3075:3091,0,max_abs_z@0.975,0.6298627,0.7448672652244568
ec2_network_in_257a54:3083:3099,0,max_abs_z@0.975,0.6259507,0.7448672652244568
ec2_network_in_257a54:3091:3107,0,max_abs_z@0.975,0.62601167,0.7448672652244568
ec2_network_in_257a54:3099:3115,0,max_abs_z@0.975,0.62976104,0.7448672652244568
ec2_network_in_257a54:3107:3123,0,max_abs_z@0.975,0.62982327,0.7448672652244568
ec2_network_in_257a54:3115:3131,0,max_abs_z@0.975,0.62598217,0.7448672652244568
ec2_network_in_257a54:3123:3139,0,max_abs_z@0.975,0.6260443,0.7448672652244568
ec2_network_in_257a54:3131:3147,0,max_abs_z@0.975,0.61874926,0.7448672652244568
ec2_network_in_257a54:3139:3155,0,max_abs_z@0.975,0.6258153,0.7448672652244568
ec2_network_in_257a54:3147:3163,0,max_abs_z@0.975,0.62898743,0.7448672652244568
ec2_network_in_257a54:3155:3171,0,max_abs_z@0.975,0.6290496,0.7448672652244568
ec2_network_in_257a54:3163:3179,0,max_abs_z@0.975,0.6167906,0.7448672652244568
ec2_network_in_257a54:3171:3187,0,max_abs_z@0.975,0.6208078,0.7448672652244568
ec2_network_in_257a54:3179:3195,0,max_abs_z@0.975,0.62086976,0.7448672652244568
ec2_network_in_257a54:3187:3203,0,max_abs_z@0.975,0.61987793,0.7448672652244568
ec2_network_in_257a54:3195:3211,0,max_abs_z@0.975,0.6199399,0.7448672652244568
ec2_network_in_257a54:3203:3219,0,max_abs_z@0.975,0.61974627,0.7448672652244568
ec2_network_in_257a54:2419:2435,0,max_abs_z@0.99,0.63378114,0.7449325919151306
ec2_network_in_257a54:2427:2443,0,max_abs_z@0.99,0.63384235,0.7449325919151306
ec2_network_in_257a54:2435:2451,0,max_abs_z@0.99,0.6298118,0.7449325919151306
ec2_network_in_257a54:2443:2459,0,max_abs_z@0.99,0.6292196,0.7449325919151306
ec2_network_in_257a54:2451:2467,0,max_abs_z@0.99,0.6321649,0.7449325919151306
ec2_network_in_257a54:2459:2475,0,max_abs_z@0.99,0.6322272,0.7449325919151306
ec2_network_in_257a54:2467:2483,0,max_abs_z@0.99,0.62295514,0.7449325919151306
ec2_network_in_257a54:2475:2491,0,max_abs_z@0.99,0.6278169,0.7449325919151306
ec2_network_in_257a54:2483:2499,0,max_abs_z@0.99,0.62787795,0.7449325919151306
ec2_network_in_257a54:2491:2507,0,max_abs_z@0.99,0.6372094,0.7449325919151306
ec2_network_in_257a54:2499:2515,0,max_abs_z@0.99,0.6372707,0.7449325919151306
ec2_network_in_257a54:2507:2523,0,max_abs_z@0.99,0.62682545,0.7449325919151306
ec2_network_in_257a54:2515:2531,0,max_abs_z@0.99,0.6306685,0.7449325919151306
ec2_network_in_257a54:2523:2539,0,max_abs_z@0.99,0.6307296,0.7449325919151306
ec2_network_in_257a54:2531:2547,0,max_abs_z@0.99,0.6303639,0.7449325919151306
ec2_network_in_257a54:2539:2555,0,max_abs_z@0.99,0.6283597,0.7449325919151306
ec2_network_in_257a54:2547:2563,0,max_abs_z@0.99,0.6328311,0.7449325919151306
ec2_network_in_257a54:2555:2571,0,max_abs_z@0.99,0.6328923,0.7449325919151306
ec2_network_in_257a54:2563:2579,0,max_abs_z@0.99,0.63835424,0.7449325919151306
ec2_network_in_257a54:2571:2587,0,max_abs_z@0.99,0.6384155,0.7449325919151306
ec2_network_in_257a54:2579:2595,0,max_abs_z@0.99,0.6301884,0.7449325919151306
ec2_network_in_257a54:2587:2603,0,max_abs_z@0.99,0.6363359,0.7449325919151306
ec2_network_in_257a54:2595:2611,0,max_abs_z@0.99,0.6364233,0.7449325919151306
ec2_network_in_257a54:2603:2619,0,max_abs_z@0.99,0.63491404,0.7449325919151306
ec2_network_in_257a54:2611:2627,0,max_abs_z@0.99,0.62836987,0.7449325919151306
ec2_network_in_257a54:2619:2635,0,max_abs_z@0.99,0.6330216,0.7449325919151306
ec2_network_in_257a54:2627:2643,0,max_abs_z@0.99,0.6330839,0.7449325919151306
ec2_network_in_257a54:2635:2651,0,max_abs_z@0.99,0.62437105,0.7449325919151306
ec2_network_in_257a54:2643:2659,0,max_abs_z@0.99,0.6343691,0.7449325919151306
ec2_network_in_257a54:2651:2667,0,max_abs_z@0.99,0.6344315,0.7449325919151306
ec2_network_in_257a54:2659:2675,0,max_abs_z@0.99,0.6280517,0.7449325919151306
ec2_network_in_257a54:2667:2683,0,max_abs_z@0.99,0.6334644,0.7449325919151306
ec2_network_in_257a54:2675:2691,0,max_abs_z@0.99,0.63352674,0.7449325919151306
ec2_network_in_257a54:2683:2699,0,max_abs_z@0.99,0.62509245,0.7449325919151306
ec2_network_in_257a54:2691:2707,0,max_abs_z@0.99,0.6315077,0.7449325919151306
ec2_network_in_257a54:2699:2715,0,max_abs_z@0.99,0.63156885,0.7449325919151306
ec2_network_in_257a54:2707:2723,0,max_abs_z@0.99,0.6292042,0.7449325919151306
ec2_network_in_257a54:2715:2731,0,max_abs_z@0.99,0.6326169,0.7449325919151306
ec2_network_in_257a54:2723:2739,0,max_abs_z@0.99,0.63267916,0.7449325919151306
ec2_network_in_257a54:2731:2747,0,max_abs_z@0.99,0.62547106,0.7449325919151306
ec2_network_in_257a54:2739:2755,0,max_abs_z@0.99,0.6330875,0.7449325919151306
ec2_network_in_257a54:2747:2763,0,max_abs_z@0.99,0.63314867,0.7449325919151306
ec2_network_in_257a54:2755:2771,0,max_abs_z@0.99,0.6293359,0.7449325919151306
ec2_network_in_257a54:2763:2779,0,max_abs_z@0.99,0.64028275,0.7449325919151306
ec2_network_in_257a54:2771:2787,0,max_abs_z@0.99,0.64034414,0.7449325919151306
ec2_network_in_257a54:2779:2795,0,max_abs_z@0.99,0.6278893,0.7449325919151306
ec2_network_in_257a54:2787:2803,0,max_abs_z@0.99,0.6279503,0.7449325919151306
ec2_network_in_257a54:2795:2811,0,max_abs_z@0.99,0.62507784,0.7449325919151306
ec2_network_in_257a54:2803:2819,0,max_abs_z@0.99,0.6292989,0.7449325919151306
ec2_network_in_257a54:2811:2827,0,max_abs_z@0.99,0.62935996,0.7449325919151306
ec2_network_in_257a54:2819:2835,0,max_abs_z@0.99,0.6323007,0.7449325919151306
ec2_network_in_257a54:2827:2843,0,max_abs_z@0.99,0.6323618,0.7449325919151306
ec2_network_in_257a54:2835:2851,0,max_abs_z@0.99,0.63305515,0.7449325919151306
ec2_network_in_257a54:2843:2859,0,max_abs_z@0.99,0.63311744,0.7449325919151306
ec2_network_in_257a54:2851:2867,0,max_abs_z@0.99,0.6252238,0.7449325919151306
ec2_network_in_257a54:2859:2875,0,max_abs_z@0.99,0.6325725,0.7449325919151306
ec2_network_in_257a54:2867:2883,0,max_abs_z@0.99,0.6326336,0.7449325919151306
ec2_network_in_257a54:2875:2891,0,max_abs_z@0.99,0.6288372,0.7449325919151306
ec2_network_in_257a54:2883:2899,0,max_abs_z@0.99,0.6293567,0.7449325919151306
ec2_network_in_257a54:2891:2907,0,max_abs_z@0.99,0.6294177,0.7449325919151306
ec2_network_in_257a54:2899:2915,0,max_abs_z@0.99,0.625134,0.7449325919151306
ec2_network_in_257a54:2907:2923,0,max_abs_z@0.99,0.629523,0.7449325919151306
ec2_network_in_257a54:2915:2931,0,max_abs_z@0.99,0.629584,0.7449325919151306
ec2_network_in_257a54:2923:2939,0,max_abs_z@0.99,0.62913674,0.7449325919151306
ec2_network_in_257a54:2931:2947,0,max_abs_z@0.99,0.6268263,0.7449325919151306
ec2_network_in_257a54:2939:2955,0,max_abs_z@0.99,0.62048846,0.7449325919151306
ec2_network_in_257a54:2947:2963,0,max_abs_z@0.99,0.61732876,0.7449325919151306
ec2_network_in_257a54:2955:2971,0,max_abs_z@0.99,0.6162805,0.7449325919151306
ec2_network_in_257a54:2963:2979,0,max_abs_z@0.99,0.61634237,0.7449325919151306
ec2_network_in_257a54:2971:2987,0,max_abs_z@0.99,0.6200542,0.7449325919151306
ec2_network_in_257a54:2979:2995,0,max_abs_z@0.99,0.6284912,0.7449325919151306
ec2_network_in_257a54:2987:3003,0,max_abs_z@0.99,0.62855345,0.7449325919151306
ec2_network_in_257a54:2995:3011,0,max_abs_z@0.99,0.6231827,0.7449325919151306
ec2_network_in_257a54:3003:3019,0,max_abs_z@0.99,0.62324476,0.7449325919151306
ec2_network_in_257a54:3011:3027,0,max_abs_z@0.99,0.6230138,0.7449325919151306
ec2_network_in_257a54:3019:3035,0,max_abs_z@0.99,0.62422544,0.7449325919151306
ec2_network_in_257a54:3027:3043,0,max_abs_z@0.99,0.62428635,0.7449325919151306
ec2_network_in_257a54:3035:3051,0,max_abs_z@0.99,0.61886245,0.7449325919151306
ec2_network_in_257a54:3043:3059,0,max_abs_z@0.99,0.6201274,0.7449325919151306
ec2_network_in_257a54:3051:3067,0,max_abs_z@0.99,0.6201882,0.7449325919151306
ec2_network_in_257a54:3059:3075,0,max_abs_z@0.99,0.62415075,0.7449325919151306
ec2_network_in_257a54:3067:3083,0,max_abs_z@0.99,0.62980163,0.7449325919151306
ec2_network_in_257a54:3075:3091,0,max_abs_z@0.99,0.6298627,0.7449325919151306
ec2_network_in_257a54:3083:3099,0,max_abs_z@0.99,0.6259507,0.7449325919151306
ec2_network_in_257a54:3091:3107,0,max_abs_z@0.99,0.62601167,0.7449325919151306
ec2_network_in_257a54:3099:3115,0,max_abs_z@0.99,0.62976104,0.7449325919151306
ec2_network_in_257a54:3107:3123,0,max_abs_z@0.99,0.62982327,0.7449325919151306
ec2_network_in_257a54:3115:3131,0,max_abs_z@0.99,0.62598217,0.7449325919151306
ec2_network_in_257a54:3123:3139,0,max_abs_z@0.99,0.6260443,0.7449325919151306
ec2_network_in_257a54:3131:3147,0,max_abs_z@0.99,0.61874926,0.7449325919151306
ec2_network_in_257a54:3139:3155,0,max_abs_z@0.99,0.6258153,0.7449325919151306
ec2_network_in_257a54:3147:3163,0,max_abs_z@0.99,0.62898743,0.7449325919151306
ec2_network_in_257a54:3155:3171,0,max_abs_z@0.99,0.6290496,0.7449325919151306
ec2_network_in_257a54:3163:3179,0,max_abs_z@0.99,0.6167906,0.7449325919151306
ec2_network_in_257a54:3171:3187,0,max_abs_z@0.99,0.6208078,0.7449325919151306
ec2_network_in_257a54:3179:3195,0,max_abs_z@0.99,0.62086976,0.7449325919151306
ec2_network_in_257a54:3187:3203,0,max_abs_z@0.99,0.61987793,0.7449325919151306
ec2_network_in_257a54:3195:3211,0,max_abs_z@0.99,0.6199399,0.7449325919151306
ec2_network_in_257a54:3203:3219,0,max_abs_z@0.99,0.61974627,0.7449325919151306
ec2_network_in_257a54:2419:2435,0,rolling_32@0.95,0.6110660267397403,7.309400705209293
ec2_network_in_257a54:2427:2443,0,rolling_32@0.95,0.5600055728128372,7.309400705209293
ec2_network_in_257a54:2435:2451,0,rolling_32@0.95,0.3189326111157206,7.309400705209293
ec2_network_in_257a54:2443:2459,0,rolling_32@0.95,0.18648069326501607,7.309400705209293
ec2_network_in_257a54:2451:2467,0,rolling_32@0.95,0.13157340117730107,7.309400705209293
ec2_network_in_257a54:2459:2475,0,rolling_32@0.95,0.2708537895349141,7.309400705209293
ec2_network_in_257a54:2467:2483,0,rolling_32@0.95,0.2708537895349141,7.309400705209293
ec2_network_in_257a54:2475:2491,0,rolling_32@0.95,0.07442544787711769,7.309400705209293
ec2_network_in_257a54:2483:2499,0,rolling_32@0.95,0.12963888971465512,7.309400705209293
ec2_network_in_257a54:2491:2507,0,rolling_32@0.95,0.19810550985247574,7.309400705209293
ec2_network_in_257a54:2499:2515,0,rolling_32@0.95,0.19810550985247574,7.309400705209293
ec2_network_in_257a54:2507:2523,0,rolling_32@0.95,0.16183785688075997,7.309400705209293
ec2_network_in_257a54:2515:2531,0,rolling_32@0.95,0.36509466904546495,7.309400705209293
ec2_network_in_257a54:2523:2539,0,rolling_32@0.95,0.36509466904546495,7.309400705209293
ec2_network_in_257a54:2531:2547,0,rolling_32@0.95,0.23195058654298806,7.309400705209293
ec2_network_in_257a54:2539:2555,0,rolling_32@0.95,0.1715991532519093,7.309400705209293
ec2_network_in_257a54:2547:2563,0,rolling_32@0.95,0.1715991532519093,7.309400705209293
ec2_network_in_257a54:2555:2571,0,rolling_32@0.95,0.20243153892605328,7.309400705209293
ec2_network_in_257a54:2563:2579,0,rolling_32@0.95,0.20243153892605328,7.309400705209293
ec2_network_in_257a54:2571:2587,0,rolling_32@0.95,0.17631119722743685,7.309400705209293
ec2_network_in_257a54:2579:2595,0,rolling_32@0.95,0.14130363887817857,7.309400705209293
ec2_network_in_257a54:2587:2603,0,rolling_32@0.95,0.31152289977943903,7.309400705209293
ec2_network_in_257a54:2595:2611,0,rolling_32@0.95,0.31152289977943903,7.309400705209293
ec2_network_in_257a54:2603:2619,0,rolling_32@0.95,0.20108714219857227,7.309400705209293
ec2_network_in_257a54:2611:2627,0,rolling_32@0.95,0.17609822348842996,7.309400705209293
ec2_network_in_257a54:2619:2635,0,rolling_32@0.95,0.27162138238591815,7.309400705209293
ec2_network_in_257a54:2627:2643,0,rolling_32@0.95,0.27162138238591815,7.309400705209293
ec2_network_in_257a54:2635:2651,0,rolling_32@0.95,0.18848619597399766,7.309400705209293
ec2_network_in_257a54:2643:2659,0,rolling_32@0.95,0.13922714492286134,7.309400705209293
ec2_network_in_257a54:2651:2667,0,rolling_32@0.95,0.18259392252814025,7.309400705209293
ec2_network_in_257a54:2659:2675,0,rolling_32@0.95,0.18259392252814025,7.309400705209293
ec2_network_in_257a54:2667:2683,0,rolling_32@0.95,0.19968506508344352,7.309400705209293
ec2_network_in_257a54:2675:2691,0,rolling_32@0.95,0.19968506508344352,7.309400705209293
ec2_network_in_257a54:2683:2699,0,rolling_32@0.95,0.21282288260843135,7.309400705209293
ec2_network_in_257a54:2691:2707,0,rolling_32@0.95,0.21282288260843135,7.309400705209293
ec2_network_in_257a54:2699:2715,0,rolling_32@0.95,0.14926353237356124,7.309400705209293
ec2_network_in_257a54:2707:2723,0,rolling_32@0.95,0.14926353237356124,7.309400705209293
ec2_network_in_257a54:2715:2731,0,rolling_32@0.95,0.1483717048414699,7.309400705209293
ec2_network_in_257a54:2723:2739,0,rolling_32@0.95,0.1547786648232606,7.309400705209293
ec2_network_in_257a54:2731:2747,0,rolling_32@0.95,0.1547786648232606,7.309400705209293
ec2_network_in_257a54:2739:2755,0,rolling_32@0.95,0.22331627620741687,7.309400705209293
ec2_network_in_257a54:2747:2763,0,rolling_32@0.95,0.22331627620741687,7.309400705209293
ec2_network_in_257a54:2755:2771,0,rolling_32@0.95,0.1809655608153167,7.309400705209293
ec2_network_in_257a54:2763:2779,0,rolling_32@0.95,0.1824874356586368,7.309400705209293
ec2_network_in_257a54:2771:2787,0,rolling_32@0.95,0.277615705748383,7.309400705209293
ec2_network_in_257a54:2779:2795,0,rolling_32@0.95,0.277615705748383,7.309400705209293
ec2_network_in_257a54:2787:2803,0,rolling_32@0.95,0.19754645378758262,7.309400705209293
ec2_network_in_257a54:2795:2811,0,rolling_32@0.95,0.11731303456963109,7.309400705209293
ec2_network_in_257a54:2803:2819,0,rolling_32@0.95,0.20660671160116761,7.309400705209293
ec2_network_in_257a54:2811:2827,0,rolling_32@0.95,0.20660671160116761,7.309400705209293
ec2_network_in_257a54:2819:2835,0,rolling_32@0.95,0.15709031728206463,7.309400705209293
ec2_network_in_257a54:2827:2843,0,rolling_32@0.95,0.15709031728206463,7.309400705209293
ec2_network_in_257a54:2835:2851,0,rolling_32@0.95,0.30279541343305233,7.309400705209293
ec2_network_in_257a54:2843:2859,0,rolling_32@0.95,0.30279541343305233,7.309400705209293
ec2_network_in_257a54:2851:2867,0,rolling_32@0.95,0.15792890137940427,7.309400705209293
ec2_network_in_257a54:2859:2875,0,rolling_32@0.95,0.15792890137940427,7.309400705209293
ec2_network_in_257a54:2867:2883,0,rolling_32@0.95,0.19727579966092804,7.309400705209293
ec2_network_in_257a54:2875:2891,0,rolling_32@0.95,0.19727579966092804,7.309400705209293
ec2_network_in_257a54:2883:2899,0,rolling_32@0.95,0.20296397327357052,7.309400705209293
ec2_network_in_257a54:2891:2907,0,rolling_32@0.95,0.20296397327357052,7.309400705209293
ec2_network_in_257a54:2899:2915,0,rolling_32@0.95,0.13661821662002688,7.309400705209293
ec2_network_in_257a54:2907:2923,0,rolling_32@0.95,0.2141051619953687,7.309400705209293
ec2_network_in_257a54:2915:2931,0,rolling_32@0.95,0.2141051619953687,7.309400705209293
ec2_network_in_257a54:2923:2939,0,rolling_32@0.95,0.21347511468413996,7.309400705209293
ec2_network_in_257a54:2931:2947,0,rolling_32@0.95,0.1993034871343895,7.309400705209293
ec2_network_in_257a54:2939:2955,0,rolling_32@0.95,0.3352650347258118,7.309400705209293
ec2_network_in_257a54:2947:2963,0,rolling_32@0.95,0.3352650347258118,7.309400705209293
ec2_network_in_257a54:2955:2971,0,rolling_32@0.95,0.18709742971755686,7.309400705209293
ec2_network_in_257a54:2963:2979,0,rolling_32@0.95,0.25605655162683094,7.309400705209293
ec2_network_in_257a54:2971:2987,0,rolling_32@0.95,0.25605655162683094,7.309400705209293
ec2_network_in_257a54:2979:2995,0,rolling_32@0.95,0.16192215898578355,7.309400705209293
ec2_network_in_257a54:2987:3003,0,rolling_32@0.95,0.2416941351025535,7.309400705209293
ec2_network_in_257a54:2995:3011,0,rolling_32@0.95,0.2416941351025535,7.309400705209293
ec2_network_in_257a54:3003:3019,0,rolling_32@0.95,0.14906830644613825,7.309400705209293
ec2_network_in_257a54:3011:3027,0,rolling_32@0.95,0.19548327069095334,7.309400705209293
ec2_network_in_257a54:3019:3035,0,rolling_32@0.95,0.19548327069095334,7.309400705209293
ec2_network_in_257a54:3027:3043,0,rolling_32@0.95,0.14740444911014688,7.309400705209293
ec2_network_in_257a54:3035:3051,0,rolling_32@0.95,0.19896184176139928,7.309400705209293
ec2_network_in_257a54:3043:3059,0,rolling_32@0.95,0.19896184176139928,7.309400705209293
ec2_network_in_257a54:3051:3067,0,rolling_32@0.95,0.1576538102998537,7.309400705209293
ec2_network_in_257a54:3059:3075,0,rolling_32@0.95,0.21915441439099048,7.309400705209293
ec2_network_in_257a54:3067:3083,0,rolling_32@0.95,0.21915441439099048,7.309400705209293
ec2_network_in_257a54:3075:3091,0,rolling_32@0.95,0.1540110719722566,7.309400705209293
ec2_network_in_257a54:3083:3099,0,rolling_32@0.95,0.16456658291178583,7.309400705209293
ec2_network_in_257a54:3091:3107,0,rolling_32@0.95,0.16456658291178583,7.309400705209293
ec2_network_in_257a54:3099:3115,0,rolling_32@0.95,0.3012602277310443,7.309400705209293
ec2_network_in_257a54:3107:3123,0,rolling_32@0.95,0.3012602277310443,7.309400705209293
ec2_network_in_257a54:3115:3131,0,rolling_32@0.95,0.15941528059955656,7.309400705209293
ec2_network_in_257a54:3123:3139,0,rolling_32@0.95,0.19895740480850332,7.309400705209293
ec2_network_in_257a54:3131:3147,0,rolling_32@0.95,0.19895740480850332,7.309400705209293
ec2_network_in_257a54:3139:3155,0,rolling_32@0.95,0.19371292648545854,7.309400705209293
ec2_network_in_257a54:3147:3163,0,rolling_32@0.95,0.19371292648545854,7.309400705209293
ec2_network_in_257a54:3155:3171,0,rolling_32@0.95,0.18303761781773795,7.309400705209293
ec2_network_in_257a54:3163:3179,0,rolling_32@0.95,0.18033551350408797,7.309400705209293
ec2_network_in_257a54:3171:3187,0,rolling_32@0.95,0.28071713582267094,7.309400705209293
ec2_network_in_257a54:3179:3195,0,rolling_32@0.95,0.28071713582267094,7.309400705209293
ec2_network_in_257a54:3187:3203,0,rolling_32@0.95,0.17858291711017707,7.309400705209293
ec2_network_in_257a54:3195:3211,0,rolling_32@0.95,0.16851547098920533,7.309400705209293
ec2_network_in_257a54:3203:3219,0,rolling_32@0.95,0.16851547098920533,7.309400705209293
ec2_network_in_257a54:2419:2435,0,rolling_32@0.975,0.6110660267397403,12.374089259956188
ec2_network_in_257a54:2427:2443,0,rolling_32@0.975,0.5600055728128372,12.374089259956188
ec2_network_in_257a54:2435:2451,0,rolling_32@0.975,0.3189326111157206,12.374089259956188
ec2_network_in_257a54:2443:2459,0,rolling_32@0.975,0.18648069326501607,12.374089259956188
ec2_network_in_257a54:2451:2467,0,rolling_32@0.975,0.13157340117730107,12.374089259956188
ec2_network_in_257a54:2459:2475,0,rolling_32@0.975,0.2708537895349141,12.374089259956188
ec2_network_in_257a54:2467:2483,0,rolling_32@0.975,0.2708537895349141,12.374089259956188
ec2_network_in_257a54:2475:2491,0,rolling_32@0.975,0.07442544787711769,12.374089259956188
ec2_network_in_257a54:2483:2499,0,rolling_32@0.975,0.12963888971465512,12.374089259956188
ec2_network_in_257a54:2491:2507,0,rolling_32@0.975,0.19810550985247574,12.374089259956188
ec2_network_in_257a54:2499:2515,0,rolling_32@0.975,0.19810550985247574,12.374089259956188
ec2_network_in_257a54:2507:2523,0,rolling_32@0.975,0.16183785688075997,12.374089259956188
ec2_network_in_257a54:2515:2531,0,rolling_32@0.975,0.36509466904546495,12.374089259956188
ec2_network_in_257a54:2523:2539,0,rolling_32@0.975,0.36509466904546495,12.374089259956188
ec2_network_in_257a54:2531:2547,0,rolling_32@0.975,0.23195058654298806,12.374089259956188
ec2_network_in_257a54:2539:2555,0,rolling_32@0.975,0.1715991532519093,12.374089259956188
ec2_network_in_257a54:2547:2563,0,rolling_32@0.975,0.1715991532519093,12.374089259956188
ec2_network_in_257a54:2555:2571,0,rolling_32@0.975,0.20243153892605328,12.374089259956188
ec2_network_in_257a54:2563:2579,0,rolling_32@0.975,0.20243153892605328,12.374089259956188
ec2_network_in_257a54:2571:2587,0,rolling_32@0.975,0.17631119722743685,12.374089259956188
ec2_network_in_257a54:2579:2595,0,rolling_32@0.975,0.14130363887817857,12.374089259956188
ec2_network_in_257a54:2587:2603,0,rolling_32@0.975,0.31152289977943903,12.374089259956188
ec2_network_in_257a54:2595:2611,0,rolling_32@0.975,0.31152289977943903,12.374089259956188
ec2_network_in_257a54:2603:2619,0,rolling_32@0.975,0.20108714219857227,12.374089259956188
ec2_network_in_257a54:2611:2627,0,rolling_32@0.975,0.17609822348842996,12.374089259956188
ec2_network_in_257a54:2619:2635,0,rolling_32@0.975,0.27162138238591815,12.374089259956188
ec2_network_in_257a54:2627:2643,0,rolling_32@0.975,0.27162138238591815,12.374089259956188
ec2_network_in_257a54:2635:2651,0,rolling_32@0.975,0.18848619597399766,12.374089259956188
ec2_network_in_257a54:2643:2659,0,rolling_32@0.975,0.13922714492286134,12.374089259956188
ec2_network_in_257a54:2651:2667,0,rolling_32@0.975,0.18259392252814025,12.374089259956188
ec2_network_in_257a54:2659:2675,0,rolling_32@0.975,0.18259392252814025,12.374089259956188
ec2_network_in_257a54:2667:2683,0,rolling_32@0.975,0.19968506508344352,12.374089259956188
ec2_network_in_257a54:2675:2691,0,rolling_32@0.975,0.19968506508344352,12.374089259956188
ec2_network_in_257a54:2683:2699,0,rolling_32@0.975,0.21282288260843135,12.374089259956188
ec2_network_in_257a54:2691:2707,0,rolling_32@0.975,0.21282288260843135,12.374089259956188
ec2_network_in_257a54:2699:2715,0,rolling_32@0.975,0.14926353237356124,12.374089259956188
ec2_network_in_257a54:2707:2723,0,rolling_32@0.975,0.14926353237356124,12.374089259956188
ec2_network_in_257a54:2715:2731,0,rolling_32@0.975,0.1483717048414699,12.374089259956188
ec2_network_in_257a54:2723:2739,0,rolling_32@0.975,0.1547786648232606,12.374089259956188
ec2_network_in_257a54:2731:2747,0,rolling_32@0.975,0.1547786648232606,12.374089259956188
ec2_network_in_257a54:2739:2755,0,rolling_32@0.975,0.22331627620741687,12.374089259956188
ec2_network_in_257a54:2747:2763,0,rolling_32@0.975,0.22331627620741687,12.374089259956188
ec2_network_in_257a54:2755:2771,0,rolling_32@0.975,0.1809655608153167,12.374089259956188
ec2_network_in_257a54:2763:2779,0,rolling_32@0.975,0.1824874356586368,12.374089259956188
ec2_network_in_257a54:2771:2787,0,rolling_32@0.975,0.277615705748383,12.374089259956188
ec2_network_in_257a54:2779:2795,0,rolling_32@0.975,0.277615705748383,12.374089259956188
ec2_network_in_257a54:2787:2803,0,rolling_32@0.975,0.19754645378758262,12.374089259956188
ec2_network_in_257a54:2795:2811,0,rolling_32@0.975,0.11731303456963109,12.374089259956188
ec2_network_in_257a54:2803:2819,0,rolling_32@0.975,0.20660671160116761,12.374089259956188
ec2_network_in_257a54:2811:2827,0,rolling_32@0.975,0.20660671160116761,12.374089259956188
ec2_network_in_257a54:2819:2835,0,rolling_32@0.975,0.15709031728206463,12.374089259956188
ec2_network_in_257a54:2827:2843,0,rolling_32@0.975,0.15709031728206463,12.374089259956188
ec2_network_in_257a54:2835:2851,0,rolling_32@0.975,0.30279541343305233,12.374089259956188
ec2_network_in_257a54:2843:2859,0,rolling_32@0.975,0.30279541343305233,12.374089259956188
ec2_network_in_257a54:2851:2867,0,rolling_32@0.975,0.15792890137940427,12.374089259956188
ec2_network_in_257a54:2859:2875,0,rolling_32@0.975,0.15792890137940427,12.374089259956188
ec2_network_in_257a54:2867:2883,0,rolling_32@0.975,0.19727579966092804,12.374089259956188
ec2_network_in_257a54:2875:2891,0,rolling_32@0.975,0.19727579966092804,12.374089259956188
ec2_network_in_257a54:2883:2899,0,rolling_32@0.975,0.20296397327357052,12.374089259956188
ec2_network_in_257a54:2891:2907,0,rolling_32@0.975,0.20296397327357052,12.374089259956188
ec2_network_in_257a54:2899:2915,0,rolling_32@0.975,0.13661821662002688,12.374089259956188
ec2_network_in_257a54:2907:2923,0,rolling_32@0.975,0.2141051619953687,12.374089259956188
ec2_network_in_257a54:2915:2931,0,rolling_32@0.975,0.2141051619953687,12.374089259956188
ec2_network_in_257a54:2923:2939,0,rolling_32@0.975,0.21347511468413996,12.374089259956188
ec2_network_in_257a54:2931:2947,0,rolling_32@0.975,0.1993034871343895,12.374089259956188
ec2_network_in_257a54:2939:2955,0,rolling_32@0.975,0.3352650347258118,12.374089259956188
ec2_network_in_257a54:2947:2963,0,rolling_32@0.975,0.3352650347258118,12.374089259956188
ec2_network_in_257a54:2955:2971,0,rolling_32@0.975,0.18709742971755686,12.374089259956188
ec2_network_in_257a54:2963:2979,0,rolling_32@0.975,0.25605655162683094,12.374089259956188
ec2_network_in_257a54:2971:2987,0,rolling_32@0.975,0.25605655162683094,12.374089259956188
ec2_network_in_257a54:2979:2995,0,rolling_32@0.975,0.16192215898578355,12.374089259956188
ec2_network_in_257a54:2987:3003,0,rolling_32@0.975,0.2416941351025535,12.374089259956188
ec2_network_in_257a54:2995:3011,0,rolling_32@0.975,0.2416941351025535,12.374089259956188
ec2_network_in_257a54:3003:3019,0,rolling_32@0.975,0.14906830644613825,12.374089259956188
ec2_network_in_257a54:3011:3027,0,rolling_32@0.975,0.19548327069095334,12.374089259956188
ec2_network_in_257a54:3019:3035,0,rolling_32@0.975,0.19548327069095334,12.374089259956188
ec2_network_in_257a54:3027:3043,0,rolling_32@0.975,0.14740444911014688,12.374089259956188
ec2_network_in_257a54:3035:3051,0,rolling_32@0.975,0.19896184176139928,12.374089259956188
ec2_network_in_257a54:3043:3059,0,rolling_32@0.975,0.19896184176139928,12.374089259956188
ec2_network_in_257a54:3051:3067,0,rolling_32@0.975,0.1576538102998537,12.374089259956188
ec2_network_in_257a54:3059:3075,0,rolling_32@0.975,0.21915441439099048,12.374089259956188
ec2_network_in_257a54:3067:3083,0,rolling_32@0.975,0.21915441439099048,12.374089259956188
ec2_network_in_257a54:3075:3091,0,rolling_32@0.975,0.1540110719722566,12.374089259956188
ec2_network_in_257a54:3083:3099,0,rolling_32@0.975,0.16456658291178583,12.374089259956188
ec2_network_in_257a54:3091:3107,0,rolling_32@0.975,0.16456658291178583,12.374089259956188
ec2_network_in_257a54:3099:3115,0,rolling_32@0.975,0.3012602277310443,12.374089259956188
ec2_network_in_257a54:3107:3123,0,rolling_32@0.975,0.3012602277310443,12.374089259956188
ec2_network_in_257a54:3115:3131,0,rolling_32@0.975,0.15941528059955656,12.374089259956188
ec2_network_in_257a54:3123:3139,0,rolling_32@0.975,0.19895740480850332,12.374089259956188
ec2_network_in_257a54:3131:3147,0,rolling_32@0.975,0.19895740480850332,12.374089259956188
ec2_network_in_257a54:3139:3155,0,rolling_32@0.975,0.19371292648545854,12.374089259956188
ec2_network_in_257a54:3147:3163,0,rolling_32@0.975,0.19371292648545854,12.374089259956188
ec2_network_in_257a54:3155:3171,0,rolling_32@0.975,0.18303761781773795,12.374089259956188
ec2_network_in_257a54:3163:3179,0,rolling_32@0.975,0.18033551350408797,12.374089259956188
ec2_network_in_257a54:3171:3187,0,rolling_32@0.975,0.28071713582267094,12.374089259956188
ec2_network_in_257a54:3179:3195,0,rolling_32@0.975,0.28071713582267094,12.374089259956188
ec2_network_in_257a54:3187:3203,0,rolling_32@0.975,0.17858291711017707,12.374089259956188
ec2_network_in_257a54:3195:3211,0,rolling_32@0.975,0.16851547098920533,12.374089259956188
ec2_network_in_257a54:3203:3219,0,rolling_32@0.975,0.16851547098920533,12.374089259956188
ec2_network_in_257a54:2419:2435,0,rolling_32@0.99,0.6110660267397403,12.374089259956188
ec2_network_in_257a54:2427:2443,0,rolling_32@0.99,0.5600055728128372,12.374089259956188
ec2_network_in_257a54:2435:2451,0,rolling_32@0.99,0.3189326111157206,12.374089259956188
ec2_network_in_257a54:2443:2459,0,rolling_32@0.99,0.18648069326501607,12.374089259956188
ec2_network_in_257a54:2451:2467,0,rolling_32@0.99,0.13157340117730107,12.374089259956188
ec2_network_in_257a54:2459:2475,0,rolling_32@0.99,0.2708537895349141,12.374089259956188
ec2_network_in_257a54:2467:2483,0,rolling_32@0.99,0.2708537895349141,12.374089259956188
ec2_network_in_257a54:2475:2491,0,rolling_32@0.99,0.07442544787711769,12.374089259956188
ec2_network_in_257a54:2483:2499,0,rolling_32@0.99,0.12963888971465512,12.374089259956188
ec2_network_in_257a54:2491:2507,0,rolling_32@0.99,0.19810550985247574,12.374089259956188
ec2_network_in_257a54:2499:2515,0,rolling_32@0.99,0.19810550985247574,12.374089259956188
ec2_network_in_257a54:2507:2523,0,rolling_32@0.99,0.16183785688075997,12.374089259956188
ec2_network_in_257a54:2515:2531,0,rolling_32@0.99,0.36509466904546495,12.374089259956188
ec2_network_in_257a54:2523:2539,0,rolling_32@0.99,0.36509466904546495,12.374089259956188
ec2_network_in_257a54:2531:2547,0,rolling_32@0.99,0.23195058654298806,12.374089259956188
ec2_network_in_257a54:2539:2555,0,rolling_32@0.99,0.1715991532519093,12.374089259956188
ec2_network_in_257a54:2547:2563,0,rolling_32@0.99,0.1715991532519093,12.374089259956188
ec2_network_in_257a54:2555:2571,0,rolling_32@0.99,0.20243153892605328,12.374089259956188
ec2_network_in_257a54:2563:2579,0,rolling_32@0.99,0.20243153892605328,12.374089259956188
ec2_network_in_257a54:2571:2587,0,rolling_32@0.99,0.17631119722743685,12.374089259956188
ec2_network_in_257a54:2579:2595,0,rolling_32@0.99,0.14130363887817857,12.374089259956188
ec2_network_in_257a54:2587:2603,0,rolling_32@0.99,0.31152289977943903,12.374089259956188
ec2_network_in_257a54:2595:2611,0,rolling_32@0.99,0.31152289977943903,12.374089259956188
ec2_network_in_257a54:2603:2619,0,rolling_32@0.99,0.20108714219857227,12.374089259956188
ec2_network_in_257a54:2611:2627,0,rolling_32@0.99,0.17609822348842996,12.374089259956188
ec2_network_in_257a54:2619:2635,0,rolling_32@0.99,0.27162138238591815,12.374089259956188
ec2_network_in_257a54:2627:2643,0,rolling_32@0.99,0.27162138238591815,12.374089259956188
ec2_network_in_257a54:2635:2651,0,rolling_32@0.99,0.18848619597399766,12.374089259956188
ec2_network_in_257a54:2643:2659,0,rolling_32@0.99,0.13922714492286134,12.374089259956188
ec2_network_in_257a54:2651:2667,0,rolling_32@0.99,0.18259392252814025,12.374089259956188
ec2_network_in_257a54:2659:2675,0,rolling_32@0.99,0.18259392252814025,12.374089259956188
ec2_network_in_257a54:2667:2683,0,rolling_32@0.99,0.19968506508344352,12.374089259956188
ec2_network_in_257a54:2675:2691,0,rolling_32@0.99,0.19968506508344352,12.374089259956188
ec2_network_in_257a54:2683:2699,0,rolling_32@0.99,0.21282288260843135,12.374089259956188
ec2_network_in_257a54:2691:2707,0,rolling_32@0.99,0.21282288260843135,12.374089259956188
ec2_network_in_257a54:2699:2715,0,rolling_32@0.99,0.14926353237356124,12.374089259956188
ec2_network_in_257a54:2707:2723,0,rolling_32@0.99,0.14926353237356124,12.374089259956188
ec2_network_in_257a54:2715:2731,0,rolling_32@0.99,0.1483717048414699,12.374089259956188
ec2_network_in_257a54:2723:2739,0,rolling_32@0.99,0.1547786648232606,12.374089259956188
ec2_network_in_257a54:2731:2747,0,rolling_32@0.99,0.1547786648232606,12.374089259956188
ec2_network_in_257a54:2739:2755,0,rolling_32@0.99,0.22331627620741687,12.374089259956188
ec2_network_in_257a54:2747:2763,0,rolling_32@0.99,0.22331627620741687,12.374089259956188
ec2_network_in_257a54:2755:2771,0,rolling_32@0.99,0.1809655608153167,12.374089259956188
ec2_network_in_257a54:2763:2779,0,rolling_32@0.99,0.1824874356586368,12.374089259956188
ec2_network_in_257a54:2771:2787,0,rolling_32@0.99,0.277615705748383,12.374089259956188
ec2_network_in_257a54:2779:2795,0,rolling_32@0.99,0.277615705748383,12.374089259956188
ec2_network_in_257a54:2787:2803,0,rolling_32@0.99,0.19754645378758262,12.374089259956188
ec2_network_in_257a54:2795:2811,0,rolling_32@0.99,0.11731303456963109,12.374089259956188
ec2_network_in_257a54:2803:2819,0,rolling_32@0.99,0.20660671160116761,12.374089259956188
ec2_network_in_257a54:2811:2827,0,rolling_32@0.99,0.20660671160116761,12.374089259956188
ec2_network_in_257a54:2819:2835,0,rolling_32@0.99,0.15709031728206463,12.374089259956188
ec2_network_in_257a54:2827:2843,0,rolling_32@0.99,0.15709031728206463,12.374089259956188
ec2_network_in_257a54:2835:2851,0,rolling_32@0.99,0.30279541343305233,12.374089259956188
ec2_network_in_257a54:2843:2859,0,rolling_32@0.99,0.30279541343305233,12.374089259956188
ec2_network_in_257a54:2851:2867,0,rolling_32@0.99,0.15792890137940427,12.374089259956188
ec2_network_in_257a54:2859:2875,0,rolling_32@0.99,0.15792890137940427,12.374089259956188
ec2_network_in_257a54:2867:2883,0,rolling_32@0.99,0.19727579966092804,12.374089259956188
ec2_network_in_257a54:2875:2891,0,rolling_32@0.99,0.19727579966092804,12.374089259956188
ec2_network_in_257a54:2883:2899,0,rolling_32@0.99,0.20296397327357052,12.374089259956188
ec2_network_in_257a54:2891:2907,0,rolling_32@0.99,0.20296397327357052,12.374089259956188
ec2_network_in_257a54:2899:2915,0,rolling_32@0.99,0.13661821662002688,12.374089259956188
ec2_network_in_257a54:2907:2923,0,rolling_32@0.99,0.2141051619953687,12.374089259956188
ec2_network_in_257a54:2915:2931,0,rolling_32@0.99,0.2141051619953687,12.374089259956188
ec2_network_in_257a54:2923:2939,0,rolling_32@0.99,0.21347511468413996,12.374089259956188
ec2_network_in_257a54:2931:2947,0,rolling_32@0.99,0.1993034871343895,12.374089259956188
ec2_network_in_257a54:2939:2955,0,rolling_32@0.99,0.3352650347258118,12.374089259956188
ec2_network_in_257a54:2947:2963,0,rolling_32@0.99,0.3352650347258118,12.374089259956188
ec2_network_in_257a54:2955:2971,0,rolling_32@0.99,0.18709742971755686,12.374089259956188
ec2_network_in_257a54:2963:2979,0,rolling_32@0.99,0.25605655162683094,12.374089259956188
ec2_network_in_257a54:2971:2987,0,rolling_32@0.99,0.25605655162683094,12.374089259956188
ec2_network_in_257a54:2979:2995,0,rolling_32@0.99,0.16192215898578355,12.374089259956188
ec2_network_in_257a54:2987:3003,0,rolling_32@0.99,0.2416941351025535,12.374089259956188
ec2_network_in_257a54:2995:3011,0,rolling_32@0.99,0.2416941351025535,12.374089259956188
ec2_network_in_257a54:3003:3019,0,rolling_32@0.99,0.14906830644613825,12.374089259956188
ec2_network_in_257a54:3011:3027,0,rolling_32@0.99,0.19548327069095334,12.374089259956188
ec2_network_in_257a54:3019:3035,0,rolling_32@0.99,0.19548327069095334,12.374089259956188
ec2_network_in_257a54:3027:3043,0,rolling_32@0.99,0.14740444911014688,12.374089259956188
ec2_network_in_257a54:3035:3051,0,rolling_32@0.99,0.19896184176139928,12.374089259956188
ec2_network_in_257a54:3043:3059,0,rolling_32@0.99,0.19896184176139928,12.374089259956188
ec2_network_in_257a54:3051:3067,0,rolling_32@0.99,0.1576538102998537,12.374089259956188
ec2_network_in_257a54:3059:3075,0,rolling_32@0.99,0.21915441439099048,12.374089259956188
ec2_network_in_257a54:3067:3083,0,rolling_32@0.99,0.21915441439099048,12.374089259956188
ec2_network_in_257a54:3075:3091,0,rolling_32@0.99,0.1540110719722566,12.374089259956188
ec2_network_in_257a54:3083:3099,0,rolling_32@0.99,0.16456658291178583,12.374089259956188
ec2_network_in_257a54:3091:3107,0,rolling_32@0.99,0.16456658291178583,12.374089259956188
ec2_network_in_257a54:3099:3115,0,rolling_32@0.99,0.3012602277310443,12.374089259956188
ec2_network_in_257a54:3107:3123,0,rolling_32@0.99,0.3012602277310443,12.374089259956188
ec2_network_in_257a54:3115:3131,0,rolling_32@0.99,0.15941528059955656,12.374089259956188
ec2_network_in_257a54:3123:3139,0,rolling_32@0.99,0.19895740480850332,12.374089259956188
ec2_network_in_257a54:3131:3147,0,rolling_32@0.99,0.19895740480850332,12.374089259956188
ec2_network_in_257a54:3139:3155,0,rolling_32@0.99,0.19371292648545854,12.374089259956188
ec2_network_in_257a54:3147:3163,0,rolling_32@0.99,0.19371292648545854,12.374089259956188
ec2_network_in_257a54:3155:3171,0,rolling_32@0.99,0.18303761781773795,12.374089259956188
ec2_network_in_257a54:3163:3179,0,rolling_32@0.99,0.18033551350408797,12.374089259956188
ec2_network_in_257a54:3171:3187,0,rolling_32@0.99,0.28071713582267094,12.374089259956188
ec2_network_in_257a54:3179:3195,0,rolling_32@0.99,0.28071713582267094,12.374089259956188
ec2_network_in_257a54:3187:3203,0,rolling_32@0.99,0.17858291711017707,12.374089259956188
ec2_network_in_257a54:3195:3211,0,rolling_32@0.99,0.16851547098920533,12.374089259956188
ec2_network_in_257a54:3203:3219,0,rolling_32@0.99,0.16851547098920533,12.374089259956188
ec2_network_in_257a54:2419:2435,0,rolling_64@0.95,0.6110660267397403,7.5517603832462425
ec2_network_in_257a54:2427:2443,0,rolling_64@0.95,0.5600055728128372,7.5517603832462425
ec2_network_in_257a54:2435:2451,0,rolling_64@0.95,0.4366227866815097,7.5517603832462425
ec2_network_in_257a54:2443:2459,0,rolling_64@0.95,0.4094153915233789,7.5517603832462425
ec2_network_in_257a54:2451:2467,0,rolling_64@0.95,0.31512570553097236,7.5517603832462425
ec2_network_in_257a54:2459:2475,0,rolling_64@0.95,0.23272261634688804,7.5517603832462425
ec2_network_in_257a54:2467:2483,0,rolling_64@0.95,0.23272261634688804,7.5517603832462425
ec2_network_in_257a54:2475:2491,0,rolling_64@0.95,0.0753882666555447,7.5517603832462425
ec2_network_in_257a54:2483:2499,0,rolling_64@0.95,0.11670960897577821,7.5517603832462425
ec2_network_in_257a54:2491:2507,0,rolling_64@0.95,0.19222211031241027,7.5517603832462425
ec2_network_in_257a54:2499:2515,0,rolling_64@0.95,0.19222211031241027,7.5517603832462425
ec2_network_in_257a54:2507:2523,0,rolling_64@0.95,0.14621978268692104,7.5517603832462425
ec2_network_in_257a54:2515:2531,0,rolling_64@0.95,0.3648417627303943,7.5517603832462425
ec2_network_in_257a54:2523:2539,0,rolling_64@0.95,0.3648417627303943,7.5517603832462425
ec2_network_in_257a54:2531:2547,0,rolling_64@0.95,0.2354868380010817,7.5517603832462425
ec2_network_in_257a54:2539:2555,0,rolling_64@0.95,0.15928217201267725,7.5517603832462425
ec2_network_in_257a54:2547:2563,0,rolling_64@0.95,0.15928217201267725,7.5517603832462425
ec2_network_in_257a54:2555:2571,0,rolling_64@0.95,0.19297639230472635,7.5517603832462425
ec2_network_in_257a54:2563:2579,0,rolling_64@0.95,0.19297639230472635,7.5517603832462425
ec2_network_in_257a54:2571:2587,0,rolling_64@0.95,0.18033551350408797,7.5517603832462425
ec2_network_in_257a54:2579:2595,0,rolling_64@0.95,0.12869381874781202,7.5517603832462425
ec2_network_in_257a54:2587:2603,0,rolling_64@0.95,0.2873725651666364,7.5517603832462425
ec2_network_in_257a54:2595:2611,0,rolling_64@0.95,0.2873725651666364,7.5517603832462425
ec2_network_in_257a54:2603:2619,0,rolling_64@0.95,0.2113675620585509,7.5517603832462425
ec2_network_in_257a54:2611:2627,0,rolling_64@0.95,0.1839116975382454,7.5517603832462425
ec2_network_in_257a54:2619:2635,0,rolling_64@0.95,0.27025923784685324,7.5517603832462425
ec2_network_in_257a54:2627:2643,0,rolling_64@0.95,0.27025923784685324,7.5517603832462425
ec2_network_in_257a54:2635:2651,0,rolling_64@0.95,0.16330205133643239,7.5517603832462425
ec2_network_in_257a54:2643:2659,0,rolling_64@0.95,0.14843825913490952,7.5517603832462425
ec2_network_in_257a54:2651:2667,0,rolling_64@0.95,0.18259392252814025,7.5517603832462425
ec2_network_in_257a54:2659:2675,0,rolling_64@0.95,0.18259392252814025,7.5517603832462425
ec2_network_in_257a54:2667:2683,0,rolling_64@0.95,0.2066111485540636,7.5517603832462425
ec2_network_in_257a54:2675:2691,0,rolling_64@0.95,0.2066111485540636,7.5517603832462425
ec2_network_in_257a54:2683:2699,0,rolling_64@0.95,0.21282288260843135,7.5517603832462425
ec2_network_in_257a54:2691:2707,0,rolling_64@0.95,0.21282288260843135,7.5517603832462425
ec2_network_in_257a54:2699:2715,0,rolling_64@0.95,0.14874884583762793,7.5517603832462425
ec2_network_in_257a54:2707:2723,0,rolling_64@0.95,0.14874884583762793,7.5517603832462425
ec2_network_in_257a54:2715:2731,0,rolling_64@0.95,0.1324563548036005,7.5517603832462425
ec2_network_in_257a54:2723:2739,0,rolling_64@0.95,0.1490239369171785,7.5517603832462425
ec2_network_in_257a54:2731:2747,0,rolling_64@0.95,0.1490239369171785,7.5517603832462425
ec2_network_in_257a54:2739:2755,0,rolling_64@0.95,0.20806203215104804,7.5517603832462425
ec2_network_in_257a54:2747:2763,0,rolling_64@0.95,0.20806203215104804,7.5517603832462425
ec2_network_in_257a54:2755:2771,0,rolling_64@0.95,0.14542556811854118,7.5517603832462425
ec2_network_in_257a54:2763:2779,0,rolling_64@0.95,0.18503424662092757,7.5517603832462425
ec2_network_in_257a54:2771:2787,0,rolling_64@0.95,0.26778341813089807,7.5517603832462425
ec2_network_in_257a54:2779:2795,0,rolling_64@0.95,0.26778341813089807,7.5517603832462425
ec2_network_in_257a54:2787:2803,0,rolling_64@0.95,0.19754645378758262,7.5517603832462425
ec2_network_in_257a54:2795:2811,0,rolling_64@0.95,0.11622598111011673,7.5517603832462425
ec2_network_in_257a54:2803:2819,0,rolling_64@0.95,0.20954397441830436,7.5517603832462425
ec2_network_in_257a54:2811:2827,0,rolling_64@0.95,0.20954397441830436,7.5517603832462425
ec2_network_in_257a54:2819:2835,0,rolling_64@0.95,0.17530844587294606,7.5517603832462425
ec2_network_in_257a54:2827:2843,0,rolling_64@0.95,0.17530844587294606,7.5517603832462425
ec2_network_in_257a54:2835:2851,0,rolling_64@0.95,0.3032967891102977,7.5517603832462425
ec2_network_in_257a54:2843:2859,0,rolling_64@0.95,0.3032967891102977,7.5517603832462425
ec2_network_in_257a54:2851:2867,0,rolling_64@0.95,0.15792890137940427,7.5517603832462425
ec2_network_in_257a54:2859:2875,0,rolling_64@0.95,0.15792890137940427,7.5517603832462425
ec2_network_in_257a54:2867:2883,0,rolling_64@0.95,0.20748966522746704,7.5517603832462425
ec2_network_in_257a54:2875:2891,0,rolling_64@0.95,0.20748966522746704,7.5517603832462425
ec2_network_in_257a54:2883:2899,0,rolling_64@0.95,0.21413178371274455,7.5517603832462425
ec2_network_in_257a54:2891:2907,0,rolling_64@0.95,0.21413178371274455,7.5517603832462425
ec2_network_in_257a54:2899:2915,0,rolling_64@0.95,0.13047303685909878,7.5517603832462425
ec2_network_in_257a54:2907:2923,0,rolling_64@0.95,0.20150865272369006,7.5517603832462425
ec2_network_in_257a54:2915:2931,0,rolling_64@0.95,0.20150865272369006,7.5517603832462425
ec2_network_in_257a54:2923:2939,0,rolling_64@0.95,0.1943385368437913,7.5517603832462425
ec2_network_in_257a54:2931:2947,0,rolling_64@0.95,0.1870530601885971,7.5517603832462425
ec2_network_in_257a54:2939:2955,0,rolling_64@0.95,0.3433092303262181,7.5517603832462425
ec2_network_in_257a54:2947:2963,0,rolling_64@0.95,0.3433092303262181,7.5517603832462425
ec2_network_in_257a54:2955:2971,0,rolling_64@0.95,0.19894409394981538,7.5517603832462425
ec2_network_in_257a54:2963:2979,0,rolling_64@0.95,0.2759695962239756,7.5517603832462425
ec2_network_in_257a54:2971:2987,0,rolling_64@0.95,0.2759695962239756,7.5517603832462425
ec2_network_in_257a54:2979:2995,0,rolling_64@0.95,0.13608134531961366,7.5517603832462425
ec2_network_in_257a54:2987:3003,0,rolling_64@0.95,0.2451593953143115,7.5517603832462425
ec2_network_in_257a54:2995:3011,0,rolling_64@0.95,0.2451593953143115,7.5517603832462425
ec2_network_in_257a54:3003:3019,0,rolling_64@0.95,0.14906830644613825,7.5517603832462425
ec2_network_in_257a54:3011:3027,0,rolling_64@0.95,0.18759880539480228,7.5517603832462425
ec2_network_in_257a54:3019:3035,0,rolling_64@0.95,0.18759880539480228,7.5517603832462425
ec2_network_in_257a54:3027:3043,0,rolling_64@0.95,0.14893076090636298,7.5517603832462425
ec2_network_in_257a54:3035:3051,0,rolling_64@0.95,0.18673803653298274,7.5517603832462425
ec2_network_in_257a54:3043:3059,0,rolling_64@0.95,0.18673803653298274,7.5517603832462425
ec2_network_in_257a54:3051:3067,0,rolling_64@0.95,0.16153614408383354,7.5517603832462425
ec2_network_in_257a54:3059:3075,0,rolling_64@0.95,0.2115583510330779,7.5517603832462425
ec2_network_in_257a54:3067:3083,0,rolling_64@0.95,0.2115583510330779,7.5517603832462425
ec2_network_in_257a54:3075:3091,0,rolling_64@0.95,0.1495652451704877,7.5517603832462425
ec2_network_in_257a54:3083:3099,0,rolling_64@0.95,0.16812945608725532,7.5517603832462425
ec2_network_in_257a54:3091:3107,0,rolling_64@0.95,0.16812945608725532,7.5517603832462425
ec2_network_in_257a54:3099:3115,0,rolling_64@0.95,0.3188749307280729,7.5517603832462425
ec2_network_in_257a54:3107:3123,0,rolling_64@0.95,0.3188749307280729,7.5517603832462425
ec2_network_in_257a54:3115:3131,0,rolling_64@0.95,0.16780999547874498,7.5517603832462425
ec2_network_in_257a54:3123:3139,0,rolling_64@0.95,0.19895740480850332,7.5517603832462425
ec2_network_in_257a54:3131:3147,0,rolling_64@0.95,0.19895740480850332,7.5517603832462425
ec2_network_in_257a54:3139:3155,0,rolling_64@0.95,0.19371292648545854,7.5517603832462425
ec2_network_in_257a54:3147:3163,0,rolling_64@0.95,0.19371292648545854,7.5517603832462425
ec2_network_in_257a54:3155:3171,0,rolling_64@0.95,0.1778419459765489,7.5517603832462425
ec2_network_in_257a54:3163:3179,0,rolling_64@0.95,0.1756279064814564,7.5517603832462425
ec2_network_in_257a54:3171:3187,0,rolling_64@0.95,0.27996729078325083,7.5517603832462425
ec2_network_in_257a54:3179:3195,0,rolling_64@0.95,0.27996729078325083,7.5517603832462425
ec2_network_in_257a54:3187:3203,0,rolling_64@0.95,0.18652506279397585,7.5517603832462425
ec2_network_in_257a54:3195:3211,0,rolling_64@0.95,0.1820836729451029,7.5517603832462425
ec2_network_in_257a54:3203:3219,0,rolling_64@0.95,0.1820836729451029,7.5517603832462425
ec2_network_in_257a54:2419:2435,0,rolling_64@0.975,0.6110660267397403,12.402814093004743
ec2_network_in_257a54:2427:2443,0,rolling_64@0.975,0.5600055728128372,12.402814093004743
ec2_network_in_257a54:2435:2451,0,rolling_64@0.975,0.4366227866815097,12.402814093004743
ec2_network_in_257a54:2443:2459,0,rolling_64@0.975,0.4094153915233789,12.402814093004743
ec2_network_in_257a54:2451:2467,0,rolling_64@0.975,0.31512570553097236,12.402814093004743
ec2_network_in_257a54:2459:2475,0,rolling_64@0.975,0.23272261634688804,12.402814093004743
ec2_network_in_257a54:2467:2483,0,rolling_64@0.975,0.23272261634688804,12.402814093004743
ec2_network_in_257a54:2475:2491,0,rolling_64@0.975,0.0753882666555447,12.402814093004743
ec2_network_in_257a54:2483:2499,0,rolling_64@0.975,0.11670960897577821,12.402814093004743
ec2_network_in_257a54:2491:2507,0,rolling_64@0.975,0.19222211031241027,12.402814093004743
ec2_network_in_257a54:2499:2515,0,rolling_64@0.975,0.19222211031241027,12.402814093004743
ec2_network_in_257a54:2507:2523,0,rolling_64@0.975,0.14621978268692104,12.402814093004743
ec2_network_in_257a54:2515:2531,0,rolling_64@0.975,0.3648417627303943,12.402814093004743
ec2_network_in_257a54:2523:2539,0,rolling_64@0.975,0.3648417627303943,12.402814093004743
ec2_network_in_257a54:2531:2547,0,rolling_64@0.975,0.2354868380010817,12.402814093004743
ec2_network_in_257a54:2539:2555,0,rolling_64@0.975,0.15928217201267725,12.402814093004743
ec2_network_in_257a54:2547:2563,0,rolling_64@0.975,0.15928217201267725,12.402814093004743
ec2_network_in_257a54:2555:2571,0,rolling_64@0.975,0.19297639230472635,12.402814093004743
ec2_network_in_257a54:2563:2579,0,rolling_64@0.975,0.19297639230472635,12.402814093004743
ec2_network_in_257a54:2571:2587,0,rolling_64@0.975,0.18033551350408797,12.402814093004743
ec2_network_in_257a54:2579:2595,0,rolling_64@0.975,0.12869381874781202,12.402814093004743
ec2_network_in_257a54:2587:2603,0,rolling_64@0.975,0.2873725651666364,12.402814093004743
ec2_network_in_257a54:2595:2611,0,rolling_64@0.975,0.2873725651666364,12.402814093004743
ec2_network_in_257a54:2603:2619,0,rolling_64@0.975,0.2113675620585509,12.402814093004743
ec2_network_in_257a54:2611:2627,0,rolling_64@0.975,0.1839116975382454,12.402814093004743
ec2_network_in_257a54:2619:2635,0,rolling_64@0.975,0.27025923784685324,12.402814093004743
ec2_network_in_257a54:2627:2643,0,rolling_64@0.975,0.27025923784685324,12.402814093004743
ec2_network_in_257a54:2635:2651,0,rolling_64@0.975,0.16330205133643239,12.402814093004743
ec2_network_in_257a54:2643:2659,0,rolling_64@0.975,0.14843825913490952,12.402814093004743
ec2_network_in_257a54:2651:2667,0,rolling_64@0.975,0.18259392252814025,12.402814093004743
ec2_network_in_257a54:2659:2675,0,rolling_64@0.975,0.18259392252814025,12.402814093004743
ec2_network_in_257a54:2667:2683,0,rolling_64@0.975,0.2066111485540636,12.402814093004743
ec2_network_in_257a54:2675:2691,0,rolling_64@0.975,0.2066111485540636,12.402814093004743
ec2_network_in_257a54:2683:2699,0,rolling_64@0.975,0.21282288260843135,12.402814093004743
ec2_network_in_257a54:2691:2707,0,rolling_64@0.975,0.21282288260843135,12.402814093004743
ec2_network_in_257a54:2699:2715,0,rolling_64@0.975,0.14874884583762793,12.402814093004743
ec2_network_in_257a54:2707:2723,0,rolling_64@0.975,0.14874884583762793,12.402814093004743
ec2_network_in_257a54:2715:2731,0,rolling_64@0.975,0.1324563548036005,12.402814093004743
ec2_network_in_257a54:2723:2739,0,rolling_64@0.975,0.1490239369171785,12.402814093004743
ec2_network_in_257a54:2731:2747,0,rolling_64@0.975,0.1490239369171785,12.402814093004743
ec2_network_in_257a54:2739:2755,0,rolling_64@0.975,0.20806203215104804,12.402814093004743
ec2_network_in_257a54:2747:2763,0,rolling_64@0.975,0.20806203215104804,12.402814093004743
ec2_network_in_257a54:2755:2771,0,rolling_64@0.975,0.14542556811854118,12.402814093004743
ec2_network_in_257a54:2763:2779,0,rolling_64@0.975,0.18503424662092757,12.402814093004743
ec2_network_in_257a54:2771:2787,0,rolling_64@0.975,0.26778341813089807,12.402814093004743
ec2_network_in_257a54:2779:2795,0,rolling_64@0.975,0.26778341813089807,12.402814093004743
ec2_network_in_257a54:2787:2803,0,rolling_64@0.975,0.19754645378758262,12.402814093004743
ec2_network_in_257a54:2795:2811,0,rolling_64@0.975,0.11622598111011673,12.402814093004743
ec2_network_in_257a54:2803:2819,0,rolling_64@0.975,0.20954397441830436,12.402814093004743
ec2_network_in_257a54:2811:2827,0,rolling_64@0.975,0.20954397441830436,12.402814093004743
ec2_network_in_257a54:2819:2835,0,rolling_64@0.975,0.17530844587294606,12.402814093004743
ec2_network_in_257a54:2827:2843,0,rolling_64@0.975,0.17530844587294606,12.402814093004743
ec2_network_in_257a54:2835:2851,0,rolling_64@0.975,0.3032967891102977,12.402814093004743
ec2_network_in_257a54:2843:2859,0,rolling_64@0.975,0.3032967891102977,12.402814093004743
ec2_network_in_257a54:2851:2867,0,rolling_64@0.975,0.15792890137940427,12.402814093004743
ec2_network_in_257a54:2859:2875,0,rolling_64@0.975,0.15792890137940427,12.402814093004743
ec2_network_in_257a54:2867:2883,0,rolling_64@0.975,0.20748966522746704,12.402814093004743
ec2_network_in_257a54:2875:2891,0,rolling_64@0.975,0.20748966522746704,12.402814093004743
ec2_network_in_257a54:2883:2899,0,rolling_64@0.975,0.21413178371274455,12.402814093004743
ec2_network_in_257a54:2891:2907,0,rolling_64@0.975,0.21413178371274455,12.402814093004743
ec2_network_in_257a54:2899:2915,0,rolling_64@0.975,0.13047303685909878,12.402814093004743
ec2_network_in_257a54:2907:2923,0,rolling_64@0.975,0.20150865272369006,12.402814093004743
ec2_network_in_257a54:2915:2931,0,rolling_64@0.975,0.20150865272369006,12.402814093004743
ec2_network_in_257a54:2923:2939,0,rolling_64@0.975,0.1943385368437913,12.402814093004743
ec2_network_in_257a54:2931:2947,0,rolling_64@0.975,0.1870530601885971,12.402814093004743
ec2_network_in_257a54:2939:2955,0,rolling_64@0.975,0.3433092303262181,12.402814093004743
ec2_network_in_257a54:2947:2963,0,rolling_64@0.975,0.3433092303262181,12.402814093004743
ec2_network_in_257a54:2955:2971,0,rolling_64@0.975,0.19894409394981538,12.402814093004743
ec2_network_in_257a54:2963:2979,0,rolling_64@0.975,0.2759695962239756,12.402814093004743
ec2_network_in_257a54:2971:2987,0,rolling_64@0.975,0.2759695962239756,12.402814093004743
ec2_network_in_257a54:2979:2995,0,rolling_64@0.975,0.13608134531961366,12.402814093004743
ec2_network_in_257a54:2987:3003,0,rolling_64@0.975,0.2451593953143115,12.402814093004743
ec2_network_in_257a54:2995:3011,0,rolling_64@0.975,0.2451593953143115,12.402814093004743
ec2_network_in_257a54:3003:3019,0,rolling_64@0.975,0.14906830644613825,12.402814093004743
ec2_network_in_257a54:3011:3027,0,rolling_64@0.975,0.18759880539480228,12.402814093004743
ec2_network_in_257a54:3019:3035,0,rolling_64@0.975,0.18759880539480228,12.402814093004743
ec2_network_in_257a54:3027:3043,0,rolling_64@0.975,0.14893076090636298,12.402814093004743
ec2_network_in_257a54:3035:3051,0,rolling_64@0.975,0.18673803653298274,12.402814093004743
ec2_network_in_257a54:3043:3059,0,rolling_64@0.975,0.18673803653298274,12.402814093004743
ec2_network_in_257a54:3051:3067,0,rolling_64@0.975,0.16153614408383354,12.402814093004743
ec2_network_in_257a54:3059:3075,0,rolling_64@0.975,0.2115583510330779,12.402814093004743
ec2_network_in_257a54:3067:3083,0,rolling_64@0.975,0.2115583510330779,12.402814093004743
ec2_network_in_257a54:3075:3091,0,rolling_64@0.975,0.1495652451704877,12.402814093004743
ec2_network_in_257a54:3083:3099,0,rolling_64@0.975,0.16812945608725532,12.402814093004743
ec2_network_in_257a54:3091:3107,0,rolling_64@0.975,0.16812945608725532,12.402814093004743
ec2_network_in_257a54:3099:3115,0,rolling_64@0.975,0.3188749307280729,12.402814093004743
ec2_network_in_257a54:3107:3123,0,rolling_64@0.975,0.3188749307280729,12.402814093004743
ec2_network_in_257a54:3115:3131,0,rolling_64@0.975,0.16780999547874498,12.402814093004743
ec2_network_in_257a54:3123:3139,0,rolling_64@0.975,0.19895740480850332,12.402814093004743
ec2_network_in_257a54:3131:3147,0,rolling_64@0.975,0.19895740480850332,12.402814093004743
ec2_network_in_257a54:3139:3155,0,rolling_64@0.975,0.19371292648545854,12.402814093004743
ec2_network_in_257a54:3147:3163,0,rolling_64@0.975,0.19371292648545854,12.402814093004743
ec2_network_in_257a54:3155:3171,0,rolling_64@0.975,0.1778419459765489,12.402814093004743
ec2_network_in_257a54:3163:3179,0,rolling_64@0.975,0.1756279064814564,12.402814093004743
ec2_network_in_257a54:3171:3187,0,rolling_64@0.975,0.27996729078325083,12.402814093004743
ec2_network_in_257a54:3179:3195,0,rolling_64@0.975,0.27996729078325083,12.402814093004743
ec2_network_in_257a54:3187:3203,0,rolling_64@0.975,0.18652506279397585,12.402814093004743
ec2_network_in_257a54:3195:3211,0,rolling_64@0.975,0.1820836729451029,12.402814093004743
ec2_network_in_257a54:3203:3219,0,rolling_64@0.975,0.1820836729451029,12.402814093004743
ec2_network_in_257a54:2419:2435,0,rolling_64@0.99,0.6110660267397403,12.402814093004743
ec2_network_in_257a54:2427:2443,0,rolling_64@0.99,0.5600055728128372,12.402814093004743
ec2_network_in_257a54:2435:2451,0,rolling_64@0.99,0.4366227866815097,12.402814093004743
ec2_network_in_257a54:2443:2459,0,rolling_64@0.99,0.4094153915233789,12.402814093004743
ec2_network_in_257a54:2451:2467,0,rolling_64@0.99,0.31512570553097236,12.402814093004743
ec2_network_in_257a54:2459:2475,0,rolling_64@0.99,0.23272261634688804,12.402814093004743
ec2_network_in_257a54:2467:2483,0,rolling_64@0.99,0.23272261634688804,12.402814093004743
ec2_network_in_257a54:2475:2491,0,rolling_64@0.99,0.0753882666555447,12.402814093004743
ec2_network_in_257a54:2483:2499,0,rolling_64@0.99,0.11670960897577821,12.402814093004743
ec2_network_in_257a54:2491:2507,0,rolling_64@0.99,0.19222211031241027,12.402814093004743
ec2_network_in_257a54:2499:2515,0,rolling_64@0.99,0.19222211031241027,12.402814093004743
ec2_network_in_257a54:2507:2523,0,rolling_64@0.99,0.14621978268692104,12.402814093004743
ec2_network_in_257a54:2515:2531,0,rolling_64@0.99,0.3648417627303943,12.402814093004743
ec2_network_in_257a54:2523:2539,0,rolling_64@0.99,0.3648417627303943,12.402814093004743
ec2_network_in_257a54:2531:2547,0,rolling_64@0.99,0.2354868380010817,12.402814093004743
ec2_network_in_257a54:2539:2555,0,rolling_64@0.99,0.15928217201267725,12.402814093004743
ec2_network_in_257a54:2547:2563,0,rolling_64@0.99,0.15928217201267725,12.402814093004743
ec2_network_in_257a54:2555:2571,0,rolling_64@0.99,0.19297639230472635,12.402814093004743
ec2_network_in_257a54:2563:2579,0,rolling_64@0.99,0.19297639230472635,12.402814093004743
ec2_network_in_257a54:2571:2587,0,rolling_64@0.99,0.18033551350408797,12.402814093004743
ec2_network_in_257a54:2579:2595,0,rolling_64@0.99,0.12869381874781202,12.402814093004743
ec2_network_in_257a54:2587:2603,0,rolling_64@0.99,0.2873725651666364,12.402814093004743
ec2_network_in_257a54:2595:2611,0,rolling_64@0.99,0.2873725651666364,12.402814093004743
ec2_network_in_257a54:2603:2619,0,rolling_64@0.99,0.2113675620585509,12.402814093004743
ec2_network_in_257a54:2611:2627,0,rolling_64@0.99,0.1839116975382454,12.402814093004743
ec2_network_in_257a54:2619:2635,0,rolling_64@0.99,0.27025923784685324,12.402814093004743
ec2_network_in_257a54:2627:2643,0,rolling_64@0.99,0.27025923784685324,12.402814093004743
ec2_network_in_257a54:2635:2651,0,rolling_64@0.99,0.16330205133643239,12.402814093004743
ec2_network_in_257a54:2643:2659,0,rolling_64@0.99,0.14843825913490952,12.402814093004743
ec2_network_in_257a54:2651:2667,0,rolling_64@0.99,0.18259392252814025,12.402814093004743
ec2_network_in_257a54:2659:2675,0,rolling_64@0.99,0.18259392252814025,12.402814093004743
ec2_network_in_257a54:2667:2683,0,rolling_64@0.99,0.2066111485540636,12.402814093004743
ec2_network_in_257a54:2675:2691,0,rolling_64@0.99,0.2066111485540636,12.402814093004743
ec2_network_in_257a54:2683:2699,0,rolling_64@0.99,0.21282288260843135,12.402814093004743
ec2_network_in_257a54:2691:2707,0,rolling_64@0.99,0.21282288260843135,12.402814093004743
ec2_network_in_257a54:2699:2715,0,rolling_64@0.99,0.14874884583762793,12.402814093004743
ec2_network_in_257a54:2707:2723,0,rolling_64@0.99,0.14874884583762793,12.402814093004743
ec2_network_in_257a54:2715:2731,0,rolling_64@0.99,0.1324563548036005,12.402814093004743
ec2_network_in_257a54:2723:2739,0,rolling_64@0.99,0.1490239369171785,12.402814093004743
ec2_network_in_257a54:2731:2747,0,rolling_64@0.99,0.1490239369171785,12.402814093004743
ec2_network_in_257a54:2739:2755,0,rolling_64@0.99,0.20806203215104804,12.402814093004743
ec2_network_in_257a54:2747:2763,0,rolling_64@0.99,0.20806203215104804,12.402814093004743
ec2_network_in_257a54:2755:2771,0,rolling_64@0.99,0.14542556811854118,12.402814093004743
ec2_network_in_257a54:2763:2779,0,rolling_64@0.99,0.18503424662092757,12.402814093004743
ec2_network_in_257a54:2771:2787,0,rolling_64@0.99,0.26778341813089807,12.402814093004743
ec2_network_in_257a54:2779:2795,0,rolling_64@0.99,0.26778341813089807,12.402814093004743
ec2_network_in_257a54:2787:2803,0,rolling_64@0.99,0.19754645378758262,12.402814093004743
ec2_network_in_257a54:2795:2811,0,rolling_64@0.99,0.11622598111011673,12.402814093004743
ec2_network_in_257a54:2803:2819,0,rolling_64@0.99,0.20954397441830436,12.402814093004743
ec2_network_in_257a54:2811:2827,0,rolling_64@0.99,0.20954397441830436,12.402814093004743
ec2_network_in_257a54:2819:2835,0,rolling_64@0.99,0.17530844587294606,12.402814093004743
ec2_network_in_257a54:2827:2843,0,rolling_64@0.99,0.17530844587294606,12.402814093004743
ec2_network_in_257a54:2835:2851,0,rolling_64@0.99,0.3032967891102977,12.402814093004743
ec2_network_in_257a54:2843:2859,0,rolling_64@0.99,0.3032967891102977,12.402814093004743
ec2_network_in_257a54:2851:2867,0,rolling_64@0.99,0.15792890137940427,12.402814093004743
ec2_network_in_257a54:2859:2875,0,rolling_64@0.99,0.15792890137940427,12.402814093004743
ec2_network_in_257a54:2867:2883,0,rolling_64@0.99,0.20748966522746704,12.402814093004743
ec2_network_in_257a54:2875:2891,0,rolling_64@0.99,0.20748966522746704,12.402814093004743
ec2_network_in_257a54:2883:2899,0,rolling_64@0.99,0.21413178371274455,12.402814093004743
ec2_network_in_257a54:2891:2907,0,rolling_64@0.99,0.21413178371274455,12.402814093004743
ec2_network_in_257a54:2899:2915,0,rolling_64@0.99,0.13047303685909878,12.402814093004743
ec2_network_in_257a54:2907:2923,0,rolling_64@0.99,0.20150865272369006,12.402814093004743
ec2_network_in_257a54:2915:2931,0,rolling_64@0.99,0.20150865272369006,12.402814093004743
ec2_network_in_257a54:2923:2939,0,rolling_64@0.99,0.1943385368437913,12.402814093004743
ec2_network_in_257a54:2931:2947,0,rolling_64@0.99,0.1870530601885971,12.402814093004743
ec2_network_in_257a54:2939:2955,0,rolling_64@0.99,0.3433092303262181,12.402814093004743
ec2_network_in_257a54:2947:2963,0,rolling_64@0.99,0.3433092303262181,12.402814093004743
ec2_network_in_257a54:2955:2971,0,rolling_64@0.99,0.19894409394981538,12.402814093004743
ec2_network_in_257a54:2963:2979,0,rolling_64@0.99,0.2759695962239756,12.402814093004743
ec2_network_in_257a54:2971:2987,0,rolling_64@0.99,0.2759695962239756,12.402814093004743
ec2_network_in_257a54:2979:2995,0,rolling_64@0.99,0.13608134531961366,12.402814093004743
ec2_network_in_257a54:2987:3003,0,rolling_64@0.99,0.2451593953143115,12.402814093004743
ec2_network_in_257a54:2995:3011,0,rolling_64@0.99,0.2451593953143115,12.402814093004743
ec2_network_in_257a54:3003:3019,0,rolling_64@0.99,0.14906830644613825,12.402814093004743
ec2_network_in_257a54:3011:3027,0,rolling_64@0.99,0.18759880539480228,12.402814093004743
ec2_network_in_257a54:3019:3035,0,rolling_64@0.99,0.18759880539480228,12.402814093004743
ec2_network_in_257a54:3027:3043,0,rolling_64@0.99,0.14893076090636298,12.402814093004743
ec2_network_in_257a54:3035:3051,0,rolling_64@0.99,0.18673803653298274,12.402814093004743
ec2_network_in_257a54:3043:3059,0,rolling_64@0.99,0.18673803653298274,12.402814093004743
ec2_network_in_257a54:3051:3067,0,rolling_64@0.99,0.16153614408383354,12.402814093004743
ec2_network_in_257a54:3059:3075,0,rolling_64@0.99,0.2115583510330779,12.402814093004743
ec2_network_in_257a54:3067:3083,0,rolling_64@0.99,0.2115583510330779,12.402814093004743
ec2_network_in_257a54:3075:3091,0,rolling_64@0.99,0.1495652451704877,12.402814093004743
ec2_network_in_257a54:3083:3099,0,rolling_64@0.99,0.16812945608725532,12.402814093004743
ec2_network_in_257a54:3091:3107,0,rolling_64@0.99,0.16812945608725532,12.402814093004743
ec2_network_in_257a54:3099:3115,0,rolling_64@0.99,0.3188749307280729,12.402814093004743
ec2_network_in_257a54:3107:3123,0,rolling_64@0.99,0.3188749307280729,12.402814093004743
ec2_network_in_257a54:3115:3131,0,rolling_64@0.99,0.16780999547874498,12.402814093004743
ec2_network_in_257a54:3123:3139,0,rolling_64@0.99,0.19895740480850332,12.402814093004743
ec2_network_in_257a54:3131:3147,0,rolling_64@0.99,0.19895740480850332,12.402814093004743
ec2_network_in_257a54:3139:3155,0,rolling_64@0.99,0.19371292648545854,12.402814093004743
ec2_network_in_257a54:3147:3163,0,rolling_64@0.99,0.19371292648545854,12.402814093004743
ec2_network_in_257a54:3155:3171,0,rolling_64@0.99,0.1778419459765489,12.402814093004743
ec2_network_in_257a54:3163:3179,0,rolling_64@0.99,0.1756279064814564,12.402814093004743
ec2_network_in_257a54:3171:3187,0,rolling_64@0.99,0.27996729078325083,12.402814093004743
ec2_network_in_257a54:3179:3195,0,rolling_64@0.99,0.27996729078325083,12.402814093004743
ec2_network_in_257a54:3187:3203,0,rolling_64@0.99,0.18652506279397585,12.402814093004743
ec2_network_in_257a54:3195:3211,0,rolling_64@0.99,0.1820836729451029,12.402814093004743
ec2_network_in_257a54:3203:3219,0,rolling_64@0.99,0.1820836729451029,12.402814093004743
ec2_network_in_257a54:2419:2435,0,rolling_128@0.95,0.6110660267397403,7.68140814686669
ec2_network_in_257a54:2427:2443,0,rolling_128@0.95,0.5600055728128372,7.68140814686669
ec2_network_in_257a54:2435:2451,0,rolling_128@0.95,0.4366227866815097,7.68140814686669
ec2_network_in_257a54:2443:2459,0,rolling_128@0.95,0.4272341943536224,7.68140814686669
ec2_network_in_257a54:2451:2467,0,rolling_128@0.95,0.46474419413621176,7.68140814686669
ec2_network_in_257a54:2459:2475,0,rolling_128@0.95,0.46474419413621176,7.68140814686669
ec2_network_in_257a54:2467:2483,0,rolling_128@0.95,0.42544166538364775,7.68140814686669
ec2_network_in_257a54:2475:2491,0,rolling_128@0.95,0.37985641133038034,7.68140814686669
ec2_network_in_257a54:2483:2499,0,rolling_128@0.95,0.22702113187555764,7.68140814686669
ec2_network_in_257a54:2491:2507,0,rolling_128@0.95,0.23772749921355008,7.68140814686669
ec2_network_in_257a54:2499:2515,0,rolling_128@0.95,0.23772749921355008,7.68140814686669
ec2_network_in_257a54:2507:2523,0,rolling_128@0.95,0.18544244628735745,7.68140814686669
ec2_network_in_257a54:2515:2531,0,rolling_128@0.95,0.35749416873465645,7.68140814686669
ec2_network_in_257a54:2523:2539,0,rolling_128@0.95,0.35749416873465645,7.68140814686669
ec2_network_in_257a54:2531:2547,0,rolling_128@0.95,0.2395510868537966,7.68140814686669
ec2_network_in_257a54:2539:2555,0,rolling_128@0.95,0.16340853820593582,7.68140814686669
ec2_network_in_257a54:2547:2563,0,rolling_128@0.95,0.16340853820593582,7.68140814686669
ec2_network_in_257a54:2555:2571,0,rolling_128@0.95,0.18583733509509942,7.68140814686669
ec2_network_in_257a54:2563:2579,0,rolling_128@0.95,0.1881933570828632,7.68140814686669
ec2_network_in_257a54:2571:2587,0,rolling_128@0.95,0.1881933570828632,7.68140814686669
ec2_network_in_257a54:2579:2595,0,rolling_128@0.95,0.14404567576789232,7.68140814686669
ec2_network_in_257a54:2587:2603,0,rolling_128@0.95,0.30053700440900005,7.68140814686669
ec2_network_in_257a54:2595:2611,0,rolling_128@0.95,0.30053700440900005,7.68140814686669
ec2_network_in_257a54:2603:2619,0,rolling_128@0.95,0.21041805413881182,7.68140814686669
ec2_network_in_257a54:2611:2627,0,rolling_128@0.95,0.18493663365721608,7.68140814686669
ec2_network_in_257a54:2619:2635,0,rolling_128@0.95,0.2625744354310211,7.68140814686669
ec2_network_in_257a54:2627:2643,0,rolling_128@0.95,0.2625744354310211,7.68140814686669
ec2_network_in_257a54:2635:2651,0,rolling_128@0.95,0.1736268407253708,7.68140814686669
ec2_network_in_257a54:2643:2659,0,rolling_128@0.95,0.1441699104489797,7.68140814686669
ec2_network_in_257a54:2651:2667,0,rolling_128@0.95,0.1785607323456972,7.68140814686669
ec2_network_in_257a54:2659:2675,0,rolling_128@0.95,0.1785607323456972,7.68140814686669
ec2_network_in_257a54:2667:2683,0,rolling_128@0.95,0.19369074172097864,7.68140814686669
ec2_network_in_257a54:2675:2691,0,rolling_128@0.95,0.19369074172097864,7.68140814686669
ec2_network_in_257a54:2683:2699,0,rolling_128@0.95,0.22445657310168296,7.68140814686669
ec2_network_in_257a54:2691:2707,0,rolling_128@0.95,0.22445657310168296,7.68140814686669
ec2_network_in_257a54:2699:2715,0,rolling_128@0.95,0.14444056457563428,7.68140814686669
ec2_network_in_257a54:2707:2723,0,rolling_128@0.95,0.14444056457563428,7.68140814686669
ec2_network_in_257a54:2715:2731,0,rolling_128@0.95,0.13183074444526774,7.68140814686669
ec2_network_in_257a54:2723:2739,0,rolling_128@0.95,0.14969835375736698,7.68140814686669
ec2_network_in_257a54:2731:2747,0,rolling_128@0.95,0.14969835375736698,7.68140814686669
ec2_network_in_257a54:2739:2755,0,rolling_128@0.95,0.21636357101942097,7.68140814686669
ec2_network_in_257a54:2747:2763,0,rolling_128@0.95,0.21636357101942097,7.68140814686669
ec2_network_in_257a54:2755:2771,0,rolling_128@0.95,0.15310149662858133,7.68140814686669
ec2_network_in_257a54:2763:2779,0,rolling_128@0.95,0.19652151766861195,7.68140814686669
ec2_network_in_257a54:2771:2787,0,rolling_128@0.95,0.2636881106079113,7.68140814686669
ec2_network_in_257a54:2779:2795,0,rolling_128@0.95,0.2636881106079113,7.68140814686669
ec2_network_in_257a54:2787:2803,0,rolling_128@0.95,0.18420897338227588,7.68140814686669
ec2_network_in_257a54:2795:2811,0,rolling_128@0.95,0.10554623548950016,7.68140814686669
ec2_network_in_257a54:2803:2819,0,rolling_128@0.95,0.19886422879768778,7.68140814686669
ec2_network_in_257a54:2811:2827,0,rolling_128@0.95,0.19886422879768778,7.68140814686669
ec2_network_in_257a54:2819:2835,0,rolling_128@0.95,0.17284593701567885,7.68140814686669
ec2_network_in_257a54:2827:2843,0,rolling_128@0.95,0.17284593701567885,7.68140814686669
ec2_network_in_257a54:2835:2851,0,rolling_128@0.95,0.3128894812713999,7.68140814686669
ec2_network_in_257a54:2843:2859,0,rolling_128@0.95,0.3128894812713999,7.68140814686669
ec2_network_in_257a54:2851:2867,0,rolling_128@0.95,0.17399954476863286,7.68140814686669
ec2_network_in_257a54:2859:2875,0,rolling_128@0.95,0.17399954476863286,7.68140814686669
ec2_network_in_257a54:2867:2883,0,rolling_128@0.95,0.2206940370458945,7.68140814686669
ec2_network_in_257a54:2875:2891,0,rolling_128@0.95,0.2206940370458945,7.68140814686669
ec2_network_in_257a54:2883:2899,0,rolling_128@0.95,0.22746039021225936,7.68140814686669
ec2_network_in_257a54:2891:2907,0,rolling_128@0.95,0.22746039021225936,7.68140814686669
ec2_network_in_257a54:2899:2915,0,rolling_128@0.95,0.13047303685909878,7.68140814686669
ec2_network_in_257a54:2907:2923,0,rolling_128@0.95,0.20379812041801418,7.68140814686669
ec2_network_in_257a54:2915:2931,0,rolling_128@0.95,0.20379812041801418,7.68140814686669
ec2_network_in_257a54:2923:2939,0,rolling_128@0.95,0.19976493023557113,7.68140814686669
ec2_network_in_257a54:2931:2947,0,rolling_128@0.95,0.18559330268582067,7.68140814686669
ec2_network_in_257a54:2939:2955,0,rolling_128@0.95,0.33711968103633017,7.68140814686669
ec2_network_in_257a54:2947:2963,0,rolling_128@0.95,0.33711968103633017,7.68140814686669
ec2_network_in_257a54:2955:2971,0,rolling_128@0.95,0.19694746514662576,7.68140814686669
ec2_network_in_257a54:2963:2979,0,rolling_128@0.95,0.30386915603387876,7.68140814686669
ec2_network_in_257a54:2971:2987,0,rolling_128@0.95,0.30386915603387876,7.68140814686669
ec2_network_in_257a54:2979:2995,0,rolling_128@0.95,0.11994858458984141,7.68140814686669
ec2_network_in_257a54:2987:3003,0,rolling_128@0.95,0.26526322888598314,7.68140814686669
ec2_network_in_257a54:2995:3011,0,rolling_128@0.95,0.26526322888598314,7.68140814686669
ec2_network_in_257a54:3003:3019,0,rolling_128@0.95,0.15228953424861755,7.68140814686669
ec2_network_in_257a54:3011:3027,0,rolling_128@0.95,0.21614172337462212,7.68140814686669
ec2_network_in_257a54:3019:3035,0,rolling_128@0.95,0.21614172337462212,7.68140814686669
ec2_network_in_257a54:3027:3043,0,rolling_128@0.95,0.16789429758376853,7.68140814686669
ec2_network_in_257a54:3035:3051,0,rolling_128@0.95,0.19296308144603844,7.68140814686669
ec2_network_in_257a54:3043:3059,0,rolling_128@0.95,0.19296308144603844,7.68140814686669
ec2_network_in_257a54:3051:3067,0,rolling_128@0.95,0.17575657811543974,7.68140814686669
ec2_network_in_257a54:3059:3075,0,rolling_128@0.95,0.19520817961140277,7.68140814686669
ec2_network_in_257a54:3067:3083,0,rolling_128@0.95,0.19520817961140277,7.68140814686669
ec2_network_in_257a54:3075:3091,0,rolling_128@0.95,0.16139859854405825,7.68140814686669
ec2_network_in_257a54:3083:3099,0,rolling_128@0.95,0.16145184197881,7.68140814686669
ec2_network_in_257a54:3091:3107,0,rolling_128@0.95,0.16145184197881,7.68140814686669
ec2_network_in_257a54:3099:3115,0,rolling_128@0.95,0.31257445761578556,7.68140814686669
ec2_network_in_257a54:3107:3123,0,rolling_128@0.95,0.31257445761578556,7.68140814686669
ec2_network_in_257a54:3115:3131,0,rolling_128@0.95,0.164912665237672,7.68140814686669
ec2_network_in_257a54:3123:3139,0,rolling_128@0.95,0.2150502329622118,7.68140814686669
ec2_network_in_257a54:3131:3147,0,rolling_128@0.95,0.2150502329622118,7.68140814686669
ec2_network_in_257a54:3139:3155,0,rolling_128@0.95,0.2040465897801889,7.68140814686669
ec2_network_in_257a54:3147:3163,0,rolling_128@0.95,0.2040465897801889,7.68140814686669
ec2_network_in_257a54:3155:3171,0,rolling_128@0.95,0.18991933175939824,7.68140814686669
ec2_network_in_257a54:3163:3179,0,rolling_128@0.95,0.18991933175939824,7.68140814686669
ec2_network_in_257a54:3171:3187,0,rolling_128@0.95,0.2921822221058754,7.68140814686669
ec2_network_in_257a54:3179:3195,0,rolling_128@0.95,0.2921822221058754,7.68140814686669
ec2_network_in_257a54:3187:3203,0,rolling_128@0.95,0.1900036338644218,7.68140814686669
ec2_network_in_257a54:3195:3211,0,rolling_128@0.95,0.1820836729451029,7.68140814686669
ec2_network_in_257a54:3203:3219,0,rolling_128@0.95,0.1820836729451029,7.68140814686669
ec2_network_in_257a54:2419:2435,0,rolling_128@0.975,0.6110660267397403,12.403785785688962
ec2_network_in_257a54:2427:2443,0,rolling_128@0.975,0.5600055728128372,12.403785785688962
ec2_network_in_257a54:2435:2451,0,rolling_128@0.975,0.4366227866815097,12.403785785688962
ec2_network_in_257a54:2443:2459,0,rolling_128@0.975,0.4272341943536224,12.403785785688962
ec2_network_in_257a54:2451:2467,0,rolling_128@0.975,0.46474419413621176,12.403785785688962
ec2_network_in_257a54:2459:2475,0,rolling_128@0.975,0.46474419413621176,12.403785785688962
ec2_network_in_257a54:2467:2483,0,rolling_128@0.975,0.42544166538364775,12.403785785688962
ec2_network_in_257a54:2475:2491,0,rolling_128@0.975,0.37985641133038034,12.403785785688962
ec2_network_in_257a54:2483:2499,0,rolling_128@0.975,0.22702113187555764,12.403785785688962
ec2_network_in_257a54:2491:2507,0,rolling_128@0.975,0.23772749921355008,12.403785785688962
ec2_network_in_257a54:2499:2515,0,rolling_128@0.975,0.23772749921355008,12.403785785688962
ec2_network_in_257a54:2507:2523,0,rolling_128@0.975,0.18544244628735745,12.403785785688962
ec2_network_in_257a54:2515:2531,0,rolling_128@0.975,0.35749416873465645,12.403785785688962
ec2_network_in_257a54:2523:2539,0,rolling_128@0.975,0.35749416873465645,12.403785785688962
ec2_network_in_257a54:2531:2547,0,rolling_128@0.975,0.2395510868537966,12.403785785688962
ec2_network_in_257a54:2539:2555,0,rolling_128@0.975,0.16340853820593582,12.403785785688962
ec2_network_in_257a54:2547:2563,0,rolling_128@0.975,0.16340853820593582,12.403785785688962
ec2_network_in_257a54:2555:2571,0,rolling_128@0.975,0.18583733509509942,12.403785785688962
ec2_network_in_257a54:2563:2579,0,rolling_128@0.975,0.1881933570828632,12.403785785688962
ec2_network_in_257a54:2571:2587,0,rolling_128@0.975,0.1881933570828632,12.403785785688962
ec2_network_in_257a54:2579:2595,0,rolling_128@0.975,0.14404567576789232,12.403785785688962
ec2_network_in_257a54:2587:2603,0,rolling_128@0.975,0.30053700440900005,12.403785785688962
ec2_network_in_257a54:2595:2611,0,rolling_128@0.975,0.30053700440900005,12.403785785688962
ec2_network_in_257a54:2603:2619,0,rolling_128@0.975,0.21041805413881182,12.403785785688962
ec2_network_in_257a54:2611:2627,0,rolling_128@0.975,0.18493663365721608,12.403785785688962
ec2_network_in_257a54:2619:2635,0,rolling_128@0.975,0.2625744354310211,12.403785785688962
ec2_network_in_257a54:2627:2643,0,rolling_128@0.975,0.2625744354310211,12.403785785688962
ec2_network_in_257a54:2635:2651,0,rolling_128@0.975,0.1736268407253708,12.403785785688962
ec2_network_in_257a54:2643:2659,0,rolling_128@0.975,0.1441699104489797,12.403785785688962
ec2_network_in_257a54:2651:2667,0,rolling_128@0.975,0.1785607323456972,12.403785785688962
ec2_network_in_257a54:2659:2675,0,rolling_128@0.975,0.1785607323456972,12.403785785688962
ec2_network_in_257a54:2667:2683,0,rolling_128@0.975,0.19369074172097864,12.403785785688962
ec2_network_in_257a54:2675:2691,0,rolling_128@0.975,0.19369074172097864,12.403785785688962
ec2_network_in_257a54:2683:2699,0,rolling_128@0.975,0.22445657310168296,12.403785785688962
ec2_network_in_257a54:2691:2707,0,rolling_128@0.975,0.22445657310168296,12.403785785688962
ec2_network_in_257a54:2699:2715,0,rolling_128@0.975,0.14444056457563428,12.403785785688962
ec2_network_in_257a54:2707:2723,0,rolling_128@0.975,0.14444056457563428,12.403785785688962
ec2_network_in_257a54:2715:2731,0,rolling_128@0.975,0.13183074444526774,12.403785785688962
ec2_network_in_257a54:2723:2739,0,rolling_128@0.975,0.14969835375736698,12.403785785688962
ec2_network_in_257a54:2731:2747,0,rolling_128@0.975,0.14969835375736698,12.403785785688962
ec2_network_in_257a54:2739:2755,0,rolling_128@0.975,0.21636357101942097,12.403785785688962
ec2_network_in_257a54:2747:2763,0,rolling_128@0.975,0.21636357101942097,12.403785785688962
ec2_network_in_257a54:2755:2771,0,rolling_128@0.975,0.15310149662858133,12.403785785688962
ec2_network_in_257a54:2763:2779,0,rolling_128@0.975,0.19652151766861195,12.403785785688962
ec2_network_in_257a54:2771:2787,0,rolling_128@0.975,0.2636881106079113,12.403785785688962
ec2_network_in_257a54:2779:2795,0,rolling_128@0.975,0.2636881106079113,12.403785785688962
ec2_network_in_257a54:2787:2803,0,rolling_128@0.975,0.18420897338227588,12.403785785688962
ec2_network_in_257a54:2795:2811,0,rolling_128@0.975,0.10554623548950016,12.403785785688962
ec2_network_in_257a54:2803:2819,0,rolling_128@0.975,0.19886422879768778,12.403785785688962
ec2_network_in_257a54:2811:2827,0,rolling_128@0.975,0.19886422879768778,12.403785785688962
ec2_network_in_257a54:2819:2835,0,rolling_128@0.975,0.17284593701567885,12.403785785688962
ec2_network_in_257a54:2827:2843,0,rolling_128@0.975,0.17284593701567885,12.403785785688962
ec2_network_in_257a54:2835:2851,0,rolling_128@0.975,0.3128894812713999,12.403785785688962
ec2_network_in_257a54:2843:2859,0,rolling_128@0.975,0.3128894812713999,12.403785785688962
ec2_network_in_257a54:2851:2867,0,rolling_128@0.975,0.17399954476863286,12.403785785688962
ec2_network_in_257a54:2859:2875,0,rolling_128@0.975,0.17399954476863286,12.403785785688962
ec2_network_in_257a54:2867:2883,0,rolling_128@0.975,0.2206940370458945,12.403785785688962
ec2_network_in_257a54:2875:2891,0,rolling_128@0.975,0.2206940370458945,12.403785785688962
ec2_network_in_257a54:2883:2899,0,rolling_128@0.975,0.22746039021225936,12.403785785688962
ec2_network_in_257a54:2891:2907,0,rolling_128@0.975,0.22746039021225936,12.403785785688962
ec2_network_in_257a54:2899:2915,0,rolling_128@0.975,0.13047303685909878,12.403785785688962
ec2_network_in_257a54:2907:2923,0,rolling_128@0.975,0.20379812041801418,12.403785785688962
ec2_network_in_257a54:2915:2931,0,rolling_128@0.975,0.20379812041801418,12.403785785688962
ec2_network_in_257a54:2923:2939,0,rolling_128@0.975,0.19976493023557113,12.403785785688962
ec2_network_in_257a54:2931:2947,0,rolling_128@0.975,0.18559330268582067,12.403785785688962
ec2_network_in_257a54:2939:2955,0,rolling_128@0.975,0.33711968103633017,12.403785785688962
ec2_network_in_257a54:2947:2963,0,rolling_128@0.975,0.33711968103633017,12.403785785688962
ec2_network_in_257a54:2955:2971,0,rolling_128@0.975,0.19694746514662576,12.403785785688962
ec2_network_in_257a54:2963:2979,0,rolling_128@0.975,0.30386915603387876,12.403785785688962
ec2_network_in_257a54:2971:2987,0,rolling_128@0.975,0.30386915603387876,12.403785785688962
ec2_network_in_257a54:2979:2995,0,rolling_128@0.975,0.11994858458984141,12.403785785688962
ec2_network_in_257a54:2987:3003,0,rolling_128@0.975,0.26526322888598314,12.403785785688962
ec2_network_in_257a54:2995:3011,0,rolling_128@0.975,0.26526322888598314,12.403785785688962
ec2_network_in_257a54:3003:3019,0,rolling_128@0.975,0.15228953424861755,12.403785785688962
ec2_network_in_257a54:3011:3027,0,rolling_128@0.975,0.21614172337462212,12.403785785688962
ec2_network_in_257a54:3019:3035,0,rolling_128@0.975,0.21614172337462212,12.403785785688962
ec2_network_in_257a54:3027:3043,0,rolling_128@0.975,0.16789429758376853,12.403785785688962
ec2_network_in_257a54:3035:3051,0,rolling_128@0.975,0.19296308144603844,12.403785785688962
ec2_network_in_257a54:3043:3059,0,rolling_128@0.975,0.19296308144603844,12.403785785688962
ec2_network_in_257a54:3051:3067,0,rolling_128@0.975,0.17575657811543974,12.403785785688962
ec2_network_in_257a54:3059:3075,0,rolling_128@0.975,0.19520817961140277,12.403785785688962
ec2_network_in_257a54:3067:3083,0,rolling_128@0.975,0.19520817961140277,12.403785785688962
ec2_network_in_257a54:3075:3091,0,rolling_128@0.975,0.16139859854405825,12.403785785688962
ec2_network_in_257a54:3083:3099,0,rolling_128@0.975,0.16145184197881,12.403785785688962
ec2_network_in_257a54:3091:3107,0,rolling_128@0.975,0.16145184197881,12.403785785688962
ec2_network_in_257a54:3099:3115,0,rolling_128@0.975,0.31257445761578556,12.403785785688962
ec2_network_in_257a54:3107:3123,0,rolling_128@0.975,0.31257445761578556,12.403785785688962
ec2_network_in_257a54:3115:3131,0,rolling_128@0.975,0.164912665237672,12.403785785688962
ec2_network_in_257a54:3123:3139,0,rolling_128@0.975,0.2150502329622118,12.403785785688962
ec2_network_in_257a54:3131:3147,0,rolling_128@0.975,0.2150502329622118,12.403785785688962
ec2_network_in_257a54:3139:3155,0,rolling_128@0.975,0.2040465897801889,12.403785785688962
ec2_network_in_257a54:3147:3163,0,rolling_128@0.975,0.2040465897801889,12.403785785688962
ec2_network_in_257a54:3155:3171,0,rolling_128@0.975,0.18991933175939824,12.403785785688962
ec2_network_in_257a54:3163:3179,0,rolling_128@0.975,0.18991933175939824,12.403785785688962
ec2_network_in_257a54:3171:3187,0,rolling_128@0.975,0.2921822221058754,12.403785785688962
ec2_network_in_257a54:3179:3195,0,rolling_128@0.975,0.2921822221058754,12.403785785688962
ec2_network_in_257a54:3187:3203,0,rolling_128@0.975,0.1900036338644218,12.403785785688962
ec2_network_in_257a54:3195:3211,0,rolling_128@0.975,0.1820836729451029,12.403785785688962
ec2_network_in_257a54:3203:3219,0,rolling_128@0.975,0.1820836729451029,12.403785785688962
ec2_network_in_257a54:2419:2435,0,rolling_128@0.99,0.6110660267397403,12.403785785688962
ec2_network_in_257a54:2427:2443,0,rolling_128@0.99,0.5600055728128372,12.403785785688962
ec2_network_in_257a54:2435:2451,0,rolling_128@0.99,0.4366227866815097,12.403785785688962
ec2_network_in_257a54:2443:2459,0,rolling_128@0.99,0.4272341943536224,12.403785785688962
ec2_network_in_257a54:2451:2467,0,rolling_128@0.99,0.46474419413621176,12.403785785688962
ec2_network_in_257a54:2459:2475,0,rolling_128@0.99,0.46474419413621176,12.403785785688962
ec2_network_in_257a54:2467:2483,0,rolling_128@0.99,0.42544166538364775,12.403785785688962
ec2_network_in_257a54:2475:2491,0,rolling_128@0.99,0.37985641133038034,12.403785785688962
ec2_network_in_257a54:2483:2499,0,rolling_128@0.99,0.22702113187555764,12.403785785688962
ec2_network_in_257a54:2491:2507,0,rolling_128@0.99,0.23772749921355008,12.403785785688962
ec2_network_in_257a54:2499:2515,0,rolling_128@0.99,0.23772749921355008,12.403785785688962
ec2_network_in_257a54:2507:2523,0,rolling_128@0.99,0.18544244628735745,12.403785785688962
ec2_network_in_257a54:2515:2531,0,rolling_128@0.99,0.35749416873465645,12.403785785688962
ec2_network_in_257a54:2523:2539,0,rolling_128@0.99,0.35749416873465645,12.403785785688962
ec2_network_in_257a54:2531:2547,0,rolling_128@0.99,0.2395510868537966,12.403785785688962
ec2_network_in_257a54:2539:2555,0,rolling_128@0.99,0.16340853820593582,12.403785785688962
ec2_network_in_257a54:2547:2563,0,rolling_128@0.99,0.16340853820593582,12.403785785688962
ec2_network_in_257a54:2555:2571,0,rolling_128@0.99,0.18583733509509942,12.403785785688962
ec2_network_in_257a54:2563:2579,0,rolling_128@0.99,0.1881933570828632,12.403785785688962
ec2_network_in_257a54:2571:2587,0,rolling_128@0.99,0.1881933570828632,12.403785785688962
ec2_network_in_257a54:2579:2595,0,rolling_128@0.99,0.14404567576789232,12.403785785688962
ec2_network_in_257a54:2587:2603,0,rolling_128@0.99,0.30053700440900005,12.403785785688962
ec2_network_in_257a54:2595:2611,0,rolling_128@0.99,0.30053700440900005,12.403785785688962
ec2_network_in_257a54:2603:2619,0,rolling_128@0.99,0.21041805413881182,12.403785785688962
ec2_network_in_257a54:2611:2627,0,rolling_128@0.99,0.18493663365721608,12.403785785688962
ec2_network_in_257a54:2619:2635,0,rolling_128@0.99,0.2625744354310211,12.403785785688962
ec2_network_in_257a54:2627:2643,0,rolling_128@0.99,0.2625744354310211,12.403785785688962
ec2_network_in_257a54:2635:2651,0,rolling_128@0.99,0.1736268407253708,12.403785785688962
ec2_network_in_257a54:2643:2659,0,rolling_128@0.99,0.1441699104489797,12.403785785688962
ec2_network_in_257a54:2651:2667,0,rolling_128@0.99,0.1785607323456972,12.403785785688962
ec2_network_in_257a54:2659:2675,0,rolling_128@0.99,0.1785607323456972,12.403785785688962
ec2_network_in_257a54:2667:2683,0,rolling_128@0.99,0.19369074172097864,12.403785785688962
ec2_network_in_257a54:2675:2691,0,rolling_128@0.99,0.19369074172097864,12.403785785688962
ec2_network_in_257a54:2683:2699,0,rolling_128@0.99,0.22445657310168296,12.403785785688962
ec2_network_in_257a54:2691:2707,0,rolling_128@0.99,0.22445657310168296,12.403785785688962
ec2_network_in_257a54:2699:2715,0,rolling_128@0.99,0.14444056457563428,12.403785785688962
ec2_network_in_257a54:2707:2723,0,rolling_128@0.99,0.14444056457563428,12.403785785688962
ec2_network_in_257a54:2715:2731,0,rolling_128@0.99,0.13183074444526774,12.403785785688962
ec2_network_in_257a54:2723:2739,0,rolling_128@0.99,0.14969835375736698,12.403785785688962
ec2_network_in_257a54:2731:2747,0,rolling_128@0.99,0.14969835375736698,12.403785785688962
ec2_network_in_257a54:2739:2755,0,rolling_128@0.99,0.21636357101942097,12.403785785688962
ec2_network_in_257a54:2747:2763,0,rolling_128@0.99,0.21636357101942097,12.403785785688962
ec2_network_in_257a54:2755:2771,0,rolling_128@0.99,0.15310149662858133,12.403785785688962
ec2_network_in_257a54:2763:2779,0,rolling_128@0.99,0.19652151766861195,12.403785785688962
ec2_network_in_257a54:2771:2787,0,rolling_128@0.99,0.2636881106079113,12.403785785688962
ec2_network_in_257a54:2779:2795,0,rolling_128@0.99,0.2636881106079113,12.403785785688962
ec2_network_in_257a54:2787:2803,0,rolling_128@0.99,0.18420897338227588,12.403785785688962
ec2_network_in_257a54:2795:2811,0,rolling_128@0.99,0.10554623548950016,12.403785785688962
ec2_network_in_257a54:2803:2819,0,rolling_128@0.99,0.19886422879768778,12.403785785688962
ec2_network_in_257a54:2811:2827,0,rolling_128@0.99,0.19886422879768778,12.403785785688962
ec2_network_in_257a54:2819:2835,0,rolling_128@0.99,0.17284593701567885,12.403785785688962
ec2_network_in_257a54:2827:2843,0,rolling_128@0.99,0.17284593701567885,12.403785785688962
ec2_network_in_257a54:2835:2851,0,rolling_128@0.99,0.3128894812713999,12.403785785688962
ec2_network_in_257a54:2843:2859,0,rolling_128@0.99,0.3128894812713999,12.403785785688962
ec2_network_in_257a54:2851:2867,0,rolling_128@0.99,0.17399954476863286,12.403785785688962
ec2_network_in_257a54:2859:2875,0,rolling_128@0.99,0.17399954476863286,12.403785785688962
ec2_network_in_257a54:2867:2883,0,rolling_128@0.99,0.2206940370458945,12.403785785688962
ec2_network_in_257a54:2875:2891,0,rolling_128@0.99,0.2206940370458945,12.403785785688962
ec2_network_in_257a54:2883:2899,0,rolling_128@0.99,0.22746039021225936,12.403785785688962
ec2_network_in_257a54:2891:2907,0,rolling_128@0.99,0.22746039021225936,12.403785785688962
ec2_network_in_257a54:2899:2915,0,rolling_128@0.99,0.13047303685909878,12.403785785688962
ec2_network_in_257a54:2907:2923,0,rolling_128@0.99,0.20379812041801418,12.403785785688962
ec2_network_in_257a54:2915:2931,0,rolling_128@0.99,0.20379812041801418,12.403785785688962
ec2_network_in_257a54:2923:2939,0,rolling_128@0.99,0.19976493023557113,12.403785785688962
ec2_network_in_257a54:2931:2947,0,rolling_128@0.99,0.18559330268582067,12.403785785688962
ec2_network_in_257a54:2939:2955,0,rolling_128@0.99,0.33711968103633017,12.403785785688962
ec2_network_in_257a54:2947:2963,0,rolling_128@0.99,0.33711968103633017,12.403785785688962
ec2_network_in_257a54:2955:2971,0,rolling_128@0.99,0.19694746514662576,12.403785785688962
ec2_network_in_257a54:2963:2979,0,rolling_128@0.99,0.30386915603387876,12.403785785688962
ec2_network_in_257a54:2971:2987,0,rolling_128@0.99,0.30386915603387876,12.403785785688962
ec2_network_in_257a54:2979:2995,0,rolling_128@0.99,0.11994858458984141,12.403785785688962
ec2_network_in_257a54:2987:3003,0,rolling_128@0.99,0.26526322888598314,12.403785785688962
ec2_network_in_257a54:2995:3011,0,rolling_128@0.99,0.26526322888598314,12.403785785688962
ec2_network_in_257a54:3003:3019,0,rolling_128@0.99,0.15228953424861755,12.403785785688962
ec2_network_in_257a54:3011:3027,0,rolling_128@0.99,0.21614172337462212,12.403785785688962
ec2_network_in_257a54:3019:3035,0,rolling_128@0.99,0.21614172337462212,12.403785785688962
ec2_network_in_257a54:3027:3043,0,rolling_128@0.99,0.16789429758376853,12.403785785688962
ec2_network_in_257a54:3035:3051,0,rolling_128@0.99,0.19296308144603844,12.403785785688962
ec2_network_in_257a54:3043:3059,0,rolling_128@0.99,0.19296308144603844,12.403785785688962
ec2_network_in_257a54:3051:3067,0,rolling_128@0.99,0.17575657811543974,12.403785785688962
ec2_network_in_257a54:3059:3075,0,rolling_128@0.99,0.19520817961140277,12.403785785688962
ec2_network_in_257a54:3067:3083,0,rolling_128@0.99,0.19520817961140277,12.403785785688962
ec2_network_in_257a54:3075:3091,0,rolling_128@0.99,0.16139859854405825,12.403785785688962
ec2_network_in_257a54:3083:3099,0,rolling_128@0.99,0.16145184197881,12.403785785688962
ec2_network_in_257a54:3091:3107,0,rolling_128@0.99,0.16145184197881,12.403785785688962
ec2_network_in_257a54:3099:3115,0,rolling_128@0.99,0.31257445761578556,12.403785785688962
ec2_network_in_257a54:3107:3123,0,rolling_128@0.99,0.31257445761578556,12.403785785688962
ec2_network_in_257a54:3115:3131,0,rolling_128@0.99,0.164912665237672,12.403785785688962
ec2_network_in_257a54:3123:3139,0,rolling_128@0.99,0.2150502329622118,12.403785785688962
ec2_network_in_257a54:3131:3147,0,rolling_128@0.99,0.2150502329622118,12.403785785688962
ec2_network_in_257a54:3139:3155,0,rolling_128@0.99,0.2040465897801889,12.403785785688962
ec2_network_in_257a54:3147:3163,0,rolling_128@0.99,0.2040465897801889,12.403785785688962
ec2_network_in_257a54:3155:3171,0,rolling_128@0.99,0.18991933175939824,12.403785785688962
ec2_network_in_257a54:3163:3179,0,rolling_128@0.99,0.18991933175939824,12.403785785688962
ec2_network_in_257a54:3171:3187,0,rolling_128@0.99,0.2921822221058754,12.403785785688962
ec2_network_in_257a54:3179:3195,0,rolling_128@0.99,0.2921822221058754,12.403785785688962
ec2_network_in_257a54:3187:3203,0,rolling_128@0.99,0.1900036338644218,12.403785785688962
ec2_network_in_257a54:3195:3211,0,rolling_128@0.99,0.1820836729451029,12.403785785688962
ec2_network_in_257a54:3203:3219,0,rolling_128@0.99,0.1820836729451029,12.403785785688962
