window_id,truth,detector,score,threshold
elb_request_count_8c0756:2419:2435,0,autoencoder@0.95,0.41715726,1.7338075637817383
elb_request_count_8c0756:2427:2443,0,autoencoder@0.95,0.6861917,1.7338075637817383
elb_request_count_8c0756:2435:2451,0,autoencoder@0.95,0.77099514,1.7338075637817383
elb_request_count_8c0756:2443:2459,0,autoencoder@0.95,0.42010927,1.7338075637817383
elb_request_count_8c0756:2451:2467,0,autoencoder@0.95,1.0332156,1.7338075637817383
elb_request_count_8c0756:2459:2475,0,autoencoder@0.95,0.85713494,1.7338075637817383
elb_request_count_8c0756:2467:2483,0,autoencoder@0.95,0.30547538,1.7338075637817383
elb_request_count_8c0756:2475:2491,0,autoencoder@0.95,0.97742015,1.7338075637817383
elb_request_count_8c0756:2483:2499,0,autoencoder@0.95,1.0479121,1.7338075637817383
elb_request_count_8c0756:2491:2507,0,autoencoder@0.95,0.5870367,1.7338075637817383
elb_request_count_8c0756:2499:2515,0,autoencoder@0.95,0.7579639,1.7338075637817383
elb_request_count_8c0756:2507:2523,0,autoencoder@0.95,0.7255292,1.7338075637817383
elb_request_count_8c0756:2515:2531,0,autoencoder@0.95,0.60411394,1.7338075637817383
elb_request_count_8c0756:2523:2539,0,autoencoder@0.95,0.29500353,1.7338075637817383
elb_request_count_8c0756:2531:2547,0,autoencoder@0.95,0.77718467,1.7338075637817383
elb_request_count_8c0756:2539:2555,0,autoencoder@0.95,1.4772823,1.7338075637817383
elb_request_count_8c0756:2547:2563,0,autoencoder@0.95,2.3347878,1.7338075637817383
elb_request_count_8c0756:2555:2571,0,autoencoder@0.95,1.0002037,1.7338075637817383
elb_request_count_8c0756:2563:2579,0,autoencoder@0.95,0.19049218,1.7338075637817383
elb_request_count_8c0756:2571:2587,0,autoencoder@0.95,0.22336833,1.7338075637817383
elb_request_count_8c0756:2579:2595,0,autoencoder@0.95,1.658792,1.7338075637817383
elb_request_count_8c0756:2587:2603,0,autoencoder@0.95,1.5716432,1.7338075637817383
elb_request_count_8c0756:2595:2611,0,autoencoder@0.95,0.24896461,1.7338075637817383
elb_request_count_8c0756:2603:2619,0,autoencoder@0.95,0.3793803,1.7338075637817383
elb_request_count_8c0756:2611:2627,0,autoencoder@0.95,0.5563144,1.7338075637817383
elb_request_count_8c0756:2619:2635,0,autoencoder@0.95,0.5079817,1.7338075637817383
elb_request_count_8c0756:2627:2643,0,autoencoder@0.95,0.5589147,1.7338075637817383
elb_request_count_8c0756:2635:2651,0,autoencoder@0.95,0.24250071,1.7338075637817383
elb_request_count_8c0756:2643:2659,0,autoencoder@0.95,0.25785112,1.7338075637817383
elb_request_count_8c0756:2651:2667,0,autoencoder@0.95,0.18502727,1.7338075637817383
elb_request_count_8c0756:2659:2675,0,autoencoder@0.95,0.13435566,1.7338075637817383
elb_request_count_8c0756:2667:2683,0,autoencoder@0.95,0.24888565,1.7338075637817383
elb_request_count_8c0756:2675:2691,0,autoencoder@0.95,0.22137065,1.7338075637817383
elb_request_count_8c0756:2683:2699,0,autoencoder@0.95,0.0773696,1.7338075637817383
elb_request_count_8c0756:2691:2707,0,autoencoder@0.95,0.11488382,1.7338075637817383
elb_request_count_8c0756:2699:2715,0,autoencoder@0.95,0.11737442,1.7338075637817383
elb_request_count_8c0756:2707:2723,0,autoencoder@0.95,0.17360128,1.7338075637817383
elb_request_count_8c0756:2715:2731,0,autoencoder@0.95,0.49737102,1.7338075637817383
elb_request_count_8c0756:2723:2739,0,autoencoder@0.95,0.5318321,1.7338075637817383
elb_request_count_8c0756:2731:2747,0,autoencoder@0.95,0.21608292,1.7338075637817383
elb_request_count_8c0756:2739:2755,0,autoencoder@0.95,0.28473327,1.7338075637817383
elb_request_count_8c0756:2747:2763,0,autoencoder@0.95,0.3318717,1.7338075637817383
elb_request_count_8c0756:2755:2771,0,autoencoder@0.95,0.38028666,1.7338075637817383
elb_request_count_8c0756:2763:2779,0,autoencoder@0.95,0.3994157,1.7338075637817383
elb_request_count_8c0756:2771:2787,0,autoencoder@0.95,0.51853484,1.7338075637817383
elb_request_count_8c0756:2779:2795,0,autoencoder@0.95,0.33359733,1.7338075637817383
elb_request_count_8c0756:2787:2803,0,autoencoder@0.95,0.23044166,1.7338075637817383
elb_request_count_8c0756:2795:2811,0,autoencoder@0.95,0.20382954,1.7338075637817383
elb_request_count_8c0756:2803:2819,0,autoencoder@0.95,0.29188514,1.7338075637817383
elb_request_count_8c0756:2811:2827,0,autoencoder@0.95,0.28502613,1.7338075637817383
elb_request_count_8c0756:2819:2835,0,autoencoder@0.95,0.9813198,1.7338075637817383
elb_request_count_8c0756:2827:2843,0,autoencoder@0.95,0.70818925,1.7338075637817383
elb_request_count_8c0756:2835:2851,0,autoencoder@0.95,0.35685545,1.7338075637817383
elb_request_count_8c0756:2843:2859,0,autoencoder@0.95,0.441683,1.7338075637817383
elb_request_count_8c0756:2851:2867,0,autoencoder@0.95,0.18756063,1.7338075637817383
elb_request_count_8c0756:2859:2875,0,autoencoder@0.95,0.20496167,1.7338075637817383
elb_request_count_8c0756:2867:2883,0,autoencoder@0.95,0.52723265,1.7338075637817383
elb_request_count_8c0756:2875:2891,0,autoencoder@0.95,0.33525068,1.7338075637817383
elb_request_count_8c0756:2883:2899,0,autoencoder@0.95,0.2669213,1.7338075637817383
elb_request_count_8c0756:2891:2907,0,autoencoder@0.95,0.2966751,1.7338075637817383
elb_request_count_8c0756:2899:2915,0,autoencoder@0.95,0.18482001,1.7338075637817383
elb_request_count_8c0756:2907:2923,0,autoencoder@0.95,0.33008114,1.7338075637817383
elb_request_count_8c0756:2915:2931,0,autoencoder@0.95,0.27035815,1.7338075637817383
elb_request_count_8c0756:2923:2939,0,autoencoder@0.95,0.54864806,1.7338075637817383
elb_request_count_8c0756:2931:2947,0,autoencoder@0.95,0.37479317,1.7338075637817383
elb_request_count_8c0756:2939:2955,0,autoencoder@0.95,0.33591273,1.7338075637817383
elb_request_count_8c0756:2947:2963,0,autoencoder@0.95,0.42699045,1.7338075637817383
elb_request_count_8c0756:2955:2971,0,autoencoder@0.95,0.15804121,1.7338075637817383
elb_request_count_8c0756:2963:2979,0,autoencoder@0.95,0.20615166,1.7338075637817383
elb_request_count_8c0756:2971:2987,0,autoencoder@0.95,0.17723246,1.7338075637817383
elb_request_count_8c0756:2979:2995,0,autoencoder@0.95,0.09343942,1.7338075637817383
elb_request_count_8c0756:2987:3003,0,autoencoder@0.95,0.055787515,1.7338075637817383
elb_request_count_8c0756:2995:3011,0,autoencoder@0.95,0.094948985,1.7338075637817383
elb_request_count_8c0756:3003:3019,0,autoencoder@0.95,0.13548909,1.7338075637817383
elb_request_count_8c0756:3011:3027,0,autoencoder@0.95,0.11425961,1.7338075637817383
elb_request_count_8c0756:3019:3035,0,autoencoder@0.95,0.19923897,1.7338075637817383
elb_request_count_8c0756:3027:3043,0,autoencoder@0.95,0.49587548,1.7338075637817383
elb_request_count_8c0756:3035:3051,0,autoencoder@0.95,0.74340063,1.7338075637817383
elb_request_count_8c0756:3043:3059,0,autoencoder@0.95,0.5593255,1.7338075637817383
elb_request_count_8c0756:3051:3067,0,autoencoder@0.95,1.2851309,1.7338075637817383
elb_request_count_8c0756:3059:3075,0,autoencoder@0.95,0.80171597,1.7338075637817383
elb_request_count_8c0756:3067:3083,0,autoencoder@0.95,0.82357407,1.7338075637817383
elb_request_count_8c0756:3075:3091,0,autoencoder@0.95,0.77521294,1.7338075637817383
elb_request_count_8c0756:3083:3099,0,autoencoder@0.95,0.1825632,1.7338075637817383
elb_request_count_8c0756:3091:3107,0,autoencoder@0.95,0.20055512,1.7338075637817383
elb_request_count_8c0756:3099:3115,0,autoencoder@0.95,0.7822296,1.7338075637817383
elb_request_count_8c0756:3107:3123,0,autoencoder@0.95,0.8476799,1.7338075637817383
elb_request_count_8c0756:3115:3131,0,autoencoder@0.95,0.1822651,1.7338075637817383
elb_request_count_8c0756:3123:3139,0,autoencoder@0.95,0.44066027,1.7338075637817383
elb_request_count_8c0756:3131:3147,0,autoencoder@0.95,0.45528308,1.7338075637817383
elb_request_count_8c0756:3139:3155,0,autoencoder@0.95,0.17551379,1.7338075637817383
elb_request_count_8c0756:3147:3163,0,autoencoder@0.95,0.1732888,1.7338075637817383
elb_request_count_8c0756:3155:3171,0,autoencoder@0.95,0.6529413,1.7338075637817383
elb_request_count_8c0756:3163:3179,0,autoencoder@0.95,0.60091716,1.7338075637817383
elb_request_count_8c0756:3171:3187,0,autoencoder@0.95,0.6661748,1.7338075637817383
elb_request_count_8c0756:3179:3195,0,autoencoder@0.95,0.77092594,1.7338075637817383
elb_request_count_8c0756:3187:3203,0,autoencoder@0.95,0.23001945,1.7338075637817383
elb_request_count_8c0756:3195:3211,0,autoencoder@0.95,0.62861717,1.7338075637817383
elb_request_count_8c0756:3203:3219,0,autoencoder@0.95,0.82895046,1.7338075637817383
elb_request_count_8c0756:2419:2435,0,autoencoder@0.975,0.41715726,2.054997682571411
elb_request_count_8c0756:2427:2443,0,autoencoder@0.975,0.6861917,2.054997682571411
elb_request_count_8c0756:2435:2451,0,autoencoder@0.975,0.77099514,2.054997682571411
elb_request_count_8c0756:2443:2459,0,autoencoder@0.975,0.42010927,2.054997682571411
elb_request_count_8c0756:2451:2467,0,autoencoder@0.975,1.0332156,2.054997682571411
elb_request_count_8c0756:2459:2475,0,autoencoder@0.975,0.85713494,2.054997682571411
elb_request_count_8c0756:2467:2483,0,autoencoder@0.975,0.30547538,2.054997682571411
elb_request_count_8c0756:2475:2491,0,autoencoder@0.975,0.97742015,2.054997682571411
elb_request_count_8c0756:2483:2499,0,autoencoder@0.975,1.0479121,2.054997682571411
elb_request_count_8c0756:2491:2507,0,autoencoder@0.975,0.5870367,2.054997682571411
elb_request_count_8c0756:2499:2515,0,autoencoder@0.975,0.7579639,2.054997682571411
elb_request_count_8c0756:2507:2523,0,autoencoder@0.975,0.7255292,2.054997682571411
elb_request_count_8c0756:2515:2531,0,autoencoder@0.975,0.60411394,2.054997682571411
elb_request_count_8c0756:2523:2539,0,autoencoder@0.975,0.29500353,2.054997682571411
elb_request_count_8c0756:2531:2547,0,autoencoder@0.975,0.77718467,2.054997682571411
elb_request_count_8c0756:2539:2555,0,autoencoder@0.975,1.4772823,2.054997682571411
elb_request_count_8c0756:2547:2563,0,autoencoder@0.975,2.3347878,2.054997682571411
elb_request_count_8c0756:2555:2571,0,autoencoder@0.975,1.0002037,2.054997682571411
elb_request_count_8c0756:2563:2579,0,autoencoder@0.975,0.19049218,2.054997682571411
elb_request_count_8c0756:2571:2587,0,autoencoder@0.975,0.22336833,2.054997682571411
elb_request_count_8c0756:2579:2595,0,autoencoder@0.975,1.658792,2.054997682571411
elb_request_count_8c0756:2587:2603,0,autoencoder@0.975,1.5716432,2.054997682571411
elb_request_count_8c0756:2595:2611,0,autoencoder@0.975,0.24896461,2.054997682571411
elb_request_count_8c0756:2603:2619,0,autoencoder@0.975,0.3793803,2.054997682571411
elb_request_count_8c0756:2611:2627,0,autoencoder@0.975,0.5563144,2.054997682571411
elb_request_count_8c0756:2619:2635,0,autoencoder@0.975,0.5079817,2.054997682571411
elb_request_count_8c0756:2627:2643,0,autoencoder@0.975,0.5589147,2.054997682571411
elb_request_count_8c0756:2635:2651,0,autoencoder@0.975,0.24250071,2.054997682571411
elb_request_count_8c0756:2643:2659,0,autoencoder@0.975,0.25785112,2.054997682571411
elb_request_count_8c0756:2651:2667,0,autoencoder@0.975,0.18502727,2.054997682571411
elb_request_count_8c0756:2659:2675,0,autoencoder@0.975,0.13435566,2.054997682571411
elb_request_count_8c0756:2667:2683,0,autoencoder@0.975,0.24888565,2.054997682571411
elb_request_count_8c0756:2675:2691,0,autoencoder@0.975,0.22137065,2.054997682571411
elb_request_count_8c0756:2683:2699,0,autoencoder@0.975,0.0773696,2.054997682571411
elb_request_count_8c0756:2691:2707,0,autoencoder@0.975,0.11488382,2.054997682571411
elb_request_count_8c0756:2699:2715,0,autoencoder@0.975,0.11737442,2.054997682571411
elb_request_count_8c0756:2707:2723,0,autoencoder@0.975,0.17360128,2.054997682571411
elb_request_count_8c0756:2715:2731,0,autoencoder@0.975,0.49737102,2.054997682571411
elb_request_count_8c0756:2723:2739,0,autoencoder@0.975,0.5318321,2.054997682571411
elb_request_count_8c0756:2731:2747,0,autoencoder@0.975,0.21608292,2.054997682571411
elb_request_count_8c0756:2739:2755,0,autoencoder@0.975,0.28473327,2.054997682571411
elb_request_count_8c0756:2747:2763,0,autoencoder@0.975,0.3318717,2.054997682571411
elb_request_count_8c0756:2755:2771,0,autoencoder@0.975,0.38028666,2.054997682571411
elb_request_count_8c0756:2763:2779,0,autoencoder@0.975,0.3994157,2.054997682571411
elb_request_count_8c0756:2771:2787,0,autoencoder@0.975,0.51853484,2.054997682571411
elb_request_count_8c0756:2779:2795,0,autoencoder@0.975,0.33359733,2.054997682571411
elb_request_count_8c0756:2787:2803,0,autoencoder@0.975,0.23044166,2.054997682571411
elb_request_count_8c0756:2795:2811,0,autoencoder@0.975,0.20382954,2.054997682571411
elb_request_count_8c0756:2803:2819,0,autoencoder@0.975,0.29188514,2.054997682571411
elb_request_count_8c0756:2811:2827,0,autoencoder@0.975,0.28502613,2.054997682571411
elb_request_count_8c0756:2819:2835,0,autoencoder@0.975,0.9813198,2.054997682571411
elb_request_count_8c0756:2827:2843,0,autoencoder@0.975,0.70818925,2.054997682571411
elb_request_count_8c0756:2835:2851,0,autoencoder@0.975,0.35685545,2.054997682571411
elb_request_count_8c0756:2843:2859,0,autoencoder@0.975,0.441683,2.054997682571411
elb_request_count_8c0756:2851:2867,0,autoencoder@0.975,0.18756063,2.054997682571411
elb_request_count_8c0756:2859:2875,0,autoencoder@0.975,0.20496167,2.054997682571411
elb_request_count_8c0756:2867:2883,0,autoencoder@0.975,0.52723265,2.054997682571411
elb_request_count_8c0756:2875:2891,0,autoencoder@0.975,0.33525068,2.054997682571411
elb_request_count_8c0756:2883:2899,0,autoencoder@0.975,0.2669213,2.054997682571411
elb_request_count_8c0756:2891:2907,0,autoencoder@0.975,0.2966751,2.054997682571411
elb_request_count_8c0756:2899:2915,0,autoencoder@0.975,0.18482001,2.054997682571411
elb_request_count_8c0756:2907:2923,0,autoencoder@0.975,0.33008114,2.054997682571411
elb_request_count_8c0756:2915:2931,0,autoencoder@0.975,0.27035815,2.054997682571411
elb_request_count_8c0756:2923:2939,0,autoencoder@0.975,0.54864806,2.054997682571411
elb_request_count_8c0756:2931:2947,0,autoencoder@0.975,0.37479317,2.054997682571411
elb_request_count_8c0756:2939:2955,0,autoencoder@0.975,0.33591273,2.054997682571411
elb_request_count_8c0756:2947:2963,0,autoencoder@0.975,0.42699045,2.054997682571411
elb_request_count_8c0756:2955:2971,0,autoencoder@0.975,0.15804121,2.054997682571411
elb_request_count_8c0756:2963:2979,0,autoencoder@0.975,0.20615166,2.054997682571411
elb_request_count_8c0756:2971:2987,0,autoencoder@0.975,0.17723246,2.054997682571411
elb_request_count_8c0756:2979:2995,0,autoencoder@0.975,0.09343942,2.054997682571411
elb_request_count_8c0756:2987:3003,0,autoencoder@0.975,0.055787515,2.054997682571411
elb_request_count_8c0756:2995:3011,0,autoencoder@0.975,0.094948985,2.054997682571411
elb_request_count_8c0756:3003:3019,0,autoencoder@0.975,0.13548909,2.054997682571411
elb_request_count_8c0756:3011:3027,0,autoencoder@0.975,0.11425961,2.054997682571411
elb_request_count_8c0756:3019:3035,0,autoencoder@0.975,0.19923897,2.054997682571411
elb_request_count_8c0756:3027:3043,0,autoencoder@0.975,0.49587548,2.054997682571411
elb_request_count_8c0756:3035:3051,0,autoencoder@0.975,0.74340063,2.054997682571411
elb_request_count_8c0756:3043:3059,0,autoencoder@0.975,0.5593255,2.054997682571411
elb_request_count_8c0756:3051:3067,0,autoencoder@0.975,1.2851309,2.054997682571411
elb_request_count_8c0756:3059:3075,0,autoencoder@0.975,0.80171597,2.054997682571411
elb_request_count_8c0756:3067:3083,0,autoencoder@0.975,0.82357407,2.054997682571411
elb_request_count_8c0756:3075:3091,0,autoencoder@0.975,0.77521294,2.054997682571411
elb_request_count_8c0756:3083:3099,0,autoencoder@0.975,0.1825632,2.054997682571411
elb_request_count_8c0756:3091:3107,0,autoencoder@0.975,0.20055512,2.054997682571411
elb_request_count_8c0756:3099:3115,0,autoencoder@0.975,0.7822296,2.054997682571411
elb_request_count_8c0756:3107:3123,0,autoencoder@0.975,0.8476799,2.054997682571411
elb_request_count_8c0756:3115:3131,0,autoencoder@0.975,0.1822651,2.054997682571411
elb_request_count_8c0756:3123:3139,0,autoencoder@0.975,0.44066027,2.054997682571411
elb_request_count_8c0756:3131:3147,0,autoencoder@0.975,0.45528308,2.054997682571411
elb_request_count_8c0756:3139:3155,0,autoencoder@0.975,0.17551379,2.054997682571411
elb_request_count_8c0756:3147:3163,0,autoencoder@0.975,0.1732888,2.054997682571411
elb_request_count_8c0756:3155:3171,0,autoencoder@0.975,0.6529413,2.054997682571411
elb_request_count_8c0756:3163:3179,0,autoencoder@0.975,0.60091716,2.054997682571411
elb_request_count_8c0756:3171:3187,0,autoencoder@0.975,0.6661748,2.054997682571411
elb_request_count_8c0756:3179:3195,0,autoencoder@0.975,0.77092594,2.054997682571411
elb_request_count_8c0756:3187:3203,0,autoencoder@0.975,0.23001945,2.054997682571411
elb_request_count_8c0756:3195:3211,0,autoencoder@0.975,0.62861717,2.054997682571411
elb_request_count_8c0756:3203:3219,0,autoencoder@0.975,0.82895046,2.054997682571411
elb_request_count_8c0756:2419:2435,0,autoencoder@0.99,0.41715726,3.3843274116516113
elb_request_count_8c0756:2427:2443,0,autoencoder@0.99,0.6861917,3.3843274116516113
elb_request_count_8c0756:2435:2451,0,autoencoder@0.99,0.77099514,3.3843274116516113
elb_request_count_8c0756:2443:2459,0,autoencoder@0.99,0.42010927,3.3843274116516113
elb_request_count_8c0756:2451:2467,0,autoencoder@0.99,1.0332156,3.3843274116516113
elb_request_count_8c0756:2459:2475,0,autoencoder@0.99,0.85713494,3.3843274116516113
elb_request_count_8c0756:2467:2483,0,autoencoder@0.99,0.30547538,3.3843274116516113
elb_request_count_8c0756:2475:2491,0,autoencoder@0.99,0.97742015,3.3843274116516113
elb_request_count_8c0756:2483:2499,0,autoencoder@0.99,1.0479121,3.3843274116516113
elb_request_count_8c0756:2491:2507,0,autoencoder@0.99,0.5870367,3.3843274116516113
elb_request_count_8c0756:2499:2515,0,autoencoder@0.99,0.7579639,3.3843274116516113
elb_request_count_8c0756:2507:2523,0,autoencoder@0.99,0.7255292,3.3843274116516113
elb_request_count_8c0756:2515:2531,0,autoencoder@0.99,0.60411394,3.3843274116516113
elb_request_count_8c0756:2523:2539,0,autoencoder@0.99,0.29500353,3.3843274116516113
elb_request_count_8c0756:2531:2547,0,autoencoder@0.99,0.77718467,3.3843274116516113
elb_request_count_8c0756:2539:2555,0,autoencoder@0.99,1.4772823,3.3843274116516113
elb_request_count_8c0756:2547:2563,0,autoencoder@0.99,2.3347878,3.3843274116516113
elb_request_count_8c0756:2555:2571,0,autoencoder@0.99,1.0002037,3.3843274116516113
elb_request_count_8c0756:2563:2579,0,autoencoder@0.99,0.19049218,3.3843274116516113
elb_request_count_8c0756:2571:2587,0,autoencoder@0.99,0.22336833,3.3843274116516113
elb_request_count_8c0756:2579:2595,0,autoencoder@0.99,1.658792,3.3843274116516113
elb_request_count_8c0756:2587:2603,0,autoencoder@0.99,1.5716432,3.3843274116516113
elb_request_count_8c0756:2595:2611,0,autoencoder@0.99,0.24896461,3.3843274116516113
elb_request_count_8c0756:2603:2619,0,autoencoder@0.99,0.3793803,3.3843274116516113
elb_request_count_8c0756:2611:2627,0,autoencoder@0.99,0.5563144,3.3843274116516113
elb_request_count_8c0756:2619:2635,0,autoencoder@0.99,0.5079817,3.3843274116516113
elb_request_count_8c0756:2627:2643,0,autoencoder@0.99,0.5589147,3.3843274116516113
elb_request_count_8c0756:2635:2651,0,autoencoder@0.99,0.24250071,3.3843274116516113
elb_request_count_8c0756:2643:2659,0,autoencoder@0.99,0.25785112,3.3843274116516113
elb_request_count_8c0756:2651:2667,0,autoencoder@0.99,0.18502727,3.3843274116516113
elb_request_count_8c0756:2659:2675,0,autoencoder@0.99,0.13435566,3.3843274116516113
elb_request_count_8c0756:2667:2683,0,autoencoder@0.99,0.24888565,3.3843274116516113
elb_request_count_8c0756:2675:2691,0,autoencoder@0.99,0.22137065,3.3843274116516113
elb_request_count_8c0756:2683:2699,0,autoencoder@0.99,0.0773696,3.3843274116516113
elb_request_count_8c0756:2691:2707,0,autoencoder@0.99,0.11488382,3.3843274116516113
elb_request_count_8c0756:2699:2715,0,autoencoder@0.99,0.11737442,3.3843274116516113
elb_request_count_8c0756:2707:2723,0,autoencoder@0.99,0.17360128,3.3843274116516113
elb_request_count_8c0756:2715:2731,0,autoencoder@0.99,0.49737102,3.3843274116516113
elb_request_count_8c0756:2723:2739,0,autoencoder@0.99,0.5318321,3.3843274116516113
elb_request_count_8c0756:2731:2747,0,autoencoder@0.99,0.21608292,3.3843274116516113
elb_request_count_8c0756:2739:2755,0,autoencoder@0.99,0.28473327,3.3843274116516113
elb_request_count_8c0756:2747:2763,0,autoencoder@0.99,0.3318717,3.3843274116516113
elb_request_count_8c0756:2755:2771,0,autoencoder@0.99,0.38028666,3.3843274116516113
elb_request_count_8c0756:2763:2779,0,autoencoder@0.99,0.3994157,3.3843274116516113
elb_request_count_8c0756:2771:2787,0,autoencoder@0.99,0.51853484,3.3843274116516113
elb_request_count_8c0756:2779:2795,0,autoencoder@0.99,0.33359733,3.3843274116516113
elb_request_count_8c0756:2787:2803,0,autoencoder@0.99,0.23044166,3.3843274116516113
elb_request_count_8c0756:2795:2811,0,autoencoder@0.99,0.20382954,3.3843274116516113
elb_request_count_8c0756:2803:2819,0,autoencoder@0.99,0.29188514,3.3843274116516113
elb_request_count_8c0756:2811:2827,0,autoencoder@0.99,0.28502613,3.3843274116516113
elb_request_count_8c0756:2819:2835,0,autoencoder@0.99,0.9813198,3.3843274116516113
elb_request_count_8c0756:2827:2843,0,autoencoder@0.99,0.70818925,3.3843274116516113
elb_request_count_8c0756:2835:2851,0,autoencoder@0.99,0.35685545,3.3843274116516113
elb_request_count_8c0756:2843:2859,0,autoencoder@0.99,0.441683,3.3843274116516113
elb_request_count_8c0756:2851:2867,0,autoencoder@0.99,0.18756063,3.3843274116516113
elb_request_count_8c0756:2859:2875,0,autoencoder@0.99,0.20496167,3.3843274116516113
elb_request_count_8c0756:2867:2883,0,autoencoder@0.99,0.52723265,3.3843274116516113
elb_request_count_8c0756:2875:2891,0,autoencoder@0.99,0.33525068,3.3843274116516113
elb_request_count_8c0756:2883:2899,0,autoencoder@0.99,0.2669213,3.3843274116516113
elb_request_count_8c0756:2891:2907,0,autoencoder@0.99,0.2966751,3.3843274116516113
elb_request_count_8c0756:2899:2915,0,autoencoder@0.99,0.18482001,3.3843274116516113
elb_request_count_8c0756:2907:2923,0,autoencoder@0.99,0.33008114,3.3843274116516113
elb_request_count_8c0756:2915:2931,0,autoencoder@0.99,0.27035815,3.3843274116516113
elb_request_count_8c0756:2923:2939,0,autoencoder@0.99,0.54864806,3.3843274116516113
elb_request_count_8c0756:2931:2947,0,autoencoder@0.99,0.37479317,3.3843274116516113
elb_request_count_8c0756:2939:2955,0,autoencoder@0.99,0.33591273,3.3843274116516113
elb_request_count_8c0756:2947:2963,0,autoencoder@0.99,0.42699045,3.3843274116516113
elb_request_count_8c0756:2955:2971,0,autoencoder@0.99,0.15804121,3.3843274116516113
elb_request_count_8c0756:2963:2979,0,autoencoder@0.99,0.20615166,3.3843274116516113
elb_request_count_8c0756:2971:2987,0,autoencoder@0.99,0.17723246,3.3843274116516113
elb_request_count_8c0756:2979:2995,0,autoencoder@0.99,0.09343942,3.3843274116516113
elb_request_count_8c0756:2987:3003,0,autoencoder@0.99,0.055787515,3.3843274116516113
elb_request_count_8c0756:2995:3011,0,autoencoder@0.99,0.094948985,3.3843274116516113
elb_request_count_8c0756:3003:3019,0,autoencoder@0.99,0.13548909,3.3843274116516113
elb_request_count_8c0756:3011:3027,0,autoencoder@0.99,0.11425961,3.3843274116516113
elb_request_count_8c0756:3019:3035,0,autoencoder@0.99,0.19923897,3.3843274116516113
elb_request_count_8c0756:3027:3043,0,autoencoder@0.99,0.49587548,3.3843274116516113
elb_request_count_8c0756:3035:3051,0,autoencoder@0.99,0.74340063,3.3843274116516113
elb_request_count_8c0756:3043:3059,0,autoencoder@0.99,0.5593255,3.3843274116516113
elb_request_count_8c0756:3051:3067,0,autoencoder@0.99,1.2851309,3.3843274116516113
elb_request_count_8c0756:3059:3075,0,autoencoder@0.99,0.80171597,3.3843274116516113
elb_request_count_8c0756:3067:3083,0,autoencoder@0.99,0.82357407,3.3843274116516113
elb_request_count_8c0756:3075:3091,0,autoencoder@0.99,0.77521294,3.3843274116516113
elb_request_count_8c0756:3083:3099,0,autoencoder@0.99,0.1825632,3.3843274116516113
elb_request_count_8c0756:3091:3107,0,autoencoder@0.99,0.20055512,3.3843274116516113
elb_request_count_8c0756:3099:3115,0,autoencoder@0.99,0.7822296,3.3843274116516113
elb_request_count_8c0756:3107:3123,0,autoencoder@0.99,0.8476799,3.3843274116516113
elb_request_count_8c0756:3115:3131,0,autoencoder@0.99,0.1822651,3.3843274116516113
elb_request_count_8c0756:3123:3139,0,autoencoder@0.99,0.44066027,3.3843274116516113
elb_request_count_8c0756:3131:3147,0,autoencoder@0.99,0.45528308,3.3843274116516113
elb_request_count_8c0756:3139:3155,0,autoencoder@0.99,0.17551379,3.3843274116516113
elb_request_count_8c0756:3147:3163,0,autoencoder@0.99,0.1732888,3.3843274116516113
elb_request_count_8c0756:3155:3171,0,autoencoder@0.99,0.6529413,3.3843274116516113
elb_request_count_8c0756:3163:3179,0,autoencoder@0.99,0.60091716,3.3843274116516113
elb_request_count_8c0756:3171:3187,0,autoencoder@0.99,0.6661748,3.3843274116516113
elb_request_count_8c0756:3179:3195,0,autoencoder@0.99,0.77092594,3.3843274116516113
elb_request_count_8c0756:3187:3203,0,autoencoder@0.99,0.23001945,3.3843274116516113
elb_request_count_8c0756:3195:3211,0,autoencoder@0.99,0.62861717,3.3843274116516113
elb_request_count_8c0756:3203:3219,0,autoencoder@0.99,0.82895046,3.3843274116516113
elb_request_count_8c0756:2419:2435,0,max_abs_z@0.95,1.8566439,4.031603813171387
elb_request_count_8c0756:2427:2443,0,max_abs_z@0.95,1.9098505,4.031603813171387
elb_request_count_8c0756:2435:2451,0,max_abs_z@0.95,1.8404769,4.031603813171387
elb_request_count_8c0756:2443:2459,0,max_abs_z@0.95,2.0739965,4.031603813171387
elb_request_count_8c0756:2451:2467,0,max_abs_z@0.95,2.6669254,4.031603813171387
elb_request_count_8c0756:2459:2475,0,max_abs_z@0.95,2.7349768,4.031603813171387
elb_request_count_8c0756:2467:2483,0,max_abs_z@0.95,1.0443151,4.031603813171387
elb_request_count_8c0756:2475:2491,0,max_abs_z@0.95,3.1145697,4.031603813171387
elb_request_count_8c0756:2483:2499,0,max_abs_z@0.95,3.1180656,4.031603813171387
elb_request_count_8c0756:2491:2507,0,max_abs_z@0.95,1.8566439,4.031603813171387
elb_request_count_8c0756:2499:2515,0,max_abs_z@0.95,3.1721334,4.031603813171387
elb_request_count_8c0756:2507:2523,0,max_abs_z@0.95,3.1643643,4.031603813171387
elb_request_count_8c0756:2515:2531,0,max_abs_z@0.95,2.1308632,4.031603813171387
elb_request_count_8c0756:2523:2539,0,max_abs_z@0.95,0.878375,4.031603813171387
elb_request_count_8c0756:2531:2547,0,max_abs_z@0.95,3.3631032,4.031603813171387
elb_request_count_8c0756:2539:2555,0,max_abs_z@0.95,5.2177057,4.031603813171387
elb_request_count_8c0756:2547:2563,0,max_abs_z@0.95,5.1793456,4.031603813171387
elb_request_count_8c0756:2555:2571,0,max_abs_z@0.95,2.9117894,4.031603813171387
elb_request_count_8c0756:2563:2579,0,max_abs_z@0.95,1.0918211,4.031603813171387
elb_request_count_8c0756:2571:2587,0,max_abs_z@0.95,1.1707466,4.031603813171387
elb_request_count_8c0756:2579:2595,0,max_abs_z@0.95,5.078477,4.031603813171387
elb_request_count_8c0756:2587:2603,0,max_abs_z@0.95,5.1907096,4.031603813171387
elb_request_count_8c0756:2595:2611,0,max_abs_z@0.95,1.2168278,4.031603813171387
elb_request_count_8c0756:2603:2619,0,max_abs_z@0.95,1.5180908,4.031603813171387
elb_request_count_8c0756:2611:2627,0,max_abs_z@0.95,1.5205926,4.031603813171387
elb_request_count_8c0756:2619:2635,0,max_abs_z@0.95,1.8014715,4.031603813171387
elb_request_count_8c0756:2627:2643,0,max_abs_z@0.95,1.8039137,4.031603813171387
elb_request_count_8c0756:2635:2651,0,max_abs_z@0.95,1.317849,4.031603813171387
elb_request_count_8c0756:2643:2659,0,max_abs_z@0.95,1.3001655,4.031603813171387
elb_request_count_8c0756:2651:2667,0,max_abs_z@0.95,1.1126555,4.031603813171387
elb_request_count_8c0756:2659:2675,0,max_abs_z@0.95,1.0866879,4.031603813171387
elb_request_count_8c0756:2667:2683,0,max_abs_z@0.95,1.0709866,4.031603813171387
elb_request_count_8c0756:2675:2691,0,max_abs_z@0.95,1.0084833,4.031603813171387
elb_request_count_8c0756:2683:2699,0,max_abs_z@0.95,1.1497319,4.031603813171387
elb_request_count_8c0756:2691:2707,0,max_abs_z@0.95,1.1707466,4.031603813171387
elb_request_count_8c0756:2699:2715,0,max_abs_z@0.95,1.1543244,4.031603813171387
elb_request_count_8c0756:2707:2723,0,max_abs_z@0.95,1.2548051,4.031603813171387
elb_request_count_8c0756:2715:2731,0,max_abs_z@0.95,1.2766161,4.031603813171387
elb_request_count_8c0756:2723:2739,0,max_abs_z@0.95,1.2936978,4.031603813171387
elb_request_count_8c0756:2731:2747,0,max_abs_z@0.95,0.9164904,4.031603813171387
elb_request_count_8c0756:2739:2755,0,max_abs_z@0.95,1.0086501,4.031603813171387
elb_request_count_8c0756:2747:2763,0,max_abs_z@0.95,0.99995667,4.031603813171387
elb_request_count_8c0756:2755:2771,0,max_abs_z@0.95,1.5865502,4.031603813171387
elb_request_count_8c0756:2763:2779,0,max_abs_z@0.95,1.6348083,4.031603813171387
elb_request_count_8c0756:2771:2787,0,max_abs_z@0.95,1.5611573,4.031603813171387
elb_request_count_8c0756:2779:2795,0,max_abs_z@0.95,1.554153,4.031603813171387
elb_request_count_8c0756:2787:2803,0,max_abs_z@0.95,1.0446587,4.031603813171387
elb_request_count_8c0756:2795:2811,0,max_abs_z@0.95,1.1077026,4.031603813171387
elb_request_count_8c0756:2803:2819,0,max_abs_z@0.95,1.0918211,4.031603813171387
elb_request_count_8c0756:2811:2827,0,max_abs_z@0.95,0.9387998,4.031603813171387
elb_request_count_8c0756:2819:2835,0,max_abs_z@0.95,3.4314609,4.031603813171387
elb_request_count_8c0756:2827:2843,0,max_abs_z@0.95,3.408418,4.031603813171387
elb_request_count_8c0756:2835:2851,0,max_abs_z@0.95,1.1917613,4.031603813171387
elb_request_count_8c0756:2843:2859,0,max_abs_z@0.95,1.1751589,4.031603813171387
elb_request_count_8c0756:2851:2867,0,max_abs_z@0.95,1.2337905,4.031603813171387
elb_request_count_8c0756:2859:2875,0,max_abs_z@0.95,1.2168278,4.031603813171387
elb_request_count_8c0756:2867:2883,0,max_abs_z@0.95,1.0918211,4.031603813171387
elb_request_count_8c0756:2875:2891,0,max_abs_z@0.95,1.1020637,4.031603813171387
elb_request_count_8c0756:2883:2899,0,max_abs_z@0.95,1.1917613,4.031603813171387
elb_request_count_8c0756:2891:2907,0,max_abs_z@0.95,1.2337905,4.031603813171387
elb_request_count_8c0756:2899:2915,0,max_abs_z@0.95,1.2168278,4.031603813171387
elb_request_count_8c0756:2907:2923,0,max_abs_z@0.95,1.5479654,4.031603813171387
elb_request_count_8c0756:2915:2931,0,max_abs_z@0.95,1.5955166,4.031603813171387
elb_request_count_8c0756:2923:2939,0,max_abs_z@0.95,1.2490214,4.031603813171387
elb_request_count_8c0756:2931:2947,0,max_abs_z@0.95,1.2513556,4.031603813171387
elb_request_count_8c0756:2939:2955,0,max_abs_z@0.95,1.2669593,4.031603813171387
elb_request_count_8c0756:2947:2963,0,max_abs_z@0.95,1.2693048,4.031603813171387
elb_request_count_8c0756:2955:2971,0,max_abs_z@0.95,1.1707466,4.031603813171387
elb_request_count_8c0756:2963:2979,0,max_abs_z@0.95,1.1543244,4.031603813171387
elb_request_count_8c0756:2971:2987,0,max_abs_z@0.95,1.0918211,4.031603813171387
elb_request_count_8c0756:2979:2995,0,max_abs_z@0.95,1.056675,4.031603813171387
elb_request_count_8c0756:2987:3003,0,max_abs_z@0.95,0.9624149,4.031603813171387
elb_request_count_8c0756:2995:3011,0,max_abs_z@0.95,0.97648895,4.031603813171387
elb_request_count_8c0756:3003:3019,0,max_abs_z@0.95,0.9761583,4.031603813171387
elb_request_count_8c0756:3011:3027,0,max_abs_z@0.95,1.0866879,4.031603813171387
elb_request_count_8c0756:3019:3035,0,max_abs_z@0.95,1.0709866,4.031603813171387
elb_request_count_8c0756:3027:3043,0,max_abs_z@0.95,1.9338136,4.031603813171387
elb_request_count_8c0756:3035:3051,0,max_abs_z@0.95,2.512586,4.031603813171387
elb_request_count_8c0756:3043:3059,0,max_abs_z@0.95,2.5778098,4.031603813171387
elb_request_count_8c0756:3051:3067,0,max_abs_z@0.95,4.608281,4.031603813171387
elb_request_count_8c0756:3059:3075,0,max_abs_z@0.95,4.5751467,4.031603813171387
elb_request_count_8c0756:3067:3083,0,max_abs_z@0.95,2.4273162,4.031603813171387
elb_request_count_8c0756:3075:3091,0,max_abs_z@0.95,2.4303164,4.031603813171387
elb_request_count_8c0756:3083:3099,0,max_abs_z@0.95,1.0236441,4.031603813171387
elb_request_count_8c0756:3091:3107,0,max_abs_z@0.95,1.0084833,4.031603813171387
elb_request_count_8c0756:3099:3115,0,max_abs_z@0.95,3.0913584,4.031603813171387
elb_request_count_8c0756:3107:3123,0,max_abs_z@0.95,3.1671858,4.031603813171387
elb_request_count_8c0756:3115:3131,0,max_abs_z@0.95,1.2429386,4.031603813171387
elb_request_count_8c0756:3123:3139,0,max_abs_z@0.95,1.5286729,4.031603813171387
elb_request_count_8c0756:3131:3147,0,max_abs_z@0.95,1.5758708,4.031603813171387
elb_request_count_8c0756:3139:3155,0,max_abs_z@0.95,1.2793311,4.031603813171387
elb_request_count_8c0756:3147:3163,0,max_abs_z@0.95,1.1543244,4.031603813171387
elb_request_count_8c0756:3155:3171,0,max_abs_z@0.95,1.7440745,4.031603813171387
elb_request_count_8c0756:3163:3179,0,max_abs_z@0.95,1.7390354,4.031603813171387
elb_request_count_8c0756:3171:3187,0,max_abs_z@0.95,2.0109832,4.031603813171387
elb_request_count_8c0756:3179:3195,0,max_abs_z@0.95,2.0670173,4.031603813171387
elb_request_count_8c0756:3187:3203,0,max_abs_z@0.95,1.5955166,4.031603813171387
elb_request_count_8c0756:3195:3211,0,max_abs_z@0.95,1.2793311,4.031603813171387
elb_request_count_8c0756:3203:3219,0,max_abs_z@0.95,2.464787,4.031603813171387
elb_request_count_8c0756:2419:2435,0,max_abs_z@0.975,1.8566439,4.30664587020874
elb_request_count_8c0756:2427:2443,0,max_abs_z@0.975,1.9098505,4.30664587020874
elb_request_count_8c0756:2435:2451,0,max_abs_z@0.975,1.8404769,4.30664587020874
elb_request_count_8c0756:2443:2459,0,max_abs_z@0.975,2.0739965,4.30664587020874
elb_request_count_8c0756:2451:2467,0,max_abs_z@0.975,2.6669254,4.30664587020874
elb_request_count_8c0756:2459:2475,0,max_abs_z@0.975,2.7349768,4.30664587020874
elb_request_count_8c0756:2467:2483,0,max_abs_z@0.975,1.0443151,4.30664587020874
elb_request_count_8c0756:2475:2491,0,max_abs_z@0.975,3.1145697,4.30664587020874
elb_request_count_8c0756:2483:2499,0,max_abs_z@0.975,3.1180656,4.30664587020874
elb_request_count_8c0756:2491:2507,0,max_abs_z@0.975,1.8566439,4.30664587020874
elb_request_count_8c0756:2499:2515,0,max_abs_z@0.975,3.1721334,4.30664587020874
elb_request_count_8c0756:2507:2523,0,max_abs_z@0.975,3.1643643,4.30664587020874
elb_request_count_8c0756:2515:2531,0,max_abs_z@0.975,2.1308632,4.30664587020874
elb_request_count_8c0756:2523:2539,0,max_abs_z@0.975,0.878375,4.30664587020874
elb_request_count_8c0756:2531:2547,0,max_abs_z@0.975,3.3631032,4.30664587020874
elb_request_count_8c0756:2539:2555,0,max_abs_z@0.975,5.2177057,4.30664587020874
elb_request_count_8c0756:2547:2563,0,max_abs_z@0.975,5.1793456,4.30664587020874
elb_request_count_8c0756:2555:2571,0,max_abs_z@0.975,2.9117894,4.30664587020874
elb_request_count_8c0756:2563:2579,0,max_abs_z@0.975,1.0918211,4.30664587020874
elb_request_count_8c0756:2571:2587,0,max_abs_z@0.975,1.1707466,4.30664587020874
elb_request_count_8c0756:2579:2595,0,max_abs_z@0.975,5.078477,4.30664587020874
elb_request_count_8c0756:2587:2603,0,max_abs_z@0.975,5.1907096,4.30664587020874
elb_request_count_8c0756:2595:2611,0,max_abs_z@0.975,1.2168278,4.30664587020874
elb_request_count_8c0756:2603:2619,0,max_abs_z@0.975,1.5180908,4.30664587020874
elb_request_count_8c0756:2611:2627,0,max_abs_z@0.975,1.5205926,4.30664587020874
elb_request_count_8c0756:2619:2635,0,max_abs_z@0.975,1.8014715,4.30664587020874
elb_request_count_8c0756:2627:2643,0,max_abs_z@0.975,1.8039137,4.30664587020874
elb_request_count_8c0756:2635:2651,0,max_abs_z@0.975,1.317849,4.30664587020874
elb_request_count_8c0756:2643:2659,0,max_abs_z@0.975,1.3001655,4.30664587020874
elb_request_count_8c0756:2651:2667,0,max_abs_z@0.975,1.1126555,4.30664587020874
elb_request_count_8c0756:2659:2675,0,max_abs_z@0.975,1.0866879,4.30664587020874
elb_request_count_8c0756:2667:2683,0,max_abs_z@0.975,1.0709866,4.30664587020874
elb_request_count_8c0756:2675:2691,0,max_abs_z@0.975,1.0084833,4.30664587020874
elb_request_count_8c0756:2683:2699,0,max_abs_z@0.975,1.1497319,4.30664587020874
elb_request_count_8c0756:2691:2707,0,max_abs_z@0.975,1.1707466,4.30664587020874
elb_request_count_8c0756:2699:2715,0,max_abs_z@0.975,1.1543244,4.30664587020874
elb_request_count_8c0756:2707:2723,0,max_abs_z@0.975,1.2548051,4.30664587020874
elb_request_count_8c0756:2715:2731,0,max_abs_z@0.975,1.2766161,4.30664587020874
elb_request_count_8c0756:2723:2739,0,max_abs_z@0.975,1.2936978,4.30664587020874
elb_request_count_8c0756:2731:2747,0,max_abs_z@0.975,0.9164904,4.30664587020874
elb_request_count_8c0756:2739:2755,0,max_abs_z@0.975,1.0086501,4.30664587020874
elb_request_count_8c0756:2747:2763,0,max_abs_z@0.975,0.99995667,4.30664587020874
elb_request_count_8c0756:2755:2771,0,max_abs_z@0.975,1.5865502,4.30664587020874
elb_request_count_8c0756:2763:2779,0,max_abs_z@0.975,1.6348083,4.30664587020874
elb_request_count_8c0756:2771:2787,0,max_abs_z@0.975,1.5611573,4.30664587020874
elb_request_count_8c0756:2779:2795,0,max_abs_z@0.975,1.554153,4.30664587020874
elb_request_count_8c0756:2787:2803,0,max_abs_z@0.975,1.0446587,4.30664587020874
elb_request_count_8c0756:2795:2811,0,max_abs_z@0.975,1.1077026,4.30664587020874
elb_request_count_8c0756:2803:2819,0,max_abs_z@0.975,1.0918211,4.30664587020874
elb_request_count_8c0756:2811:2827,0,max_abs_z@0.975,0.9387998,4.30664587020874
elb_request_count_8c0756:2819:2835,0,max_abs_z@0.975,3.4314609,4.30664587020874
elb_request_count_8c0756:2827:2843,0,max_abs_z@0.975,3.408418,4.30664587020874
elb_request_count_8c0756:2835:2851,0,max_abs_z@0.975,1.1917613,4.30664587020874
elb_request_count_8c0756:2843:2859,0,max_abs_z@0.975,1.1751589,4.30664587020874
elb_request_count_8c0756:2851:2867,0,max_abs_z@0.975,1.2337905,4.30664587020874
elb_request_count_8c0756:2859:2875,0,max_abs_z@0.975,1.2168278,4.30664587020874
elb_request_count_8c0756:2867:2883,0,max_abs_z@0.975,1.0918211,4.30664587020874
elb_request_count_8c0756:2875:2891,0,max_abs_z@0.975,1.1020637,4.30664587020874
elb_request_count_8c0756:2883:2899,0,max_abs_z@0.975,1.1917613,4.30664587020874
elb_request_count_8c0756:2891:2907,0,max_abs_z@0.975,1.2337905,4.30664587020874
elb_request_count_8c0756:2899:2915,0,max_abs_z@0.975,1.2168278,4.30664587020874
elb_request_count_8c0756:2907:2923,0,max_abs_z@0.975,1.5479654,4.30664587020874
elb_request_count_8c0756:2915:2931,0,max_abs_z@0.975,1.5955166,4.30664587020874
elb_request_count_8c0756:2923:2939,0,max_abs_z@0.975,1.2490214,4.30664587020874
elb_request_count_8c0756:2931:2947,0,max_abs_z@0.975,1.2513556,4.30664587020874
elb_request_count_8c0756:2939:2955,0,max_abs_z@0.975,1.2669593,4.30664587020874
elb_request_count_8c0756:2947:2963,0,max_abs_z@0.975,1.2693048,4.30664587020874
elb_request_count_8c0756:2955:2971,0,max_abs_z@0.975,1.1707466,4.30664587020874
elb_request_count_8c0756:2963:2979,0,max_abs_z@0.975,1.1543244,4.30664587020874
elb_request_count_8c0756:2971:2987,0,max_abs_z@0.975,1.0918211,4.30664587020874
elb_request_count_8c0756:2979:2995,0,max_abs_z@0.975,1.056675,4.30664587020874
elb_request_count_8c0756:2987:3003,0,max_abs_z@0.975,0.9624149,4.30664587020874
elb_request_count_8c0756:2995:3011,0,max_abs_z@0.975,0.97648895,4.30664587020874
elb_request_count_8c0756:3003:3019,0,max_abs_z@0.975,0.9761583,4.30664587020874
elb_request_count_8c0756:3011:3027,0,max_abs_z@0.975,1.0866879,4.30664587020874
elb_request_count_8c0756:3019:3035,0,max_abs_z@0.975,1.0709866,4.30664587020874
elb_request_count_8c0756:3027:3043,0,max_abs_z@0.975,1.9338136,4.30664587020874
elb_request_count_8c0756:3035:3051,0,max_abs_z@0.975,2.512586,4.30664587020874
elb_request_count_8c0756:3043:3059,0,max_abs_z@0.975,2.5778098,4.30664587020874
elb_request_count_8c0756:3051:3067,0,max_abs_z@0.975,4.608281,4.30664587020874
elb_request_count_8c0756:3059:3075,0,max_abs_z@0.975,4.5751467,4.30664587020874
elb_request_count_8c0756:3067:3083,0,max_abs_z@0.975,2.4273162,4.30664587020874
elb_request_count_8c0756:3075:3091,0,max_abs_z@0.975,2.4303164,4.30664587020874
elb_request_count_8c0756:3083:3099,0,max_abs_z@0.975,1.0236441,4.30664587020874
elb_request_count_8c0756:3091:3107,0,max_abs_z@0.975,1.0084833,4.30664587020874
elb_request_count_8c0756:3099:3115,0,max_abs_z@0.975,3.0913584,4.30664587020874
elb_request_count_8c0756:3107:3123,0,max_abs_z@0.975,3.1671858,4.30664587020874
elb_request_count_8c0756:3115:3131,0,max_abs_z@0.975,1.2429386,4.30664587020874
elb_request_count_8c0756:3123:3139,0,max_abs_z@0.975,1.5286729,4.30664587020874
elb_request_count_8c0756:3131:3147,0,max_abs_z@0.975,1.5758708,4.30664587020874
elb_request_count_8c0756:3139:3155,0,max_abs_z@0.975,1.2793311,4.30664587020874
elb_request_count_8c0756:3147:3163,0,max_abs_z@0.975,1.1543244,4.30664587020874
elb_request_count_8c0756:3155:3171,0,max_abs_z@0.975,1.7440745,4.30664587020874
elb_request_count_8c0756:3163:3179,0,max_abs_z@0.975,1.7390354,4.30664587020874
elb_request_count_8c0756:3171:3187,0,max_abs_z@0.975,2.0109832,4.30664587020874
elb_request_count_8c0756:3179:3195,0,max_abs_z@0.975,2.0670173,4.30664587020874
elb_request_count_8c0756:3187:3203,0,max_abs_z@0.975,1.5955166,4.30664587020874
elb_request_count_8c0756:3195:3211,0,max_abs_z@0.975,1.2793311,4.30664587020874
elb_request_count_8c0756:3203:3219,0,max_abs_z@0.975,2.464787,4.30664587020874
elb_request_count_8c0756:2419:2435,0,max_abs_z@0.99,1.8566439,6.094419479370117
elb_request_count_8c0756:2427:2443,0,max_abs_z@0.99,1.9098505,6.094419479370117
elb_request_count_8c0756:2435:2451,0,max_abs_z@0.99,1.8404769,6.094419479370117
elb_request_count_8c0756:2443:2459,0,max_abs_z@0.99,2.0739965,6.094419479370117
elb_request_count_8c0756:2451:2467,0,max_abs_z@0.99,2.6669254,6.094419479370117
elb_request_count_8c0756:2459:2475,0,max_abs_z@0.99,2.7349768,6.094419479370117
elb_request_count_8c0756:2467:2483,0,max_abs_z@0.99,1.0443151,6.094419479370117
elb_request_count_8c0756:2475:2491,0,max_abs_z@0.99,3.1145697,6.094419479370117
elb_request_count_8c0756:2483:2499,0,max_abs_z@0.99,3.1180656,6.094419479370117
elb_request_count_8c0756:2491:2507,0,max_abs_z@0.99,1.8566439,6.094419479370117
elb_request_count_8c0756:2499:2515,0,max_abs_z@0.99,3.1721334,6.094419479370117
elb_request_count_8c0756:2507:2523,0,max_abs_z@0.99,3.1643643,6.094419479370117
elb_request_count_8c0756:2515:2531,0,max_abs_z@0.99,2.1308632,6.094419479370117
elb_request_count_8c0756:2523:2539,0,max_abs_z@0.99,0.878375,6.094419479370117
elb_request_count_8c0756:2531:2547,0,max_abs_z@0.99,3.3631032,6.094419479370117
elb_request_count_8c0756:2539:2555,0,max_abs_z@0.99,5.2177057,6.094419479370117
elb_request_count_8c0756:2547:2563,0,max_abs_z@0.99,5.1793456,6.094419479370117
elb_request_count_8c0756:2555:2571,0,max_abs_z@0.99,2.9117894,6.094419479370117
elb_request_count_8c0756:2563:2579,0,max_abs_z@0.99,1.0918211,6.094419479370117
elb_request_count_8c0756:2571:2587,0,max_abs_z@0.99,1.1707466,6.094419479370117
elb_request_count_8c0756:2579:2595,0,max_abs_z@0.99,5.078477,6.094419479370117
elb_request_count_8c0756:2587:2603,0,max_abs_z@0.99,5.1907096,6.094419479370117
elb_request_count_8c0756:2595:2611,0,max_abs_z@0.99,1.2168278,6.094419479370117
elb_request_count_8c0756:2603:2619,0,max_abs_z@0.99,1.5180908,6.094419479370117
elb_request_count_8c0756:2611:2627,0,max_abs_z@0.99,1.5205926,6.094419479370117
elb_request_count_8c0756:2619:2635,0,max_abs_z@0.99,1.8014715,6.094419479370117
elb_request_count_8c0756:2627:2643,0,max_abs_z@0.99,1.8039137,6.094419479370117
elb_request_count_8c0756:2635:2651,0,max_abs_z@0.99,1.317849,6.094419479370117
elb_request_count_8c0756:2643:2659,0,max_abs_z@0.99,1.3001655,6.094419479370117
elb_request_count_8c0756:2651:2667,0,max_abs_z@0.99,1.1126555,6.094419479370117
elb_request_count_8c0756:2659:2675,0,max_abs_z@0.99,1.0866879,6.094419479370117
elb_request_count_8c0756:2667:2683,0,max_abs_z@0.99,1.0709866,6.094419479370117
elb_request_count_8c0756:2675:2691,0,max_abs_z@0.99,1.0084833,6.094419479370117
elb_request_count_8c0756:2683:2699,0,max_abs_z@0.99,1.1497319,6.094419479370117
elb_request_count_8c0756:2691:2707,0,max_abs_z@0.99,1.1707466,6.094419479370117
elb_request_count_8c0756:2699:2715,0,max_abs_z@0.99,1.1543244,6.094419479370117
elb_request_count_8c0756:2707:2723,0,max_abs_z@0.99,1.2548051,6.094419479370117
elb_request_count_8c0756:2715:2731,0,max_abs_z@0.99,1.2766161,6.094419479370117
elb_request_count_8c0756:2723:2739,0,max_abs_z@0.99,1.2936978,6.094419479370117
elb_request_count_8c0756:2731:2747,0,max_abs_z@0.99,0.9164904,6.094419479370117
elb_request_count_8c0756:2739:2755,0,max_abs_z@0.99,1.0086501,6.094419479370117
elb_request_count_8c0756:2747:2763,0,max_abs_z@0.99,0.99995667,6.094419479370117
elb_request_count_8c0756:2755:2771,0,max_abs_z@0.99,1.5865502,6.094419479370117
elb_request_count_8c0756:2763:2779,0,max_abs_z@0.99,1.6348083,6.094419479370117
elb_request_count_8c0756:2771:2787,0,max_abs_z@0.99,1.5611573,6.094419479370117
elb_request_count_8c0756:2779:2795,0,max_abs_z@0.99,1.554153,6.094419479370117
elb_request_count_8c0756:2787:2803,0,max_abs_z@0.99,1.0446587,6.094419479370117
elb_request_count_8c0756:2795:2811,0,max_abs_z@0.99,1.1077026,6.094419479370117
elb_request_count_8c0756:2803:2819,0,max_abs_z@0.99,1.0918211,6.094419479370117
elb_request_count_8c0756:2811:2827,0,max_abs_z@0.99,0.9387998,6.094419479370117
elb_request_count_8c0756:2819:2835,0,max_abs_z@0.99,3.4314609,6.094419479370117
elb_request_count_8c0756:2827:2843,0,max_abs_z@0.99,3.408418,6.094419479370117
elb_request_count_8c0756:2835:2851,0,max_abs_z@0.99,1.1917613,6.094419479370117
elb_request_count_8c0756:2843:2859,0,max_abs_z@0.99,1.1751589,6.094419479370117
elb_request_count_8c0756:2851:2867,0,max_abs_z@0.99,1.2337905,6.094419479370117
elb_request_count_8c0756:2859:2875,0,max_abs_z@0.99,1.2168278,6.094419479370117
elb_request_count_8c0756:2867:2883,0,max_abs_z@0.99,1.0918211,6.094419479370117
elb_request_count_8c0756:2875:2891,0,max_abs_z@0.99,1.1020637,6.094419479370117
elb_request_count_8c0756:2883:2899,0,max_abs_z@0.99,1.1917613,6.094419479370117
elb_request_count_8c0756:2891:2907,0,max_abs_z@0.99,1.2337905,6.094419479370117
elb_request_count_8c0756:2899:2915,0,max_abs_z@0.99,1.2168278,6.094419479370117
elb_request_count_8c0756:2907:2923,0,max_abs_z@0.99,1.5479654,6.094419479370117
elb_request_count_8c0756:2915:2931,0,max_abs_z@0.99,1.5955166,6.094419479370117
elb_request_count_8c0756:2923:2939,0,max_abs_z@0.99,1.2490214,6.094419479370117
elb_request_count_8c0756:2931:2947,0,max_abs_z@0.99,1.2513556,6.094419479370117
elb_request_count_8c0756:2939:2955,0,max_abs_z@0.99,1.2669593,6.094419479370117
elb_request_count_8c0756:2947:2963,0,max_abs_z@0.99,1.2693048,6.094419479370117
elb_request_count_8c0756:2955:2971,0,max_abs_z@0.99,1.1707466,6.094419479370117
elb_request_count_8c0756:2963:2979,0,max_abs_z@0.99,1.1543244,6.094419479370117
elb_request_count_8c0756:2971:2987,0,max_abs_z@0.99,1.0918211,6.094419479370117
elb_request_count_8c0756:2979:2995,0,max_abs_z@0.99,1.056675,6.094419479370117
elb_request_count_8c0756:2987:3003,0,max_abs_z@0.99,0.9624149,6.094419479370117
elb_request_count_8c0756:2995:3011,0,max_abs_z@0.99,0.97648895,6.094419479370117
elb_request_count_8c0756:3003:3019,0,max_abs_z@0.99,0.9761583,6.094419479370117
elb_request_count_8c0756:3011:3027,0,max_abs_z@0.99,1.0866879,6.094419479370117
elb_request_count_8c0756:3019:3035,0,max_abs_z@0.99,1.0709866,6.094419479370117
elb_request_count_8c0756:3027:3043,0,max_abs_z@0.99,1.9338136,6.094419479370117
elb_request_count_8c0756:3035:3051,0,max_abs_z@0.99,2.512586,6.094419479370117
elb_request_count_8c0756:3043:3059,0,max_abs_z@0.99,2.5778098,6.094419479370117
elb_request_count_8c0756:3051:3067,0,max_abs_z@0.99,4.608281,6.094419479370117
elb_request_count_8c0756:3059:3075,0,max_abs_z@0.99,4.5751467,6.094419479370117
elb_request_count_8c0756:3067:3083,0,max_abs_z@0.99,2.4273162,6.094419479370117
elb_request_count_8c0756:3075:3091,0,max_abs_z@0.99,2.4303164,6.094419479370117
elb_request_count_8c0756:3083:3099,0,max_abs_z@0.99,1.0236441,6.094419479370117
elb_request_count_8c0756:3091:3107,0,max_abs_z@0.99,1.0084833,6.094419479370117
elb_request_count_8c0756:3099:3115,0,max_abs_z@0.99,3.0913584,6.094419479370117
elb_request_count_8c0756:3107:3123,0,max_abs_z@0.99,3.1671858,6.094419479370117
elb_request_count_8c0756:3115:3131,0,max_abs_z@0.99,1.2429386,6.094419479370117
elb_request_count_8c0756:3123:3139,0,max_abs_z@0.99,1.5286729,6.094419479370117
elb_request_count_8c0756:3131:3147,0,max_abs_z@0.99,1.5758708,6.094419479370117
elb_request_count_8c0756:3139:3155,0,max_abs_z@0.99,1.2793311,6.094419479370117
elb_request_count_8c0756:3147:3163,0,max_abs_z@0.99,1.1543244,6.094419479370117
elb_request_count_8c0756:3155:3171,0,max_abs_z@0.99,1.7440745,6.094419479370117
elb_request_count_8c0756:3163:3179,0,max_abs_z@0.99,1.7390354,6.094419479370117
elb_request_count_8c0756:3171:3187,0,max_abs_z@0.99,2.0109832,6.094419479370117
elb_request_count_8c0756:3179:3195,0,max_abs_z@0.99,2.0670173,6.094419479370117
elb_request_count_8c0756:3187:3203,0,max_abs_z@0.99,1.5955166,6.094419479370117
elb_request_count_8c0756:3195:3211,0,max_abs_z@0.99,1.2793311,6.094419479370117
elb_request_count_8c0756:3203:3219,0,max_abs_z@0.99,2.464787,6.094419479370117
elb_request_count_8c0756:2419:2435,0,rolling_32@0.95,18.946910357425462,5.733171455551059
elb_request_count_8c0756:2427:2443,0,rolling_32@0.95,18.946910357425462,5.733171455551059
elb_request_count_8c0756:2435:2451,0,rolling_32@0.95,4.111122058686657,5.733171455551059
elb_request_count_8c0756:2443:2459,0,rolling_32@0.95,3.800179644855939,5.733171455551059
elb_request_count_8c0756:2451:2467,0,rolling_32@0.95,3.948836810026612,5.733171455551059
elb_request_count_8c0756:2459:2475,0,rolling_32@0.95,3.948836810026612,5.733171455551059
elb_request_count_8c0756:2467:2483,0,rolling_32@0.95,1.4092039081921721,5.733171455551059
elb_request_count_8c0756:2475:2491,0,rolling_32@0.95,4.437439207082863,5.733171455551059
elb_request_count_8c0756:2483:2499,0,rolling_32@0.95,4.437439207082863,5.733171455551059
elb_request_count_8c0756:2491:2507,0,rolling_32@0.95,2.137792746137683,5.733171455551059
elb_request_count_8c0756:2499:2515,0,rolling_32@0.95,3.0179137827863043,5.733171455551059
elb_request_count_8c0756:2507:2523,0,rolling_32@0.95,3.0179137827863043,5.733171455551059
elb_request_count_8c0756:2515:2531,0,rolling_32@0.95,1.7574759225798608,5.733171455551059
elb_request_count_8c0756:2523:2539,0,rolling_32@0.95,1.3774811285085395,5.733171455551059
elb_request_count_8c0756:2531:2547,0,rolling_32@0.95,4.643609459473483,5.733171455551059
elb_request_count_8c0756:2539:2555,0,rolling_32@0.95,5.998149968202578,5.733171455551059
elb_request_count_8c0756:2547:2563,0,rolling_32@0.95,5.998149968202578,5.733171455551059
elb_request_count_8c0756:2555:2571,0,rolling_32@0.95,3.3375663443066004,5.733171455551059
elb_request_count_8c0756:2563:2579,0,rolling_32@0.95,1.4290058463487185,5.733171455551059
elb_request_count_8c0756:2571:2587,0,rolling_32@0.95,4.5287236707714245,5.733171455551059
elb_request_count_8c0756:2579:2595,0,rolling_32@0.95,32.271788645726325,5.733171455551059
elb_request_count_8c0756:2587:2603,0,rolling_32@0.95,32.271788645726325,5.733171455551059
elb_request_count_8c0756:2595:2611,0,rolling_32@0.95,7.612109999807289,5.733171455551059
elb_request_count_8c0756:2603:2619,0,rolling_32@0.95,3.1335716534016815,5.733171455551059
elb_request_count_8c0756:2611:2627,0,rolling_32@0.95,3.1335716534016815,5.733171455551059
elb_request_count_8c0756:2619:2635,0,rolling_32@0.95,2.591971632845773,5.733171455551059
elb_request_count_8c0756:2627:2643,0,rolling_32@0.95,2.591971632845773,5.733171455551059
elb_request_count_8c0756:2635:2651,0,rolling_32@0.95,1.3225309009345003,5.733171455551059
elb_request_count_8c0756:2643:2659,0,rolling_32@0.95,1.8995862205667378,5.733171455551059
elb_request_count_8c0756:2651:2667,0,rolling_32@0.95,2.674704735855464,5.733171455551059
elb_request_count_8c0756:2659:2675,0,rolling_32@0.95,2.674704735855464,5.733171455551059
elb_request_count_8c0756:2667:2683,0,rolling_32@0.95,5.584783488466209,5.733171455551059
elb_request_count_8c0756:2675:2691,0,rolling_32@0.95,5.584783488466209,5.733171455551059
elb_request_count_8c0756:2683:2699,0,rolling_32@0.95,1.2857480102522596,5.733171455551059
elb_request_count_8c0756:2691:2707,0,rolling_32@0.95,1.2857480102522596,5.733171455551059
elb_request_count_8c0756:2699:2715,0,rolling_32@0.95,2.304510094878367,5.733171455551059
elb_request_count_8c0756:2707:2723,0,rolling_32@0.95,3.428661360672692,5.733171455551059
elb_request_count_8c0756:2715:2731,0,rolling_32@0.95,12.400253193454327,5.733171455551059
elb_request_count_8c0756:2723:2739,0,rolling_32@0.95,12.400253193454327,5.733171455551059
elb_request_count_8c0756:2731:2747,0,rolling_32@0.95,5.7509212123793905,5.733171455551059
elb_request_count_8c0756:2739:2755,0,rolling_32@0.95,2.3446583543710213,5.733171455551059
elb_request_count_8c0756:2747:2763,0,rolling_32@0.95,2.4511981259027484,5.733171455551059
elb_request_count_8c0756:2755:2771,0,rolling_32@0.95,3.357124461940326,5.733171455551059
elb_request_count_8c0756:2763:2779,0,rolling_32@0.95,3.357124461940326,5.733171455551059
elb_request_count_8c0756:2771:2787,0,rolling_32@0.95,3.851697231747925,5.733171455551059
elb_request_count_8c0756:2779:2795,0,rolling_32@0.95,3.851697231747925,5.733171455551059
elb_request_count_8c0756:2787:2803,0,rolling_32@0.95,1.8548495885606369,5.733171455551059
elb_request_count_8c0756:2795:2811,0,rolling_32@0.95,1.5055597309745428,5.733171455551059
elb_request_count_8c0756:2803:2819,0,rolling_32@0.95,1.081511045367644,5.733171455551059
elb_request_count_8c0756:2811:2827,0,rolling_32@0.95,1.1280276494694783,5.733171455551059
elb_request_count_8c0756:2819:2835,0,rolling_32@0.95,4.366440179769537,5.733171455551059
elb_request_count_8c0756:2827:2843,0,rolling_32@0.95,4.366440179769537,5.733171455551059
elb_request_count_8c0756:2835:2851,0,rolling_32@0.95,2.697963037906381,5.733171455551059
elb_request_count_8c0756:2843:2859,0,rolling_32@0.95,2.697963037906381,5.733171455551059
elb_request_count_8c0756:2851:2867,0,rolling_32@0.95,2.697963037906381,5.733171455551059
elb_request_count_8c0756:2859:2875,0,rolling_32@0.95,11.57875803768155,5.733171455551059
elb_request_count_8c0756:2867:2883,0,rolling_32@0.95,11.57875803768155,5.733171455551059
elb_request_count_8c0756:2875:2891,0,rolling_32@0.95,9.021313907999462,5.733171455551059
elb_request_count_8c0756:2883:2899,0,rolling_32@0.95,7.80482164537203,5.733171455551059
elb_request_count_8c0756:2891:2907,0,rolling_32@0.95,7.80482164537203,5.733171455551059
elb_request_count_8c0756:2899:2915,0,rolling_32@0.95,7.7566437339808445,5.733171455551059
elb_request_count_8c0756:2907:2923,0,rolling_32@0.95,14.61396645532623,5.733171455551059
elb_request_count_8c0756:2915:2931,0,rolling_32@0.95,14.61396645532623,5.733171455551059
elb_request_count_8c0756:2923:2939,0,rolling_32@0.95,9.864427357345205,5.733171455551059
elb_request_count_8c0756:2931:2947,0,rolling_32@0.95,5.395926075812762,5.733171455551059
elb_request_count_8c0756:2939:2955,0,rolling_32@0.95,3.229379999918244,5.733171455551059
elb_request_count_8c0756:2947:2963,0,rolling_32@0.95,3.229379999918244,5.733171455551059
elb_request_count_8c0756:2955:2971,0,rolling_32@0.95,2.0234722784297854,5.733171455551059
elb_request_count_8c0756:2963:2979,0,rolling_32@0.95,4.134921612443476,5.733171455551059
elb_request_count_8c0756:2971:2987,0,rolling_32@0.95,4.134921612443476,5.733171455551059
elb_request_count_8c0756:2979:2995,0,rolling_32@0.95,3.967592702803501,5.733171455551059
elb_request_count_8c0756:2987:3003,0,rolling_32@0.95,3.967592702803501,5.733171455551059
elb_request_count_8c0756:2995:3011,0,rolling_32@0.95,4.205648264971711,5.733171455551059
elb_request_count_8c0756:3003:3019,0,rolling_32@0.95,4.205648264971711,5.733171455551059
elb_request_count_8c0756:3011:3027,0,rolling_32@0.95,2.338234632852197,5.733171455551059
elb_request_count_8c0756:3019:3035,0,rolling_32@0.95,2.424520838118572,5.733171455551059
elb_request_count_8c0756:3027:3043,0,rolling_32@0.95,6.694945316286204,5.733171455551059
elb_request_count_8c0756:3035:3051,0,rolling_32@0.95,6.694945316286204,5.733171455551059
elb_request_count_8c0756:3043:3059,0,rolling_32@0.95,4.978384177089155,5.733171455551059
elb_request_count_8c0756:3051:3067,0,rolling_32@0.95,7.842915807867386,5.733171455551059
elb_request_count_8c0756:3059:3075,0,rolling_32@0.95,7.842915807867386,5.733171455551059
elb_request_count_8c0756:3067:3083,0,rolling_32@0.95,4.969207432062263,5.733171455551059
elb_request_count_8c0756:3075:3091,0,rolling_32@0.95,4.969207432062263,5.733171455551059
elb_request_count_8c0756:3083:3099,0,rolling_32@0.95,1.803870635809499,5.733171455551059
elb_request_count_8c0756:3091:3107,0,rolling_32@0.95,1.803870635809499,5.733171455551059
elb_request_count_8c0756:3099:3115,0,rolling_32@0.95,5.295470005252418,5.733171455551059
elb_request_count_8c0756:3107:3123,0,rolling_32@0.95,5.295470005252418,5.733171455551059
elb_request_count_8c0756:3115:3131,0,rolling_32@0.95,1.8052546797755928,5.733171455551059
elb_request_count_8c0756:3123:3139,0,rolling_32@0.95,1.8052546797755928,5.733171455551059
elb_request_count_8c0756:3131:3147,0,rolling_32@0.95,1.3399883088268358,5.733171455551059
elb_request_count_8c0756:3139:3155,0,rolling_32@0.95,1.2894676284111377,5.733171455551059
elb_request_count_8c0756:3147:3163,0,rolling_32@0.95,3.687216151805387,5.733171455551059
elb_request_count_8c0756:3155:3171,0,rolling_32@0.95,15.232249651513108,5.733171455551059
elb_request_count_8c0756:3163:3179,0,rolling_32@0.95,15.232249651513108,5.733171455551059
elb_request_count_8c0756:3171:3187,0,rolling_32@0.95,8.709728502806469,5.733171455551059
elb_request_count_8c0756:3179:3195,0,rolling_32@0.95,8.709728502806469,5.733171455551059
elb_request_count_8c0756:3187:3203,0,rolling_32@0.95,1.8109614911974337,5.733171455551059
elb_request_count_8c0756:3195:3211,0,rolling_32@0.95,2.2211678458625808,5.733171455551059
elb_request_count_8c0756:3203:3219,0,rolling_32@0.95,2.669463428351032,5.733171455551059
elb_request_count_8c0756:2419:2435,0,rolling_32@0.975,18.946910357425462,20.37686585609908
elb_request_count_8c0756:2427:2443,0,rolling_32@0.975,18.946910357425462,20.37686585609908
elb_request_count_8c0756:2435:2451,0,rolling_32@0.975,4.111122058686657,20.37686585609908
elb_request_count_8c0756:2443:2459,0,rolling_32@0.975,3.800179644855939,20.37686585609908
elb_request_count_8c0756:2451:2467,0,rolling_32@0.975,3.948836810026612,20.37686585609908
elb_request_count_8c0756:2459:2475,0,rolling_32@0.975,3.948836810026612,20.37686585609908
elb_request_count_8c0756:2467:2483,0,rolling_32@0.975,1.4092039081921721,20.37686585609908
elb_request_count_8c0756:2475:2491,0,rolling_32@0.975,4.437439207082863,20.37686585609908
elb_request_count_8c0756:2483:2499,0,rolling_32@0.975,4.437439207082863,20.37686585609908
elb_request_count_8c0756:2491:2507,0,rolling_32@0.975,2.137792746137683,20.37686585609908
elb_request_count_8c0756:2499:2515,0,rolling_32@0.975,3.0179137827863043,20.37686585609908
elb_request_count_8c0756:2507:2523,0,rolling_32@0.975,3.0179137827863043,20.37686585609908
elb_request_count_8c0756:2515:2531,0,rolling_32@0.975,1.7574759225798608,20.37686585609908
elb_request_count_8c0756:2523:2539,0,rolling_32@0.975,1.3774811285085395,20.37686585609908
elb_request_count_8c0756:2531:2547,0,rolling_32@0.975,4.643609459473483,20.37686585609908
elb_request_count_8c0756:2539:2555,0,rolling_32@0.975,5.998149968202578,20.37686585609908
elb_request_count_8c0756:2547:2563,0,rolling_32@0.975,5.998149968202578,20.37686585609908
elb_request_count_8c0756:2555:2571,0,rolling_32@0.975,3.3375663443066004,20.37686585609908
elb_request_count_8c0756:2563:2579,0,rolling_32@0.975,1.4290058463487185,20.37686585609908
elb_request_count_8c0756:2571:2587,0,rolling_32@0.975,4.5287236707714245,20.37686585609908
elb_request_count_8c0756:2579:2595,0,rolling_32@0.975,32.271788645726325,20.37686585609908
elb_request_count_8c0756:2587:2603,0,rolling_32@0.975,32.271788645726325,20.37686585609908
elb_request_count_8c0756:2595:2611,0,rolling_32@0.975,7.612109999807289,20.37686585609908
elb_request_count_8c0756:2603:2619,0,rolling_32@0.975,3.1335716534016815,20.37686585609908
elb_request_count_8c0756:2611:2627,0,rolling_32@0.975,3.1335716534016815,20.37686585609908
elb_request_count_8c0756:2619:2635,0,rolling_32@0.975,2.591971632845773,20.37686585609908
elb_request_count_8c0756:2627:2643,0,rolling_32@0.975,2.591971632845773,20.37686585609908
elb_request_count_8c0756:2635:2651,0,rolling_32@0.975,1.3225309009345003,20.37686585609908
elb_request_count_8c0756:2643:2659,0,rolling_32@0.975,1.8995862205667378,20.37686585609908
elb_request_count_8c0756:2651:2667,0,rolling_32@0.975,2.674704735855464,20.37686585609908
elb_request_count_8c0756:2659:2675,0,rolling_32@0.975,2.674704735855464,20.37686585609908
elb_request_count_8c0756:2667:2683,0,rolling_32@0.975,5.584783488466209,20.37686585609908
elb_request_count_8c0756:2675:2691,0,rolling_32@0.975,5.584783488466209,20.37686585609908
elb_request_count_8c0756:2683:2699,0,rolling_32@0.975,1.2857480102522596,20.37686585609908
elb_request_count_8c0756:2691:2707,0,rolling_32@0.975,1.2857480102522596,20.37686585609908
elb_request_count_8c0756:2699:2715,0,rolling_32@0.975,2.304510094878367,20.37686585609908
elb_request_count_8c0756:2707:2723,0,rolling_32@0.975,3.428661360672692,20.37686585609908
elb_request_count_8c0756:2715:2731,0,rolling_32@0.975,12.400253193454327,20.37686585609908
elb_request_count_8c0756:2723:2739,0,rolling_32@0.975,12.400253193454327,20.37686585609908
elb_request_count_8c0756:2731:2747,0,rolling_32@0.975,5.7509212123793905,20.37686585609908
elb_request_count_8c0756:2739:2755,0,rolling_32@0.975,2.3446583543710213,20.37686585609908
elb_request_count_8c0756:2747:2763,0,rolling_32@0.975,2.4511981259027484,20.37686585609908
elb_request_count_8c0756:2755:2771,0,rolling_32@0.975,3.357124461940326,20.37686585609908
elb_request_count_8c0756:2763:2779,0,rolling_32@0.975,3.357124461940326,20.37686585609908
elb_request_count_8c0756:2771:2787,0,rolling_32@0.975,3.851697231747925,20.37686585609908
elb_request_count_8c0756:2779:2795,0,rolling_32@0.975,3.851697231747925,20.37686585609908
elb_request_count_8c0756:2787:2803,0,rolling_32@0.975,1.8548495885606369,20.37686585609908
elb_request_count_8c0756:2795:2811,0,rolling_32@0.975,1.5055597309745428,20.37686585609908
elb_request_count_8c0756:2803:2819,0,rolling_32@0.975,1.081511045367644,20.37686585609908
elb_request_count_8c0756:2811:2827,0,rolling_32@0.975,1.1280276494694783,20.37686585609908
elb_request_count_8c0756:2819:2835,0,rolling_32@0.975,4.366440179769537,20.37686585609908
elb_request_count_8c0756:2827:2843,0,rolling_32@0.975,4.366440179769537,20.37686585609908
elb_request_count_8c0756:2835:2851,0,rolling_32@0.975,2.697963037906381,20.37686585609908
elb_request_count_8c0756:2843:2859,0,rolling_32@0.975,2.697963037906381,20.37686585609908
elb_request_count_8c0756:2851:2867,0,rolling_32@0.975,2.697963037906381,20.37686585609908
elb_request_count_8c0756:2859:2875,0,rolling_32@0.975,11.57875803768155,20.37686585609908
elb_request_count_8c0756:2867:2883,0,rolling_32@0.975,11.57875803768155,20.37686585609908
elb_request_count_8c0756:2875:2891,0,rolling_32@0.975,9.021313907999462,20.37686585609908
elb_request_count_8c0756:2883:2899,0,rolling_32@0.975,7.80482164537203,20.37686585609908
elb_request_count_8c0756:2891:2907,0,rolling_32@0.975,7.80482164537203,20.37686585609908
elb_request_count_8c0756:2899:2915,0,rolling_32@0.975,7.7566437339808445,20.37686585609908
elb_request_count_8c0756:2907:2923,0,rolling_32@0.975,14.61396645532623,20.37686585609908
elb_request_count_8c0756:2915:2931,0,rolling_32@0.975,14.61396645532623,20.37686585609908
elb_request_count_8c0756:2923:2939,0,rolling_32@0.975,9.864427357345205,20.37686585609908
elb_request_count_8c0756:2931:2947,0,rolling_32@0.975,5.395926075812762,20.37686585609908
elb_request_count_8c0756:2939:2955,0,rolling_32@0.975,3.229379999918244,20.37686585609908
elb_request_count_8c0756:2947:2963,0,rolling_32@0.975,3.229379999918244,20.37686585609908
elb_request_count_8c0756:2955:2971,0,rolling_32@0.975,2.0234722784297854,20.37686585609908
elb_request_count_8c0756:2963:2979,0,rolling_32@0.975,4.134921612443476,20.37686585609908
elb_request_count_8c0756:2971:2987,0,rolling_32@0.975,4.134921612443476,20.37686585609908
elb_request_count_8c0756:2979:2995,0,rolling_32@0.975,3.967592702803501,20.37686585609908
elb_request_count_8c0756:2987:3003,0,rolling_32@0.975,3.967592702803501,20.37686585609908
elb_request_count_8c0756:2995:3011,0,rolling_32@0.975,4.205648264971711,20.37686585609908
elb_request_count_8c0756:3003:3019,0,rolling_32@0.975,4.205648264971711,20.37686585609908
elb_request_count_8c0756:3011:3027,0,rolling_32@0.975,2.338234632852197,20.37686585609908
elb_request_count_8c0756:3019:3035,0,rolling_32@0.975,2.424520838118572,20.37686585609908
elb_request_count_8c0756:3027:3043,0,rolling_32@0.975,6.694945316286204,20.37686585609908
elb_request_count_8c0756:3035:3051,0,rolling_32@0.975,6.694945316286204,20.37686585609908
elb_request_count_8c0756:3043:3059,0,rolling_32@0.975,4.978384177089155,20.37686585609908
elb_request_count_8c0756:3051:3067,0,rolling_32@0.975,7.842915807867386,20.37686585609908
elb_request_count_8c0756:3059:3075,0,rolling_32@0.975,7.842915807867386,20.37686585609908
elb_request_count_8c0756:3067:3083,0,rolling_32@0.975,4.969207432062263,20.37686585609908
elb_request_count_8c0756:3075:3091,0,rolling_32@0.975,4.969207432062263,20.37686585609908
elb_request_count_8c0756:3083:3099,0,rolling_32@0.975,1.803870635809499,20.37686585609908
elb_request_count_8c0756:3091:3107,0,rolling_32@0.975,1.803870635809499,20.37686585609908
elb_request_count_8c0756:3099:3115,0,rolling_32@0.975,5.295470005252418,20.37686585609908
elb_request_count_8c0756:3107:3123,0,rolling_32@0.975,5.295470005252418,20.37686585609908
elb_request_count_8c0756:3115:3131,0,rolling_32@0.975,1.8052546797755928,20.37686585609908
elb_request_count_8c0756:3123:3139,0,rolling_32@0.975,1.8052546797755928,20.37686585609908
elb_request_count_8c0756:3131:3147,0,rolling_32@0.975,1.3399883088268358,20.37686585609908
elb_request_count_8c0756:3139:3155,0,rolling_32@0.975,1.2894676284111377,20.37686585609908
elb_request_count_8c0756:3147:3163,0,rolling_32@0.975,3.687216151805387,20.37686585609908
elb_request_count_8c0756:3155:3171,0,rolling_32@0.975,15.232249651513108,20.37686585609908
elb_request_count_8c0756:3163:3179,0,rolling_32@0.975,15.232249651513108,20.37686585609908
elb_request_count_8c0756:3171:3187,0,rolling_32@0.975,8.709728502806469,20.37686585609908
elb_request_count_8c0756:3179:3195,0,rolling_32@0.975,8.709728502806469,20.37686585609908
elb_request_count_8c0756:3187:3203,0,rolling_32@0.975,1.8109614911974337,20.37686585609908
elb_request_count_8c0756:3195:3211,0,rolling_32@0.975,2.2211678458625808,20.37686585609908
elb_request_count_8c0756:3203:3219,0,rolling_32@0.975,2.669463428351032,20.37686585609908
elb_request_count_8c0756:2419:2435,0,rolling_32@0.99,18.946910357425462,23.951754602783133
elb_request_count_8c0756:2427:2443,0,rolling_32@0.99,18.946910357425462,23.951754602783133
elb_request_count_8c0756:2435:2451,0,rolling_32@0.99,4.111122058686657,23.951754602783133
elb_request_count_8c0756:2443:2459,0,rolling_32@0.99,3.800179644855939,23.951754602783133
elb_request_count_8c0756:2451:2467,0,rolling_32@0.99,3.948836810026612,23.951754602783133
elb_request_count_8c0756:2459:2475,0,rolling_32@0.99,3.948836810026612,23.951754602783133
elb_request_count_8c0756:2467:2483,0,rolling_32@0.99,1.4092039081921721,23.951754602783133
elb_request_count_8c0756:2475:2491,0,rolling_32@0.99,4.437439207082863,23.951754602783133
elb_request_count_8c0756:2483:2499,0,rolling_32@0.99,4.437439207082863,23.951754602783133
elb_request_count_8c0756:2491:2507,0,rolling_32@0.99,2.137792746137683,23.951754602783133
elb_request_count_8c0756:2499:2515,0,rolling_32@0.99,3.0179137827863043,23.951754602783133
elb_request_count_8c0756:2507:2523,0,rolling_32@0.99,3.0179137827863043,23.951754602783133
elb_request_count_8c0756:2515:2531,0,rolling_32@0.99,1.7574759225798608,23.951754602783133
elb_request_count_8c0756:2523:2539,0,rolling_32@0.99,1.3774811285085395,23.951754602783133
elb_request_count_8c0756:2531:2547,0,rolling_32@0.99,4.643609459473483,23.951754602783133
elb_request_count_8c0756:2539:2555,0,rolling_32@0.99,5.998149968202578,23.951754602783133
elb_request_count_8c0756:2547:2563,0,rolling_32@0.99,5.998149968202578,23.951754602783133
elb_request_count_8c0756:2555:2571,0,rolling_32@0.99,3.3375663443066004,23.951754602783133
elb_request_count_8c0756:2563:2579,0,rolling_32@0.99,1.4290058463487185,23.951754602783133
elb_request_count_8c0756:2571:2587,0,rolling_32@0.99,4.5287236707714245,23.951754602783133
elb_request_count_8c0756:2579:2595,0,rolling_32@0.99,32.271788645726325,23.951754602783133
elb_request_count_8c0756:2587:2603,0,rolling_32@0.99,32.271788645726325,23.951754602783133
elb_request_count_8c0756:2595:2611,0,rolling_32@0.99,7.612109999807289,23.951754602783133
elb_request_count_8c0756:2603:2619,0,rolling_32@0.99,3.1335716534016815,23.951754602783133
elb_request_count_8c0756:2611:2627,0,rolling_32@0.99,3.1335716534016815,23.951754602783133
elb_request_count_8c0756:2619:2635,0,rolling_32@0.99,2.591971632845773,23.951754602783133
elb_request_count_8c0756:2627:2643,0,rolling_32@0.99,2.591971632845773,23.951754602783133
elb_request_count_8c0756:2635:2651,0,rolling_32@0.99,1.3225309009345003,23.951754602783133
elb_request_count_8c0756:2643:2659,0,rolling_32@0.99,1.8995862205667378,23.951754602783133
elb_request_count_8c0756:2651:2667,0,rolling_32@0.99,2.674704735855464,23.951754602783133
elb_request_count_8c0756:2659:2675,0,rolling_32@0.99,2.674704735855464,23.951754602783133
elb_request_count_8c0756:2667:2683,0,rolling_32@0.99,5.584783488466209,23.951754602783133
elb_request_count_8c0756:2675:2691,0,rolling_32@0.99,5.584783488466209,23.951754602783133
elb_request_count_8c0756:2683:2699,0,rolling_32@0.99,1.2857480102522596,23.951754602783133
elb_request_count_8c0756:2691:2707,0,rolling_32@0.99,1.2857480102522596,23.951754602783133
elb_request_count_8c0756:2699:2715,0,rolling_32@0.99,2.304510094878367,23.951754602783133
elb_request_count_8c0756:2707:2723,0,rolling_32@0.99,3.428661360672692,23.951754602783133
elb_request_count_8c0756:2715:2731,0,rolling_32@0.99,12.400253193454327,23.951754602783133
elb_request_count_8c0756:2723:2739,0,rolling_32@0.99,12.400253193454327,23.951754602783133
elb_request_count_8c0756:2731:2747,0,rolling_32@0.99,5.7509212123793905,23.951754602783133
elb_request_count_8c0756:2739:2755,0,rolling_32@0.99,2.3446583543710213,23.951754602783133
elb_request_count_8c0756:2747:2763,0,rolling_32@0.99,2.4511981259027484,23.951754602783133
elb_request_count_8c0756:2755:2771,0,rolling_32@0.99,3.357124461940326,23.951754602783133
elb_request_count_8c0756:2763:2779,0,rolling_32@0.99,3.357124461940326,23.951754602783133
elb_request_count_8c0756:2771:2787,0,rolling_32@0.99,3.851697231747925,23.951754602783133
elb_request_count_8c0756:2779:2795,0,rolling_32@0.99,3.851697231747925,23.951754602783133
elb_request_count_8c0756:2787:2803,0,rolling_32@0.99,1.8548495885606369,23.951754602783133
elb_request_count_8c0756:2795:2811,0,rolling_32@0.99,1.5055597309745428,23.951754602783133
elb_request_count_8c0756:2803:2819,0,rolling_32@0.99,1.081511045367644,23.951754602783133
elb_request_count_8c0756:2811:2827,0,rolling_32@0.99,1.1280276494694783,23.951754602783133
elb_request_count_8c0756:2819:2835,0,rolling_32@0.99,4.366440179769537,23.951754602783133
elb_request_count_8c0756:2827:2843,0,rolling_32@0.99,4.366440179769537,23.951754602783133
elb_request_count_8c0756:2835:2851,0,rolling_32@0.99,2.697963037906381,23.951754602783133
elb_request_count_8c0756:2843:2859,0,rolling_32@0.99,2.697963037906381,23.951754602783133
elb_request_count_8c0756:2851:2867,0,rolling_32@0.99,2.697963037906381,23.951754602783133
elb_request_count_8c0756:2859:2875,0,rolling_32@0.99,11.57875803768155,23.951754602783133
elb_request_count_8c0756:2867:2883,0,rolling_32@0.99,11.57875803768155,23.951754602783133
elb_request_count_8c0756:2875:2891,0,rolling_32@0.99,9.021313907999462,23.951754602783133
elb_request_count_8c0756:2883:2899,0,rolling_32@0.99,7.80482164537203,23.951754602783133
elb_request_count_8c0756:2891:2907,0,rolling_32@0.99,7.80482164537203,23.951754602783133
elb_request_count_8c0756:2899:2915,0,rolling_32@0.99,7.7566437339808445,23.951754602783133
elb_request_count_8c0756:2907:2923,0,rolling_32@0.99,14.61396645532623,23.951754602783133
elb_request_count_8c0756:2915:2931,0,rolling_32@0.99,14.61396645532623,23.951754602783133
elb_request_count_8c0756:2923:2939,0,rolling_32@0.99,9.864427357345205,23.951754602783133
elb_request_count_8c0756:2931:2947,0,rolling_32@0.99,5.395926075812762,23.951754602783133
elb_request_count_8c0756:2939:2955,0,rolling_32@0.99,3.229379999918244,23.951754602783133
elb_request_count_8c0756:2947:2963,0,rolling_32@0.99,3.229379999918244,23.951754602783133
elb_request_count_8c0756:2955:2971,0,rolling_32@0.99,2.0234722784297854,23.951754602783133
elb_request_count_8c0756:2963:2979,0,rolling_32@0.99,4.134921612443476,23.951754602783133
elb_request_count_8c0756:2971:2987,0,rolling_32@0.99,4.134921612443476,23.951754602783133
elb_request_count_8c0756:2979:2995,0,rolling_32@0.99,3.967592702803501,23.951754602783133
elb_request_count_8c0756:2987:3003,0,rolling_32@0.99,3.967592702803501,23.951754602783133
elb_request_count_8c0756:2995:3011,0,rolling_32@0.99,4.205648264971711,23.951754602783133
elb_request_count_8c0756:3003:3019,0,rolling_32@0.99,4.205648264971711,23.951754602783133
elb_request_count_8c0756:3011:3027,0,rolling_32@0.99,2.338234632852197,23.951754602783133
elb_request_count_8c0756:3019:3035,0,rolling_32@0.99,2.424520838118572,23.951754602783133
elb_request_count_8c0756:3027:3043,0,rolling_32@0.99,6.694945316286204,23.951754602783133
elb_request_count_8c0756:3035:3051,0,rolling_32@0.99,6.694945316286204,23.951754602783133
elb_request_count_8c0756:3043:3059,0,rolling_32@0.99,4.978384177089155,23.951754602783133
elb_request_count_8c0756:3051:3067,0,rolling_32@0.99,7.842915807867386,23.951754602783133
elb_request_count_8c0756:3059:3075,0,rolling_32@0.99,7.842915807867386,23.951754602783133
elb_request_count_8c0756:3067:3083,0,rolling_32@0.99,4.969207432062263,23.951754602783133
elb_request_count_8c0756:3075:3091,0,rolling_32@0.99,4.969207432062263,23.951754602783133
elb_request_count_8c0756:3083:3099,0,rolling_32@0.99,1.803870635809499,23.951754602783133
elb_request_count_8c0756:3091:3107,0,rolling_32@0.99,1.803870635809499,23.951754602783133
elb_request_count_8c0756:3099:3115,0,rolling_32@0.99,5.295470005252418,23.951754602783133
elb_request_count_8c0756:3107:3123,0,rolling_32@0.99,5.295470005252418,23.951754602783133
elb_request_count_8c0756:3115:3131,0,rolling_32@0.99,1.8052546797755928,23.951754602783133
elb_request_count_8c0756:3123:3139,0,rolling_32@0.99,1.8052546797755928,23.951754602783133
elb_request_count_8c0756:3131:3147,0,rolling_32@0.99,1.3399883088268358,23.951754602783133
elb_request_count_8c0756:3139:3155,0,rolling_32@0.99,1.2894676284111377,23.951754602783133
elb_request_count_8c0756:3147:3163,0,rolling_32@0.99,3.687216151805387,23.951754602783133
elb_request_count_8c0756:3155:3171,0,rolling_32@0.99,15.232249651513108,23.951754602783133
elb_request_count_8c0756:3163:3179,0,rolling_32@0.99,15.232249651513108,23.951754602783133
elb_request_count_8c0756:3171:3187,0,rolling_32@0.99,8.709728502806469,23.951754602783133
elb_request_count_8c0756:3179:3195,0,rolling_32@0.99,8.709728502806469,23.951754602783133
elb_request_count_8c0756:3187:3203,0,rolling_32@0.99,1.8109614911974337,23.951754602783133
elb_request_count_8c0756:3195:3211,0,rolling_32@0.99,2.2211678458625808,23.951754602783133
elb_request_count_8c0756:3203:3219,0,rolling_32@0.99,2.669463428351032,23.951754602783133
elb_request_count_8c0756:2419:2435,0,rolling_64@0.95,18.946910357425462,17.159465984083436
elb_request_count_8c0756:2427:2443,0,rolling_64@0.95,18.946910357425462,17.159465984083436
elb_request_count_8c0756:2435:2451,0,rolling_64@0.95,21.6280769174385,17.159465984083436
elb_request_count_8c0756:2443:2459,0,rolling_64@0.95,21.6280769174385,17.159465984083436
elb_request_count_8c0756:2451:2467,0,rolling_64@0.95,8.96109151876048,17.159465984083436
elb_request_count_8c0756:2459:2475,0,rolling_64@0.95,7.130330885895435,17.159465984083436
elb_request_count_8c0756:2467:2483,0,rolling_64@0.95,1.6862268986914881,17.159465984083436
elb_request_count_8c0756:2475:2491,0,rolling_64@0.95,4.745962253044406,17.159465984083436
elb_request_count_8c0756:2483:2499,0,rolling_64@0.95,4.745962253044406,17.159465984083436
elb_request_count_8c0756:2491:2507,0,rolling_64@0.95,2.231007896730276,17.159465984083436
elb_request_count_8c0756:2499:2515,0,rolling_64@0.95,3.626609735736476,17.159465984083436
elb_request_count_8c0756:2507:2523,0,rolling_64@0.95,3.626609735736476,17.159465984083436
elb_request_count_8c0756:2515:2531,0,rolling_64@0.95,2.3923344125185486,17.159465984083436
elb_request_count_8c0756:2523:2539,0,rolling_64@0.95,1.0987672049538082,17.159465984083436
elb_request_count_8c0756:2531:2547,0,rolling_64@0.95,3.934529430280139,17.159465984083436
elb_request_count_8c0756:2539:2555,0,rolling_64@0.95,5.385047192595397,17.159465984083436
elb_request_count_8c0756:2547:2563,0,rolling_64@0.95,5.385047192595397,17.159465984083436
elb_request_count_8c0756:2555:2571,0,rolling_64@0.95,2.9298192364764604,17.159465984083436
elb_request_count_8c0756:2563:2579,0,rolling_64@0.95,1.1139317088325589,17.159465984083436
elb_request_count_8c0756:2571:2587,0,rolling_64@0.95,0.850778117067069,17.159465984083436
elb_request_count_8c0756:2579:2595,0,rolling_64@0.95,6.092174601724086,17.159465984083436
elb_request_count_8c0756:2587:2603,0,rolling_64@0.95,6.092174601724086,17.159465984083436
elb_request_count_8c0756:2595:2611,0,rolling_64@0.95,2.037524169252215,17.159465984083436
elb_request_count_8c0756:2603:2619,0,rolling_64@0.95,3.800179644855939,17.159465984083436
elb_request_count_8c0756:2611:2627,0,rolling_64@0.95,3.800179644855939,17.159465984083436
elb_request_count_8c0756:2619:2635,0,rolling_64@0.95,4.233505830757353,17.159465984083436
elb_request_count_8c0756:2627:2643,0,rolling_64@0.95,4.233505830757353,17.159465984083436
elb_request_count_8c0756:2635:2651,0,rolling_64@0.95,1.7381108032666108,17.159465984083436
elb_request_count_8c0756:2643:2659,0,rolling_64@0.95,1.885821103026399,17.159465984083436
elb_request_count_8c0756:2651:2667,0,rolling_64@0.95,1.885821103026399,17.159465984083436
elb_request_count_8c0756:2659:2675,0,rolling_64@0.95,1.3059289172844717,17.159465984083436
elb_request_count_8c0756:2667:2683,0,rolling_64@0.95,2.6979630379063813,17.159465984083436
elb_request_count_8c0756:2675:2691,0,rolling_64@0.95,2.6979630379063813,17.159465984083436
elb_request_count_8c0756:2683:2699,0,rolling_64@0.95,1.6048228415132784,17.159465984083436
elb_request_count_8c0756:2691:2707,0,rolling_64@0.95,1.6048228415132784,17.159465984083436
elb_request_count_8c0756:2699:2715,0,rolling_64@0.95,1.9235477214702899,17.159465984083436
elb_request_count_8c0756:2707:2723,0,rolling_64@0.95,2.9227932910652457,17.159465984083436
elb_request_count_8c0756:2715:2731,0,rolling_64@0.95,8.022890086405816,17.159465984083436
elb_request_count_8c0756:2723:2739,0,rolling_64@0.95,8.022890086405816,17.159465984083436
elb_request_count_8c0756:2731:2747,0,rolling_64@0.95,5.7509212123793905,17.159465984083436
elb_request_count_8c0756:2739:2755,0,rolling_64@0.95,4.721435316336167,17.159465984083436
elb_request_count_8c0756:2747:2763,0,rolling_64@0.95,4.721435316336167,17.159465984083436
elb_request_count_8c0756:2755:2771,0,rolling_64@0.95,4.865969050509722,17.159465984083436
elb_request_count_8c0756:2763:2779,0,rolling_64@0.95,4.865969050509722,17.159465984083436
elb_request_count_8c0756:2771:2787,0,rolling_64@0.95,3.6591123701605293,17.159465984083436
elb_request_count_8c0756:2779:2795,0,rolling_64@0.95,3.6591123701605293,17.159465984083436
elb_request_count_8c0756:2787:2803,0,rolling_64@0.95,2.2273880894343376,17.159465984083436
elb_request_count_8c0756:2795:2811,0,rolling_64@0.95,2.2273880894343376,17.159465984083436
elb_request_count_8c0756:2803:2819,0,rolling_64@0.95,1.4970404661553698,17.159465984083436
elb_request_count_8c0756:2811:2827,0,rolling_64@0.95,1.4970404661553698,17.159465984083436
elb_request_count_8c0756:2819:2835,0,rolling_64@0.95,4.336012025206683,17.159465984083436
elb_request_count_8c0756:2827:2843,0,rolling_64@0.95,4.336012025206683,17.159465984083436
elb_request_count_8c0756:2835:2851,0,rolling_64@0.95,2.2350772225793056,17.159465984083436
elb_request_count_8c0756:2843:2859,0,rolling_64@0.95,2.2350772225793056,17.159465984083436
elb_request_count_8c0756:2851:2867,0,rolling_64@0.95,2.0521740128755983,17.159465984083436
elb_request_count_8c0756:2859:2875,0,rolling_64@0.95,2.544669683479882,17.159465984083436
elb_request_count_8c0756:2867:2883,0,rolling_64@0.95,2.667985670818532,17.159465984083436
elb_request_count_8c0756:2875:2891,0,rolling_64@0.95,2.667985670818532,17.159465984083436
elb_request_count_8c0756:2883:2899,0,rolling_64@0.95,5.573423644096076,17.159465984083436
elb_request_count_8c0756:2891:2907,0,rolling_64@0.95,6.744907594765952,17.159465984083436
elb_request_count_8c0756:2899:2915,0,rolling_64@0.95,6.744907594765952,17.159465984083436
elb_request_count_8c0756:2907:2923,0,rolling_64@0.95,10.791852151625523,17.159465984083436
elb_request_count_8c0756:2915:2931,0,rolling_64@0.95,10.791852151625523,17.159465984083436
elb_request_count_8c0756:2923:2939,0,rolling_64@0.95,9.864427357345205,17.159465984083436
elb_request_count_8c0756:2931:2947,0,rolling_64@0.95,8.252592821831282,17.159465984083436
elb_request_count_8c0756:2939:2955,0,rolling_64@0.95,5.73317145555106,17.159465984083436
elb_request_count_8c0756:2947:2963,0,rolling_64@0.95,5.73317145555106,17.159465984083436
elb_request_count_8c0756:2955:2971,0,rolling_64@0.95,3.268685988232731,17.159465984083436
elb_request_count_8c0756:2963:2979,0,rolling_64@0.95,3.830143955599237,17.159465984083436
elb_request_count_8c0756:2971:2987,0,rolling_64@0.95,3.830143955599237,17.159465984083436
elb_request_count_8c0756:2979:2995,0,rolling_64@0.95,2.2732836708285244,17.159465984083436
elb_request_count_8c0756:2987:3003,0,rolling_64@0.95,2.2732836708285244,17.159465984083436
elb_request_count_8c0756:2995:3011,0,rolling_64@0.95,3.096525759415278,17.159465984083436
elb_request_count_8c0756:3003:3019,0,rolling_64@0.95,3.096525759415278,17.159465984083436
elb_request_count_8c0756:3011:3027,0,rolling_64@0.95,2.967759341697019,17.159465984083436
elb_request_count_8c0756:3019:3035,0,rolling_64@0.95,4.1548630783758265,17.159465984083436
elb_request_count_8c0756:3027:3043,0,rolling_64@0.95,7.056211022216689,17.159465984083436
elb_request_count_8c0756:3035:3051,0,rolling_64@0.95,8.560844254895247,17.159465984083436
elb_request_count_8c0756:3043:3059,0,rolling_64@0.95,8.560844254895247,17.159465984083436
elb_request_count_8c0756:3051:3067,0,rolling_64@0.95,8.029651898530895,17.159465984083436
elb_request_count_8c0756:3059:3075,0,rolling_64@0.95,8.029651898530895,17.159465984083436
elb_request_count_8c0756:3067:3083,0,rolling_64@0.95,5.180663067469167,17.159465984083436
elb_request_count_8c0756:3075:3091,0,rolling_64@0.95,5.180663067469167,17.159465984083436
elb_request_count_8c0756:3083:3099,0,rolling_64@0.95,1.6503497306342223,17.159465984083436
elb_request_count_8c0756:3091:3107,0,rolling_64@0.95,1.6503497306342223,17.159465984083436
elb_request_count_8c0756:3099:3115,0,rolling_64@0.95,4.7084643401923865,17.159465984083436
elb_request_count_8c0756:3107:3123,0,rolling_64@0.95,4.7084643401923865,17.159465984083436
elb_request_count_8c0756:3115:3131,0,rolling_64@0.95,2.3177955189286634,17.159465984083436
elb_request_count_8c0756:3123:3139,0,rolling_64@0.95,2.3177955189286634,17.159465984083436
elb_request_count_8c0756:3131:3147,0,rolling_64@0.95,2.023472278429786,17.159465984083436
elb_request_count_8c0756:3139:3155,0,rolling_64@0.95,1.7359844137348435,17.159465984083436
elb_request_count_8c0756:3147:3163,0,rolling_64@0.95,1.4518699398902981,17.159465984083436
elb_request_count_8c0756:3155:3171,0,rolling_64@0.95,2.9380360200929654,17.159465984083436
elb_request_count_8c0756:3163:3179,0,rolling_64@0.95,2.9380360200929654,17.159465984083436
elb_request_count_8c0756:3171:3187,0,rolling_64@0.95,3.279420589179308,17.159465984083436
elb_request_count_8c0756:3179:3195,0,rolling_64@0.95,3.279420589179308,17.159465984083436
elb_request_count_8c0756:3187:3203,0,rolling_64@0.95,2.751212308391375,17.159465984083436
elb_request_count_8c0756:3195:3211,0,rolling_64@0.95,3.096525759415278,17.159465984083436
elb_request_count_8c0756:3203:3219,0,rolling_64@0.95,3.5144518520096275,17.159465984083436
elb_request_count_8c0756:2419:2435,0,rolling_64@0.975,18.946910357425462,20.37686585609908
elb_request_count_8c0756:2427:2443,0,rolling_64@0.975,18.946910357425462,20.37686585609908
elb_request_count_8c0756:2435:2451,0,rolling_64@0.975,21.6280769174385,20.37686585609908
elb_request_count_8c0756:2443:2459,0,rolling_64@0.975,21.6280769174385,20.37686585609908
elb_request_count_8c0756:2451:2467,0,rolling_64@0.975,8.96109151876048,20.37686585609908
elb_request_count_8c0756:2459:2475,0,rolling_64@0.975,7.130330885895435,20.37686585609908
elb_request_count_8c0756:2467:2483,0,rolling_64@0.975,1.6862268986914881,20.37686585609908
elb_request_count_8c0756:2475:2491,0,rolling_64@0.975,4.745962253044406,20.37686585609908
elb_request_count_8c0756:2483:2499,0,rolling_64@0.975,4.745962253044406,20.37686585609908
elb_request_count_8c0756:2491:2507,0,rolling_64@0.975,2.231007896730276,20.37686585609908
elb_request_count_8c0756:2499:2515,0,rolling_64@0.975,3.626609735736476,20.37686585609908
elb_request_count_8c0756:2507:2523,0,rolling_64@0.975,3.626609735736476,20.37686585609908
elb_request_count_8c0756:2515:2531,0,rolling_64@0.975,2.3923344125185486,20.37686585609908
elb_request_count_8c0756:2523:2539,0,rolling_64@0.975,1.0987672049538082,20.37686585609908
elb_request_count_8c0756:2531:2547,0,rolling_64@0.975,3.934529430280139,20.37686585609908
elb_request_count_8c0756:2539:2555,0,rolling_64@0.975,5.385047192595397,20.37686585609908
elb_request_count_8c0756:2547:2563,0,rolling_64@0.975,5.385047192595397,20.37686585609908
elb_request_count_8c0756:2555:2571,0,rolling_64@0.975,2.9298192364764604,20.37686585609908
elb_request_count_8c0756:2563:2579,0,rolling_64@0.975,1.1139317088325589,20.37686585609908
elb_request_count_8c0756:2571:2587,0,rolling_64@0.975,0.850778117067069,20.37686585609908
elb_request_count_8c0756:2579:2595,0,rolling_64@0.975,6.092174601724086,20.37686585609908
elb_request_count_8c0756:2587:2603,0,rolling_64@0.975,6.092174601724086,20.37686585609908
elb_request_count_8c0756:2595:2611,0,rolling_64@0.975,2.037524169252215,20.37686585609908
elb_request_count_8c0756:2603:2619,0,rolling_64@0.975,3.800179644855939,20.37686585609908
elb_request_count_8c0756:2611:2627,0,rolling_64@0.975,3.800179644855939,20.37686585609908
elb_request_count_8c0756:2619:2635,0,rolling_64@0.975,4.233505830757353,20.37686585609908
elb_request_count_8c0756:2627:2643,0,rolling_64@0.975,4.233505830757353,20.37686585609908
elb_request_count_8c0756:2635:2651,0,rolling_64@0.975,1.7381108032666108,20.37686585609908
elb_request_count_8c0756:2643:2659,0,rolling_64@0.975,1.885821103026399,20.37686585609908
elb_request_count_8c0756:2651:2667,0,rolling_64@0.975,1.885821103026399,20.37686585609908
elb_request_count_8c0756:2659:2675,0,rolling_64@0.975,1.3059289172844717,20.37686585609908
elb_request_count_8c0756:2667:2683,0,rolling_64@0.975,2.6979630379063813,20.37686585609908
elb_request_count_8c0756:2675:2691,0,rolling_64@0.975,2.6979630379063813,20.37686585609908
elb_request_count_8c0756:2683:2699,0,rolling_64@0.975,1.6048228415132784,20.37686585609908
elb_request_count_8c0756:2691:2707,0,rolling_64@0.975,1.6048228415132784,20.37686585609908
elb_request_count_8c0756:2699:2715,0,rolling_64@0.975,1.9235477214702899,20.37686585609908
elb_request_count_8c0756:2707:2723,0,rolling_64@0.975,2.9227932910652457,20.37686585609908
elb_request_count_8c0756:2715:2731,0,rolling_64@0.975,8.022890086405816,20.37686585609908
elb_request_count_8c0756:2723:2739,0,rolling_64@0.975,8.022890086405816,20.37686585609908
elb_request_count_8c0756:2731:2747,0,rolling_64@0.975,5.7509212123793905,20.37686585609908
elb_request_count_8c0756:2739:2755,0,rolling_64@0.975,4.721435316336167,20.37686585609908
elb_request_count_8c0756:2747:2763,0,rolling_64@0.975,4.721435316336167,20.37686585609908
elb_request_count_8c0756:2755:2771,0,rolling_64@0.975,4.865969050509722,20.37686585609908
elb_request_count_8c0756:2763:2779,0,rolling_64@0.975,4.865969050509722,20.37686585609908
elb_request_count_8c0756:2771:2787,0,rolling_64@0.975,3.6591123701605293,20.37686585609908
elb_request_count_8c0756:2779:2795,0,rolling_64@0.975,3.6591123701605293,20.37686585609908
elb_request_count_8c0756:2787:2803,0,rolling_64@0.975,2.2273880894343376,20.37686585609908
elb_request_count_8c0756:2795:2811,0,rolling_64@0.975,2.2273880894343376,20.37686585609908
elb_request_count_8c0756:2803:2819,0,rolling_64@0.975,1.4970404661553698,20.37686585609908
elb_request_count_8c0756:2811:2827,0,rolling_64@0.975,1.4970404661553698,20.37686585609908
elb_request_count_8c0756:2819:2835,0,rolling_64@0.975,4.336012025206683,20.37686585609908
elb_request_count_8c0756:2827:2843,0,rolling_64@0.975,4.336012025206683,20.37686585609908
elb_request_count_8c0756:2835:2851,0,rolling_64@0.975,2.2350772225793056,20.37686585609908
elb_request_count_8c0756:2843:2859,0,rolling_64@0.975,2.2350772225793056,20.37686585609908
elb_request_count_8c0756:2851:2867,0,rolling_64@0.975,2.0521740128755983,20.37686585609908
elb_request_count_8c0756:2859:2875,0,rolling_64@0.975,2.544669683479882,20.37686585609908
elb_request_count_8c0756:2867:2883,0,rolling_64@0.975,2.667985670818532,20.37686585609908
elb_request_count_8c0756:2875:2891,0,rolling_64@0.975,2.667985670818532,20.37686585609908
elb_request_count_8c0756:2883:2899,0,rolling_64@0.975,5.573423644096076,20.37686585609908
elb_request_count_8c0756:2891:2907,0,rolling_64@0.975,6.744907594765952,20.37686585609908
elb_request_count_8c0756:2899:2915,0,rolling_64@0.975,6.744907594765952,20.37686585609908
elb_request_count_8c0756:2907:2923,0,rolling_64@0.975,10.791852151625523,20.37686585609908
elb_request_count_8c0756:2915:2931,0,rolling_64@0.975,10.791852151625523,20.37686585609908
elb_request_count_8c0756:2923:2939,0,rolling_64@0.975,9.864427357345205,20.37686585609908
elb_request_count_8c0756:2931:2947,0,rolling_64@0.975,8.252592821831282,20.37686585609908
elb_request_count_8c0756:2939:2955,0,rolling_64@0.975,5.73317145555106,20.37686585609908
elb_request_count_8c0756:2947:2963,0,rolling_64@0.975,5.73317145555106,20.37686585609908
elb_request_count_8c0756:2955:2971,0,rolling_64@0.975,3.268685988232731,20.37686585609908
elb_request_count_8c0756:2963:2979,0,rolling_64@0.975,3.830143955599237,20.37686585609908
elb_request_count_8c0756:2971:2987,0,rolling_64@0.975,3.830143955599237,20.37686585609908
elb_request_count_8c0756:2979:2995,0,rolling_64@0.975,2.2732836708285244,20.37686585609908
elb_request_count_8c0756:2987:3003,0,rolling_64@0.975,2.2732836708285244,20.37686585609908
elb_request_count_8c0756:2995:3011,0,rolling_64@0.975,3.096525759415278,20.37686585609908
elb_request_count_8c0756:3003:3019,0,rolling_64@0.975,3.096525759415278,20.37686585609908
elb_request_count_8c0756:3011:3027,0,rolling_64@0.975,2.967759341697019,20.37686585609908
elb_request_count_8c0756:3019:3035,0,rolling_64@0.975,4.1548630783758265,20.37686585609908
elb_request_count_8c0756:3027:3043,0,rolling_64@0.975,7.056211022216689,20.37686585609908
elb_request_count_8c0756:3035:3051,0,rolling_64@0.975,8.560844254895247,20.37686585609908
elb_request_count_8c0756:3043:3059,0,rolling_64@0.975,8.560844254895247,20.37686585609908
elb_request_count_8c0756:3051:3067,0,rolling_64@0.975,8.029651898530895,20.37686585609908
elb_request_count_8c0756:3059:3075,0,rolling_64@0.975,8.029651898530895,20.37686585609908
elb_request_count_8c0756:3067:3083,0,rolling_64@0.975,5.180663067469167,20.37686585609908
elb_request_count_8c0756:3075:3091,0,rolling_64@0.975,5.180663067469167,20.37686585609908
elb_request_count_8c0756:3083:3099,0,rolling_64@0.975,1.6503497306342223,20.37686585609908
elb_request_count_8c0756:3091:3107,0,rolling_64@0.975,1.6503497306342223,20.37686585609908
elb_request_count_8c0756:3099:3115,0,rolling_64@0.975,4.7084643401923865,20.37686585609908
elb_request_count_8c0756:3107:3123,0,rolling_64@0.975,4.7084643401923865,20.37686585609908
elb_request_count_8c0756:3115:3131,0,rolling_64@0.975,2.3177955189286634,20.37686585609908
elb_request_count_8c0756:3123:3139,0,rolling_64@0.975,2.3177955189286634,20.37686585609908
elb_request_count_8c0756:3131:3147,0,rolling_64@0.975,2.023472278429786,20.37686585609908
elb_request_count_8c0756:3139:3155,0,rolling_64@0.975,1.7359844137348435,20.37686585609908
elb_request_count_8c0756:3147:3163,0,rolling_64@0.975,1.4518699398902981,20.37686585609908
elb_request_count_8c0756:3155:3171,0,rolling_64@0.975,2.9380360200929654,20.37686585609908
elb_request_count_8c0756:3163:3179,0,rolling_64@0.975,2.9380360200929654,20.37686585609908
elb_request_count_8c0756:3171:3187,0,rolling_64@0.975,3.279420589179308,20.37686585609908
elb_request_count_8c0756:3179:3195,0,rolling_64@0.975,3.279420589179308,20.37686585609908
elb_request_count_8c0756:3187:3203,0,rolling_64@0.975,2.751212308391375,20.37686585609908
elb_request_count_8c0756:3195:3211,0,rolling_64@0.975,3.096525759415278,20.37686585609908
elb_request_count_8c0756:3203:3219,0,rolling_64@0.975,3.5144518520096275,20.37686585609908
elb_request_count_8c0756:2419:2435,0,rolling_64@0.99,18.946910357425462,31.459020970819637
elb_request_count_8c0756:2427:2443,0,rolling_64@0.99,18.946910357425462,31.459020970819637
elb_request_count_8c0756:2435:2451,0,rolling_64@0.99,21.6280769174385,31.459020970819637
elb_request_count_8c0756:2443:2459,0,rolling_64@0.99,21.6280769174385,31.459020970819637
elb_request_count_8c0756:2451:2467,0,rolling_64@0.99,8.96109151876048,31.459020970819637
elb_request_count_8c0756:2459:2475,0,rolling_64@0.99,7.130330885895435,31.459020970819637
elb_request_count_8c0756:2467:2483,0,rolling_64@0.99,1.6862268986914881,31.459020970819637
elb_request_count_8c0756:2475:2491,0,rolling_64@0.99,4.745962253044406,31.459020970819637
elb_request_count_8c0756:2483:2499,0,rolling_64@0.99,4.745962253044406,31.459020970819637
elb_request_count_8c0756:2491:2507,0,rolling_64@0.99,2.231007896730276,31.459020970819637
elb_request_count_8c0756:2499:2515,0,rolling_64@0.99,3.626609735736476,31.459020970819637
elb_request_count_8c0756:2507:2523,0,rolling_64@0.99,3.626609735736476,31.459020970819637
elb_request_count_8c0756:2515:2531,0,rolling_64@0.99,2.3923344125185486,31.459020970819637
elb_request_count_8c0756:2523:2539,0,rolling_64@0.99,1.0987672049538082,31.459020970819637
elb_request_count_8c0756:2531:2547,0,rolling_64@0.99,3.934529430280139,31.459020970819637
elb_request_count_8c0756:2539:2555,0,rolling_64@0.99,5.385047192595397,31.459020970819637
elb_request_count_8c0756:2547:2563,0,rolling_64@0.99,5.385047192595397,31.459020970819637
elb_request_count_8c0756:2555:2571,0,rolling_64@0.99,2.9298192364764604,31.459020970819637
elb_request_count_8c0756:2563:2579,0,rolling_64@0.99,1.1139317088325589,31.459020970819637
elb_request_count_8c0756:2571:2587,0,rolling_64@0.99,0.850778117067069,31.459020970819637
elb_request_count_8c0756:2579:2595,0,rolling_64@0.99,6.092174601724086,31.459020970819637
elb_request_count_8c0756:2587:2603,0,rolling_64@0.99,6.092174601724086,31.459020970819637
elb_request_count_8c0756:2595:2611,0,rolling_64@0.99,2.037524169252215,31.459020970819637
elb_request_count_8c0756:2603:2619,0,rolling_64@0.99,3.800179644855939,31.459020970819637
elb_request_count_8c0756:2611:2627,0,rolling_64@0.99,3.800179644855939,31.459020970819637
elb_request_count_8c0756:2619:2635,0,rolling_64@0.99,4.233505830757353,31.459020970819637
elb_request_count_8c0756:2627:2643,0,rolling_64@0.99,4.233505830757353,31.459020970819637
elb_request_count_8c0756:2635:2651,0,rolling_64@0.99,1.7381108032666108,31.459020970819637
elb_request_count_8c0756:2643:2659,0,rolling_64@0.99,1.885821103026399,31.459020970819637
elb_request_count_8c0756:2651:2667,0,rolling_64@0.99,1.885821103026399,31.459020970819637
elb_request_count_8c0756:2659:2675,0,rolling_64@0.99,1.3059289172844717,31.459020970819637
elb_request_count_8c0756:2667:2683,0,rolling_64@0.99,2.6979630379063813,31.459020970819637
elb_request_count_8c0756:2675:2691,0,rolling_64@0.99,2.6979630379063813,31.459020970819637
elb_request_count_8c0756:2683:2699,0,rolling_64@0.99,1.6048228415132784,31.459020970819637
elb_request_count_8c0756:2691:2707,0,rolling_64@0.99,1.6048228415132784,31.459020970819637
elb_request_count_8c0756:2699:2715,0,rolling_64@0.99,1.9235477214702899,31.459020970819637
elb_request_count_8c0756:2707:2723,0,rolling_64@0.99,2.9227932910652457,31.459020970819637
elb_request_count_8c0756:2715:2731,0,rolling_64@0.99,8.022890086405816,31.459020970819637
elb_request_count_8c0756:2723:2739,0,rolling_64@0.99,8.022890086405816,31.459020970819637
elb_request_count_8c0756:2731:2747,0,rolling_64@0.99,5.7509212123793905,31.459020970819637
elb_request_count_8c0756:2739:2755,0,rolling_64@0.99,4.721435316336167,31.459020970819637
elb_request_count_8c0756:2747:2763,0,rolling_64@0.99,4.721435316336167,31.459020970819637
elb_request_count_8c0756:2755:2771,0,rolling_64@0.99,4.865969050509722,31.459020970819637
elb_request_count_8c0756:2763:2779,0,rolling_64@0.99,4.865969050509722,31.459020970819637
elb_request_count_8c0756:2771:2787,0,rolling_64@0.99,3.6591123701605293,31.459020970819637
elb_request_count_8c0756:2779:2795,0,rolling_64@0.99,3.6591123701605293,31.459020970819637
elb_request_count_8c0756:2787:2803,0,rolling_64@0.99,2.2273880894343376,31.459020970819637
elb_request_count_8c0756:2795:2811,0,rolling_64@0.99,2.2273880894343376,31.459020970819637
elb_request_count_8c0756:2803:2819,0,rolling_64@0.99,1.4970404661553698,31.459020970819637
elb_request_count_8c0756:2811:2827,0,rolling_64@0.99,1.4970404661553698,31.459020970819637
elb_request_count_8c0756:2819:2835,0,rolling_64@0.99,4.336012025206683,31.459020970819637
elb_request_count_8c0756:2827:2843,0,rolling_64@0.99,4.336012025206683,31.459020970819637
elb_request_count_8c0756:2835:2851,0,rolling_64@0.99,2.2350772225793056,31.459020970819637
elb_request_count_8c0756:2843:2859,0,rolling_64@0.99,2.2350772225793056,31.459020970819637
elb_request_count_8c0756:2851:2867,0,rolling_64@0.99,2.0521740128755983,31.459020970819637
elb_request_count_8c0756:2859:2875,0,rolling_64@0.99,2.544669683479882,31.459020970819637
elb_request_count_8c0756:2867:2883,0,rolling_64@0.99,2.667985670818532,31.459020970819637
elb_request_count_8c0756:2875:2891,0,rolling_64@0.99,2.667985670818532,31.459020970819637
elb_request_count_8c0756:2883:2899,0,rolling_64@0.99,5.573423644096076,31.459020970819637
elb_request_count_8c0756:2891:2907,0,rolling_64@0.99,6.744907594765952,31.459020970819637
elb_request_count_8c0756:2899:2915,0,rolling_64@0.99,6.744907594765952,31.459020970819637
elb_request_count_8c0756:2907:2923,0,rolling_64@0.99,10.791852151625523,31.459020970819637
elb_request_count_8c0756:2915:2931,0,rolling_64@0.99,10.791852151625523,31.459020970819637
elb_request_count_8c0756:2923:2939,0,rolling_64@0.99,9.864427357345205,31.459020970819637
elb_request_count_8c0756:2931:2947,0,rolling_64@0.99,8.252592821831282,31.459020970819637
elb_request_count_8c0756:2939:2955,0,rolling_64@0.99,5.73317145555106,31.459020970819637
elb_request_count_8c0756:2947:2963,0,rolling_64@0.99,5.73317145555106,31.459020970819637
elb_request_count_8c0756:2955:2971,0,rolling_64@0.99,3.268685988232731,31.459020970819637
elb_request_count_8c0756:2963:2979,0,rolling_64@0.99,3.830143955599237,31.459020970819637
elb_request_count_8c0756:2971:2987,0,rolling_64@0.99,3.830143955599237,31.459020970819637
elb_request_count_8c0756:2979:2995,0,rolling_64@0.99,2.2732836708285244,31.459020970819637
elb_request_count_8c0756:2987:3003,0,rolling_64@0.99,2.2732836708285244,31.459020970819637
elb_request_count_8c0756:2995:3011,0,rolling_64@0.99,3.096525759415278,31.459020970819637
elb_request_count_8c0756:3003:3019,0,rolling_64@0.99,3.096525759415278,31.459020970819637
elb_request_count_8c0756:3011:3027,0,rolling_64@0.99,2.967759341697019,31.459020970819637
elb_request_count_8c0756:3019:3035,0,rolling_64@0.99,4.1548630783758265,31.459020970819637
elb_request_count_8c0756:3027:3043,0,rolling_64@0.99,7.056211022216689,31.459020970819637
elb_request_count_8c0756:3035:3051,0,rolling_64@0.99,8.560844254895247,31.459020970819637
elb_request_count_8c0756:3043:3059,0,rolling_64@0.99,8.560844254895247,31.459020970819637
elb_request_count_8c0756:3051:3067,0,rolling_64@0.99,8.029651898530895,31.459020970819637
elb_request_count_8c0756:3059:3075,0,rolling_64@0.99,8.029651898530895,31.459020970819637
elb_request_count_8c0756:3067:3083,0,rolling_64@0.99,5.180663067469167,31.459020970819637
elb_request_count_8c0756:3075:3091,0,rolling_64@0.99,5.180663067469167,31.459020970819637
elb_request_count_8c0756:3083:3099,0,rolling_64@0.99,1.6503497306342223,31.459020970819637
elb_request_count_8c0756:3091:3107,0,rolling_64@0.99,1.6503497306342223,31.459020970819637
elb_request_count_8c0756:3099:3115,0,rolling_64@0.99,4.7084643401923865,31.459020970819637
elb_request_count_8c0756:3107:3123,0,rolling_64@0.99,4.7084643401923865,31.459020970819637
elb_request_count_8c0756:3115:3131,0,rolling_64@0.99,2.3177955189286634,31.459020970819637
elb_request_count_8c0756:3123:3139,0,rolling_64@0.99,2.3177955189286634,31.459020970819637
elb_request_count_8c0756:3131:3147,0,rolling_64@0.99,2.023472278429786,31.459020970819637
elb_request_count_8c0756:3139:3155,0,rolling_64@0.99,1.7359844137348435,31.459020970819637
elb_request_count_8c0756:3147:3163,0,rolling_64@0.99,1.4518699398902981,31.459020970819637
elb_request_count_8c0756:3155:3171,0,rolling_64@0.99,2.9380360200929654,31.459020970819637
elb_request_count_8c0756:3163:3179,0,rolling_64@0.99,2.9380360200929654,31.459020970819637
elb_request_count_8c0756:3171:3187,0,rolling_64@0.99,3.279420589179308,31.459020970819637
elb_request_count_8c0756:3179:3195,0,rolling_64@0.99,3.279420589179308,31.459020970819637
elb_request_count_8c0756:3187:3203,0,rolling_64@0.99,2.751212308391375,31.459020970819637
elb_request_count_8c0756:3195:3211,0,rolling_64@0.99,3.096525759415278,31.459020970819637
elb_request_count_8c0756:3203:3219,0,rolling_64@0.99,3.5144518520096275,31.459020970819637
elb_request_count_8c0756:2419:2435,0,rolling_128@0.95,18.946910357425462,31.459020970819637
elb_request_count_8c0756:2427:2443,0,rolling_128@0.95,18.946910357425462,31.459020970819637
elb_request_count_8c0756:2435:2451,0,rolling_128@0.95,21.6280769174385,31.459020970819637
elb_request_count_8c0756:2443:2459,0,rolling_128@0.95,22.34305466677531,31.459020970819637
elb_request_count_8c0756:2451:2467,0,rolling_128@0.95,26.454176725461966,31.459020970819637
elb_request_count_8c0756:2459:2475,0,rolling_128@0.95,26.454176725461966,31.459020970819637
elb_request_count_8c0756:2467:2483,0,rolling_128@0.95,10.724666240052148,31.459020970819637
elb_request_count_8c0756:2475:2491,0,rolling_128@0.95,20.555610293433283,31.459020970819637
elb_request_count_8c0756:2483:2499,0,rolling_128@0.95,20.555610293433283,31.459020970819637
elb_request_count_8c0756:2491:2507,0,rolling_128@0.95,5.246039240373518,31.459020970819637
elb_request_count_8c0756:2499:2515,0,rolling_128@0.95,6.547495665163046,31.459020970819637
elb_request_count_8c0756:2507:2523,0,rolling_128@0.95,6.547495665163046,31.459020970819637
elb_request_count_8c0756:2515:2531,0,rolling_128@0.95,3.4264130581411036,31.459020970819637
elb_request_count_8c0756:2523:2539,0,rolling_128@0.95,0.949283291115208,31.459020970819637
elb_request_count_8c0756:2531:2547,0,rolling_128@0.95,3.512972705607267,31.459020970819637
elb_request_count_8c0756:2539:2555,0,rolling_128@0.95,5.019004769046429,31.459020970819637
elb_request_count_8c0756:2547:2563,0,rolling_128@0.95,5.019004769046429,31.459020970819637
elb_request_count_8c0756:2555:2571,0,rolling_128@0.95,2.7943188606887515,31.459020970819637
elb_request_count_8c0756:2563:2579,0,rolling_128@0.95,1.0557246670068448,31.459020970819637
elb_request_count_8c0756:2571:2587,0,rolling_128@0.95,1.0533143367168747,31.459020970819637
elb_request_count_8c0756:2579:2595,0,rolling_128@0.95,4.827933857306155,31.459020970819637
elb_request_count_8c0756:2587:2603,0,rolling_128@0.95,4.827933857306155,31.459020970819637
elb_request_count_8c0756:2595:2611,0,rolling_128@0.95,0.9285197468119363,31.459020970819637
elb_request_count_8c0756:2603:2619,0,rolling_128@0.95,1.7462842950832396,31.459020970819637
elb_request_count_8c0756:2611:2627,0,rolling_128@0.95,1.7462842950832396,31.459020970819637
elb_request_count_8c0756:2619:2635,0,rolling_128@0.95,2.435661075887705,31.459020970819637
elb_request_count_8c0756:2627:2643,0,rolling_128@0.95,2.435661075887705,31.459020970819637
elb_request_count_8c0756:2635:2651,0,rolling_128@0.95,1.2711556620905065,31.459020970819637
elb_request_count_8c0756:2643:2659,0,rolling_128@0.95,1.648755189831677,31.459020970819637
elb_request_count_8c0756:2651:2667,0,rolling_128@0.95,1.648755189831677,31.459020970819637
elb_request_count_8c0756:2659:2675,0,rolling_128@0.95,1.1506018838130152,31.459020970819637
elb_request_count_8c0756:2667:2683,0,rolling_128@0.95,2.88191506321818,31.459020970819637
elb_request_count_8c0756:2675:2691,0,rolling_128@0.95,2.88191506321818,31.459020970819637
elb_request_count_8c0756:2683:2699,0,rolling_128@0.95,0.8993210126354603,31.459020970819637
elb_request_count_8c0756:2691:2707,0,rolling_128@0.95,0.8993210126354603,31.459020970819637
elb_request_count_8c0756:2699:2715,0,rolling_128@0.95,1.069314618682407,31.459020970819637
elb_request_count_8c0756:2707:2723,0,rolling_128@0.95,1.7273543840254266,31.459020970819637
elb_request_count_8c0756:2715:2731,0,rolling_128@0.95,5.000534940947172,31.459020970819637
elb_request_count_8c0756:2723:2739,0,rolling_128@0.95,5.000534940947172,31.459020970819637
elb_request_count_8c0756:2731:2747,0,rolling_128@0.95,2.7943188606887515,31.459020970819637
elb_request_count_8c0756:2739:2755,0,rolling_128@0.95,3.328938264513518,31.459020970819637
elb_request_count_8c0756:2747:2763,0,rolling_128@0.95,4.306364079735185,31.459020970819637
elb_request_count_8c0756:2755:2771,0,rolling_128@0.95,5.73317145555106,31.459020970819637
elb_request_count_8c0756:2763:2779,0,rolling_128@0.95,5.73317145555106,31.459020970819637
elb_request_count_8c0756:2771:2787,0,rolling_128@0.95,4.258927366980787,31.459020970819637
elb_request_count_8c0756:2779:2795,0,rolling_128@0.95,4.258927366980787,31.459020970819637
elb_request_count_8c0756:2787:2803,0,rolling_128@0.95,2.8754606061896952,31.459020970819637
elb_request_count_8c0756:2795:2811,0,rolling_128@0.95,2.8754606061896952,31.459020970819637
elb_request_count_8c0756:2803:2819,0,rolling_128@0.95,2.2208842080326914,31.459020970819637
elb_request_count_8c0756:2811:2827,0,rolling_128@0.95,2.2866881845669935,31.459020970819637
elb_request_count_8c0756:2819:2835,0,rolling_128@0.95,6.432338706228017,31.459020970819637
elb_request_count_8c0756:2827:2843,0,rolling_128@0.95,6.432338706228017,31.459020970819637
elb_request_count_8c0756:2835:2851,0,rolling_128@0.95,2.5114017640085993,31.459020970819637
elb_request_count_8c0756:2843:2859,0,rolling_128@0.95,2.5114017640085993,31.459020970819637
elb_request_count_8c0756:2851:2867,0,rolling_128@0.95,1.9947705439839731,31.459020970819637
elb_request_count_8c0756:2859:2875,0,rolling_128@0.95,2.6337258227181337,31.459020970819637
elb_request_count_8c0756:2867:2883,0,rolling_128@0.95,2.697963037906381,31.459020970819637
elb_request_count_8c0756:2875:2891,0,rolling_128@0.95,2.697963037906381,31.459020970819637
elb_request_count_8c0756:2883:2899,0,rolling_128@0.95,1.9008375948885865,31.459020970819637
elb_request_count_8c0756:2891:2907,0,rolling_128@0.95,1.9008375948885865,31.459020970819637
elb_request_count_8c0756:2899:2915,0,rolling_128@0.95,1.6637438733756014,31.459020970819637
elb_request_count_8c0756:2907:2923,0,rolling_128@0.95,3.6133433543389026,31.459020970819637
elb_request_count_8c0756:2915:2931,0,rolling_128@0.95,3.6133433543389026,31.459020970819637
elb_request_count_8c0756:2923:2939,0,rolling_128@0.95,3.689861213607256,31.459020970819637
elb_request_count_8c0756:2931:2947,0,rolling_128@0.95,3.689861213607256,31.459020970819637
elb_request_count_8c0756:2939:2955,0,rolling_128@0.95,4.205648264971711,31.459020970819637
elb_request_count_8c0756:2947:2963,0,rolling_128@0.95,4.205648264971711,31.459020970819637
elb_request_count_8c0756:2955:2971,0,rolling_128@0.95,3.097661265744363,31.459020970819637
elb_request_count_8c0756:2963:2979,0,rolling_128@0.95,4.150712366009817,31.459020970819637
elb_request_count_8c0756:2971:2987,0,rolling_128@0.95,4.150712366009817,31.459020970819637
elb_request_count_8c0756:2979:2995,0,rolling_128@0.95,2.423170506267768,31.459020970819637
elb_request_count_8c0756:2987:3003,0,rolling_128@0.95,2.423170506267768,31.459020970819637
elb_request_count_8c0756:2995:3011,0,rolling_128@0.95,2.6460791333312583,31.459020970819637
elb_request_count_8c0756:3003:3019,0,rolling_128@0.95,2.6460791333312583,31.459020970819637
elb_request_count_8c0756:3011:3027,0,rolling_128@0.95,1.9993833227341928,31.459020970819637
elb_request_count_8c0756:3019:3035,0,rolling_128@0.95,3.6133433543389026,31.459020970819637
elb_request_count_8c0756:3027:3043,0,rolling_128@0.95,6.600373860592396,31.459020970819637
elb_request_count_8c0756:3035:3051,0,rolling_128@0.95,7.997533290936771,31.459020970819637
elb_request_count_8c0756:3043:3059,0,rolling_128@0.95,7.997533290936771,31.459020970819637
elb_request_count_8c0756:3051:3067,0,rolling_128@0.95,10.196713246204997,31.459020970819637
elb_request_count_8c0756:3059:3075,0,rolling_128@0.95,10.196713246204997,31.459020970819637
elb_request_count_8c0756:3067:3083,0,rolling_128@0.95,6.6029095401393,31.459020970819637
elb_request_count_8c0756:3075:3091,0,rolling_128@0.95,6.6029095401393,31.459020970819637
elb_request_count_8c0756:3083:3099,0,rolling_128@0.95,1.9905702901626345,31.459020970819637
elb_request_count_8c0756:3091:3107,0,rolling_128@0.95,2.0589717920864485,31.459020970819637
elb_request_count_8c0756:3099:3115,0,rolling_128@0.95,6.136220811823659,31.459020970819637
elb_request_count_8c0756:3107:3123,0,rolling_128@0.95,6.136220811823659,31.459020970819637
elb_request_count_8c0756:3115:3131,0,rolling_128@0.95,2.870173444581256,31.459020970819637
elb_request_count_8c0756:3123:3139,0,rolling_128@0.95,2.870173444581256,31.459020970819637
elb_request_count_8c0756:3131:3147,0,rolling_128@0.95,2.7519222986645087,31.459020970819637
elb_request_count_8c0756:3139:3155,0,rolling_128@0.95,2.1531820398675925,31.459020970819637
elb_request_count_8c0756:3147:3163,0,rolling_128@0.95,1.7121688509790496,31.459020970819637
elb_request_count_8c0756:3155:3171,0,rolling_128@0.95,3.1762383037170574,31.459020970819637
elb_request_count_8c0756:3163:3179,0,rolling_128@0.95,3.1762383037170574,31.459020970819637
elb_request_count_8c0756:3171:3187,0,rolling_128@0.95,3.2541220851940995,31.459020970819637
elb_request_count_8c0756:3179:3195,0,rolling_128@0.95,3.2541220851940995,31.459020970819637
elb_request_count_8c0756:3187:3203,0,rolling_128@0.95,2.309273447699529,31.459020970819637
elb_request_count_8c0756:3195:3211,0,rolling_128@0.95,2.139763788684371,31.459020970819637
elb_request_count_8c0756:3203:3219,0,rolling_128@0.95,3.0726801265044896,31.459020970819637
elb_request_count_8c0756:2419:2435,0,rolling_128@0.975,18.946910357425462,34.497676405501075
elb_request_count_8c0756:2427:2443,0,rolling_128@0.975,18.946910357425462,34.497676405501075
elb_request_count_8c0756:2435:2451,0,rolling_128@0.975,21.6280769174385,34.497676405501075
elb_request_count_8c0756:2443:2459,0,rolling_128@0.975,22.34305466677531,34.497676405501075
elb_request_count_8c0756:2451:2467,0,rolling_128@0.975,26.454176725461966,34.497676405501075
elb_request_count_8c0756:2459:2475,0,rolling_128@0.975,26.454176725461966,34.497676405501075
elb_request_count_8c0756:2467:2483,0,rolling_128@0.975,10.724666240052148,34.497676405501075
elb_request_count_8c0756:2475:2491,0,rolling_128@0.975,20.555610293433283,34.497676405501075
elb_request_count_8c0756:2483:2499,0,rolling_128@0.975,20.555610293433283,34.497676405501075
elb_request_count_8c0756:2491:2507,0,rolling_128@0.975,5.246039240373518,34.497676405501075
elb_request_count_8c0756:2499:2515,0,rolling_128@0.975,6.547495665163046,34.497676405501075
elb_request_count_8c0756:2507:2523,0,rolling_128@0.975,6.547495665163046,34.497676405501075
elb_request_count_8c0756:2515:2531,0,rolling_128@0.975,3.4264130581411036,34.497676405501075
elb_request_count_8c0756:2523:2539,0,rolling_128@0.975,0.949283291115208,34.497676405501075
elb_request_count_8c0756:2531:2547,0,rolling_128@0.975,3.512972705607267,34.497676405501075
elb_request_count_8c0756:2539:2555,0,rolling_128@0.975,5.019004769046429,34.497676405501075
elb_request_count_8c0756:2547:2563,0,rolling_128@0.975,5.019004769046429,34.497676405501075
elb_request_count_8c0756:2555:2571,0,rolling_128@0.975,2.7943188606887515,34.497676405501075
elb_request_count_8c0756:2563:2579,0,rolling_128@0.975,1.0557246670068448,34.497676405501075
elb_request_count_8c0756:2571:2587,0,rolling_128@0.975,1.0533143367168747,34.497676405501075
elb_request_count_8c0756:2579:2595,0,rolling_128@0.975,4.827933857306155,34.497676405501075
elb_request_count_8c0756:2587:2603,0,rolling_128@0.975,4.827933857306155,34.497676405501075
elb_request_count_8c0756:2595:2611,0,rolling_128@0.975,0.9285197468119363,34.497676405501075
elb_request_count_8c0756:2603:2619,0,rolling_128@0.975,1.7462842950832396,34.497676405501075
elb_request_count_8c0756:2611:2627,0,rolling_128@0.975,1.7462842950832396,34.497676405501075
elb_request_count_8c0756:2619:2635,0,rolling_128@0.975,2.435661075887705,34.497676405501075
elb_request_count_8c0756:2627:2643,0,rolling_128@0.975,2.435661075887705,34.497676405501075
elb_request_count_8c0756:2635:2651,0,rolling_128@0.975,1.2711556620905065,34.497676405501075
elb_request_count_8c0756:2643:2659,0,rolling_128@0.975,1.648755189831677,34.497676405501075
elb_request_count_8c0756:2651:2667,0,rolling_128@0.975,1.648755189831677,34.497676405501075
elb_request_count_8c0756:2659:2675,0,rolling_128@0.975,1.1506018838130152,34.497676405501075
elb_request_count_8c0756:2667:2683,0,rolling_128@0.975,2.88191506321818,34.497676405501075
elb_request_count_8c0756:2675:2691,0,rolling_128@0.975,2.88191506321818,34.497676405501075
elb_request_count_8c0756:2683:2699,0,rolling_128@0.975,0.8993210126354603,34.497676405501075
elb_request_count_8c0756:2691:2707,0,rolling_128@0.975,0.8993210126354603,34.497676405501075
elb_request_count_8c0756:2699:2715,0,rolling_128@0.975,1.069314618682407,34.497676405501075
elb_request_count_8c0756:2707:2723,0,rolling_128@0.975,1.7273543840254266,34.497676405501075
elb_request_count_8c0756:2715:2731,0,rolling_128@0.975,5.000534940947172,34.497676405501075
elb_request_count_8c0756:2723:2739,0,rolling_128@0.975,5.000534940947172,34.497676405501075
elb_request_count_8c0756:2731:2747,0,rolling_128@0.975,2.7943188606887515,34.497676405501075
elb_request_count_8c0756:2739:2755,0,rolling_128@0.975,3.328938264513518,34.497676405501075
elb_request_count_8c0756:2747:2763,0,rolling_128@0.975,4.306364079735185,34.497676405501075
elb_request_count_8c0756:2755:2771,0,rolling_128@0.975,5.73317145555106,34.497676405501075
elb_request_count_8c0756:2763:2779,0,rolling_128@0.975,5.73317145555106,34.497676405501075
elb_request_count_8c0756:2771:2787,0,rolling_128@0.975,4.258927366980787,34.497676405501075
elb_request_count_8c0756:2779:2795,0,rolling_128@0.975,4.258927366980787,34.497676405501075
elb_request_count_8c0756:2787:2803,0,rolling_128@0.975,2.8754606061896952,34.497676405501075
elb_request_count_8c0756:2795:2811,0,rolling_128@0.975,2.8754606061896952,34.497676405501075
elb_request_count_8c0756:2803:2819,0,rolling_128@0.975,2.2208842080326914,34.497676405501075
elb_request_count_8c0756:2811:2827,0,rolling_128@0.975,2.2866881845669935,34.497676405501075
elb_request_count_8c0756:2819:2835,0,rolling_128@0.975,6.432338706228017,34.497676405501075
elb_request_count_8c0756:2827:2843,0,rolling_128@0.975,6.432338706228017,34.497676405501075
elb_request_count_8c0756:2835:2851,0,rolling_128@0.975,2.5114017640085993,34.497676405501075
elb_request_count_8c0756:2843:2859,0,rolling_128@0.975,2.5114017640085993,34.497676405501075
elb_request_count_8c0756:2851:2867,0,rolling_128@0.975,1.9947705439839731,34.497676405501075
elb_request_count_8c0756:2859:2875,0,rolling_128@0.975,2.6337258227181337,34.497676405501075
elb_request_count_8c0756:2867:2883,0,rolling_128@0.975,2.697963037906381,34.497676405501075
elb_request_count_8c0756:2875:2891,0,rolling_128@0.975,2.697963037906381,34.497676405501075
elb_request_count_8c0756:2883:2899,0,rolling_128@0.975,1.9008375948885865,34.497676405501075
elb_request_count_8c0756:2891:2907,0,rolling_128@0.975,1.9008375948885865,34.497676405501075
elb_request_count_8c0756:2899:2915,0,rolling_128@0.975,1.6637438733756014,34.497676405501075
elb_request_count_8c0756:2907:2923,0,rolling_128@0.975,3.6133433543389026,34.497676405501075
elb_request_count_8c0756:2915:2931,0,rolling_128@0.975,3.6133433543389026,34.497676405501075
elb_request_count_8c0756:2923:2939,0,rolling_128@0.975,3.689861213607256,34.497676405501075
elb_request_count_8c0756:2931:2947,0,rolling_128@0.975,3.689861213607256,34.497676405501075
elb_request_count_8c0756:2939:2955,0,rolling_128@0.975,4.205648264971711,34.497676405501075
elb_request_count_8c0756:2947:2963,0,rolling_128@0.975,4.205648264971711,34.497676405501075
elb_request_count_8c0756:2955:2971,0,rolling_128@0.975,3.097661265744363,34.497676405501075
elb_request_count_8c0756:2963:2979,0,rolling_128@0.975,4.150712366009817,34.497676405501075
elb_request_count_8c0756:2971:2987,0,rolling_128@0.975,4.150712366009817,34.497676405501075
elb_request_count_8c0756:2979:2995,0,rolling_128@0.975,2.423170506267768,34.497676405501075
elb_request_count_8c0756:2987:3003,0,rolling_128@0.975,2.423170506267768,34.497676405501075
elb_request_count_8c0756:2995:3011,0,rolling_128@0.975,2.6460791333312583,34.497676405501075
elb_request_count_8c0756:3003:3019,0,rolling_128@0.975,2.6460791333312583,34.497676405501075
elb_request_count_8c0756:3011:3027,0,rolling_128@0.975,1.9993833227341928,34.497676405501075
elb_request_count_8c0756:3019:3035,0,rolling_128@0.975,3.6133433543389026,34.497676405501075
elb_request_count_8c0756:3027:3043,0,rolling_128@0.975,6.600373860592396,34.497676405501075
elb_request_count_8c0756:3035:3051,0,rolling_128@0.975,7.997533290936771,34.497676405501075
elb_request_count_8c0756:3043:3059,0,rolling_128@0.975,7.997533290936771,34.497676405501075
elb_request_count_8c0756:3051:3067,0,rolling_128@0.975,10.196713246204997,34.497676405501075
elb_request_count_8c0756:3059:3075,0,rolling_128@0.975,10.196713246204997,34.497676405501075
elb_request_count_8c0756:3067:3083,0,rolling_128@0.975,6.6029095401393,34.497676405501075
elb_request_count_8c0756:3075:3091,0,rolling_128@0.975,6.6029095401393,34.497676405501075
elb_request_count_8c0756:3083:3099,0,rolling_128@0.975,1.9905702901626345,34.497676405501075
elb_request_count_8c0756:3091:3107,0,rolling_128@0.975,2.0589717920864485,34.497676405501075
elb_request_count_8c0756:3099:3115,0,rolling_128@0.975,6.136220811823659,34.497676405501075
elb_request_count_8c0756:3107:3123,0,rolling_128@0.975,6.136220811823659,34.497676405501075
elb_request_count_8c0756:3115:3131,0,rolling_128@0.975,2.870173444581256,34.497676405501075
elb_request_count_8c0756:3123:3139,0,rolling_128@0.975,2.870173444581256,34.497676405501075
elb_request_count_8c0756:3131:3147,0,rolling_128@0.975,2.7519222986645087,34.497676405501075
elb_request_count_8c0756:3139:3155,0,rolling_128@0.975,2.1531820398675925,34.497676405501075
elb_request_count_8c0756:3147:3163,0,rolling_128@0.975,1.7121688509790496,34.497676405501075
elb_request_count_8c0756:3155:3171,0,rolling_128@0.975,3.1762383037170574,34.497676405501075
elb_request_count_8c0756:3163:3179,0,rolling_128@0.975,3.1762383037170574,34.497676405501075
elb_request_count_8c0756:3171:3187,0,rolling_128@0.975,3.2541220851940995,34.497676405501075
elb_request_count_8c0756:3179:3195,0,rolling_128@0.975,3.2541220851940995,34.497676405501075
elb_request_count_8c0756:3187:3203,0,rolling_128@0.975,2.309273447699529,34.497676405501075
elb_request_count_8c0756:3195:3211,0,rolling_128@0.975,2.139763788684371,34.497676405501075
elb_request_count_8c0756:3203:3219,0,rolling_128@0.975,3.0726801265044896,34.497676405501075
elb_request_count_8c0756:2419:2435,0,rolling_128@0.99,18.946910357425462,40.75373171219816
elb_request_count_8c0756:2427:2443,0,rolling_128@0.99,18.946910357425462,40.75373171219816
elb_request_count_8c0756:2435:2451,0,rolling_128@0.99,21.6280769174385,40.75373171219816
elb_request_count_8c0756:2443:2459,0,rolling_128@0.99,22.34305466677531,40.75373171219816
elb_request_count_8c0756:2451:2467,0,rolling_128@0.99,26.454176725461966,40.75373171219816
elb_request_count_8c0756:2459:2475,0,rolling_128@0.99,26.454176725461966,40.75373171219816
elb_request_count_8c0756:2467:2483,0,rolling_128@0.99,10.724666240052148,40.75373171219816
elb_request_count_8c0756:2475:2491,0,rolling_128@0.99,20.555610293433283,40.75373171219816
elb_request_count_8c0756:2483:2499,0,rolling_128@0.99,20.555610293433283,40.75373171219816
elb_request_count_8c0756:2491:2507,0,rolling_128@0.99,5.246039240373518,40.75373171219816
elb_request_count_8c0756:2499:2515,0,rolling_128@0.99,6.547495665163046,40.75373171219816
elb_request_count_8c0756:2507:2523,0,rolling_128@0.99,6.547495665163046,40.75373171219816
elb_request_count_8c0756:2515:2531,0,rolling_128@0.99,3.4264130581411036,40.75373171219816
elb_request_count_8c0756:2523:2539,0,rolling_128@0.99,0.949283291115208,40.75373171219816
elb_request_count_8c0756:2531:2547,0,rolling_128@0.99,3.512972705607267,40.75373171219816
elb_request_count_8c0756:2539:2555,0,rolling_128@0.99,5.019004769046429,40.75373171219816
elb_request_count_8c0756:2547:2563,0,rolling_128@0.99,5.019004769046429,40.75373171219816
elb_request_count_8c0756:2555:2571,0,rolling_128@0.99,2.7943188606887515,40.75373171219816
elb_request_count_8c0756:2563:2579,0,rolling_128@0.99,1.0557246670068448,40.75373171219816
elb_request_count_8c0756:2571:2587,0,rolling_128@0.99,1.0533143367168747,40.75373171219816
elb_request_count_8c0756:2579:2595,0,rolling_128@0.99,4.827933857306155,40.75373171219816
elb_request_count_8c0756:2587:2603,0,rolling_128@0.99,4.827933857306155,40.75373171219816
elb_request_count_8c0756:2595:2611,0,rolling_128@0.99,0.9285197468119363,40.75373171219816
elb_request_count_8c0756:2603:2619,0,rolling_128@0.99,1.7462842950832396,40.75373171219816
elb_request_count_8c0756:2611:2627,0,rolling_128@0.99,1.7462842950832396,40.75373171219816
elb_request_count_8c0756:2619:2635,0,rolling_128@0.99,2.435661075887705,40.75373171219816
elb_request_count_8c0756:2627:2643,0,rolling_128@0.99,2.435661075887705,40.75373171219816
elb_request_count_8c0756:2635:2651,0,rolling_128@0.99,1.2711556620905065,40.75373171219816
elb_request_count_8c0756:2643:2659,0,rolling_128@0.99,1.648755189831677,40.75373171219816
elb_request_count_8c0756:2651:2667,0,rolling_128@0.99,1.648755189831677,40.75373171219816
elb_request_count_8c0756:2659:2675,0,rolling_128@0.99,1.1506018838130152,40.75373171219816
elb_request_count_8c0756:2667:2683,0,rolling_128@0.99,2.88191506321818,40.75373171219816
elb_request_count_8c0756:2675:2691,0,rolling_128@0.99,2.88191506321818,40.75373171219816
elb_request_count_8c0756:2683:2699,0,rolling_128@0.99,0.8993210126354603,40.75373171219816
elb_request_count_8c0756:2691:2707,0,rolling_128@0.99,0.8993210126354603,40.75373171219816
elb_request_count_8c0756:2699:2715,0,rolling_128@0.99,1.069314618682407,40.75373171219816
elb_request_count_8c0756:2707:2723,0,rolling_128@0.99,1.7273543840254266,40.75373171219816
elb_request_count_8c0756:2715:2731,0,rolling_128@0.99,5.000534940947172,40.75373171219816
elb_request_count_8c0756:2723:2739,0,rolling_128@0.99,5.000534940947172,40.75373171219816
elb_request_count_8c0756:2731:2747,0,rolling_128@0.99,2.7943188606887515,40.75373171219816
elb_request_count_8c0756:2739:2755,0,rolling_128@0.99,3.328938264513518,40.75373171219816
elb_request_count_8c0756:2747:2763,0,rolling_128@0.99,4.306364079735185,40.75373171219816
elb_request_count_8c0756:2755:2771,0,rolling_128@0.99,5.73317145555106,40.75373171219816
elb_request_count_8c0756:2763:2779,0,rolling_128@0.99,5.73317145555106,40.75373171219816
elb_request_count_8c0756:2771:2787,0,rolling_128@0.99,4.258927366980787,40.75373171219816
elb_request_count_8c0756:2779:2795,0,rolling_128@0.99,4.258927366980787,40.75373171219816
elb_request_count_8c0756:2787:2803,0,rolling_128@0.99,2.8754606061896952,40.75373171219816
elb_request_count_8c0756:2795:2811,0,rolling_128@0.99,2.8754606061896952,40.75373171219816
elb_request_count_8c0756:2803:2819,0,rolling_128@0.99,2.2208842080326914,40.75373171219816
elb_request_count_8c0756:2811:2827,0,rolling_128@0.99,2.2866881845669935,40.75373171219816
elb_request_count_8c0756:2819:2835,0,rolling_128@0.99,6.432338706228017,40.75373171219816
elb_request_count_8c0756:2827:2843,0,rolling_128@0.99,6.432338706228017,40.75373171219816
elb_request_count_8c0756:2835:2851,0,rolling_128@0.99,2.5114017640085993,40.75373171219816
elb_request_count_8c0756:2843:2859,0,rolling_128@0.99,2.5114017640085993,40.75373171219816
elb_request_count_8c0756:2851:2867,0,rolling_128@0.99,1.9947705439839731,40.75373171219816
elb_request_count_8c0756:2859:2875,0,rolling_128@0.99,2.6337258227181337,40.75373171219816
elb_request_count_8c0756:2867:2883,0,rolling_128@0.99,2.697963037906381,40.75373171219816
elb_request_count_8c0756:2875:2891,0,rolling_128@0.99,2.697963037906381,40.75373171219816
elb_request_count_8c0756:2883:2899,0,rolling_128@0.99,1.9008375948885865,40.75373171219816
elb_request_count_8c0756:2891:2907,0,rolling_128@0.99,1.9008375948885865,40.75373171219816
elb_request_count_8c0756:2899:2915,0,rolling_128@0.99,1.6637438733756014,40.75373171219816
elb_request_count_8c0756:2907:2923,0,rolling_128@0.99,3.6133433543389026,40.75373171219816
elb_request_count_8c0756:2915:2931,0,rolling_128@0.99,3.6133433543389026,40.75373171219816
elb_request_count_8c0756:2923:2939,0,rolling_128@0.99,3.689861213607256,40.75373171219816
elb_request_count_8c0756:2931:2947,0,rolling_128@0.99,3.689861213607256,40.75373171219816
elb_request_count_8c0756:2939:2955,0,rolling_128@0.99,4.205648264971711,40.75373171219816
elb_request_count_8c0756:2947:2963,0,rolling_128@0.99,4.205648264971711,40.75373171219816
elb_request_count_8c0756:2955:2971,0,rolling_128@0.99,3.097661265744363,40.75373171219816
elb_request_count_8c0756:2963:2979,0,rolling_128@0.99,4.150712366009817,40.75373171219816
elb_request_count_8c0756:2971:2987,0,rolling_128@0.99,4.150712366009817,40.75373171219816
elb_request_count_8c0756:2979:2995,0,rolling_128@0.99,2.423170506267768,40.75373171219816
elb_request_count_8c0756:2987:3003,0,rolling_128@0.99,2.423170506267768,40.75373171219816
elb_request_count_8c0756:2995:3011,0,rolling_128@0.99,2.6460791333312583,40.75373171219816
elb_request_count_8c0756:3003:3019,0,rolling_128@0.99,2.6460791333312583,40.75373171219816
elb_request_count_8c0756:3011:3027,0,rolling_128@0.99,1.9993833227341928,40.75373171219816
elb_request_count_8c0756:3019:3035,0,rolling_128@0.99,3.6133433543389026,40.75373171219816
elb_request_count_8c0756:3027:3043,0,rolling_128@0.99,6.600373860592396,40.75373171219816
elb_request_count_8c0756:3035:3051,0,rolling_128@0.99,7.997533290936771,40.75373171219816
elb_request_count_8c0756:3043:3059,0,rolling_128@0.99,7.997533290936771,40.75373171219816
elb_request_count_8c0756:3051:3067,0,rolling_128@0.99,10.196713246204997,40.75373171219816
elb_request_count_8c0756:3059:3075,0,rolling_128@0.99,10.196713246204997,40.75373171219816
elb_request_count_8c0756:3067:3083,0,rolling_128@0.99,6.6029095401393,40.75373171219816
elb_request_count_8c0756:3075:3091,0,rolling_128@0.99,6.6029095401393,40.75373171219816
elb_request_count_8c0756:3083:3099,0,rolling_128@0.99,1.9905702901626345,40.75373171219816
elb_request_count_8c0756:3091:3107,0,rolling_128@0.99,2.0589717920864485,40.75373171219816
elb_request_count_8c0756:3099:3115,0,rolling_128@0.99,6.136220811823659,40.75373171219816
elb_request_count_8c0756:3107:3123,0,rolling_128@0.99,6.136220811823659,40.75373171219816
elb_request_count_8c0756:3115:3131,0,rolling_128@0.99,2.870173444581256,40.75373171219816
elb_request_count_8c0756:3123:3139,0,rolling_128@0.99,2.870173444581256,40.75373171219816
elb_request_count_8c0756:3131:3147,0,rolling_128@0.99,2.7519222986645087,40.75373171219816
elb_request_count_8c0756:3139:3155,0,rolling_128@0.99,2.1531820398675925,40.75373171219816
elb_request_count_8c0756:3147:3163,0,rolling_128@0.99,1.7121688509790496,40.75373171219816
elb_request_count_8c0756:3155:3171,0,rolling_128@0.99,3.1762383037170574,40.75373171219816
elb_request_count_8c0756:3163:3179,0,rolling_128@0.99,3.1762383037170574,40.75373171219816
elb_request_count_8c0756:3171:3187,0,rolling_128@0.99,3.2541220851940995,40.75373171219816
elb_request_count_8c0756:3179:3195,0,rolling_128@0.99,3.2541220851940995,40.75373171219816
elb_request_count_8c0756:3187:3203,0,rolling_128@0.99,2.309273447699529,40.75373171219816
elb_request_count_8c0756:3195:3211,0,rolling_128@0.99,2.139763788684371,40.75373171219816
elb_request_count_8c0756:3203:3219,0,rolling_128@0.99,3.0726801265044896,40.75373171219816
