window_id,truth,detector,score,threshold
ec2_cpu_utilization_825cc2:2419:2435,0,autoencoder@0.95,1.0017817,2.5222859382629395
ec2_cpu_utilization_825cc2:2427:2443,0,autoencoder@0.95,0.8357773,2.5222859382629395
ec2_cpu_utilization_825cc2:2435:2451,0,autoencoder@0.95,1.2370889,2.5222859382629395
ec2_cpu_utilization_825cc2:2443:2459,0,autoencoder@0.95,1.52473,2.5222859382629395
ec2_cpu_utilization_825cc2:2451:2467,0,autoencoder@0.95,1.3071076,2.5222859382629395
ec2_cpu_utilization_825cc2:2459:2475,0,autoencoder@0.95,1.8807544,2.5222859382629395
ec2_cpu_utilization_825cc2:2467:2483,0,autoencoder@0.95,1.4436523,2.5222859382629395
ec2_cpu_utilization_825cc2:2475:2491,0,autoencoder@0.95,0.9878907,2.5222859382629395
ec2_cpu_utilization_825cc2:2483:2499,0,autoencoder@0.95,1.4712597,2.5222859382629395
ec2_cpu_utilization_825cc2:2491:2507,0,autoencoder@0.95,1.1691048,2.5222859382629395
ec2_cpu_utilization_825cc2:2499:2515,0,autoencoder@0.95,0.8933102,2.5222859382629395
ec2_cpu_utilization_825cc2:2507:2523,0,autoencoder@0.95,0.96702534,2.5222859382629395
ec2_cpu_utilization_825cc2:2515:2531,0,autoencoder@0.95,1.1175615,2.5222859382629395
ec2_cpu_utilization_825cc2:2523:2539,0,autoencoder@0.95,1.1129487,2.5222859382629395
ec2_cpu_utilization_825cc2:2531:2547,0,autoencoder@0.95,0.59901583,2.5222859382629395
ec2_cpu_utilization_825cc2:2539:2555,0,autoencoder@0.95,1.1007333,2.5222859382629395
ec2_cpu_utilization_825cc2:2547:2563,0,autoencoder@0.95,0.894366,2.5222859382629395
ec2_cpu_utilization_825cc2:2555:2571,0,autoencoder@0.95,1.4304383,2.5222859382629395
ec2_cpu_utilization_825cc2:2563:2579,0,autoencoder@0.95,1.0947009,2.5222859382629395
ec2_cpu_utilization_825cc2:2571:2587,0,autoencoder@0.95,1.5774152,2.5222859382629395
ec2_cpu_utilization_825cc2:2579:2595,0,autoencoder@0.95,1.4739236,2.5222859382629395
ec2_cpu_utilization_825cc2:2587:2603,0,autoencoder@0.95,1.5437723,2.5222859382629395
ec2_cpu_utilization_825cc2:2595:2611,0,autoencoder@0.95,1.2829986,2.5222859382629395
ec2_cpu_utilization_825cc2:2603:2619,0,autoencoder@0.95,0.96241516,2.5222859382629395
ec2_cpu_utilization_825cc2:2611:2627,0,autoencoder@0.95,0.8566105,2.5222859382629395
ec2_cpu_utilization_825cc2:2619:2635,0,autoencoder@0.95,1.1878002,2.5222859382629395
ec2_cpu_utilization_825cc2:2627:2643,0,autoencoder@0.95,2.057065,2.5222859382629395
ec2_cpu_utilization_825cc2:2635:2651,0,autoencoder@0.95,1.1093421,2.5222859382629395
ec2_cpu_utilization_825cc2:2643:2659,0,autoencoder@0.95,1.6359812,2.5222859382629395
ec2_cpu_utilization_825cc2:2651:2667,0,autoencoder@0.95,1.5145155,2.5222859382629395
ec2_cpu_utilization_825cc2:2659:2675,0,autoencoder@0.95,0.9827263,2.5222859382629395
ec2_cpu_utilization_825cc2:2667:2683,0,autoencoder@0.95,1.0399544,2.5222859382629395
ec2_cpu_utilization_825cc2:2675:2691,0,autoencoder@0.95,1.0941558,2.5222859382629395
ec2_cpu_utilization_825cc2:2683:2699,0,autoencoder@0.95,0.8709319,2.5222859382629395
ec2_cpu_utilization_825cc2:2691:2707,0,autoencoder@0.95,1.0882499,2.5222859382629395
ec2_cpu_utilization_825cc2:2699:2715,0,autoencoder@0.95,1.4195187,2.5222859382629395
ec2_cpu_utilization_825cc2:2707:2723,0,autoencoder@0.95,0.62558657,2.5222859382629395
ec2_cpu_utilization_825cc2:2715:2731,0,autoencoder@0.95,1.6770653,2.5222859382629395
ec2_cpu_utilization_825cc2:2723:2739,0,autoencoder@0.95,2.1603527,2.5222859382629395
ec2_cpu_utilization_825cc2:2731:2747,0,autoencoder@0.95,1.5586292,2.5222859382629395
ec2_cpu_utilization_825cc2:2739:2755,0,autoencoder@0.95,1.3474413,2.5222859382629395
ec2_cpu_utilization_825cc2:2747:2763,0,autoencoder@0.95,1.45031,2.5222859382629395
ec2_cpu_utilization_825cc2:2755:2771,0,autoencoder@0.95,1.0672697,2.5222859382629395
ec2_cpu_utilization_825cc2:2763:2779,0,autoencoder@0.95,1.1583734,2.5222859382629395
ec2_cpu_utilization_825cc2:2771:2787,0,autoencoder@0.95,1.5697811,2.5222859382629395
ec2_cpu_utilization_825cc2:2779:2795,0,autoencoder@0.95,1.051408,2.5222859382629395
ec2_cpu_utilization_825cc2:2787:2803,0,autoencoder@0.95,0.86688787,2.5222859382629395
ec2_cpu_utilization_825cc2:2795:2811,0,autoencoder@0.95,1.4107467,2.5222859382629395
ec2_cpu_utilization_825cc2:2803:2819,0,autoencoder@0.95,1.3854705,2.5222859382629395
ec2_cpu_utilization_825cc2:2811:2827,0,autoencoder@0.95,2.0745912,2.5222859382629395
ec2_cpu_utilization_825cc2:2819:2835,0,autoencoder@0.95,1.6626996,2.5222859382629395
ec2_cpu_utilization_825cc2:2827:2843,0,autoencoder@0.95,0.9537496,2.5222859382629395
ec2_cpu_utilization_825cc2:2835:2851,0,autoencoder@0.95,1.3756042,2.5222859382629395
ec2_cpu_utilization_825cc2:2843:2859,0,autoencoder@0.95,1.5927082,2.5222859382629395
ec2_cpu_utilization_825cc2:2851:2867,0,autoencoder@0.95,1.4145011,2.5222859382629395
ec2_cpu_utilization_825cc2:2859:2875,0,autoencoder@0.95,1.2879193,2.5222859382629395
ec2_cpu_utilization_825cc2:2867:2883,0,autoencoder@0.95,1.5941843,2.5222859382629395
ec2_cpu_utilization_825cc2:2875:2891,0,autoencoder@0.95,1.5610383,2.5222859382629395
ec2_cpu_utilization_825cc2:2883:2899,0,autoencoder@0.95,0.5440438,2.5222859382629395
ec2_cpu_utilization_825cc2:2891:2907,0,autoencoder@0.95,0.63616717,2.5222859382629395
ec2_cpu_utilization_825cc2:2899:2915,0,autoencoder@0.95,0.7643408,2.5222859382629395
ec2_cpu_utilization_825cc2:2907:2923,0,autoencoder@0.95,0.9513,2.5222859382629395
ec2_cpu_utilization_825cc2:2915:2931,0,autoencoder@0.95,1.4328537,2.5222859382629395
ec2_cpu_utilization_825cc2:2923:2939,0,autoencoder@0.95,1.6155553,2.5222859382629395
ec2_cpu_utilization_825cc2:2931:2947,0,autoencoder@0.95,1.4986709,2.5222859382629395
ec2_cpu_utilization_825cc2:2939:2955,0,autoencoder@0.95,2.139154,2.5222859382629395
ec2_cpu_utilization_825cc2:2947:2963,0,autoencoder@0.95,1.8079458,2.5222859382629395
ec2_cpu_utilization_825cc2:2955:2971,0,autoencoder@0.95,0.9348663,2.5222859382629395
ec2_cpu_utilization_825cc2:2963:2979,0,autoencoder@0.95,0.83375883,2.5222859382629395
ec2_cpu_utilization_825cc2:2971:2987,0,autoencoder@0.95,0.7613332,2.5222859382629395
ec2_cpu_utilization_825cc2:2979:2995,0,autoencoder@0.95,1.0199378,2.5222859382629395
ec2_cpu_utilization_825cc2:2987:3003,0,autoencoder@0.95,1.1789212,2.5222859382629395
ec2_cpu_utilization_825cc2:2995:3011,0,autoencoder@0.95,0.77043736,2.5222859382629395
ec2_cpu_utilization_825cc2:3003:3019,0,autoencoder@0.95,0.99919754,2.5222859382629395
ec2_cpu_utilization_825cc2:3011:3027,0,autoencoder@0.95,1.3184242,2.5222859382629395
ec2_cpu_utilization_825cc2:3019:3035,0,autoencoder@0.95,0.9529767,2.5222859382629395
ec2_cpu_utilization_825cc2:3027:3043,0,autoencoder@0.95,1.1825217,2.5222859382629395
ec2_cpu_utilization_825cc2:3035:3051,0,autoencoder@0.95,1.168063,2.5222859382629395
ec2_cpu_utilization_825cc2:3043:3059,0,autoencoder@0.95,0.86586255,2.5222859382629395
ec2_cpu_utilization_825cc2:3051:3067,0,autoencoder@0.95,1.2426612,2.5222859382629395
ec2_cpu_utilization_825cc2:3059:3075,0,autoencoder@0.95,0.8120727,2.5222859382629395
ec2_cpu_utilization_825cc2:3067:3083,0,autoencoder@0.95,0.6300736,2.5222859382629395
ec2_cpu_utilization_825cc2:3075:3091,0,autoencoder@0.95,1.8546861,2.5222859382629395
ec2_cpu_utilization_825cc2:3083:3099,0,autoencoder@0.95,1.8511806,2.5222859382629395
ec2_cpu_utilization_825cc2:3091:3107,0,autoencoder@0.95,1.4576814,2.5222859382629395
ec2_cpu_utilization_825cc2:3099:3115,0,autoencoder@0.95,0.98092055,2.5222859382629395
ec2_cpu_utilization_825cc2:3107:3123,0,autoencoder@0.95,1.0220008,2.5222859382629395
ec2_cpu_utilization_825cc2:3115:3131,0,autoencoder@0.95,0.9333322,2.5222859382629395
ec2_cpu_utilization_825cc2:3123:3139,0,autoencoder@0.95,1.0592806,2.5222859382629395
ec2_cpu_utilization_825cc2:3131:3147,0,autoencoder@0.95,1.245401,2.5222859382629395
ec2_cpu_utilization_825cc2:3139:3155,0,autoencoder@0.95,0.6439177,2.5222859382629395
ec2_cpu_utilization_825cc2:3147:3163,0,autoencoder@0.95,1.1878178,2.5222859382629395
ec2_cpu_utilization_825cc2:3155:3171,0,autoencoder@0.95,1.4038781,2.5222859382629395
ec2_cpu_utilization_825cc2:3163:3179,0,autoencoder@0.95,1.2263683,2.5222859382629395
ec2_cpu_utilization_825cc2:3171:3187,0,autoencoder@0.95,1.6536772,2.5222859382629395
ec2_cpu_utilization_825cc2:3179:3195,0,autoencoder@0.95,0.96102124,2.5222859382629395
ec2_cpu_utilization_825cc2:3187:3203,0,autoencoder@0.95,0.60596573,2.5222859382629395
ec2_cpu_utilization_825cc2:3195:3211,0,autoencoder@0.95,1.3448339,2.5222859382629395
ec2_cpu_utilization_825cc2:3203:3219,0,autoencoder@0.95,1.1721017,2.5222859382629395
ec2_cpu_utilization_825cc2:2419:2435,0,autoencoder@0.975,1.0017817,97.9837646484375
ec2_cpu_utilization_825cc2:2427:2443,0,autoencoder@0.975,0.8357773,97.9837646484375
ec2_cpu_utilization_825cc2:2435:2451,0,autoencoder@0.975,1.2370889,97.9837646484375
ec2_cpu_utilization_825cc2:2443:2459,0,autoencoder@0.975,1.52473,97.9837646484375
ec2_cpu_utilization_825cc2:2451:2467,0,autoencoder@0.975,1.3071076,97.9837646484375
ec2_cpu_utilization_825cc2:2459:2475,0,autoencoder@0.975,1.8807544,97.9837646484375
ec2_cpu_utilization_825cc2:2467:2483,0,autoencoder@0.975,1.4436523,97.9837646484375
ec2_cpu_utilization_825cc2:2475:2491,0,autoencoder@0.975,0.9878907,97.9837646484375
ec2_cpu_utilization_825cc2:2483:2499,0,autoencoder@0.975,1.4712597,97.9837646484375
ec2_cpu_utilization_825cc2:2491:2507,0,autoencoder@0.975,1.1691048,97.9837646484375
ec2_cpu_utilization_825cc2:2499:2515,0,autoencoder@0.975,0.8933102,97.9837646484375
ec2_cpu_utilization_825cc2:2507:2523,0,autoencoder@0.975,0.96702534,97.9837646484375
ec2_cpu_utilization_825cc2:2515:2531,0,autoencoder@0.975,1.1175615,97.9837646484375
ec2_cpu_utilization_825cc2:2523:2539,0,autoencoder@0.975,1.1129487,97.9837646484375
ec2_cpu_utilization_825cc2:2531:2547,0,autoencoder@0.975,0.59901583,97.9837646484375
ec2_cpu_utilization_825cc2:2539:2555,0,autoencoder@0.975,1.1007333,97.9837646484375
ec2_cpu_utilization_825cc2:2547:2563,0,autoencoder@0.975,0.894366,97.9837646484375
ec2_cpu_utilization_825cc2:2555:2571,0,autoencoder@0.975,1.4304383,97.9837646484375
ec2_cpu_utilization_825cc2:2563:2579,0,autoencoder@0.975,1.0947009,97.9837646484375
ec2_cpu_utilization_825cc2:2571:2587,0,autoencoder@0.975,1.5774152,97.9837646484375
ec2_cpu_utilization_825cc2:2579:2595,0,autoencoder@0.975,1.4739236,97.9837646484375
ec2_cpu_utilization_825cc2:2587:2603,0,autoencoder@0.975,1.5437723,97.9837646484375
ec2_cpu_utilization_825cc2:2595:2611,0,autoencoder@0.975,1.2829986,97.9837646484375
ec2_cpu_utilization_825cc2:2603:2619,0,autoencoder@0.975,0.96241516,97.9837646484375
ec2_cpu_utilization_825cc2:2611:2627,0,autoencoder@0.975,0.8566105,97.9837646484375
ec2_cpu_utilization_825cc2:2619:2635,0,autoencoder@0.975,1.1878002,97.9837646484375
ec2_cpu_utilization_825cc2:2627:2643,0,autoencoder@0.975,2.057065,97.9837646484375
ec2_cpu_utilization_825cc2:2635:2651,0,autoencoder@0.975,1.1093421,97.9837646484375
ec2_cpu_utilization_825cc2:2643:2659,0,autoencoder@0.975,1.6359812,97.9837646484375
ec2_cpu_utilization_825cc2:2651:2667,0,autoencoder@0.975,1.5145155,97.9837646484375
ec2_cpu_utilization_825cc2:2659:2675,0,autoencoder@0.975,0.9827263,97.9837646484375
ec2_cpu_utilization_825cc2:2667:2683,0,autoencoder@0.975,1.0399544,97.9837646484375
ec2_cpu_utilization_825cc2:2675:2691,0,autoencoder@0.975,1.0941558,97.9837646484375
ec2_cpu_utilization_825cc2:2683:2699,0,autoencoder@0.975,0.8709319,97.9837646484375
ec2_cpu_utilization_825cc2:2691:2707,0,autoencoder@0.975,1.0882499,97.9837646484375
ec2_cpu_utilization_825cc2:2699:2715,0,autoencoder@0.975,1.4195187,97.9837646484375
ec2_cpu_utilization_825cc2:2707:2723,0,autoencoder@0.975,0.62558657,97.9837646484375
ec2_cpu_utilization_825cc2:2715:2731,0,autoencoder@0.975,1.6770653,97.9837646484375
ec2_cpu_utilization_825cc2:2723:2739,0,autoencoder@0.975,2.1603527,97.9837646484375
ec2_cpu_utilization_825cc2:2731:2747,0,autoencoder@0.975,1.5586292,97.9837646484375
ec2_cpu_utilization_825cc2:2739:2755,0,autoencoder@0.975,1.3474413,97.9837646484375
ec2_cpu_utilization_825cc2:2747:2763,0,autoencoder@0.975,1.45031,97.9837646484375
ec2_cpu_utilization_825cc2:2755:2771,0,autoencoder@0.975,1.0672697,97.9837646484375
ec2_cpu_utilization_825cc2:2763:2779,0,autoencoder@0.975,1.1583734,97.9837646484375
ec2_cpu_utilization_825cc2:2771:2787,0,autoencoder@0.975,1.5697811,97.9837646484375
ec2_cpu_utilization_825cc2:2779:2795,0,autoencoder@0.975,1.051408,97.9837646484375
ec2_cpu_utilization_825cc2:2787:2803,0,autoencoder@0.975,0.86688787,97.9837646484375
ec2_cpu_utilization_825cc2:2795:2811,0,autoencoder@0.975,1.4107467,97.9837646484375
ec2_cpu_utilization_825cc2:2803:2819,0,autoencoder@0.975,1.3854705,97.9837646484375
ec2_cpu_utilization_825cc2:2811:2827,0,autoencoder@0.975,2.0745912,97.9837646484375
ec2_cpu_utilization_825cc2:2819:2835,0,autoencoder@0.975,1.6626996,97.9837646484375
ec2_cpu_utilization_825cc2:2827:2843,0,autoencoder@0.975,0.9537496,97.9837646484375
ec2_cpu_utilization_825cc2:2835:2851,0,autoencoder@0.975,1.3756042,97.9837646484375
ec2_cpu_utilization_825cc2:2843:2859,0,autoencoder@0.975,1.5927082,97.9837646484375
ec2_cpu_utilization_825cc2:2851:2867,0,autoencoder@0.975,1.4145011,97.9837646484375
ec2_cpu_utilization_825cc2:2859:2875,0,autoencoder@0.975,1.2879193,97.9837646484375
ec2_cpu_utilization_825cc2:2867:2883,0,autoencoder@0.975,1.5941843,97.9837646484375
ec2_cpu_utilization_825cc2:2875:2891,0,autoencoder@0.975,1.5610383,97.9837646484375
ec2_cpu_utilization_825cc2:2883:2899,0,autoencoder@0.975,0.5440438,97.9837646484375
ec2_cpu_utilization_825cc2:2891:2907,0,autoencoder@0.975,0.63616717,97.9837646484375
ec2_cpu_utilization_825cc2:2899:2915,0,autoencoder@0.975,0.7643408,97.9837646484375
ec2_cpu_utilization_825cc2:2907:2923,0,autoencoder@0.975,0.9513,97.9837646484375
ec2_cpu_utilization_825cc2:2915:2931,0,autoencoder@0.975,1.4328537,97.9837646484375
ec2_cpu_utilization_825cc2:2923:2939,0,autoencoder@0.975,1.6155553,97.9837646484375
ec2_cpu_utilization_825cc2:2931:2947,0,autoencoder@0.975,1.4986709,97.9837646484375
ec2_cpu_utilization_825cc2:2939:2955,0,autoencoder@0.975,2.139154,97.9837646484375
ec2_cpu_utilization_825cc2:2947:2963,0,autoencoder@0.975,1.8079458,97.9837646484375
ec2_cpu_utilization_825cc2:2955:2971,0,autoencoder@0.975,0.9348663,97.9837646484375
ec2_cpu_utilization_825cc2:2963:2979,0,autoencoder@0.975,0.83375883,97.9837646484375
ec2_cpu_utilization_825cc2:2971:2987,0,autoencoder@0.975,0.7613332,97.9837646484375
ec2_cpu_utilization_825cc2:2979:2995,0,autoencoder@0.975,1.0199378,97.9837646484375
ec2_cpu_utilization_825cc2:2987:3003,0,autoencoder@0.975,1.1789212,97.9837646484375
ec2_cpu_utilization_825cc2:2995:3011,0,autoencoder@0.975,0.77043736,97.9837646484375
ec2_cpu_utilization_825cc2:3003:3019,0,autoencoder@0.975,0.99919754,97.9837646484375
ec2_cpu_utilization_825cc2:3011:3027,0,autoencoder@0.975,1.3184242,97.9837646484375
ec2_cpu_utilization_825cc2:3019:3035,0,autoencoder@0.975,0.9529767,97.9837646484375
ec2_cpu_utilization_825cc2:3027:3043,0,autoencoder@0.975,1.1825217,97.9837646484375
ec2_cpu_utilization_825cc2:3035:3051,0,autoencoder@0.975,1.168063,97.9837646484375
ec2_cpu_utilization_825cc2:3043:3059,0,autoencoder@0.975,0.86586255,97.9837646484375
ec2_cpu_utilization_825cc2:3051:3067,0,autoencoder@0.975,1.2426612,97.9837646484375
ec2_cpu_utilization_825cc2:3059:3075,0,autoencoder@0.975,0.8120727,97.9837646484375
ec2_cpu_utilization_825cc2:3067:3083,0,autoencoder@0.975,0.6300736,97.9837646484375
ec2_cpu_utilization_825cc2:3075:3091,0,autoencoder@0.975,1.8546861,97.9837646484375
ec2_cpu_utilization_825cc2:3083:3099,0,autoencoder@0.975,1.8511806,97.9837646484375
ec2_cpu_utilization_825cc2:3091:3107,0,autoencoder@0.975,1.4576814,97.9837646484375
ec2_cpu_utilization_825cc2:3099:3115,0,autoencoder@0.975,0.98092055,97.9837646484375
ec2_cpu_utilization_825cc2:3107:3123,0,autoencoder@0.975,1.0220008,97.9837646484375
ec2_cpu_utilization_825cc2:3115:3131,0,autoencoder@0.975,0.9333322,97.9837646484375
ec2_cpu_utilization_825cc2:3123:3139,0,autoencoder@0.975,1.0592806,97.9837646484375
ec2_cpu_utilization_825cc2:3131:3147,0,autoencoder@0.975,1.245401,97.9837646484375
ec2_cpu_utilization_825cc2:3139:3155,0,autoencoder@0.975,0.6439177,97.9837646484375
ec2_cpu_utilization_825cc2:3147:3163,0,autoencoder@0.975,1.1878178,97.9837646484375
ec2_cpu_utilization_825cc2:3155:3171,0,autoencoder@0.975,1.4038781,97.9837646484375
ec2_cpu_utilization_825cc2:3163:3179,0,autoencoder@0.975,1.2263683,97.9837646484375
ec2_cpu_utilization_825cc2:3171:3187,0,autoencoder@0.975,1.6536772,97.9837646484375
ec2_cpu_utilization_825cc2:3179:3195,0,autoencoder@0.975,0.96102124,97.9837646484375
ec2_cpu_utilization_825cc2:3187:3203,0,autoencoder@0.975,0.60596573,97.9837646484375
ec2_cpu_utilization_825cc2:3195:3211,0,autoencoder@0.975,1.3448339,97.9837646484375
ec2_cpu_utilization_825cc2:3203:3219,0,autoencoder@0.975,1.1721017,97.9837646484375
ec2_cpu_utilization_825cc2:2419:2435,0,autoencoder@0.99,1.0017817,144.14231872558594
ec2_cpu_utilization_825cc2:2427:2443,0,autoencoder@0.99,0.8357773,144.14231872558594
ec2_cpu_utilization_825cc2:2435:2451,0,autoencoder@0.99,1.2370889,144.14231872558594
ec2_cpu_utilization_825cc2:2443:2459,0,autoencoder@0.99,1.52473,144.14231872558594
ec2_cpu_utilization_825cc2:2451:2467,0,autoencoder@0.99,1.3071076,144.14231872558594
ec2_cpu_utilization_825cc2:2459:2475,0,autoencoder@0.99,1.8807544,144.14231872558594
ec2_cpu_utilization_825cc2:2467:2483,0,autoencoder@0.99,1.4436523,144.14231872558594
ec2_cpu_utilization_825cc2:2475:2491,0,autoencoder@0.99,0.9878907,144.14231872558594
ec2_cpu_utilization_825cc2:2483:2499,0,autoencoder@0.99,1.4712597,144.14231872558594
ec2_cpu_utilization_825cc2:2491:2507,0,autoencoder@0.99,1.1691048,144.14231872558594
ec2_cpu_utilization_825cc2:2499:2515,0,autoencoder@0.99,0.8933102,144.14231872558594
ec2_cpu_utilization_825cc2:2507:2523,0,autoencoder@0.99,0.96702534,144.14231872558594
ec2_cpu_utilization_825cc2:2515:2531,0,autoencoder@0.99,1.1175615,144.14231872558594
ec2_cpu_utilization_825cc2:2523:2539,0,autoencoder@0.99,1.1129487,144.14231872558594
ec2_cpu_utilization_825cc2:2531:2547,0,autoencoder@0.99,0.59901583,144.14231872558594
ec2_cpu_utilization_825cc2:2539:2555,0,autoencoder@0.99,1.1007333,144.14231872558594
ec2_cpu_utilization_825cc2:2547:2563,0,autoencoder@0.99,0.894366,144.14231872558594
ec2_cpu_utilization_825cc2:2555:2571,0,autoencoder@0.99,1.4304383,144.14231872558594
ec2_cpu_utilization_825cc2:2563:2579,0,autoencoder@0.99,1.0947009,144.14231872558594
ec2_cpu_utilization_825cc2:2571:2587,0,autoencoder@0.99,1.5774152,144.14231872558594
ec2_cpu_utilization_825cc2:2579:2595,0,autoencoder@0.99,1.4739236,144.14231872558594
ec2_cpu_utilization_825cc2:2587:2603,0,autoencoder@0.99,1.5437723,144.14231872558594
ec2_cpu_utilization_825cc2:2595:2611,0,autoencoder@0.99,1.2829986,144.14231872558594
ec2_cpu_utilization_825cc2:2603:2619,0,autoencoder@0.99,0.96241516,144.14231872558594
ec2_cpu_utilization_825cc2:2611:2627,0,autoencoder@0.99,0.8566105,144.14231872558594
ec2_cpu_utilization_825cc2:2619:2635,0,autoencoder@0.99,1.1878002,144.14231872558594
ec2_cpu_utilization_825cc2:2627:2643,0,autoencoder@0.99,2.057065,144.14231872558594
ec2_cpu_utilization_825cc2:2635:2651,0,autoencoder@0.99,1.1093421,144.14231872558594
ec2_cpu_utilization_825cc2:2643:2659,0,autoencoder@0.99,1.6359812,144.14231872558594
ec2_cpu_utilization_825cc2:2651:2667,0,autoencoder@0.99,1.5145155,144.14231872558594
ec2_cpu_utilization_825cc2:2659:2675,0,autoencoder@0.99,0.9827263,144.14231872558594
ec2_cpu_utilization_825cc2:2667:2683,0,autoencoder@0.99,1.0399544,144.14231872558594
ec2_cpu_utilization_825cc2:2675:2691,0,autoencoder@0.99,1.0941558,144.14231872558594
ec2_cpu_utilization_825cc2:2683:2699,0,autoencoder@0.99,0.8709319,144.14231872558594
ec2_cpu_utilization_825cc2:2691:2707,0,autoencoder@0.99,1.0882499,144.14231872558594
ec2_cpu_utilization_825cc2:2699:2715,0,autoencoder@0.99,1.4195187,144.14231872558594
ec2_cpu_utilization_825cc2:2707:2723,0,autoencoder@0.99,0.62558657,144.14231872558594
ec2_cpu_utilization_825cc2:2715:2731,0,autoencoder@0.99,1.6770653,144.14231872558594
ec2_cpu_utilization_825cc2:2723:2739,0,autoencoder@0.99,2.1603527,144.14231872558594
ec2_cpu_utilization_825cc2:2731:2747,0,autoencoder@0.99,1.5586292,144.14231872558594
ec2_cpu_utilization_825cc2:2739:2755,0,autoencoder@0.99,1.3474413,144.14231872558594
ec2_cpu_utilization_825cc2:2747:2763,0,autoencoder@0.99,1.45031,144.14231872558594
ec2_cpu_utilization_825cc2:2755:2771,0,autoencoder@0.99,1.0672697,144.14231872558594
ec2_cpu_utilization_825cc2:2763:2779,0,autoencoder@0.99,1.1583734,144.14231872558594
ec2_cpu_utilization_825cc2:2771:2787,0,autoencoder@0.99,1.5697811,144.14231872558594
ec2_cpu_utilization_825cc2:2779:2795,0,autoencoder@0.99,1.051408,144.14231872558594
ec2_cpu_utilization_825cc2:2787:2803,0,autoencoder@0.99,0.86688787,144.14231872558594
ec2_cpu_utilization_825cc2:2795:2811,0,autoencoder@0.99,1.4107467,144.14231872558594
ec2_cpu_utilization_825cc2:2803:2819,0,autoencoder@0.99,1.3854705,144.14231872558594
ec2_cpu_utilization_825cc2:2811:2827,0,autoencoder@0.99,2.0745912,144.14231872558594
ec2_cpu_utilization_825cc2:2819:2835,0,autoencoder@0.99,1.6626996,144.14231872558594
ec2_cpu_utilization_825cc2:2827:2843,0,autoencoder@0.99,0.9537496,144.14231872558594
ec2_cpu_utilization_825cc2:2835:2851,0,autoencoder@0.99,1.3756042,144.14231872558594
ec2_cpu_utilization_825cc2:2843:2859,0,autoencoder@0.99,1.5927082,144.14231872558594
ec2_cpu_utilization_825cc2:2851:2867,0,autoencoder@0.99,1.4145011,144.14231872558594
ec2_cpu_utilization_825cc2:2859:2875,0,autoencoder@0.99,1.2879193,144.14231872558594
ec2_cpu_utilization_825cc2:2867:2883,0,autoencoder@0.99,1.5941843,144.14231872558594
ec2_cpu_utilization_825cc2:2875:2891,0,autoencoder@0.99,1.5610383,144.14231872558594
ec2_cpu_utilization_825cc2:2883:2899,0,autoencoder@0.99,0.5440438,144.14231872558594
ec2_cpu_utilization_825cc2:2891:2907,0,autoencoder@0.99,0.63616717,144.14231872558594
ec2_cpu_utilization_825cc2:2899:2915,0,autoencoder@0.99,0.7643408,144.14231872558594
ec2_cpu_utilization_825cc2:2907:2923,0,autoencoder@0.99,0.9513,144.14231872558594
ec2_cpu_utilization_825cc2:2915:2931,0,autoencoder@0.99,1.4328537,144.14231872558594
ec2_cpu_utilization_825cc2:2923:2939,0,autoencoder@0.99,1.6155553,144.14231872558594
ec2_cpu_utilization_825cc2:2931:2947,0,autoencoder@0.99,1.4986709,144.14231872558594
ec2_cpu_utilization_825cc2:2939:2955,0,autoencoder@0.99,2.139154,144.14231872558594
ec2_cpu_utilization_825cc2:2947:2963,0,autoencoder@0.99,1.8079458,144.14231872558594
ec2_cpu_utilization_825cc2:2955:2971,0,autoencoder@0.99,0.9348663,144.14231872558594
ec2_cpu_utilization_825cc2:2963:2979,0,autoencoder@0.99,0.83375883,144.14231872558594
ec2_cpu_utilization_825cc2:2971:2987,0,autoencoder@0.99,0.7613332,144.14231872558594
ec2_cpu_utilization_825cc2:2979:2995,0,autoencoder@0.99,1.0199378,144.14231872558594
ec2_cpu_utilization_825cc2:2987:3003,0,autoencoder@0.99,1.1789212,144.14231872558594
ec2_cpu_utilization_825cc2:2995:3011,0,autoencoder@0.99,0.77043736,144.14231872558594
ec2_cpu_utilization_825cc2:3003:3019,0,autoencoder@0.99,0.99919754,144.14231872558594
ec2_cpu_utilization_825cc2:3011:3027,0,autoencoder@0.99,1.3184242,144.14231872558594
ec2_cpu_utilization_825cc2:3019:3035,0,autoencoder@0.99,0.9529767,144.14231872558594
ec2_cpu_utilization_825cc2:3027:3043,0,autoencoder@0.99,1.1825217,144.14231872558594
ec2_cpu_utilization_825cc2:3035:3051,0,autoencoder@0.99,1.168063,144.14231872558594
ec2_cpu_utilization_825cc2:3043:3059,0,autoencoder@0.99,0.86586255,144.14231872558594
ec2_cpu_utilization_825cc2:3051:3067,0,autoencoder@0.99,1.2426612,144.14231872558594
ec2_cpu_utilization_825cc2:3059:3075,0,autoencoder@0.99,0.8120727,144.14231872558594
ec2_cpu_utilization_825cc2:3067:3083,0,autoencoder@0.99,0.6300736,144.14231872558594
ec2_cpu_utilization_825cc2:3075:3091,0,autoencoder@0.99,1.8546861,144.14231872558594
ec2_cpu_utilization_825cc2:3083:3099,0,autoencoder@0.99,1.8511806,144.14231872558594
ec2_cpu_utilization_825cc2:3091:3107,0,autoencoder@0.99,1.4576814,144.14231872558594
ec2_cpu_utilization_825cc2:3099:3115,0,autoencoder@0.99,0.98092055,144.14231872558594
ec2_cpu_utilization_825cc2:3107:3123,0,autoencoder@0.99,1.0220008,144.14231872558594
ec2_cpu_utilization_825cc2:3115:3131,0,autoencoder@0.99,0.9333322,144.14231872558594
ec2_cpu_utilization_825cc2:3123:3139,0,autoencoder@0.99,1.0592806,144.14231872558594
ec2_cpu_utilization_825cc2:3131:3147,0,autoencoder@0.99,1.245401,144.14231872558594
ec2_cpu_utilization_825cc2:3139:3155,0,autoencoder@0.99,0.6439177,144.14231872558594
ec2_cpu_utilization_825cc2:3147:3163,0,autoencoder@0.99,1.1878178,144.14231872558594
ec2_cpu_utilization_825cc2:3155:3171,0,autoencoder@0.99,1.4038781,144.14231872558594
ec2_cpu_utilization_825cc2:3163:3179,0,autoencoder@0.99,1.2263683,144.14231872558594
ec2_cpu_utilization_825cc2:3171:3187,0,autoencoder@0.99,1.6536772,144.14231872558594
ec2_cpu_utilization_825cc2:3179:3195,0,autoencoder@0.99,0.96102124,144.14231872558594
ec2_cpu_utilization_825cc2:3187:3203,0,autoencoder@0.99,0.60596573,144.14231872558594
ec2_cpu_utilization_825cc2:3195:3211,0,autoencoder@0.99,1.3448339,144.14231872558594
ec2_cpu_utilization_825cc2:3203:3219,0,autoencoder@0.99,1.1721017,144.14231872558594
ec2_cpu_utilization_825cc2:2419:2435,0,max_abs_z@0.95,3.4754877,6.705894947052002
ec2_cpu_utilization_825cc2:2427:2443,0,max_abs_z@0.95,3.4716423,6.705894947052002
ec2_cpu_utilization_825cc2:2435:2451,0,max_abs_z@0.95,4.3239965,6.705894947052002
ec2_cpu_utilization_825cc2:2443:2459,0,max_abs_z@0.95,4.531853,6.705894947052002
ec2_cpu_utilization_825cc2:2451:2467,0,max_abs_z@0.95,4.526642,6.705894947052002
ec2_cpu_utilization_825cc2:2459:2475,0,max_abs_z@0.95,4.940013,6.705894947052002
ec2_cpu_utilization_825cc2:2467:2483,0,max_abs_z@0.95,4.956881,6.705894947052002
ec2_cpu_utilization_825cc2:2475:2491,0,max_abs_z@0.95,4.3160043,6.705894947052002
ec2_cpu_utilization_825cc2:2483:2499,0,max_abs_z@0.95,4.3116417,6.705894947052002
ec2_cpu_utilization_825cc2:2491:2507,0,max_abs_z@0.95,3.987677,6.705894947052002
ec2_cpu_utilization_825cc2:2499:2515,0,max_abs_z@0.95,3.6191826,6.705894947052002
ec2_cpu_utilization_825cc2:2507:2523,0,max_abs_z@0.95,3.8094957,6.705894947052002
ec2_cpu_utilization_825cc2:2515:2531,0,max_abs_z@0.95,4.5010357,6.705894947052002
ec2_cpu_utilization_825cc2:2523:2539,0,max_abs_z@0.95,4.496559,6.705894947052002
ec2_cpu_utilization_825cc2:2531:2547,0,max_abs_z@0.95,3.5932899,6.705894947052002
ec2_cpu_utilization_825cc2:2539:2555,0,max_abs_z@0.95,3.8094957,6.705894947052002
ec2_cpu_utilization_825cc2:2547:2563,0,max_abs_z@0.95,3.8045459,6.705894947052002
ec2_cpu_utilization_825cc2:2555:2571,0,max_abs_z@0.95,3.5100138,6.705894947052002
ec2_cpu_utilization_825cc2:2563:2579,0,max_abs_z@0.95,4.2994413,6.705894947052002
ec2_cpu_utilization_825cc2:2571:2587,0,max_abs_z@0.95,4.2943273,6.705894947052002
ec2_cpu_utilization_825cc2:2579:2595,0,max_abs_z@0.95,3.6281788,6.705894947052002
ec2_cpu_utilization_825cc2:2587:2603,0,max_abs_z@0.95,4.7326713,6.705894947052002
ec2_cpu_utilization_825cc2:2595:2611,0,max_abs_z@0.95,4.7490225,6.705894947052002
ec2_cpu_utilization_825cc2:2603:2619,0,max_abs_z@0.95,3.492298,6.705894947052002
ec2_cpu_utilization_825cc2:2611:2627,0,max_abs_z@0.95,4.3239965,6.705894947052002
ec2_cpu_utilization_825cc2:2619:2635,0,max_abs_z@0.95,4.326996,6.705894947052002
ec2_cpu_utilization_825cc2:2627:2643,0,max_abs_z@0.95,4.002177,6.705894947052002
ec2_cpu_utilization_825cc2:2635:2651,0,max_abs_z@0.95,4.812048,6.705894947052002
ec2_cpu_utilization_825cc2:2643:2659,0,max_abs_z@0.95,4.80738,6.705894947052002
ec2_cpu_utilization_825cc2:2651:2667,0,max_abs_z@0.95,4.2654033,6.705894947052002
ec2_cpu_utilization_825cc2:2659:2675,0,max_abs_z@0.95,4.112125,6.705894947052002
ec2_cpu_utilization_825cc2:2667:2683,0,max_abs_z@0.95,3.7906775,6.705894947052002
ec2_cpu_utilization_825cc2:2675:2691,0,max_abs_z@0.95,4.0641017,6.705894947052002
ec2_cpu_utilization_825cc2:2683:2699,0,max_abs_z@0.95,4.0588894,6.705894947052002
ec2_cpu_utilization_825cc2:2691:2707,0,max_abs_z@0.95,4.6698713,6.705894947052002
ec2_cpu_utilization_825cc2:2699:2715,0,max_abs_z@0.95,4.6860657,6.705894947052002
ec2_cpu_utilization_825cc2:2707:2723,0,max_abs_z@0.95,3.697002,6.705894947052002
ec2_cpu_utilization_825cc2:2715:2731,0,max_abs_z@0.95,4.2876296,6.705894947052002
ec2_cpu_utilization_825cc2:2723:2739,0,max_abs_z@0.95,4.3330016,6.705894947052002
ec2_cpu_utilization_825cc2:2731:2747,0,max_abs_z@0.95,4.564022,6.705894947052002
ec2_cpu_utilization_825cc2:2739:2755,0,max_abs_z@0.95,4.583765,6.705894947052002
ec2_cpu_utilization_825cc2:2747:2763,0,max_abs_z@0.95,4.0614924,6.705894947052002
ec2_cpu_utilization_825cc2:2755:2771,0,max_abs_z@0.95,4.027345,6.705894947052002
ec2_cpu_utilization_825cc2:2763:2779,0,max_abs_z@0.95,3.9681022,6.705894947052002
ec2_cpu_utilization_825cc2:2771:2787,0,max_abs_z@0.95,3.9825478,6.705894947052002
ec2_cpu_utilization_825cc2:2779:2795,0,max_abs_z@0.95,4.221011,6.705894947052002
ec2_cpu_utilization_825cc2:2787:2803,0,max_abs_z@0.95,4.2980514,6.705894947052002
ec2_cpu_utilization_825cc2:2795:2811,0,max_abs_z@0.95,4.313319,6.705894947052002
ec2_cpu_utilization_825cc2:2803:2819,0,max_abs_z@0.95,4.774339,6.705894947052002
ec2_cpu_utilization_825cc2:2811:2827,0,max_abs_z@0.95,4.777592,6.705894947052002
ec2_cpu_utilization_825cc2:2819:2835,0,max_abs_z@0.95,4.1034636,6.705894947052002
ec2_cpu_utilization_825cc2:2827:2843,0,max_abs_z@0.95,5.2897673,6.705894947052002
ec2_cpu_utilization_825cc2:2835:2851,0,max_abs_z@0.95,5.28329,6.705894947052002
ec2_cpu_utilization_825cc2:2843:2859,0,max_abs_z@0.95,4.1415577,6.705894947052002
ec2_cpu_utilization_825cc2:2851:2867,0,max_abs_z@0.95,4.160229,6.705894947052002
ec2_cpu_utilization_825cc2:2859:2875,0,max_abs_z@0.95,4.025961,6.705894947052002
ec2_cpu_utilization_825cc2:2867:2883,0,max_abs_z@0.95,4.52533,6.705894947052002
ec2_cpu_utilization_825cc2:2875:2891,0,max_abs_z@0.95,4.5411644,6.705894947052002
ec2_cpu_utilization_825cc2:2883:2899,0,max_abs_z@0.95,3.9674492,6.705894947052002
ec2_cpu_utilization_825cc2:2891:2907,0,max_abs_z@0.95,4.1802144,6.705894947052002
ec2_cpu_utilization_825cc2:2899:2915,0,max_abs_z@0.95,4.1989837,6.705894947052002
ec2_cpu_utilization_825cc2:2907:2923,0,max_abs_z@0.95,3.5208611,6.705894947052002
ec2_cpu_utilization_825cc2:2915:2931,0,max_abs_z@0.95,4.0265074,6.705894947052002
ec2_cpu_utilization_825cc2:2923:2939,0,max_abs_z@0.95,4.3029194,6.705894947052002
ec2_cpu_utilization_825cc2:2931:2947,0,max_abs_z@0.95,4.2974606,6.705894947052002
ec2_cpu_utilization_825cc2:2939:2955,0,max_abs_z@0.95,3.668476,6.705894947052002
ec2_cpu_utilization_825cc2:2947:2963,0,max_abs_z@0.95,4.240334,6.705894947052002
ec2_cpu_utilization_825cc2:2955:2971,0,max_abs_z@0.95,4.235245,6.705894947052002
ec2_cpu_utilization_825cc2:2963:2979,0,max_abs_z@0.95,3.3752842,6.705894947052002
ec2_cpu_utilization_825cc2:2971:2987,0,max_abs_z@0.95,3.8686743,6.705894947052002
ec2_cpu_utilization_825cc2:2979:2995,0,max_abs_z@0.95,3.8637414,6.705894947052002
ec2_cpu_utilization_825cc2:2987:3003,0,max_abs_z@0.95,3.6294215,6.705894947052002
ec2_cpu_utilization_825cc2:2995:3011,0,max_abs_z@0.95,3.612825,6.705894947052002
ec2_cpu_utilization_825cc2:3003:3019,0,max_abs_z@0.95,3.6093316,6.705894947052002
ec2_cpu_utilization_825cc2:3011:3027,0,max_abs_z@0.95,3.6042314,6.705894947052002
ec2_cpu_utilization_825cc2:3019:3035,0,max_abs_z@0.95,4.1588397,6.705894947052002
ec2_cpu_utilization_825cc2:3027:3043,0,max_abs_z@0.95,4.1535296,6.705894947052002
ec2_cpu_utilization_825cc2:3035:3051,0,max_abs_z@0.95,4.0854745,6.705894947052002
ec2_cpu_utilization_825cc2:3043:3059,0,max_abs_z@0.95,3.5994933,6.705894947052002
ec2_cpu_utilization_825cc2:3051:3067,0,max_abs_z@0.95,4.00598,6.705894947052002
ec2_cpu_utilization_825cc2:3059:3075,0,max_abs_z@0.95,4.02052,6.705894947052002
ec2_cpu_utilization_825cc2:3067:3083,0,max_abs_z@0.95,4.0099244,6.705894947052002
ec2_cpu_utilization_825cc2:3075:3091,0,max_abs_z@0.95,4.0049324,6.705894947052002
ec2_cpu_utilization_825cc2:3083:3099,0,max_abs_z@0.95,3.8768866,6.705894947052002
ec2_cpu_utilization_825cc2:3091:3107,0,max_abs_z@0.95,3.3514776,6.705894947052002
ec2_cpu_utilization_825cc2:3099:3115,0,max_abs_z@0.95,3.4238937,6.705894947052002
ec2_cpu_utilization_825cc2:3107:3123,0,max_abs_z@0.95,3.385151,6.705894947052002
ec2_cpu_utilization_825cc2:3115:3131,0,max_abs_z@0.95,3.5314014,6.705894947052002
ec2_cpu_utilization_825cc2:3123:3139,0,max_abs_z@0.95,3.6104338,6.705894947052002
ec2_cpu_utilization_825cc2:3131:3147,0,max_abs_z@0.95,3.4141285,6.705894947052002
ec2_cpu_utilization_825cc2:3139:3155,0,max_abs_z@0.95,3.4094777,6.705894947052002
ec2_cpu_utilization_825cc2:3147:3163,0,max_abs_z@0.95,3.4864042,6.705894947052002
ec2_cpu_utilization_825cc2:3155:3171,0,max_abs_z@0.95,3.3328466,6.705894947052002
ec2_cpu_utilization_825cc2:3163:3179,0,max_abs_z@0.95,4.636039,6.705894947052002
ec2_cpu_utilization_825cc2:3171:3187,0,max_abs_z@0.95,4.6307836,6.705894947052002
ec2_cpu_utilization_825cc2:3179:3195,0,max_abs_z@0.95,3.2800245,6.705894947052002
ec2_cpu_utilization_825cc2:3187:3203,0,max_abs_z@0.95,3.4548194,6.705894947052002
ec2_cpu_utilization_825cc2:3195:3211,0,max_abs_z@0.95,3.509033,6.705894947052002
ec2_cpu_utilization_825cc2:3203:3219,0,max_abs_z@0.95,3.5151784,6.705894947052002
ec2_cpu_utilization_825cc2:2419:2435,0,max_abs_z@0.975,3.4754877,35.85930633544922
ec2_cpu_utilization_825cc2:2427:2443,0,max_abs_z@0.975,3.4716423,35.85930633544922
ec2_cpu_utilization_825cc2:2435:2451,0,max_abs_z@0.975,4.3239965,35.85930633544922
ec2_cpu_utilization_825cc2:2443:2459,0,max_abs_z@0.975,4.531853,35.85930633544922
ec2_cpu_utilization_825cc2:2451:2467,0,max_abs_z@0.975,4.526642,35.85930633544922
ec2_cpu_utilization_825cc2:2459:2475,0,max_abs_z@0.975,4.940013,35.85930633544922
ec2_cpu_utilization_825cc2:2467:2483,0,max_abs_z@0.975,4.956881,35.85930633544922
ec2_cpu_utilization_825cc2:2475:2491,0,max_abs_z@0.975,4.3160043,35.85930633544922
ec2_cpu_utilization_825cc2:2483:2499,0,max_abs_z@0.975,4.3116417,35.85930633544922
ec2_cpu_utilization_825cc2:2491:2507,0,max_abs_z@0.975,3.987677,35.85930633544922
ec2_cpu_utilization_825cc2:2499:2515,0,max_abs_z@0.975,3.6191826,35.85930633544922
ec2_cpu_utilization_825cc2:2507:2523,0,max_abs_z@0.975,3.8094957,35.85930633544922
ec2_cpu_utilization_825cc2:2515:2531,0,max_abs_z@0.975,4.5010357,35.85930633544922
ec2_cpu_utilization_825cc2:2523:2539,0,max_abs_z@0.975,4.496559,35.85930633544922
ec2_cpu_utilization_825cc2:2531:2547,0,max_abs_z@0.975,3.5932899,35.85930633544922
ec2_cpu_utilization_825cc2:2539:2555,0,max_abs_z@0.975,3.8094957,35.85930633544922
ec2_cpu_utilization_825cc2:2547:2563,0,max_abs_z@0.975,3.8045459,35.85930633544922
ec2_cpu_utilization_825cc2:2555:2571,0,max_abs_z@0.975,3.5100138,35.85930633544922
ec2_cpu_utilization_825cc2:2563:2579,0,max_abs_z@0.975,4.2994413,35.85930633544922
ec2_cpu_utilization_825cc2:2571:2587,0,max_abs_z@0.975,4.2943273,35.85930633544922
ec2_cpu_utilization_825cc2:2579:2595,0,max_abs_z@0.975,3.6281788,35.85930633544922
ec2_cpu_utilization_825cc2:2587:2603,0,max_abs_z@0.975,4.7326713,35.85930633544922
ec2_cpu_utilization_825cc2:2595:2611,0,max_abs_z@0.975,4.7490225,35.85930633544922
ec2_cpu_utilization_825cc2:2603:2619,0,max_abs_z@0.975,3.492298,35.85930633544922
ec2_cpu_utilization_825cc2:2611:2627,0,max_abs_z@0.975,4.3239965,35.85930633544922
ec2_cpu_utilization_825cc2:2619:2635,0,max_abs_z@0.975,4.326996,35.85930633544922
ec2_cpu_utilization_825cc2:2627:2643,0,max_abs_z@0.975,4.002177,35.85930633544922
ec2_cpu_utilization_825cc2:2635:2651,0,max_abs_z@0.975,4.812048,35.85930633544922
ec2_cpu_utilization_825cc2:2643:2659,0,max_abs_z@0.975,4.80738,35.85930633544922
ec2_cpu_utilization_825cc2:2651:2667,0,max_abs_z@0.975,4.2654033,35.85930633544922
ec2_cpu_utilization_825cc2:2659:2675,0,max_abs_z@0.975,4.112125,35.85930633544922
ec2_cpu_utilization_825cc2:2667:2683,0,max_abs_z@0.975,3.7906775,35.85930633544922
ec2_cpu_utilization_825cc2:2675:2691,0,max_abs_z@0.975,4.0641017,35.85930633544922
ec2_cpu_utilization_825cc2:2683:2699,0,max_abs_z@0.975,4.0588894,35.85930633544922
ec2_cpu_utilization_825cc2:2691:2707,0,max_abs_z@0.975,4.6698713,35.85930633544922
ec2_cpu_utilization_825cc2:2699:2715,0,max_abs_z@0.975,4.6860657,35.85930633544922
ec2_cpu_utilization_825cc2:2707:2723,0,max_abs_z@0.975,3.697002,35.85930633544922
ec2_cpu_utilization_825cc2:2715:2731,0,max_abs_z@0.975,4.2876296,35.85930633544922
ec2_cpu_utilization_825cc2:2723:2739,0,max_abs_z@0.975,4.3330016,35.85930633544922
ec2_cpu_utilization_825cc2:2731:2747,0,max_abs_z@0.975,4.564022,35.85930633544922
ec2_cpu_utilization_825cc2:2739:2755,0,max_abs_z@0.975,4.583765,35.85930633544922
ec2_cpu_utilization_825cc2:2747:2763,0,max_abs_z@0.975,4.0614924,35.85930633544922
ec2_cpu_utilization_825cc2:2755:2771,0,max_abs_z@0.975,4.027345,35.85930633544922
ec2_cpu_utilization_825cc2:2763:2779,0,max_abs_z@0.975,3.9681022,35.85930633544922
ec2_cpu_utilization_825cc2:2771:2787,0,max_abs_z@0.975,3.9825478,35.85930633544922
ec2_cpu_utilization_825cc2:2779:2795,0,max_abs_z@0.975,4.221011,35.85930633544922
ec2_cpu_utilization_825cc2:2787:2803,0,max_abs_z@0.975,4.2980514,35.85930633544922
ec2_cpu_utilization_825cc2:2795:2811,0,max_abs_z@0.975,4.313319,35.85930633544922
ec2_cpu_utilization_825cc2:2803:2819,0,max_abs_z@0.975,4.774339,35.85930633544922
ec2_cpu_utilization_825cc2:2811:2827,0,max_abs_z@0.975,4.777592,35.85930633544922
ec2_cpu_utilization_825cc2:2819:2835,0,max_abs_z@0.975,4.1034636,35.85930633544922
ec2_cpu_utilization_825cc2:2827:2843,0,max_abs_z@0.975,5.2897673,35.85930633544922
ec2_cpu_utilization_825cc2:2835:2851,0,max_abs_z@0.975,5.28329,35.85930633544922
ec2_cpu_utilization_825cc2:2843:2859,0,max_abs_z@0.975,4.1415577,35.85930633544922
ec2_cpu_utilization_825cc2:2851:2867,0,max_abs_z@0.975,4.160229,35.85930633544922
ec2_cpu_utilization_825cc2:2859:2875,0,max_abs_z@0.975,4.025961,35.85930633544922
ec2_cpu_utilization_825cc2:2867:2883,0,max_abs_z@0.975,4.52533,35.85930633544922
ec2_cpu_utilization_825cc2:2875:2891,0,max_abs_z@0.975,4.5411644,35.85930633544922
ec2_cpu_utilization_825cc2:2883:2899,0,max_abs_z@0.975,3.9674492,35.85930633544922
ec2_cpu_utilization_825cc2:2891:2907,0,max_abs_z@0.975,4.1802144,35.85930633544922
ec2_cpu_utilization_825cc2:2899:2915,0,max_abs_z@0.975,4.1989837,35.85930633544922
ec2_cpu_utilization_825cc2:2907:2923,0,max_abs_z@0.975,3.5208611,35.85930633544922
ec2_cpu_utilization_825cc2:2915:2931,0,max_abs_z@0.975,4.0265074,35.85930633544922
ec2_cpu_utilization_825cc2:2923:2939,0,max_abs_z@0.975,4.3029194,35.85930633544922
ec2_cpu_utilization_825cc2:2931:2947,0,max_abs_z@0.975,4.2974606,35.85930633544922
ec2_cpu_utilization_825cc2:2939:2955,0,max_abs_z@0.975,3.668476,35.85930633544922
ec2_cpu_utilization_825cc2:2947:2963,0,max_abs_z@0.975,4.240334,35.85930633544922
ec2_cpu_utilization_825cc2:2955:2971,0,max_abs_z@0.975,4.235245,35.85930633544922
ec2_cpu_utilization_825cc2:2963:2979,0,max_abs_z@0.975,3.3752842,35.85930633544922
ec2_cpu_utilization_825cc2:2971:2987,0,max_abs_z@0.975,3.8686743,35.85930633544922
ec2_cpu_utilization_825cc2:2979:2995,0,max_abs_z@0.975,3.8637414,35.85930633544922
ec2_cpu_utilization_825cc2:2987:3003,0,max_abs_z@0.975,3.6294215,35.85930633544922
ec2_cpu_utilization_825cc2:2995:3011,0,max_abs_z@0.975,3.612825,35.85930633544922
ec2_cpu_utilization_825cc2:3003:3019,0,max_abs_z@0.975,3.6093316,35.85930633544922
ec2_cpu_utilization_825cc2:3011:3027,0,max_abs_z@0.975,3.6042314,35.85930633544922
ec2_cpu_utilization_825cc2:3019:3035,0,max_abs_z@0.975,4.1588397,35.85930633544922
ec2_cpu_utilization_825cc2:3027:3043,0,max_abs_z@0.975,4.1535296,35.85930633544922
ec2_cpu_utilization_825cc2:3035:3051,0,max_abs_z@0.975,4.0854745,35.85930633544922
ec2_cpu_utilization_825cc2:3043:3059,0,max_abs_z@0.975,3.5994933,35.85930633544922
ec2_cpu_utilization_825cc2:3051:3067,0,max_abs_z@0.975,4.00598,35.85930633544922
ec2_cpu_utilization_825cc2:3059:3075,0,max_abs_z@0.975,4.02052,35.85930633544922
ec2_cpu_utilization_825cc2:3067:3083,0,max_abs_z@0.975,4.0099244,35.85930633544922
ec2_cpu_utilization_825cc2:3075:3091,0,max_abs_z@0.975,4.0049324,35.85930633544922
ec2_cpu_utilization_825cc2:3083:3099,0,max_abs_z@0.975,3.8768866,35.85930633544922
ec2_cpu_utilization_825cc2:3091:3107,0,max_abs_z@0.975,3.3514776,35.85930633544922
ec2_cpu_utilization_825cc2:3099:3115,0,max_abs_z@0.975,3.4238937,35.85930633544922
ec2_cpu_utilization_825cc2:3107:3123,0,max_abs_z@0.975,3.385151,35.85930633544922
ec2_cpu_utilization_825cc2:3115:3131,0,max_abs_z@0.975,3.5314014,35.85930633544922
ec2_cpu_utilization_825cc2:3123:3139,0,max_abs_z@0.975,3.6104338,35.85930633544922
ec2_cpu_utilization_825cc2:3131:3147,0,max_abs_z@0.975,3.4141285,35.85930633544922
ec2_cpu_utilization_825cc2:3139:3155,0,max_abs_z@0.975,3.4094777,35.85930633544922
ec2_cpu_utilization_825cc2:3147:3163,0,max_abs_z@0.975,3.4864042,35.85930633544922
ec2_cpu_utilization_825cc2:3155:3171,0,max_abs_z@0.975,3.3328466,35.85930633544922
ec2_cpu_utilization_825cc2:3163:3179,0,max_abs_z@0.975,4.636039,35.85930633544922
ec2_cpu_utilization_825cc2:3171:3187,0,max_abs_z@0.975,4.6307836,35.85930633544922
ec2_cpu_utilization_825cc2:3179:3195,0,max_abs_z@0.975,3.2800245,35.85930633544922
ec2_cpu_utilization_825cc2:3187:3203,0,max_abs_z@0.975,3.4548194,35.85930633544922
ec2_cpu_utilization_825cc2:3195:3211,0,max_abs_z@0.975,3.509033,35.85930633544922
ec2_cpu_utilization_825cc2:3203:3219,0,max_abs_z@0.975,3.5151784,35.85930633544922
ec2_cpu_utilization_825cc2:2419:2435,0,max_abs_z@0.99,3.4754877,35.88005828857422
ec2_cpu_utilization_825cc2:2427:2443,0,max_abs_z@0.99,3.4716423,35.88005828857422
ec2_cpu_utilization_825cc2:2435:2451,0,max_abs_z@0.99,4.3239965,35.88005828857422
ec2_cpu_utilization_825cc2:2443:2459,0,max_abs_z@0.99,4.531853,35.88005828857422
ec2_cpu_utilization_825cc2:2451:2467,0,max_abs_z@0.99,4.526642,35.88005828857422
ec2_cpu_utilization_825cc2:2459:2475,0,max_abs_z@0.99,4.940013,35.88005828857422
ec2_cpu_utilization_825cc2:2467:2483,0,max_abs_z@0.99,4.956881,35.88005828857422
ec2_cpu_utilization_825cc2:2475:2491,0,max_abs_z@0.99,4.3160043,35.88005828857422
ec2_cpu_utilization_825cc2:2483:2499,0,max_abs_z@0.99,4.3116417,35.88005828857422
ec2_cpu_utilization_825cc2:2491:2507,0,max_abs_z@0.99,3.987677,35.88005828857422
ec2_cpu_utilization_825cc2:2499:2515,0,max_abs_z@0.99,3.6191826,35.88005828857422
ec2_cpu_utilization_825cc2:2507:2523,0,max_abs_z@0.99,3.8094957,35.88005828857422
ec2_cpu_utilization_825cc2:2515:2531,0,max_abs_z@0.99,4.5010357,35.88005828857422
ec2_cpu_utilization_825cc2:2523:2539,0,max_abs_z@0.99,4.496559,35.88005828857422
ec2_cpu_utilization_825cc2:2531:2547,0,max_abs_z@0.99,3.5932899,35.88005828857422
ec2_cpu_utilization_825cc2:2539:2555,0,max_abs_z@0.99,3.8094957,35.88005828857422
ec2_cpu_utilization_825cc2:2547:2563,0,max_abs_z@0.99,3.8045459,35.88005828857422
ec2_cpu_utilization_825cc2:2555:2571,0,max_abs_z@0.99,3.5100138,35.88005828857422
ec2_cpu_utilization_825cc2:2563:2579,0,max_abs_z@0.99,4.2994413,35.88005828857422
ec2_cpu_utilization_825cc2:2571:2587,0,max_abs_z@0.99,4.2943273,35.88005828857422
ec2_cpu_utilization_825cc2:2579:2595,0,max_abs_z@0.99,3.6281788,35.88005828857422
ec2_cpu_utilization_825cc2:2587:2603,0,max_abs_z@0.99,4.7326713,35.88005828857422
ec2_cpu_utilization_825cc2:2595:2611,0,max_abs_z@0.99,4.7490225,35.88005828857422
ec2_cpu_utilization_825cc2:2603:2619,0,max_abs_z@0.99,3.492298,35.88005828857422
ec2_cpu_utilization_825cc2:2611:2627,0,max_abs_z@0.99,4.3239965,35.88005828857422
ec2_cpu_utilization_825cc2:2619:2635,0,max_abs_z@0.99,4.326996,35.88005828857422
ec2_cpu_utilization_825cc2:2627:2643,0,max_abs_z@0.99,4.002177,35.88005828857422
ec2_cpu_utilization_825cc2:2635:2651,0,max_abs_z@0.99,4.812048,35.88005828857422
ec2_cpu_utilization_825cc2:2643:2659,0,max_abs_z@0.99,4.80738,35.88005828857422
ec2_cpu_utilization_825cc2:2651:2667,0,max_abs_z@0.99,4.2654033,35.88005828857422
ec2_cpu_utilization_825cc2:2659:2675,0,max_abs_z@0.99,4.112125,35.88005828857422
ec2_cpu_utilization_825cc2:2667:2683,0,max_abs_z@0.99,3.7906775,35.88005828857422
ec2_cpu_utilization_825cc2:2675:2691,0,max_abs_z@0.99,4.0641017,35.88005828857422
ec2_cpu_utilization_825cc2:2683:2699,0,max_abs_z@0.99,4.0588894,35.88005828857422
ec2_cpu_utilization_825cc2:2691:2707,0,max_abs_z@0.99,4.6698713,35.88005828857422
ec2_cpu_utilization_825cc2:2699:2715,0,max_abs_z@0.99,4.6860657,35.88005828857422
ec2_cpu_utilization_825cc2:2707:2723,0,max_abs_z@0.99,3.697002,35.88005828857422
ec2_cpu_utilization_825cc2:2715:2731,0,max_abs_z@0.99,4.2876296,35.88005828857422
ec2_cpu_utilization_825cc2:2723:2739,0,max_abs_z@0.99,4.3330016,35.88005828857422
ec2_cpu_utilization_825cc2:2731:2747,0,max_abs_z@0.99,4.564022,35.88005828857422
ec2_cpu_utilization_825cc2:2739:2755,0,max_abs_z@0.99,4.583765,35.88005828857422
ec2_cpu_utilization_825cc2:2747:2763,0,max_abs_z@0.99,4.0614924,35.88005828857422
ec2_cpu_utilization_825cc2:2755:2771,0,max_abs_z@0.99,4.027345,35.88005828857422
ec2_cpu_utilization_825cc2:2763:2779,0,max_abs_z@0.99,3.9681022,35.88005828857422
ec2_cpu_utilization_825cc2:2771:2787,0,max_abs_z@0.99,3.9825478,35.88005828857422
ec2_cpu_utilization_825cc2:2779:2795,0,max_abs_z@0.99,4.221011,35.88005828857422
ec2_cpu_utilization_825cc2:2787:2803,0,max_abs_z@0.99,4.2980514,35.88005828857422
ec2_cpu_utilization_825cc2:2795:2811,0,max_abs_z@0.99,4.313319,35.88005828857422
ec2_cpu_utilization_825cc2:2803:2819,0,max_abs_z@0.99,4.774339,35.88005828857422
ec2_cpu_utilization_825cc2:2811:2827,0,max_abs_z@0.99,4.777592,35.88005828857422
ec2_cpu_utilization_825cc2:2819:2835,0,max_abs_z@0.99,4.1034636,35.88005828857422
ec2_cpu_utilization_825cc2:2827:2843,0,max_abs_z@0.99,5.2897673,35.88005828857422
ec2_cpu_utilization_825cc2:2835:2851,0,max_abs_z@0.99,5.28329,35.88005828857422
ec2_cpu_utilization_825cc2:2843:2859,0,max_abs_z@0.99,4.1415577,35.88005828857422
ec2_cpu_utilization_825cc2:2851:2867,0,max_abs_z@0.99,4.160229,35.88005828857422
ec2_cpu_utilization_825cc2:2859:2875,0,max_abs_z@0.99,4.025961,35.88005828857422
ec2_cpu_utilization_825cc2:2867:2883,0,max_abs_z@0.99,4.52533,35.88005828857422
ec2_cpu_utilization_825cc2:2875:2891,0,max_abs_z@0.99,4.5411644,35.88005828857422
ec2_cpu_utilization_825cc2:2883:2899,0,max_abs_z@0.99,3.9674492,35.88005828857422
ec2_cpu_utilization_825cc2:2891:2907,0,max_abs_z@0.99,4.1802144,35.88005828857422
ec2_cpu_utilization_825cc2:2899:2915,0,max_abs_z@0.99,4.1989837,35.88005828857422
ec2_cpu_utilization_825cc2:2907:2923,0,max_abs_z@0.99,3.5208611,35.88005828857422
ec2_cpu_utilization_825cc2:2915:2931,0,max_abs_z@0.99,4.0265074,35.88005828857422
ec2_cpu_utilization_825cc2:2923:2939,0,max_abs_z@0.99,4.3029194,35.88005828857422
ec2_cpu_utilization_825cc2:2931:2947,0,max_abs_z@0.99,4.2974606,35.88005828857422
ec2_cpu_utilization_825cc2:2939:2955,0,max_abs_z@0.99,3.668476,35.88005828857422
ec2_cpu_utilization_825cc2:2947:2963,0,max_abs_z@0.99,4.240334,35.88005828857422
ec2_cpu_utilization_825cc2:2955:2971,0,max_abs_z@0.99,4.235245,35.88005828857422
ec2_cpu_utilization_825cc2:2963:2979,0,max_abs_z@0.99,3.3752842,35.88005828857422
ec2_cpu_utilization_825cc2:2971:2987,0,max_abs_z@0.99,3.8686743,35.88005828857422
ec2_cpu_utilization_825cc2:2979:2995,0,max_abs_z@0.99,3.8637414,35.88005828857422
ec2_cpu_utilization_825cc2:2987:3003,0,max_abs_z@0.99,3.6294215,35.88005828857422
ec2_cpu_utilization_825cc2:2995:3011,0,max_abs_z@0.99,3.612825,35.88005828857422
ec2_cpu_utilization_825cc2:3003:3019,0,max_abs_z@0.99,3.6093316,35.88005828857422
ec2_cpu_utilization_825cc2:3011:3027,0,max_abs_z@0.99,3.6042314,35.88005828857422
ec2_cpu_utilization_825cc2:3019:3035,0,max_abs_z@0.99,4.1588397,35.88005828857422
ec2_cpu_utilization_825cc2:3027:3043,0,max_abs_z@0.99,4.1535296,35.88005828857422
ec2_cpu_utilization_825cc2:3035:3051,0,max_abs_z@0.99,4.0854745,35.88005828857422
ec2_cpu_utilization_825cc2:3043:3059,0,max_abs_z@0.99,3.5994933,35.88005828857422
ec2_cpu_utilization_825cc2:3051:3067,0,max_abs_z@0.99,4.00598,35.88005828857422
ec2_cpu_utilization_825cc2:3059:3075,0,max_abs_z@0.99,4.02052,35.88005828857422
ec2_cpu_utilization_825cc2:3067:3083,0,max_abs_z@0.99,4.0099244,35.88005828857422
ec2_cpu_utilization_825cc2:3075:3091,0,max_abs_z@0.99,4.0049324,35.88005828857422
ec2_cpu_utilization_825cc2:3083:3099,0,max_abs_z@0.99,3.8768866,35.88005828857422
ec2_cpu_utilization_825cc2:3091:3107,0,max_abs_z@0.99,3.3514776,35.88005828857422
ec2_cpu_utilization_825cc2:3099:3115,0,max_abs_z@0.99,3.4238937,35.88005828857422
ec2_cpu_utilization_825cc2:3107:3123,0,max_abs_z@0.99,3.385151,35.88005828857422
ec2_cpu_utilization_825cc2:3115:3131,0,max_abs_z@0.99,3.5314014,35.88005828857422
ec2_cpu_utilization_825cc2:3123:3139,0,max_abs_z@0.99,3.6104338,35.88005828857422
ec2_cpu_utilization_825cc2:3131:3147,0,max_abs_z@0.99,3.4141285,35.88005828857422
ec2_cpu_utilization_825cc2:3139:3155,0,max_abs_z@0.99,3.4094777,35.88005828857422
ec2_cpu_utilization_825cc2:3147:3163,0,max_abs_z@0.99,3.4864042,35.88005828857422
ec2_cpu_utilization_825cc2:3155:3171,0,max_abs_z@0.99,3.3328466,35.88005828857422
ec2_cpu_utilization_825cc2:3163:3179,0,max_abs_z@0.99,4.636039,35.88005828857422
ec2_cpu_utilization_825cc2:3171:3187,0,max_abs_z@0.99,4.6307836,35.88005828857422
ec2_cpu_utilization_825cc2:3179:3195,0,max_abs_z@0.99,3.2800245,35.88005828857422
ec2_cpu_utilization_825cc2:3187:3203,0,max_abs_z@0.99,3.4548194,35.88005828857422
ec2_cpu_utilization_825cc2:3195:3211,0,max_abs_z@0.99,3.509033,35.88005828857422
ec2_cpu_utilization_825cc2:3203:3219,0,max_abs_z@0.99,3.5151784,35.88005828857422
ec2_cpu_utilization_825cc2:2419:2435,0,rolling_32@0.95,37.359060380775965,42.54584117026383
ec2_cpu_utilization_825cc2:2427:2443,0,rolling_32@0.95,34.835862295381645,42.54584117026383
ec2_cpu_utilization_825cc2:2435:2451,0,rolling_32@0.95,24.909560727915977,42.54584117026383
ec2_cpu_utilization_825cc2:2443:2459,0,rolling_32@0.95,1.5527336101615479,42.54584117026383
ec2_cpu_utilization_825cc2:2451:2467,0,rolling_32@0.95,2.753475725668787,42.54584117026383
ec2_cpu_utilization_825cc2:2459:2475,0,rolling_32@0.95,2.753475725668787,42.54584117026383
ec2_cpu_utilization_825cc2:2467:2483,0,rolling_32@0.95,2.2015818084648946,42.54584117026383
ec2_cpu_utilization_825cc2:2475:2491,0,rolling_32@0.95,1.9424317435138123,42.54584117026383
ec2_cpu_utilization_825cc2:2483:2499,0,rolling_32@0.95,1.9424317435138123,42.54584117026383
ec2_cpu_utilization_825cc2:2491:2507,0,rolling_32@0.95,1.7303430777444477,42.54584117026383
ec2_cpu_utilization_825cc2:2499:2515,0,rolling_32@0.95,2.339199259000347,42.54584117026383
ec2_cpu_utilization_825cc2:2507:2523,0,rolling_32@0.95,2.4955094500292105,42.54584117026383
ec2_cpu_utilization_825cc2:2515:2531,0,rolling_32@0.95,2.4955094500292105,42.54584117026383
ec2_cpu_utilization_825cc2:2523:2539,0,rolling_32@0.95,2.771498517504273,42.54584117026383
ec2_cpu_utilization_825cc2:2531:2547,0,rolling_32@0.95,2.771498517504273,42.54584117026383
ec2_cpu_utilization_825cc2:2539:2555,0,rolling_32@0.95,1.4852663608698962,42.54584117026383
ec2_cpu_utilization_825cc2:2547:2563,0,rolling_32@0.95,1.3614626900629587,42.54584117026383
ec2_cpu_utilization_825cc2:2555:2571,0,rolling_32@0.95,3.1670374224277977,42.54584117026383
ec2_cpu_utilization_825cc2:2563:2579,0,rolling_32@0.95,4.145060998439709,42.54584117026383
ec2_cpu_utilization_825cc2:2571:2587,0,rolling_32@0.95,5.9836417432732025,42.54584117026383
ec2_cpu_utilization_825cc2:2579:2595,0,rolling_32@0.95,5.9836417432732025,42.54584117026383
ec2_cpu_utilization_825cc2:2587:2603,0,rolling_32@0.95,3.302239211188329,42.54584117026383
ec2_cpu_utilization_825cc2:2595:2611,0,rolling_32@0.95,2.0042829950554837,42.54584117026383
ec2_cpu_utilization_825cc2:2603:2619,0,rolling_32@0.95,3.0304610884993033,42.54584117026383
ec2_cpu_utilization_825cc2:2611:2627,0,rolling_32@0.95,3.0304610884993033,42.54584117026383
ec2_cpu_utilization_825cc2:2619:2635,0,rolling_32@0.95,2.637528929330231,42.54584117026383
ec2_cpu_utilization_825cc2:2627:2643,0,rolling_32@0.95,3.818448276394329,42.54584117026383
ec2_cpu_utilization_825cc2:2635:2651,0,rolling_32@0.95,3.818448276394329,42.54584117026383
ec2_cpu_utilization_825cc2:2643:2659,0,rolling_32@0.95,4.70746210665593,42.54584117026383
ec2_cpu_utilization_825cc2:2651:2667,0,rolling_32@0.95,4.70746210665593,42.54584117026383
ec2_cpu_utilization_825cc2:2659:2675,0,rolling_32@0.95,2.6254189062447675,42.54584117026383
ec2_cpu_utilization_825cc2:2667:2683,0,rolling_32@0.95,3.539893819512549,42.54584117026383
ec2_cpu_utilization_825cc2:2675:2691,0,rolling_32@0.95,3.539893819512549,42.54584117026383
ec2_cpu_utilization_825cc2:2683:2699,0,rolling_32@0.95,3.5184916742710604,42.54584117026383
ec2_cpu_utilization_825cc2:2691:2707,0,rolling_32@0.95,7.042762488780614,42.54584117026383
ec2_cpu_utilization_825cc2:2699:2715,0,rolling_32@0.95,7.042762488780614,42.54584117026383
ec2_cpu_utilization_825cc2:2707:2723,0,rolling_32@0.95,4.403974422528764,42.54584117026383
ec2_cpu_utilization_825cc2:2715:2731,0,rolling_32@0.95,6.428385924908314,42.54584117026383
ec2_cpu_utilization_825cc2:2723:2739,0,rolling_32@0.95,6.428385924908314,42.54584117026383
ec2_cpu_utilization_825cc2:2731:2747,0,rolling_32@0.95,3.4700795281484242,42.54584117026383
ec2_cpu_utilization_825cc2:2739:2755,0,rolling_32@0.95,2.3282780313947704,42.54584117026383
ec2_cpu_utilization_825cc2:2747:2763,0,rolling_32@0.95,2.3282780313947704,42.54584117026383
ec2_cpu_utilization_825cc2:2755:2771,0,rolling_32@0.95,1.4256664025662782,42.54584117026383
ec2_cpu_utilization_825cc2:2763:2779,0,rolling_32@0.95,2.3094236359719953,42.54584117026383
ec2_cpu_utilization_825cc2:2771:2787,0,rolling_32@0.95,2.7009194651898,42.54584117026383
ec2_cpu_utilization_825cc2:2779:2795,0,rolling_32@0.95,2.7009194651898,42.54584117026383
ec2_cpu_utilization_825cc2:2787:2803,0,rolling_32@0.95,4.392877502673648,42.54584117026383
ec2_cpu_utilization_825cc2:2795:2811,0,rolling_32@0.95,4.545363525270773,42.54584117026383
ec2_cpu_utilization_825cc2:2803:2819,0,rolling_32@0.95,4.545363525270773,42.54584117026383
ec2_cpu_utilization_825cc2:2811:2827,0,rolling_32@0.95,3.9587135969073426,42.54584117026383
ec2_cpu_utilization_825cc2:2819:2835,0,rolling_32@0.95,3.9587135969073426,42.54584117026383
ec2_cpu_utilization_825cc2:2827:2843,0,rolling_32@0.95,2.2920029139476186,42.54584117026383
ec2_cpu_utilization_825cc2:2835:2851,0,rolling_32@0.95,1.8808246527043773,42.54584117026383
ec2_cpu_utilization_825cc2:2843:2859,0,rolling_32@0.95,2.860741636951309,42.54584117026383
ec2_cpu_utilization_825cc2:2851:2867,0,rolling_32@0.95,2.860741636951309,42.54584117026383
ec2_cpu_utilization_825cc2:2859:2875,0,rolling_32@0.95,2.3935534313709805,42.54584117026383
ec2_cpu_utilization_825cc2:2867:2883,0,rolling_32@0.95,2.5766902433342884,42.54584117026383
ec2_cpu_utilization_825cc2:2875:2891,0,rolling_32@0.95,2.5766902433342884,42.54584117026383
ec2_cpu_utilization_825cc2:2883:2899,0,rolling_32@0.95,2.1701295207079183,42.54584117026383
ec2_cpu_utilization_825cc2:2891:2907,0,rolling_32@0.95,2.1701295207079183,42.54584117026383
ec2_cpu_utilization_825cc2:2899:2915,0,rolling_32@0.95,1.9393482102822874,42.54584117026383
ec2_cpu_utilization_825cc2:2907:2923,0,rolling_32@0.95,3.325715006411685,42.54584117026383
ec2_cpu_utilization_825cc2:2915:2931,0,rolling_32@0.95,3.325715006411685,42.54584117026383
ec2_cpu_utilization_825cc2:2923:2939,0,rolling_32@0.95,2.9280548188647177,42.54584117026383
ec2_cpu_utilization_825cc2:2931:2947,0,rolling_32@0.95,3.4847845798977937,42.54584117026383
ec2_cpu_utilization_825cc2:2939:2955,0,rolling_32@0.95,4.29382031660342,42.54584117026383
ec2_cpu_utilization_825cc2:2947:2963,0,rolling_32@0.95,4.29382031660342,42.54584117026383
ec2_cpu_utilization_825cc2:2955:2971,0,rolling_32@0.95,2.878793583071795,42.54584117026383
ec2_cpu_utilization_825cc2:2963:2979,0,rolling_32@0.95,4.822651813239741,42.54584117026383
ec2_cpu_utilization_825cc2:2971:2987,0,rolling_32@0.95,4.822651813239741,42.54584117026383
ec2_cpu_utilization_825cc2:2979:2995,0,rolling_32@0.95,4.164492100308841,42.54584117026383
ec2_cpu_utilization_825cc2:2987:3003,0,rolling_32@0.95,5.125956130784125,42.54584117026383
ec2_cpu_utilization_825cc2:2995:3011,0,rolling_32@0.95,5.125956130784125,42.54584117026383
ec2_cpu_utilization_825cc2:3003:3019,0,rolling_32@0.95,4.595025687294061,42.54584117026383
ec2_cpu_utilization_825cc2:3011:3027,0,rolling_32@0.95,6.912200098473855,42.54584117026383
ec2_cpu_utilization_825cc2:3019:3035,0,rolling_32@0.95,6.912200098473855,42.54584117026383
ec2_cpu_utilization_825cc2:3027:3043,0,rolling_32@0.95,5.204403354703004,42.54584117026383
ec2_cpu_utilization_825cc2:3035:3051,0,rolling_32@0.95,5.204403354703004,42.54584117026383
ec2_cpu_utilization_825cc2:3043:3059,0,rolling_32@0.95,2.3305981896630144,42.54584117026383
ec2_cpu_utilization_825cc2:3051:3067,0,rolling_32@0.95,1.9241067524557904,42.54584117026383
ec2_cpu_utilization_825cc2:3059:3075,0,rolling_32@0.95,1.8540518454863872,42.54584117026383
ec2_cpu_utilization_825cc2:3067:3083,0,rolling_32@0.95,1.4475136990980197,42.54584117026383
ec2_cpu_utilization_825cc2:3075:3091,0,rolling_32@0.95,4.0191381804849495,42.54584117026383
ec2_cpu_utilization_825cc2:3083:3099,0,rolling_32@0.95,4.983910364300432,42.54584117026383
ec2_cpu_utilization_825cc2:3091:3107,0,rolling_32@0.95,4.983910364300432,42.54584117026383
ec2_cpu_utilization_825cc2:3099:3115,0,rolling_32@0.95,3.1891615359757304,42.54584117026383
ec2_cpu_utilization_825cc2:3107:3123,0,rolling_32@0.95,5.964474263064271,42.54584117026383
ec2_cpu_utilization_825cc2:3115:3131,0,rolling_32@0.95,5.964474263064271,42.54584117026383
ec2_cpu_utilization_825cc2:3123:3139,0,rolling_32@0.95,4.428771690204472,42.54584117026383
ec2_cpu_utilization_825cc2:3131:3147,0,rolling_32@0.95,4.864329149520675,42.54584117026383
ec2_cpu_utilization_825cc2:3139:3155,0,rolling_32@0.95,4.864329149520675,42.54584117026383
ec2_cpu_utilization_825cc2:3147:3163,0,rolling_32@0.95,4.976717155678644,42.54584117026383
ec2_cpu_utilization_825cc2:3155:3171,0,rolling_32@0.95,4.976717155678644,42.54584117026383
ec2_cpu_utilization_825cc2:3163:3179,0,rolling_32@0.95,4.479060924198856,42.54584117026383
ec2_cpu_utilization_825cc2:3171:3187,0,rolling_32@0.95,3.933356070093277,42.54584117026383
ec2_cpu_utilization_825cc2:3179:3195,0,rolling_32@0.95,3.933356070093277,42.54584117026383
ec2_cpu_utilization_825cc2:3187:3203,0,rolling_32@0.95,3.595804077863087,42.54584117026383
ec2_cpu_utilization_825cc2:3195:3211,0,rolling_32@0.95,3.760423867295557,42.54584117026383
ec2_cpu_utilization_825cc2:3203:3219,0,rolling_32@0.95,3.760423867295557,42.54584117026383
ec2_cpu_utilization_825cc2:2419:2435,0,rolling_32@0.975,37.359060380775965,118.12711718965981
ec2_cpu_utilization_825cc2:2427:2443,0,rolling_32@0.975,34.835862295381645,118.12711718965981
ec2_cpu_utilization_825cc2:2435:2451,0,rolling_32@0.975,24.909560727915977,118.12711718965981
ec2_cpu_utilization_825cc2:2443:2459,0,rolling_32@0.975,1.5527336101615479,118.12711718965981
ec2_cpu_utilization_825cc2:2451:2467,0,rolling_32@0.975,2.753475725668787,118.12711718965981
ec2_cpu_utilization_825cc2:2459:2475,0,rolling_32@0.975,2.753475725668787,118.12711718965981
ec2_cpu_utilization_825cc2:2467:2483,0,rolling_32@0.975,2.2015818084648946,118.12711718965981
ec2_cpu_utilization_825cc2:2475:2491,0,rolling_32@0.975,1.9424317435138123,118.12711718965981
ec2_cpu_utilization_825cc2:2483:2499,0,rolling_32@0.975,1.9424317435138123,118.12711718965981
ec2_cpu_utilization_825cc2:2491:2507,0,rolling_32@0.975,1.7303430777444477,118.12711718965981
ec2_cpu_utilization_825cc2:2499:2515,0,rolling_32@0.975,2.339199259000347,118.12711718965981
ec2_cpu_utilization_825cc2:2507:2523,0,rolling_32@0.975,2.4955094500292105,118.12711718965981
ec2_cpu_utilization_825cc2:2515:2531,0,rolling_32@0.975,2.4955094500292105,118.12711718965981
ec2_cpu_utilization_825cc2:2523:2539,0,rolling_32@0.975,2.771498517504273,118.12711718965981
ec2_cpu_utilization_825cc2:2531:2547,0,rolling_32@0.975,2.771498517504273,118.12711718965981
ec2_cpu_utilization_825cc2:2539:2555,0,rolling_32@0.975,1.4852663608698962,118.12711718965981
ec2_cpu_utilization_825cc2:2547:2563,0,rolling_32@0.975,1.3614626900629587,118.12711718965981
ec2_cpu_utilization_825cc2:2555:2571,0,rolling_32@0.975,3.1670374224277977,118.12711718965981
ec2_cpu_utilization_825cc2:2563:2579,0,rolling_32@0.975,4.145060998439709,118.12711718965981
ec2_cpu_utilization_825cc2:2571:2587,0,rolling_32@0.975,5.9836417432732025,118.12711718965981
ec2_cpu_utilization_825cc2:2579:2595,0,rolling_32@0.975,5.9836417432732025,118.12711718965981
ec2_cpu_utilization_825cc2:2587:2603,0,rolling_32@0.975,3.302239211188329,118.12711718965981
ec2_cpu_utilization_825cc2:2595:2611,0,rolling_32@0.975,2.0042829950554837,118.12711718965981
ec2_cpu_utilization_825cc2:2603:2619,0,rolling_32@0.975,3.0304610884993033,118.12711718965981
ec2_cpu_utilization_825cc2:2611:2627,0,rolling_32@0.975,3.0304610884993033,118.12711718965981
ec2_cpu_utilization_825cc2:2619:2635,0,rolling_32@0.975,2.637528929330231,118.12711718965981
ec2_cpu_utilization_825cc2:2627:2643,0,rolling_32@0.975,3.818448276394329,118.12711718965981
ec2_cpu_utilization_825cc2:2635:2651,0,rolling_32@0.975,3.818448276394329,118.12711718965981
ec2_cpu_utilization_825cc2:2643:2659,0,rolling_32@0.975,4.70746210665593,118.12711718965981
ec2_cpu_utilization_825cc2:2651:2667,0,rolling_32@0.975,4.70746210665593,118.12711718965981
ec2_cpu_utilization_825cc2:2659:2675,0,rolling_32@0.975,2.6254189062447675,118.12711718965981
ec2_cpu_utilization_825cc2:2667:2683,0,rolling_32@0.975,3.539893819512549,118.12711718965981
ec2_cpu_utilization_825cc2:2675:2691,0,rolling_32@0.975,3.539893819512549,118.12711718965981
ec2_cpu_utilization_825cc2:2683:2699,0,rolling_32@0.975,3.5184916742710604,118.12711718965981
ec2_cpu_utilization_825cc2:2691:2707,0,rolling_32@0.975,7.042762488780614,118.12711718965981
ec2_cpu_utilization_825cc2:2699:2715,0,rolling_32@0.975,7.042762488780614,118.12711718965981
ec2_cpu_utilization_825cc2:2707:2723,0,rolling_32@0.975,4.403974422528764,118.12711718965981
ec2_cpu_utilization_825cc2:2715:2731,0,rolling_32@0.975,6.428385924908314,118.12711718965981
ec2_cpu_utilization_825cc2:2723:2739,0,rolling_32@0.975,6.428385924908314,118.12711718965981
ec2_cpu_utilization_825cc2:2731:2747,0,rolling_32@0.975,3.4700795281484242,118.12711718965981
ec2_cpu_utilization_825cc2:2739:2755,0,rolling_32@0.975,2.3282780313947704,118.12711718965981
ec2_cpu_utilization_825cc2:2747:2763,0,rolling_32@0.975,2.3282780313947704,118.12711718965981
ec2_cpu_utilization_825cc2:2755:2771,0,rolling_32@0.975,1.4256664025662782,118.12711718965981
ec2_cpu_utilization_825cc2:2763:2779,0,rolling_32@0.975,2.3094236359719953,118.12711718965981
ec2_cpu_utilization_825cc2:2771:2787,0,rolling_32@0.975,2.7009194651898,118.12711718965981
ec2_cpu_utilization_825cc2:2779:2795,0,rolling_32@0.975,2.7009194651898,118.12711718965981
ec2_cpu_utilization_825cc2:2787:2803,0,rolling_32@0.975,4.392877502673648,118.12711718965981
ec2_cpu_utilization_825cc2:2795:2811,0,rolling_32@0.975,4.545363525270773,118.12711718965981
ec2_cpu_utilization_825cc2:2803:2819,0,rolling_32@0.975,4.545363525270773,118.12711718965981
ec2_cpu_utilization_825cc2:2811:2827,0,rolling_32@0.975,3.9587135969073426,118.12711718965981
ec2_cpu_utilization_825cc2:2819:2835,0,rolling_32@0.975,3.9587135969073426,118.12711718965981
ec2_cpu_utilization_825cc2:2827:2843,0,rolling_32@0.975,2.2920029139476186,118.12711718965981
ec2_cpu_utilization_825cc2:2835:2851,0,rolling_32@0.975,1.8808246527043773,118.12711718965981
ec2_cpu_utilization_825cc2:2843:2859,0,rolling_32@0.975,2.860741636951309,118.12711718965981
ec2_cpu_utilization_825cc2:2851:2867,0,rolling_32@0.975,2.860741636951309,118.12711718965981
ec2_cpu_utilization_825cc2:2859:2875,0,rolling_32@0.975,2.3935534313709805,118.12711718965981
ec2_cpu_utilization_825cc2:2867:2883,0,rolling_32@0.975,2.5766902433342884,118.12711718965981
ec2_cpu_utilization_825cc2:2875:2891,0,rolling_32@0.975,2.5766902433342884,118.12711718965981
ec2_cpu_utilization_825cc2:2883:2899,0,rolling_32@0.975,2.1701295207079183,118.12711718965981
ec2_cpu_utilization_825cc2:2891:2907,0,rolling_32@0.975,2.1701295207079183,118.12711718965981
ec2_cpu_utilization_825cc2:2899:2915,0,rolling_32@0.975,1.9393482102822874,118.12711718965981
ec2_cpu_utilization_825cc2:2907:2923,0,rolling_32@0.975,3.325715006411685,118.12711718965981
ec2_cpu_utilization_825cc2:2915:2931,0,rolling_32@0.975,3.325715006411685,118.12711718965981
ec2_cpu_utilization_825cc2:2923:2939,0,rolling_32@0.975,2.9280548188647177,118.12711718965981
ec2_cpu_utilization_825cc2:2931:2947,0,rolling_32@0.975,3.4847845798977937,118.12711718965981
ec2_cpu_utilization_825cc2:2939:2955,0,rolling_32@0.975,4.29382031660342,118.12711718965981
ec2_cpu_utilization_825cc2:2947:2963,0,rolling_32@0.975,4.29382031660342,118.12711718965981
ec2_cpu_utilization_825cc2:2955:2971,0,rolling_32@0.975,2.878793583071795,118.12711718965981
ec2_cpu_utilization_825cc2:2963:2979,0,rolling_32@0.975,4.822651813239741,118.12711718965981
ec2_cpu_utilization_825cc2:2971:2987,0,rolling_32@0.975,4.822651813239741,118.12711718965981
ec2_cpu_utilization_825cc2:2979:2995,0,rolling_32@0.975,4.164492100308841,118.12711718965981
ec2_cpu_utilization_825cc2:2987:3003,0,rolling_32@0.975,5.125956130784125,118.12711718965981
ec2_cpu_utilization_825cc2:2995:3011,0,rolling_32@0.975,5.125956130784125,118.12711718965981
ec2_cpu_utilization_825cc2:3003:3019,0,rolling_32@0.975,4.595025687294061,118.12711718965981
ec2_cpu_utilization_825cc2:3011:3027,0,rolling_32@0.975,6.912200098473855,118.12711718965981
ec2_cpu_utilization_825cc2:3019:3035,0,rolling_32@0.975,6.912200098473855,118.12711718965981
ec2_cpu_utilization_825cc2:3027:3043,0,rolling_32@0.975,5.204403354703004,118.12711718965981
ec2_cpu_utilization_825cc2:3035:3051,0,rolling_32@0.975,5.204403354703004,118.12711718965981
ec2_cpu_utilization_825cc2:3043:3059,0,rolling_32@0.975,2.3305981896630144,118.12711718965981
ec2_cpu_utilization_825cc2:3051:3067,0,rolling_32@0.975,1.9241067524557904,118.12711718965981
ec2_cpu_utilization_825cc2:3059:3075,0,rolling_32@0.975,1.8540518454863872,118.12711718965981
ec2_cpu_utilization_825cc2:3067:3083,0,rolling_32@0.975,1.4475136990980197,118.12711718965981
ec2_cpu_utilization_825cc2:3075:3091,0,rolling_32@0.975,4.0191381804849495,118.12711718965981
ec2_cpu_utilization_825cc2:3083:3099,0,rolling_32@0.975,4.983910364300432,118.12711718965981
ec2_cpu_utilization_825cc2:3091:3107,0,rolling_32@0.975,4.983910364300432,118.12711718965981
ec2_cpu_utilization_825cc2:3099:3115,0,rolling_32@0.975,3.1891615359757304,118.12711718965981
ec2_cpu_utilization_825cc2:3107:3123,0,rolling_32@0.975,5.964474263064271,118.12711718965981
ec2_cpu_utilization_825cc2:3115:3131,0,rolling_32@0.975,5.964474263064271,118.12711718965981
ec2_cpu_utilization_825cc2:3123:3139,0,rolling_32@0.975,4.428771690204472,118.12711718965981
ec2_cpu_utilization_825cc2:3131:3147,0,rolling_32@0.975,4.864329149520675,118.12711718965981
ec2_cpu_utilization_825cc2:3139:3155,0,rolling_32@0.975,4.864329149520675,118.12711718965981
ec2_cpu_utilization_825cc2:3147:3163,0,rolling_32@0.975,4.976717155678644,118.12711718965981
ec2_cpu_utilization_825cc2:3155:3171,0,rolling_32@0.975,4.976717155678644,118.12711718965981
ec2_cpu_utilization_825cc2:3163:3179,0,rolling_32@0.975,4.479060924198856,118.12711718965981
ec2_cpu_utilization_825cc2:3171:3187,0,rolling_32@0.975,3.933356070093277,118.12711718965981
ec2_cpu_utilization_825cc2:3179:3195,0,rolling_32@0.975,3.933356070093277,118.12711718965981
ec2_cpu_utilization_825cc2:3187:3203,0,rolling_32@0.975,3.595804077863087,118.12711718965981
ec2_cpu_utilization_825cc2:3195:3211,0,rolling_32@0.975,3.760423867295557,118.12711718965981
ec2_cpu_utilization_825cc2:3203:3219,0,rolling_32@0.975,3.760423867295557,118.12711718965981
ec2_cpu_utilization_825cc2:2419:2435,0,rolling_32@0.99,37.359060380775965,118.12711718965981
ec2_cpu_utilization_825cc2:2427:2443,0,rolling_32@0.99,34.835862295381645,118.12711718965981
ec2_cpu_utilization_825cc2:2435:2451,0,rolling_32@0.99,24.909560727915977,118.12711718965981
ec2_cpu_utilization_825cc2:2443:2459,0,rolling_32@0.99,1.5527336101615479,118.12711718965981
ec2_cpu_utilization_825cc2:2451:2467,0,rolling_32@0.99,2.753475725668787,118.12711718965981
ec2_cpu_utilization_825cc2:2459:2475,0,rolling_32@0.99,2.753475725668787,118.12711718965981
ec2_cpu_utilization_825cc2:2467:2483,0,rolling_32@0.99,2.2015818084648946,118.12711718965981
ec2_cpu_utilization_825cc2:2475:2491,0,rolling_32@0.99,1.9424317435138123,118.12711718965981
ec2_cpu_utilization_825cc2:2483:2499,0,rolling_32@0.99,1.9424317435138123,118.12711718965981
ec2_cpu_utilization_825cc2:2491:2507,0,rolling_32@0.99,1.7303430777444477,118.12711718965981
ec2_cpu_utilization_825cc2:2499:2515,0,rolling_32@0.99,2.339199259000347,118.12711718965981
ec2_cpu_utilization_825cc2:2507:2523,0,rolling_32@0.99,2.4955094500292105,118.12711718965981
ec2_cpu_utilization_825cc2:2515:2531,0,rolling_32@0.99,2.4955094500292105,118.12711718965981
ec2_cpu_utilization_825cc2:2523:2539,0,rolling_32@0.99,2.771498517504273,118.12711718965981
ec2_cpu_utilization_825cc2:2531:2547,0,rolling_32@0.99,2.771498517504273,118.12711718965981
ec2_cpu_utilization_825cc2:2539:2555,0,rolling_32@0.99,1.4852663608698962,118.12711718965981
ec2_cpu_utilization_825cc2:2547:2563,0,rolling_32@0.99,1.3614626900629587,118.12711718965981
ec2_cpu_utilization_825cc2:2555:2571,0,rolling_32@0.99,3.1670374224277977,118.12711718965981
ec2_cpu_utilization_825cc2:2563:2579,0,rolling_32@0.99,4.145060998439709,118.12711718965981
ec2_cpu_utilization_825cc2:2571:2587,0,rolling_32@0.99,5.9836417432732025,118.12711718965981
ec2_cpu_utilization_825cc2:2579:2595,0,rolling_32@0.99,5.9836417432732025,118.12711718965981
ec2_cpu_utilization_825cc2:2587:2603,0,rolling_32@0.99,3.302239211188329,118.12711718965981
ec2_cpu_utilization_825cc2:2595:2611,0,rolling_32@0.99,2.0042829950554837,118.12711718965981
ec2_cpu_utilization_825cc2:2603:2619,0,rolling_32@0.99,3.0304610884993033,118.12711718965981
ec2_cpu_utilization_825cc2:2611:2627,0,rolling_32@0.99,3.0304610884993033,118.12711718965981
ec2_cpu_utilization_825cc2:2619:2635,0,rolling_32@0.99,2.637528929330231,118.12711718965981
ec2_cpu_utilization_825cc2:2627:2643,0,rolling_32@0.99,3.818448276394329,118.12711718965981
ec2_cpu_utilization_825cc2:2635:2651,0,rolling_32@0.99,3.818448276394329,118.12711718965981
ec2_cpu_utilization_825cc2:2643:2659,0,rolling_32@0.99,4.70746210665593,118.12711718965981
ec2_cpu_utilization_825cc2:2651:2667,0,rolling_32@0.99,4.70746210665593,118.12711718965981
ec2_cpu_utilization_825cc2:2659:2675,0,rolling_32@0.99,2.6254189062447675,118.12711718965981
ec2_cpu_utilization_825cc2:2667:2683,0,rolling_32@0.99,3.539893819512549,118.12711718965981
ec2_cpu_utilization_825cc2:2675:2691,0,rolling_32@0.99,3.539893819512549,118.12711718965981
ec2_cpu_utilization_825cc2:2683:2699,0,rolling_32@0.99,3.5184916742710604,118.12711718965981
ec2_cpu_utilization_825cc2:2691:2707,0,rolling_32@0.99,7.042762488780614,118.12711718965981
ec2_cpu_utilization_825cc2:2699:2715,0,rolling_32@0.99,7.042762488780614,118.12711718965981
ec2_cpu_utilization_825cc2:2707:2723,0,rolling_32@0.99,4.403974422528764,118.12711718965981
ec2_cpu_utilization_825cc2:2715:2731,0,rolling_32@0.99,6.428385924908314,118.12711718965981
ec2_cpu_utilization_825cc2:2723:2739,0,rolling_32@0.99,6.428385924908314,118.12711718965981
ec2_cpu_utilization_825cc2:2731:2747,0,rolling_32@0.99,3.4700795281484242,118.12711718965981
ec2_cpu_utilization_825cc2:2739:2755,0,rolling_32@0.99,2.3282780313947704,118.12711718965981
ec2_cpu_utilization_825cc2:2747:2763,0,rolling_32@0.99,2.3282780313947704,118.12711718965981
ec2_cpu_utilization_825cc2:2755:2771,0,rolling_32@0.99,1.4256664025662782,118.12711718965981
ec2_cpu_utilization_825cc2:2763:2779,0,rolling_32@0.99,2.3094236359719953,118.12711718965981
ec2_cpu_utilization_825cc2:2771:2787,0,rolling_32@0.99,2.7009194651898,118.12711718965981
ec2_cpu_utilization_825cc2:2779:2795,0,rolling_32@0.99,2.7009194651898,118.12711718965981
ec2_cpu_utilization_825cc2:2787:2803,0,rolling_32@0.99,4.392877502673648,118.12711718965981
ec2_cpu_utilization_825cc2:2795:2811,0,rolling_32@0.99,4.545363525270773,118.12711718965981
ec2_cpu_utilization_825cc2:2803:2819,0,rolling_32@0.99,4.545363525270773,118.12711718965981
ec2_cpu_utilization_825cc2:2811:2827,0,rolling_32@0.99,3.9587135969073426,118.12711718965981
ec2_cpu_utilization_825cc2:2819:2835,0,rolling_32@0.99,3.9587135969073426,118.12711718965981
ec2_cpu_utilization_825cc2:2827:2843,0,rolling_32@0.99,2.2920029139476186,118.12711718965981
ec2_cpu_utilization_825cc2:2835:2851,0,rolling_32@0.99,1.8808246527043773,118.12711718965981
ec2_cpu_utilization_825cc2:2843:2859,0,rolling_32@0.99,2.860741636951309,118.12711718965981
ec2_cpu_utilization_825cc2:2851:2867,0,rolling_32@0.99,2.860741636951309,118.12711718965981
ec2_cpu_utilization_825cc2:2859:2875,0,rolling_32@0.99,2.3935534313709805,118.12711718965981
ec2_cpu_utilization_825cc2:2867:2883,0,rolling_32@0.99,2.5766902433342884,118.12711718965981
ec2_cpu_utilization_825cc2:2875:2891,0,rolling_32@0.99,2.5766902433342884,118.12711718965981
ec2_cpu_utilization_825cc2:2883:2899,0,rolling_32@0.99,2.1701295207079183,118.12711718965981
ec2_cpu_utilization_825cc2:2891:2907,0,rolling_32@0.99,2.1701295207079183,118.12711718965981
ec2_cpu_utilization_825cc2:2899:2915,0,rolling_32@0.99,1.9393482102822874,118.12711718965981
ec2_cpu_utilization_825cc2:2907:2923,0,rolling_32@0.99,3.325715006411685,118.12711718965981
ec2_cpu_utilization_825cc2:2915:2931,0,rolling_32@0.99,3.325715006411685,118.12711718965981
ec2_cpu_utilization_825cc2:2923:2939,0,rolling_32@0.99,2.9280548188647177,118.12711718965981
ec2_cpu_utilization_825cc2:2931:2947,0,rolling_32@0.99,3.4847845798977937,118.12711718965981
ec2_cpu_utilization_825cc2:2939:2955,0,rolling_32@0.99,4.29382031660342,118.12711718965981
ec2_cpu_utilization_825cc2:2947:2963,0,rolling_32@0.99,4.29382031660342,118.12711718965981
ec2_cpu_utilization_825cc2:2955:2971,0,rolling_32@0.99,2.878793583071795,118.12711718965981
ec2_cpu_utilization_825cc2:2963:2979,0,rolling_32@0.99,4.822651813239741,118.12711718965981
ec2_cpu_utilization_825cc2:2971:2987,0,rolling_32@0.99,4.822651813239741,118.12711718965981
ec2_cpu_utilization_825cc2:2979:2995,0,rolling_32@0.99,4.164492100308841,118.12711718965981
ec2_cpu_utilization_825cc2:2987:3003,0,rolling_32@0.99,5.125956130784125,118.12711718965981
ec2_cpu_utilization_825cc2:2995:3011,0,rolling_32@0.99,5.125956130784125,118.12711718965981
ec2_cpu_utilization_825cc2:3003:3019,0,rolling_32@0.99,4.595025687294061,118.12711718965981
ec2_cpu_utilization_825cc2:3011:3027,0,rolling_32@0.99,6.912200098473855,118.12711718965981
ec2_cpu_utilization_825cc2:3019:3035,0,rolling_32@0.99,6.912200098473855,118.12711718965981
ec2_cpu_utilization_825cc2:3027:3043,0,rolling_32@0.99,5.204403354703004,118.12711718965981
ec2_cpu_utilization_825cc2:3035:3051,0,rolling_32@0.99,5.204403354703004,118.12711718965981
ec2_cpu_utilization_825cc2:3043:3059,0,rolling_32@0.99,2.3305981896630144,118.12711718965981
ec2_cpu_utilization_825cc2:3051:3067,0,rolling_32@0.99,1.9241067524557904,118.12711718965981
ec2_cpu_utilization_825cc2:3059:3075,0,rolling_32@0.99,1.8540518454863872,118.12711718965981
ec2_cpu_utilization_825cc2:3067:3083,0,rolling_32@0.99,1.4475136990980197,118.12711718965981
ec2_cpu_utilization_825cc2:3075:3091,0,rolling_32@0.99,4.0191381804849495,118.12711718965981
ec2_cpu_utilization_825cc2:3083:3099,0,rolling_32@0.99,4.983910364300432,118.12711718965981
ec2_cpu_utilization_825cc2:3091:3107,0,rolling_32@0.99,4.983910364300432,118.12711718965981
ec2_cpu_utilization_825cc2:3099:3115,0,rolling_32@0.99,3.1891615359757304,118.12711718965981
ec2_cpu_utilization_825cc2:3107:3123,0,rolling_32@0.99,5.964474263064271,118.12711718965981
ec2_cpu_utilization_825cc2:3115:3131,0,rolling_32@0.99,5.964474263064271,118.12711718965981
ec2_cpu_utilization_825cc2:3123:3139,0,rolling_32@0.99,4.428771690204472,118.12711718965981
ec2_cpu_utilization_825cc2:3131:3147,0,rolling_32@0.99,4.864329149520675,118.12711718965981
ec2_cpu_utilization_825cc2:3139:3155,0,rolling_32@0.99,4.864329149520675,118.12711718965981
ec2_cpu_utilization_825cc2:3147:3163,0,rolling_32@0.99,4.976717155678644,118.12711718965981
ec2_cpu_utilization_825cc2:3155:3171,0,rolling_32@0.99,4.976717155678644,118.12711718965981
ec2_cpu_utilization_825cc2:3163:3179,0,rolling_32@0.99,4.479060924198856,118.12711718965981
ec2_cpu_utilization_825cc2:3171:3187,0,rolling_32@0.99,3.933356070093277,118.12711718965981
ec2_cpu_utilization_825cc2:3179:3195,0,rolling_32@0.99,3.933356070093277,118.12711718965981
ec2_cpu_utilization_825cc2:3187:3203,0,rolling_32@0.99,3.595804077863087,118.12711718965981
ec2_cpu_utilization_825cc2:3195:3211,0,rolling_32@0.99,3.760423867295557,118.12711718965981
ec2_cpu_utilization_825cc2:3203:3219,0,rolling_32@0.99,3.760423867295557,118.12711718965981
ec2_cpu_utilization_825cc2:2419:2435,0,rolling_64@0.95,37.359060380775965,110.37353547575601
ec2_cpu_utilization_825cc2:2427:2443,0,rolling_64@0.95,34.835862295381645,110.37353547575601
ec2_cpu_utilization_825cc2:2435:2451,0,rolling_64@0.95,41.76000462609321,110.37353547575601
ec2_cpu_utilization_825cc2:2443:2459,0,rolling_64@0.95,41.76000462609321,110.37353547575601
ec2_cpu_utilization_825cc2:2451:2467,0,rolling_64@0.95,24.13667867025935,110.37353547575601
ec2_cpu_utilization_825cc2:2459:2475,0,rolling_64@0.95,1.480282794553728,110.37353547575601
ec2_cpu_utilization_825cc2:2467:2483,0,rolling_64@0.95,1.480282794553728,110.37353547575601
ec2_cpu_utilization_825cc2:2475:2491,0,rolling_64@0.95,1.7704424838036925,110.37353547575601
ec2_cpu_utilization_825cc2:2483:2499,0,rolling_64@0.95,1.7704424838036925,110.37353547575601
ec2_cpu_utilization_825cc2:2491:2507,0,rolling_64@0.95,1.72768287287206,110.37353547575601
ec2_cpu_utilization_825cc2:2499:2515,0,rolling_64@0.95,1.6438104635029547,110.37353547575601
ec2_cpu_utilization_825cc2:2507:2523,0,rolling_64@0.95,1.97997183635599,110.37353547575601
ec2_cpu_utilization_825cc2:2515:2531,0,rolling_64@0.95,1.97997183635599,110.37353547575601
ec2_cpu_utilization_825cc2:2523:2539,0,rolling_64@0.95,1.9160792336094743,110.37353547575601
ec2_cpu_utilization_825cc2:2531:2547,0,rolling_64@0.95,2.210654905499669,110.37353547575601
ec2_cpu_utilization_825cc2:2539:2555,0,rolling_64@0.95,2.210654905499669,110.37353547575601
ec2_cpu_utilization_825cc2:2547:2563,0,rolling_64@0.95,1.9208073810813813,110.37353547575601
ec2_cpu_utilization_825cc2:2555:2571,0,rolling_64@0.95,3.037604263002873,110.37353547575601
ec2_cpu_utilization_825cc2:2563:2579,0,rolling_64@0.95,3.037604263002873,110.37353547575601
ec2_cpu_utilization_825cc2:2571:2587,0,rolling_64@0.95,2.078708184288697,110.37353547575601
ec2_cpu_utilization_825cc2:2579:2595,0,rolling_64@0.95,2.285867902120059,110.37353547575601
ec2_cpu_utilization_825cc2:2587:2603,0,rolling_64@0.95,2.285867902120059,110.37353547575601
ec2_cpu_utilization_825cc2:2595:2611,0,rolling_64@0.95,2.2568696793779743,110.37353547575601
ec2_cpu_utilization_825cc2:2603:2619,0,rolling_64@0.95,3.2796047042427743,110.37353547575601
ec2_cpu_utilization_825cc2:2611:2627,0,rolling_64@0.95,3.2796047042427743,110.37353547575601
ec2_cpu_utilization_825cc2:2619:2635,0,rolling_64@0.95,2.38963936418351,110.37353547575601
ec2_cpu_utilization_825cc2:2627:2643,0,rolling_64@0.95,2.7685027242924733,110.37353547575601
ec2_cpu_utilization_825cc2:2635:2651,0,rolling_64@0.95,2.7685027242924733,110.37353547575601
ec2_cpu_utilization_825cc2:2643:2659,0,rolling_64@0.95,2.950209852085921,110.37353547575601
ec2_cpu_utilization_825cc2:2651:2667,0,rolling_64@0.95,2.950209852085921,110.37353547575601
ec2_cpu_utilization_825cc2:2659:2675,0,rolling_64@0.95,2.887221421071629,110.37353547575601
ec2_cpu_utilization_825cc2:2667:2683,0,rolling_64@0.95,2.9478477129083713,110.37353547575601
ec2_cpu_utilization_825cc2:2675:2691,0,rolling_64@0.95,3.3306606782010393,110.37353547575601
ec2_cpu_utilization_825cc2:2683:2699,0,rolling_64@0.95,3.3306606782010393,110.37353547575601
ec2_cpu_utilization_825cc2:2691:2707,0,rolling_64@0.95,3.8326080685424944,110.37353547575601
ec2_cpu_utilization_825cc2:2699:2715,0,rolling_64@0.95,3.8326080685424944,110.37353547575601
ec2_cpu_utilization_825cc2:2707:2723,0,rolling_64@0.95,2.768530421433713,110.37353547575601
ec2_cpu_utilization_825cc2:2715:2731,0,rolling_64@0.95,5.676845270296401,110.37353547575601
ec2_cpu_utilization_825cc2:2723:2739,0,rolling_64@0.95,5.676845270296401,110.37353547575601
ec2_cpu_utilization_825cc2:2731:2747,0,rolling_64@0.95,3.8037416476770787,110.37353547575601
ec2_cpu_utilization_825cc2:2739:2755,0,rolling_64@0.95,2.9768846079488673,110.37353547575601
ec2_cpu_utilization_825cc2:2747:2763,0,rolling_64@0.95,2.9768846079488673,110.37353547575601
ec2_cpu_utilization_825cc2:2755:2771,0,rolling_64@0.95,2.098467764159626,110.37353547575601
ec2_cpu_utilization_825cc2:2763:2779,0,rolling_64@0.95,2.352514549579108,110.37353547575601
ec2_cpu_utilization_825cc2:2771:2787,0,rolling_64@0.95,2.5469224946361453,110.37353547575601
ec2_cpu_utilization_825cc2:2779:2795,0,rolling_64@0.95,2.5469224946361453,110.37353547575601
ec2_cpu_utilization_825cc2:2787:2803,0,rolling_64@0.95,2.364386169111833,110.37353547575601
ec2_cpu_utilization_825cc2:2795:2811,0,rolling_64@0.95,2.912523865552077,110.37353547575601
ec2_cpu_utilization_825cc2:2803:2819,0,rolling_64@0.95,2.912523865552077,110.37353547575601
ec2_cpu_utilization_825cc2:2811:2827,0,rolling_64@0.95,3.380897389708934,110.37353547575601
ec2_cpu_utilization_825cc2:2819:2835,0,rolling_64@0.95,3.380897389708934,110.37353547575601
ec2_cpu_utilization_825cc2:2827:2843,0,rolling_64@0.95,2.66372629845797,110.37353547575601
ec2_cpu_utilization_825cc2:2835:2851,0,rolling_64@0.95,2.185787812030818,110.37353547575601
ec2_cpu_utilization_825cc2:2843:2859,0,rolling_64@0.95,2.624729622653801,110.37353547575601
ec2_cpu_utilization_825cc2:2851:2867,0,rolling_64@0.95,2.624729622653801,110.37353547575601
ec2_cpu_utilization_825cc2:2859:2875,0,rolling_64@0.95,2.1782742512949054,110.37353547575601
ec2_cpu_utilization_825cc2:2867:2883,0,rolling_64@0.95,2.5107625790825865,110.37353547575601
ec2_cpu_utilization_825cc2:2875:2891,0,rolling_64@0.95,2.5107625790825865,110.37353547575601
ec2_cpu_utilization_825cc2:2883:2899,0,rolling_64@0.95,1.3604467645933132,110.37353547575601
ec2_cpu_utilization_825cc2:2891:2907,0,rolling_64@0.95,1.7022406052833163,110.37353547575601
ec2_cpu_utilization_825cc2:2899:2915,0,rolling_64@0.95,1.7022406052833163,110.37353547575601
ec2_cpu_utilization_825cc2:2907:2923,0,rolling_64@0.95,2.5186529608992325,110.37353547575601
ec2_cpu_utilization_825cc2:2915:2931,0,rolling_64@0.95,2.790884779352936,110.37353547575601
ec2_cpu_utilization_825cc2:2923:2939,0,rolling_64@0.95,2.790884779352936,110.37353547575601
ec2_cpu_utilization_825cc2:2931:2947,0,rolling_64@0.95,3.408265677832465,110.37353547575601
ec2_cpu_utilization_825cc2:2939:2955,0,rolling_64@0.95,4.273254555008123,110.37353547575601
ec2_cpu_utilization_825cc2:2947:2963,0,rolling_64@0.95,4.273254555008123,110.37353547575601
ec2_cpu_utilization_825cc2:2955:2971,0,rolling_64@0.95,2.34744781634608,110.37353547575601
ec2_cpu_utilization_825cc2:2963:2979,0,rolling_64@0.95,3.374836186843941,110.37353547575601
ec2_cpu_utilization_825cc2:2971:2987,0,rolling_64@0.95,3.374836186843941,110.37353547575601
ec2_cpu_utilization_825cc2:2979:2995,0,rolling_64@0.95,3.028112411207225,110.37353547575601
ec2_cpu_utilization_825cc2:2987:3003,0,rolling_64@0.95,3.5499842775030435,110.37353547575601
ec2_cpu_utilization_825cc2:2995:3011,0,rolling_64@0.95,3.5499842775030435,110.37353547575601
ec2_cpu_utilization_825cc2:3003:3019,0,rolling_64@0.95,4.381636450209653,110.37353547575601
ec2_cpu_utilization_825cc2:3011:3027,0,rolling_64@0.95,5.2979872028540544,110.37353547575601
ec2_cpu_utilization_825cc2:3019:3035,0,rolling_64@0.95,5.2979872028540544,110.37353547575601
ec2_cpu_utilization_825cc2:3027:3043,0,rolling_64@0.95,4.701848841228592,110.37353547575601
ec2_cpu_utilization_825cc2:3035:3051,0,rolling_64@0.95,4.701848841228592,110.37353547575601
ec2_cpu_utilization_825cc2:3043:3059,0,rolling_64@0.95,3.142621201397285,110.37353547575601
ec2_cpu_utilization_825cc2:3051:3067,0,rolling_64@0.95,2.5137726074950817,110.37353547575601
ec2_cpu_utilization_825cc2:3059:3075,0,rolling_64@0.95,2.3867475377689007,110.37353547575601
ec2_cpu_utilization_825cc2:3067:3083,0,rolling_64@0.95,1.52227380011744,110.37353547575601
ec2_cpu_utilization_825cc2:3075:3091,0,rolling_64@0.95,3.9019380427048254,110.37353547575601
ec2_cpu_utilization_825cc2:3083:3099,0,rolling_64@0.95,3.9019380427048254,110.37353547575601
ec2_cpu_utilization_825cc2:3091:3107,0,rolling_64@0.95,3.5883263729314803,110.37353547575601
ec2_cpu_utilization_825cc2:3099:3115,0,rolling_64@0.95,2.313011290860775,110.37353547575601
ec2_cpu_utilization_825cc2:3107:3123,0,rolling_64@0.95,4.8793544879126385,110.37353547575601
ec2_cpu_utilization_825cc2:3115:3131,0,rolling_64@0.95,4.8793544879126385,110.37353547575601
ec2_cpu_utilization_825cc2:3123:3139,0,rolling_64@0.95,3.733366583068308,110.37353547575601
ec2_cpu_utilization_825cc2:3131:3147,0,rolling_64@0.95,3.733366583068308,110.37353547575601
ec2_cpu_utilization_825cc2:3139:3155,0,rolling_64@0.95,3.568097527845704,110.37353547575601
ec2_cpu_utilization_825cc2:3147:3163,0,rolling_64@0.95,4.540969061206252,110.37353547575601
ec2_cpu_utilization_825cc2:3155:3171,0,rolling_64@0.95,4.571477258673947,110.37353547575601
ec2_cpu_utilization_825cc2:3163:3179,0,rolling_64@0.95,4.571477258673947,110.37353547575601
ec2_cpu_utilization_825cc2:3171:3187,0,rolling_64@0.95,4.317870723703953,110.37353547575601
ec2_cpu_utilization_825cc2:3179:3195,0,rolling_64@0.95,4.317870723703953,110.37353547575601
ec2_cpu_utilization_825cc2:3187:3203,0,rolling_64@0.95,2.6718644664478757,110.37353547575601
ec2_cpu_utilization_825cc2:3195:3211,0,rolling_64@0.95,3.4847684109016943,110.37353547575601
ec2_cpu_utilization_825cc2:3203:3219,0,rolling_64@0.95,3.4847684109016943,110.37353547575601
ec2_cpu_utilization_825cc2:2419:2435,0,rolling_64@0.975,37.359060380775965,155.9480464008918
ec2_cpu_utilization_825cc2:2427:2443,0,rolling_64@0.975,34.835862295381645,155.9480464008918
ec2_cpu_utilization_825cc2:2435:2451,0,rolling_64@0.975,41.76000462609321,155.9480464008918
ec2_cpu_utilization_825cc2:2443:2459,0,rolling_64@0.975,41.76000462609321,155.9480464008918
ec2_cpu_utilization_825cc2:2451:2467,0,rolling_64@0.975,24.13667867025935,155.9480464008918
ec2_cpu_utilization_825cc2:2459:2475,0,rolling_64@0.975,1.480282794553728,155.9480464008918
ec2_cpu_utilization_825cc2:2467:2483,0,rolling_64@0.975,1.480282794553728,155.9480464008918
ec2_cpu_utilization_825cc2:2475:2491,0,rolling_64@0.975,1.7704424838036925,155.9480464008918
ec2_cpu_utilization_825cc2:2483:2499,0,rolling_64@0.975,1.7704424838036925,155.9480464008918
ec2_cpu_utilization_825cc2:2491:2507,0,rolling_64@0.975,1.72768287287206,155.9480464008918
ec2_cpu_utilization_825cc2:2499:2515,0,rolling_64@0.975,1.6438104635029547,155.9480464008918
ec2_cpu_utilization_825cc2:2507:2523,0,rolling_64@0.975,1.97997183635599,155.9480464008918
ec2_cpu_utilization_825cc2:2515:2531,0,rolling_64@0.975,1.97997183635599,155.9480464008918
ec2_cpu_utilization_825cc2:2523:2539,0,rolling_64@0.975,1.9160792336094743,155.9480464008918
ec2_cpu_utilization_825cc2:2531:2547,0,rolling_64@0.975,2.210654905499669,155.9480464008918
ec2_cpu_utilization_825cc2:2539:2555,0,rolling_64@0.975,2.210654905499669,155.9480464008918
ec2_cpu_utilization_825cc2:2547:2563,0,rolling_64@0.975,1.9208073810813813,155.9480464008918
ec2_cpu_utilization_825cc2:2555:2571,0,rolling_64@0.975,3.037604263002873,155.9480464008918
ec2_cpu_utilization_825cc2:2563:2579,0,rolling_64@0.975,3.037604263002873,155.9480464008918
ec2_cpu_utilization_825cc2:2571:2587,0,rolling_64@0.975,2.078708184288697,155.9480464008918
ec2_cpu_utilization_825cc2:2579:2595,0,rolling_64@0.975,2.285867902120059,155.9480464008918
ec2_cpu_utilization_825cc2:2587:2603,0,rolling_64@0.975,2.285867902120059,155.9480464008918
ec2_cpu_utilization_825cc2:2595:2611,0,rolling_64@0.975,2.2568696793779743,155.9480464008918
ec2_cpu_utilization_825cc2:2603:2619,0,rolling_64@0.975,3.2796047042427743,155.9480464008918
ec2_cpu_utilization_825cc2:2611:2627,0,rolling_64@0.975,3.2796047042427743,155.9480464008918
ec2_cpu_utilization_825cc2:2619:2635,0,rolling_64@0.975,2.38963936418351,155.9480464008918
ec2_cpu_utilization_825cc2:2627:2643,0,rolling_64@0.975,2.7685027242924733,155.9480464008918
ec2_cpu_utilization_825cc2:2635:2651,0,rolling_64@0.975,2.7685027242924733,155.9480464008918
ec2_cpu_utilization_825cc2:2643:2659,0,rolling_64@0.975,2.950209852085921,155.9480464008918
ec2_cpu_utilization_825cc2:2651:2667,0,rolling_64@0.975,2.950209852085921,155.9480464008918
ec2_cpu_utilization_825cc2:2659:2675,0,rolling_64@0.975,2.887221421071629,155.9480464008918
ec2_cpu_utilization_825cc2:2667:2683,0,rolling_64@0.975,2.9478477129083713,155.9480464008918
ec2_cpu_utilization_825cc2:2675:2691,0,rolling_64@0.975,3.3306606782010393,155.9480464008918
ec2_cpu_utilization_825cc2:2683:2699,0,rolling_64@0.975,3.3306606782010393,155.9480464008918
ec2_cpu_utilization_825cc2:2691:2707,0,rolling_64@0.975,3.8326080685424944,155.9480464008918
ec2_cpu_utilization_825cc2:2699:2715,0,rolling_64@0.975,3.8326080685424944,155.9480464008918
ec2_cpu_utilization_825cc2:2707:2723,0,rolling_64@0.975,2.768530421433713,155.9480464008918
ec2_cpu_utilization_825cc2:2715:2731,0,rolling_64@0.975,5.676845270296401,155.9480464008918
ec2_cpu_utilization_825cc2:2723:2739,0,rolling_64@0.975,5.676845270296401,155.9480464008918
ec2_cpu_utilization_825cc2:2731:2747,0,rolling_64@0.975,3.8037416476770787,155.9480464008918
ec2_cpu_utilization_825cc2:2739:2755,0,rolling_64@0.975,2.9768846079488673,155.9480464008918
ec2_cpu_utilization_825cc2:2747:2763,0,rolling_64@0.975,2.9768846079488673,155.9480464008918
ec2_cpu_utilization_825cc2:2755:2771,0,rolling_64@0.975,2.098467764159626,155.9480464008918
ec2_cpu_utilization_825cc2:2763:2779,0,rolling_64@0.975,2.352514549579108,155.9480464008918
ec2_cpu_utilization_825cc2:2771:2787,0,rolling_64@0.975,2.5469224946361453,155.9480464008918
ec2_cpu_utilization_825cc2:2779:2795,0,rolling_64@0.975,2.5469224946361453,155.9480464008918
ec2_cpu_utilization_825cc2:2787:2803,0,rolling_64@0.975,2.364386169111833,155.9480464008918
ec2_cpu_utilization_825cc2:2795:2811,0,rolling_64@0.975,2.912523865552077,155.9480464008918
ec2_cpu_utilization_825cc2:2803:2819,0,rolling_64@0.975,2.912523865552077,155.9480464008918
ec2_cpu_utilization_825cc2:2811:2827,0,rolling_64@0.975,3.380897389708934,155.9480464008918
ec2_cpu_utilization_825cc2:2819:2835,0,rolling_64@0.975,3.380897389708934,155.9480464008918
ec2_cpu_utilization_825cc2:2827:2843,0,rolling_64@0.975,2.66372629845797,155.9480464008918
ec2_cpu_utilization_825cc2:2835:2851,0,rolling_64@0.975,2.185787812030818,155.9480464008918
ec2_cpu_utilization_825cc2:2843:2859,0,rolling_64@0.975,2.624729622653801,155.9480464008918
ec2_cpu_utilization_825cc2:2851:2867,0,rolling_64@0.975,2.624729622653801,155.9480464008918
ec2_cpu_utilization_825cc2:2859:2875,0,rolling_64@0.975,2.1782742512949054,155.9480464008918
ec2_cpu_utilization_825cc2:2867:2883,0,rolling_64@0.975,2.5107625790825865,155.9480464008918
ec2_cpu_utilization_825cc2:2875:2891,0,rolling_64@0.975,2.5107625790825865,155.9480464008918
ec2_cpu_utilization_825cc2:2883:2899,0,rolling_64@0.975,1.3604467645933132,155.9480464008918
ec2_cpu_utilization_825cc2:2891:2907,0,rolling_64@0.975,1.7022406052833163,155.9480464008918
ec2_cpu_utilization_825cc2:2899:2915,0,rolling_64@0.975,1.7022406052833163,155.9480464008918
ec2_cpu_utilization_825cc2:2907:2923,0,rolling_64@0.975,2.5186529608992325,155.9480464008918
ec2_cpu_utilization_825cc2:2915:2931,0,rolling_64@0.975,2.790884779352936,155.9480464008918
ec2_cpu_utilization_825cc2:2923:2939,0,rolling_64@0.975,2.790884779352936,155.9480464008918
ec2_cpu_utilization_825cc2:2931:2947,0,rolling_64@0.975,3.408265677832465,155.9480464008918
ec2_cpu_utilization_825cc2:2939:2955,0,rolling_64@0.975,4.273254555008123,155.9480464008918
ec2_cpu_utilization_825cc2:2947:2963,0,rolling_64@0.975,4.273254555008123,155.9480464008918
ec2_cpu_utilization_825cc2:2955:2971,0,rolling_64@0.975,2.34744781634608,155.9480464008918
ec2_cpu_utilization_825cc2:2963:2979,0,rolling_64@0.975,3.374836186843941,155.9480464008918
ec2_cpu_utilization_825cc2:2971:2987,0,rolling_64@0.975,3.374836186843941,155.9480464008918
ec2_cpu_utilization_825cc2:2979:2995,0,rolling_64@0.975,3.028112411207225,155.9480464008918
ec2_cpu_utilization_825cc2:2987:3003,0,rolling_64@0.975,3.5499842775030435,155.9480464008918
ec2_cpu_utilization_825cc2:2995:3011,0,rolling_64@0.975,3.5499842775030435,155.9480464008918
ec2_cpu_utilization_825cc2:3003:3019,0,rolling_64@0.975,4.381636450209653,155.9480464008918
ec2_cpu_utilization_825cc2:3011:3027,0,rolling_64@0.975,5.2979872028540544,155.9480464008918
ec2_cpu_utilization_825cc2:3019:3035,0,rolling_64@0.975,5.2979872028540544,155.9480464008918
ec2_cpu_utilization_825cc2:3027:3043,0,rolling_64@0.975,4.701848841228592,155.9480464008918
ec2_cpu_utilization_825cc2:3035:3051,0,rolling_64@0.975,4.701848841228592,155.9480464008918
ec2_cpu_utilization_825cc2:3043:3059,0,rolling_64@0.975,3.142621201397285,155.9480464008918
ec2_cpu_utilization_825cc2:3051:3067,0,rolling_64@0.975,2.5137726074950817,155.9480464008918
ec2_cpu_utilization_825cc2:3059:3075,0,rolling_64@0.975,2.3867475377689007,155.9480464008918
ec2_cpu_utilization_825cc2:3067:3083,0,rolling_64@0.975,1.52227380011744,155.9480464008918
ec2_cpu_utilization_825cc2:3075:3091,0,rolling_64@0.975,3.9019380427048254,155.9480464008918
ec2_cpu_utilization_825cc2:3083:3099,0,rolling_64@0.975,3.9019380427048254,155.9480464008918
ec2_cpu_utilization_825cc2:3091:3107,0,rolling_64@0.975,3.5883263729314803,155.9480464008918
ec2_cpu_utilization_825cc2:3099:3115,0,rolling_64@0.975,2.313011290860775,155.9480464008918
ec2_cpu_utilization_825cc2:3107:3123,0,rolling_64@0.975,4.8793544879126385,155.9480464008918
ec2_cpu_utilization_825cc2:3115:3131,0,rolling_64@0.975,4.8793544879126385,155.9480464008918
ec2_cpu_utilization_825cc2:3123:3139,0,rolling_64@0.975,3.733366583068308,155.9480464008918
ec2_cpu_utilization_825cc2:3131:3147,0,rolling_64@0.975,3.733366583068308,155.9480464008918
ec2_cpu_utilization_825cc2:3139:3155,0,rolling_64@0.975,3.568097527845704,155.9480464008918
ec2_cpu_utilization_825cc2:3147:3163,0,rolling_64@0.975,4.540969061206252,155.9480464008918
ec2_cpu_utilization_825cc2:3155:3171,0,rolling_64@0.975,4.571477258673947,155.9480464008918
ec2_cpu_utilization_825cc2:3163:3179,0,rolling_64@0.975,4.571477258673947,155.9480464008918
ec2_cpu_utilization_825cc2:3171:3187,0,rolling_64@0.975,4.317870723703953,155.9480464008918
ec2_cpu_utilization_825cc2:3179:3195,0,rolling_64@0.975,4.317870723703953,155.9480464008918
ec2_cpu_utilization_825cc2:3187:3203,0,rolling_64@0.975,2.6718644664478757,155.9480464008918
ec2_cpu_utilization_825cc2:3195:3211,0,rolling_64@0.975,3.4847684109016943,155.9480464008918
ec2_cpu_utilization_825cc2:3203:3219,0,rolling_64@0.975,3.4847684109016943,155.9480464008918
ec2_cpu_utilization_825cc2:2419:2435,0,rolling_64@0.99,37.359060380775965,155.9480464008918
ec2_cpu_utilization_825cc2:2427:2443,0,rolling_64@0.99,34.835862295381645,155.9480464008918
ec2_cpu_utilization_825cc2:2435:2451,0,rolling_64@0.99,41.76000462609321,155.9480464008918
ec2_cpu_utilization_825cc2:2443:2459,0,rolling_64@0.99,41.76000462609321,155.9480464008918
ec2_cpu_utilization_825cc2:2451:2467,0,rolling_64@0.99,24.13667867025935,155.9480464008918
ec2_cpu_utilization_825cc2:2459:2475,0,rolling_64@0.99,1.480282794553728,155.9480464008918
ec2_cpu_utilization_825cc2:2467:2483,0,rolling_64@0.99,1.480282794553728,155.9480464008918
ec2_cpu_utilization_825cc2:2475:2491,0,rolling_64@0.99,1.7704424838036925,155.9480464008918
ec2_cpu_utilization_825cc2:2483:2499,0,rolling_64@0.99,1.7704424838036925,155.9480464008918
ec2_cpu_utilization_825cc2:2491:2507,0,rolling_64@0.99,1.72768287287206,155.9480464008918
ec2_cpu_utilization_825cc2:2499:2515,0,rolling_64@0.99,1.6438104635029547,155.9480464008918
ec2_cpu_utilization_825cc2:2507:2523,0,rolling_64@0.99,1.97997183635599,155.9480464008918
ec2_cpu_utilization_825cc2:2515:2531,0,rolling_64@0.99,1.97997183635599,155.9480464008918
ec2_cpu_utilization_825cc2:2523:2539,0,rolling_64@0.99,1.9160792336094743,155.9480464008918
ec2_cpu_utilization_825cc2:2531:2547,0,rolling_64@0.99,2.210654905499669,155.9480464008918
ec2_cpu_utilization_825cc2:2539:2555,0,rolling_64@0.99,2.210654905499669,155.9480464008918
ec2_cpu_utilization_825cc2:2547:2563,0,rolling_64@0.99,1.9208073810813813,155.9480464008918
ec2_cpu_utilization_825cc2:2555:2571,0,rolling_64@0.99,3.037604263002873,155.9480464008918
ec2_cpu_utilization_825cc2:2563:2579,0,rolling_64@0.99,3.037604263002873,155.9480464008918
ec2_cpu_utilization_825cc2:2571:2587,0,rolling_64@0.99,2.078708184288697,155.9480464008918
ec2_cpu_utilization_825cc2:2579:2595,0,rolling_64@0.99,2.285867902120059,155.9480464008918
ec2_cpu_utilization_825cc2:2587:2603,0,rolling_64@0.99,2.285867902120059,155.9480464008918
ec2_cpu_utilization_825cc2:2595:2611,0,rolling_64@0.99,2.2568696793779743,155.9480464008918
ec2_cpu_utilization_825cc2:2603:2619,0,rolling_64@0.99,3.2796047042427743,155.9480464008918
ec2_cpu_utilization_825cc2:2611:2627,0,rolling_64@0.99,3.2796047042427743,155.9480464008918
ec2_cpu_utilization_825cc2:2619:2635,0,rolling_64@0.99,2.38963936418351,155.9480464008918
ec2_cpu_utilization_825cc2:2627:2643,0,rolling_64@0.99,2.7685027242924733,155.9480464008918
ec2_cpu_utilization_825cc2:2635:2651,0,rolling_64@0.99,2.7685027242924733,155.9480464008918
ec2_cpu_utilization_825cc2:2643:2659,0,rolling_64@0.99,2.950209852085921,155.9480464008918
ec2_cpu_utilization_825cc2:2651:2667,0,rolling_64@0.99,2.950209852085921,155.9480464008918
ec2_cpu_utilization_825cc2:2659:2675,0,rolling_64@0.99,2.887221421071629,155.9480464008918
ec2_cpu_utilization_825cc2:2667:2683,0,rolling_64@0.99,2.9478477129083713,155.9480464008918
ec2_cpu_utilization_825cc2:2675:2691,0,rolling_64@0.99,3.3306606782010393,155.9480464008918
ec2_cpu_utilization_825cc2:2683:2699,0,rolling_64@0.99,3.3306606782010393,155.9480464008918
ec2_cpu_utilization_825cc2:2691:2707,0,rolling_64@0.99,3.8326080685424944,155.9480464008918
ec2_cpu_utilization_825cc2:2699:2715,0,rolling_64@0.99,3.8326080685424944,155.9480464008918
ec2_cpu_utilization_825cc2:2707:2723,0,rolling_64@0.99,2.768530421433713,155.9480464008918
ec2_cpu_utilization_825cc2:2715:2731,0,rolling_64@0.99,5.676845270296401,155.9480464008918
ec2_cpu_utilization_825cc2:2723:2739,0,rolling_64@0.99,5.676845270296401,155.9480464008918
ec2_cpu_utilization_825cc2:2731:2747,0,rolling_64@0.99,3.8037416476770787,155.9480464008918
ec2_cpu_utilization_825cc2:2739:2755,0,rolling_64@0.99,2.9768846079488673,155.9480464008918
ec2_cpu_utilization_825cc2:2747:2763,0,rolling_64@0.99,2.9768846079488673,155.9480464008918
ec2_cpu_utilization_825cc2:2755:2771,0,rolling_64@0.99,2.098467764159626,155.9480464008918
ec2_cpu_utilization_825cc2:2763:2779,0,rolling_64@0.99,2.352514549579108,155.9480464008918
ec2_cpu_utilization_825cc2:2771:2787,0,rolling_64@0.99,2.5469224946361453,155.9480464008918
ec2_cpu_utilization_825cc2:2779:2795,0,rolling_64@0.99,2.5469224946361453,155.9480464008918
ec2_cpu_utilization_825cc2:2787:2803,0,rolling_64@0.99,2.364386169111833,155.9480464008918
ec2_cpu_utilization_825cc2:2795:2811,0,rolling_64@0.99,2.912523865552077,155.9480464008918
ec2_cpu_utilization_825cc2:2803:2819,0,rolling_64@0.99,2.912523865552077,155.9480464008918
ec2_cpu_utilization_825cc2:2811:2827,0,rolling_64@0.99,3.380897389708934,155.9480464008918
ec2_cpu_utilization_825cc2:2819:2835,0,rolling_64@0.99,3.380897389708934,155.9480464008918
ec2_cpu_utilization_825cc2:2827:2843,0,rolling_64@0.99,2.66372629845797,155.9480464008918
ec2_cpu_utilization_825cc2:2835:2851,0,rolling_64@0.99,2.185787812030818,155.9480464008918
ec2_cpu_utilization_825cc2:2843:2859,0,rolling_64@0.99,2.624729622653801,155.9480464008918
ec2_cpu_utilization_825cc2:2851:2867,0,rolling_64@0.99,2.624729622653801,155.9480464008918
ec2_cpu_utilization_825cc2:2859:2875,0,rolling_64@0.99,2.1782742512949054,155.9480464008918
ec2_cpu_utilization_825cc2:2867:2883,0,rolling_64@0.99,2.5107625790825865,155.9480464008918
ec2_cpu_utilization_825cc2:2875:2891,0,rolling_64@0.99,2.5107625790825865,155.9480464008918
ec2_cpu_utilization_825cc2:2883:2899,0,rolling_64@0.99,1.3604467645933132,155.9480464008918
ec2_cpu_utilization_825cc2:2891:2907,0,rolling_64@0.99,1.7022406052833163,155.9480464008918
ec2_cpu_utilization_825cc2:2899:2915,0,rolling_64@0.99,1.7022406052833163,155.9480464008918
ec2_cpu_utilization_825cc2:2907:2923,0,rolling_64@0.99,2.5186529608992325,155.9480464008918
ec2_cpu_utilization_825cc2:2915:2931,0,rolling_64@0.99,2.790884779352936,155.9480464008918
ec2_cpu_utilization_825cc2:2923:2939,0,rolling_64@0.99,2.790884779352936,155.9480464008918
ec2_cpu_utilization_825cc2:2931:2947,0,rolling_64@0.99,3.408265677832465,155.9480464008918
ec2_cpu_utilization_825cc2:2939:2955,0,rolling_64@0.99,4.273254555008123,155.9480464008918
ec2_cpu_utilization_825cc2:2947:2963,0,rolling_64@0.99,4.273254555008123,155.9480464008918
ec2_cpu_utilization_825cc2:2955:2971,0,rolling_64@0.99,2.34744781634608,155.9480464008918
ec2_cpu_utilization_825cc2:2963:2979,0,rolling_64@0.99,3.374836186843941,155.9480464008918
ec2_cpu_utilization_825cc2:2971:2987,0,rolling_64@0.99,3.374836186843941,155.9480464008918
ec2_cpu_utilization_825cc2:2979:2995,0,rolling_64@0.99,3.028112411207225,155.9480464008918
ec2_cpu_utilization_825cc2:2987:3003,0,rolling_64@0.99,3.5499842775030435,155.9480464008918
ec2_cpu_utilization_825cc2:2995:3011,0,rolling_64@0.99,3.5499842775030435,155.9480464008918
ec2_cpu_utilization_825cc2:3003:3019,0,rolling_64@0.99,4.381636450209653,155.9480464008918
ec2_cpu_utilization_825cc2:3011:3027,0,rolling_64@0.99,5.2979872028540544,155.9480464008918
ec2_cpu_utilization_825cc2:3019:3035,0,rolling_64@0.99,5.2979872028540544,155.9480464008918
ec2_cpu_utilization_825cc2:3027:3043,0,rolling_64@0.99,4.701848841228592,155.9480464008918
ec2_cpu_utilization_825cc2:3035:3051,0,rolling_64@0.99,4.701848841228592,155.9480464008918
ec2_cpu_utilization_825cc2:3043:3059,0,rolling_64@0.99,3.142621201397285,155.9480464008918
ec2_cpu_utilization_825cc2:3051:3067,0,rolling_64@0.99,2.5137726074950817,155.9480464008918
ec2_cpu_utilization_825cc2:3059:3075,0,rolling_64@0.99,2.3867475377689007,155.9480464008918
ec2_cpu_utilization_825cc2:3067:3083,0,rolling_64@0.99,1.52227380011744,155.9480464008918
ec2_cpu_utilization_825cc2:3075:3091,0,rolling_64@0.99,3.9019380427048254,155.9480464008918
ec2_cpu_utilization_825cc2:3083:3099,0,rolling_64@0.99,3.9019380427048254,155.9480464008918
ec2_cpu_utilization_825cc2:3091:3107,0,rolling_64@0.99,3.5883263729314803,155.9480464008918
ec2_cpu_utilization_825cc2:3099:3115,0,rolling_64@0.99,2.313011290860775,155.9480464008918
ec2_cpu_utilization_825cc2:3107:3123,0,rolling_64@0.99,4.8793544879126385,155.9480464008918
ec2_cpu_utilization_825cc2:3115:3131,0,rolling_64@0.99,4.8793544879126385,155.9480464008918
ec2_cpu_utilization_825cc2:3123:3139,0,rolling_64@0.99,3.733366583068308,155.9480464008918
ec2_cpu_utilization_825cc2:3131:3147,0,rolling_64@0.99,3.733366583068308,155.9480464008918
ec2_cpu_utilization_825cc2:3139:3155,0,rolling_64@0.99,3.568097527845704,155.9480464008918
ec2_cpu_utilization_825cc2:3147:3163,0,rolling_64@0.99,4.540969061206252,155.9480464008918
ec2_cpu_utilization_825cc2:3155:3171,0,rolling_64@0.99,4.571477258673947,155.9480464008918
ec2_cpu_utilization_825cc2:3163:3179,0,rolling_64@0.99,4.571477258673947,155.9480464008918
ec2_cpu_utilization_825cc2:3171:3187,0,rolling_64@0.99,4.317870723703953,155.9480464008918
ec2_cpu_utilization_825cc2:3179:3195,0,rolling_64@0.99,4.317870723703953,155.9480464008918
ec2_cpu_utilization_825cc2:3187:3203,0,rolling_64@0.99,2.6718644664478757,155.9480464008918
ec2_cpu_utilization_825cc2:3195:3211,0,rolling_64@0.99,3.4847684109016943,155.9480464008918
ec2_cpu_utilization_825cc2:3203:3219,0,rolling_64@0.99,3.4847684109016943,155.9480464008918
ec2_cpu_utilization_825cc2:2419:2435,0,rolling_128@0.95,37.359060380775965,137.8685843149342
ec2_cpu_utilization_825cc2:2427:2443,0,rolling_128@0.95,34.835862295381645,137.8685843149342
ec2_cpu_utilization_825cc2:2435:2451,0,rolling_128@0.95,41.76000462609321,137.8685843149342
ec2_cpu_utilization_825cc2:2443:2459,0,rolling_128@0.95,45.83820425507307,137.8685843149342
ec2_cpu_utilization_825cc2:2451:2467,0,rolling_128@0.95,45.83820425507307,137.8685843149342
ec2_cpu_utilization_825cc2:2459:2475,0,rolling_128@0.95,49.50565157497022,137.8685843149342
ec2_cpu_utilization_825cc2:2467:2483,0,rolling_128@0.95,49.50565157497022,137.8685843149342
ec2_cpu_utilization_825cc2:2475:2491,0,rolling_128@0.95,34.43488447358137,137.8685843149342
ec2_cpu_utilization_825cc2:2483:2499,0,rolling_128@0.95,10.075311384594242,137.8685843149342
ec2_cpu_utilization_825cc2:2491:2507,0,rolling_128@0.95,3.0866049384066367,137.8685843149342
ec2_cpu_utilization_825cc2:2499:2515,0,rolling_128@0.95,0.9873881989174775,137.8685843149342
ec2_cpu_utilization_825cc2:2507:2523,0,rolling_128@0.95,0.8555047071007936,137.8685843149342
ec2_cpu_utilization_825cc2:2515:2531,0,rolling_128@0.95,1.2686293364060464,137.8685843149342
ec2_cpu_utilization_825cc2:2523:2539,0,rolling_128@0.95,1.2686293364060464,137.8685843149342
ec2_cpu_utilization_825cc2:2531:2547,0,rolling_128@0.95,1.802864555128468,137.8685843149342
ec2_cpu_utilization_825cc2:2539:2555,0,rolling_128@0.95,1.802864555128468,137.8685843149342
ec2_cpu_utilization_825cc2:2547:2563,0,rolling_128@0.95,1.758936418036569,137.8685843149342
ec2_cpu_utilization_825cc2:2555:2571,0,rolling_128@0.95,2.794494501299516,137.8685843149342
ec2_cpu_utilization_825cc2:2563:2579,0,rolling_128@0.95,2.794494501299516,137.8685843149342
ec2_cpu_utilization_825cc2:2571:2587,0,rolling_128@0.95,2.140422065510911,137.8685843149342
ec2_cpu_utilization_825cc2:2579:2595,0,rolling_128@0.95,2.382882687532158,137.8685843149342
ec2_cpu_utilization_825cc2:2587:2603,0,rolling_128@0.95,2.382882687532158,137.8685843149342
ec2_cpu_utilization_825cc2:2595:2611,0,rolling_128@0.95,1.9560657732192805,137.8685843149342
ec2_cpu_utilization_825cc2:2603:2619,0,rolling_128@0.95,2.743896628957782,137.8685843149342
ec2_cpu_utilization_825cc2:2611:2627,0,rolling_128@0.95,2.743896628957782,137.8685843149342
ec2_cpu_utilization_825cc2:2619:2635,0,rolling_128@0.95,2.3795449355910767,137.8685843149342
ec2_cpu_utilization_825cc2:2627:2643,0,rolling_128@0.95,2.661287849195285,137.8685843149342
ec2_cpu_utilization_825cc2:2635:2651,0,rolling_128@0.95,2.661287849195285,137.8685843149342
ec2_cpu_utilization_825cc2:2643:2659,0,rolling_128@0.95,2.5556152598148416,137.8685843149342
ec2_cpu_utilization_825cc2:2651:2667,0,rolling_128@0.95,2.8019941799996273,137.8685843149342
ec2_cpu_utilization_825cc2:2659:2675,0,rolling_128@0.95,2.8019941799996273,137.8685843149342
ec2_cpu_utilization_825cc2:2667:2683,0,rolling_128@0.95,3.175461434098614,137.8685843149342
ec2_cpu_utilization_825cc2:2675:2691,0,rolling_128@0.95,3.175461434098614,137.8685843149342
ec2_cpu_utilization_825cc2:2683:2699,0,rolling_128@0.95,2.697963037906381,137.8685843149342
ec2_cpu_utilization_825cc2:2691:2707,0,rolling_128@0.95,2.967759341697019,137.8685843149342
ec2_cpu_utilization_825cc2:2699:2715,0,rolling_128@0.95,2.967759341697019,137.8685843149342
ec2_cpu_utilization_825cc2:2707:2723,0,rolling_128@0.95,2.6622386573701027,137.8685843149342
ec2_cpu_utilization_825cc2:2715:2731,0,rolling_128@0.95,4.530671040616018,137.8685843149342
ec2_cpu_utilization_825cc2:2723:2739,0,rolling_128@0.95,4.530671040616018,137.8685843149342
ec2_cpu_utilization_825cc2:2731:2747,0,rolling_128@0.95,3.205000337993598,137.8685843149342
ec2_cpu_utilization_825cc2:2739:2755,0,rolling_128@0.95,2.987768462846779,137.8685843149342
ec2_cpu_utilization_825cc2:2747:2763,0,rolling_128@0.95,2.987768462846779,137.8685843149342
ec2_cpu_utilization_825cc2:2755:2771,0,rolling_128@0.95,2.250048718991704,137.8685843149342
ec2_cpu_utilization_825cc2:2763:2779,0,rolling_128@0.95,2.6440245491003456,137.8685843149342
ec2_cpu_utilization_825cc2:2771:2787,0,rolling_128@0.95,3.3174884686810513,137.8685843149342
ec2_cpu_utilization_825cc2:2779:2795,0,rolling_128@0.95,3.3174884686810513,137.8685843149342
ec2_cpu_utilization_825cc2:2787:2803,0,rolling_128@0.95,3.206848817272847,137.8685843149342
ec2_cpu_utilization_825cc2:2795:2811,0,rolling_128@0.95,3.206848817272847,137.8685843149342
ec2_cpu_utilization_825cc2:2803:2819,0,rolling_128@0.95,2.92108305041418,137.8685843149342
ec2_cpu_utilization_825cc2:2811:2827,0,rolling_128@0.95,3.7027650683968356,137.8685843149342
ec2_cpu_utilization_825cc2:2819:2835,0,rolling_128@0.95,3.7027650683968356,137.8685843149342
ec2_cpu_utilization_825cc2:2827:2843,0,rolling_128@0.95,2.234578768420044,137.8685843149342
ec2_cpu_utilization_825cc2:2835:2851,0,rolling_128@0.95,2.0713157230586874,137.8685843149342
ec2_cpu_utilization_825cc2:2843:2859,0,rolling_128@0.95,2.57640673611135,137.8685843149342
ec2_cpu_utilization_825cc2:2851:2867,0,rolling_128@0.95,2.57640673611135,137.8685843149342
ec2_cpu_utilization_825cc2:2859:2875,0,rolling_128@0.95,2.736285400516368,137.8685843149342
ec2_cpu_utilization_825cc2:2867:2883,0,rolling_128@0.95,2.736285400516368,137.8685843149342
ec2_cpu_utilization_825cc2:2875:2891,0,rolling_128@0.95,2.591184441585222,137.8685843149342
ec2_cpu_utilization_825cc2:2883:2899,0,rolling_128@0.95,1.5465809077606147,137.8685843149342
ec2_cpu_utilization_825cc2:2891:2907,0,rolling_128@0.95,2.0329305869360086,137.8685843149342
ec2_cpu_utilization_825cc2:2899:2915,0,rolling_128@0.95,2.0329305869360086,137.8685843149342
ec2_cpu_utilization_825cc2:2907:2923,0,rolling_128@0.95,2.3781960591759397,137.8685843149342
ec2_cpu_utilization_825cc2:2915:2931,0,rolling_128@0.95,3.0018197139743297,137.8685843149342
ec2_cpu_utilization_825cc2:2923:2939,0,rolling_128@0.95,3.0018197139743297,137.8685843149342
ec2_cpu_utilization_825cc2:2931:2947,0,rolling_128@0.95,3.2563693289204787,137.8685843149342
ec2_cpu_utilization_825cc2:2939:2955,0,rolling_128@0.95,3.872041361172137,137.8685843149342
ec2_cpu_utilization_825cc2:2947:2963,0,rolling_128@0.95,3.872041361172137,137.8685843149342
ec2_cpu_utilization_825cc2:2955:2971,0,rolling_128@0.95,2.335311876933287,137.8685843149342
ec2_cpu_utilization_825cc2:2963:2979,0,rolling_128@0.95,2.9370628328937705,137.8685843149342
ec2_cpu_utilization_825cc2:2971:2987,0,rolling_128@0.95,2.9370628328937705,137.8685843149342
ec2_cpu_utilization_825cc2:2979:2995,0,rolling_128@0.95,2.8207967052919884,137.8685843149342
ec2_cpu_utilization_825cc2:2987:3003,0,rolling_128@0.95,3.119303142927451,137.8685843149342
ec2_cpu_utilization_825cc2:2995:3011,0,rolling_128@0.95,3.119303142927451,137.8685843149342
ec2_cpu_utilization_825cc2:3003:3019,0,rolling_128@0.95,2.9689368438474606,137.8685843149342
ec2_cpu_utilization_825cc2:3011:3027,0,rolling_128@0.95,3.7109192440601726,137.8685843149342
ec2_cpu_utilization_825cc2:3019:3035,0,rolling_128@0.95,3.7109192440601726,137.8685843149342
ec2_cpu_utilization_825cc2:3027:3043,0,rolling_128@0.95,3.5329859267132897,137.8685843149342
ec2_cpu_utilization_825cc2:3035:3051,0,rolling_128@0.95,3.5329859267132897,137.8685843149342
ec2_cpu_utilization_825cc2:3043:3059,0,rolling_128@0.95,2.5620297683617776,137.8685843149342
ec2_cpu_utilization_825cc2:3051:3067,0,rolling_128@0.95,2.6300707706099393,137.8685843149342
ec2_cpu_utilization_825cc2:3059:3075,0,rolling_128@0.95,2.6300707706099393,137.8685843149342
ec2_cpu_utilization_825cc2:3067:3083,0,rolling_128@0.95,1.984399142477629,137.8685843149342
ec2_cpu_utilization_825cc2:3075:3091,0,rolling_128@0.95,5.094850877057466,137.8685843149342
ec2_cpu_utilization_825cc2:3083:3099,0,rolling_128@0.95,5.094850877057466,137.8685843149342
ec2_cpu_utilization_825cc2:3091:3107,0,rolling_128@0.95,4.573457564144058,137.8685843149342
ec2_cpu_utilization_825cc2:3099:3115,0,rolling_128@0.95,2.959095362106898,137.8685843149342
ec2_cpu_utilization_825cc2:3107:3123,0,rolling_128@0.95,4.885269267724337,137.8685843149342
ec2_cpu_utilization_825cc2:3115:3131,0,rolling_128@0.95,4.885269267724337,137.8685843149342
ec2_cpu_utilization_825cc2:3123:3139,0,rolling_128@0.95,3.4800322044179257,137.8685843149342
ec2_cpu_utilization_825cc2:3131:3147,0,rolling_128@0.95,3.4800322044179257,137.8685843149342
ec2_cpu_utilization_825cc2:3139:3155,0,rolling_128@0.95,3.288056748022567,137.8685843149342
ec2_cpu_utilization_825cc2:3147:3163,0,rolling_128@0.95,3.8488747997878017,137.8685843149342
ec2_cpu_utilization_825cc2:3155:3171,0,rolling_128@0.95,3.8488747997878017,137.8685843149342
ec2_cpu_utilization_825cc2:3163:3179,0,rolling_128@0.95,3.812516001694239,137.8685843149342
ec2_cpu_utilization_825cc2:3171:3187,0,rolling_128@0.95,4.32548534930329,137.8685843149342
ec2_cpu_utilization_825cc2:3179:3195,0,rolling_128@0.95,4.32548534930329,137.8685843149342
ec2_cpu_utilization_825cc2:3187:3203,0,rolling_128@0.95,2.8193279398158126,137.8685843149342
ec2_cpu_utilization_825cc2:3195:3211,0,rolling_128@0.95,4.195896006676035,137.8685843149342
ec2_cpu_utilization_825cc2:3203:3219,0,rolling_128@0.95,4.195896006676035,137.8685843149342
ec2_cpu_utilization_825cc2:2419:2435,0,rolling_128@0.975,37.359060380775965,152.7899156292579
ec2_cpu_utilization_825cc2:2427:2443,0,rolling_128@0.975,34.835862295381645,152.7899156292579
ec2_cpu_utilization_825cc2:2435:2451,0,rolling_128@0.975,41.76000462609321,152.7899156292579
ec2_cpu_utilization_825cc2:2443:2459,0,rolling_128@0.975,45.83820425507307,152.7899156292579
ec2_cpu_utilization_825cc2:2451:2467,0,rolling_128@0.975,45.83820425507307,152.7899156292579
ec2_cpu_utilization_825cc2:2459:2475,0,rolling_128@0.975,49.50565157497022,152.7899156292579
ec2_cpu_utilization_825cc2:2467:2483,0,rolling_128@0.975,49.50565157497022,152.7899156292579
ec2_cpu_utilization_825cc2:2475:2491,0,rolling_128@0.975,34.43488447358137,152.7899156292579
ec2_cpu_utilization_825cc2:2483:2499,0,rolling_128@0.975,10.075311384594242,152.7899156292579
ec2_cpu_utilization_825cc2:2491:2507,0,rolling_128@0.975,3.0866049384066367,152.7899156292579
ec2_cpu_utilization_825cc2:2499:2515,0,rolling_128@0.975,0.9873881989174775,152.7899156292579
ec2_cpu_utilization_825cc2:2507:2523,0,rolling_128@0.975,0.8555047071007936,152.7899156292579
ec2_cpu_utilization_825cc2:2515:2531,0,rolling_128@0.975,1.2686293364060464,152.7899156292579
ec2_cpu_utilization_825cc2:2523:2539,0,rolling_128@0.975,1.2686293364060464,152.7899156292579
ec2_cpu_utilization_825cc2:2531:2547,0,rolling_128@0.975,1.802864555128468,152.7899156292579
ec2_cpu_utilization_825cc2:2539:2555,0,rolling_128@0.975,1.802864555128468,152.7899156292579
ec2_cpu_utilization_825cc2:2547:2563,0,rolling_128@0.975,1.758936418036569,152.7899156292579
ec2_cpu_utilization_825cc2:2555:2571,0,rolling_128@0.975,2.794494501299516,152.7899156292579
ec2_cpu_utilization_825cc2:2563:2579,0,rolling_128@0.975,2.794494501299516,152.7899156292579
ec2_cpu_utilization_825cc2:2571:2587,0,rolling_128@0.975,2.140422065510911,152.7899156292579
ec2_cpu_utilization_825cc2:2579:2595,0,rolling_128@0.975,2.382882687532158,152.7899156292579
ec2_cpu_utilization_825cc2:2587:2603,0,rolling_128@0.975,2.382882687532158,152.7899156292579
ec2_cpu_utilization_825cc2:2595:2611,0,rolling_128@0.975,1.9560657732192805,152.7899156292579
ec2_cpu_utilization_825cc2:2603:2619,0,rolling_128@0.975,2.743896628957782,152.7899156292579
ec2_cpu_utilization_825cc2:2611:2627,0,rolling_128@0.975,2.743896628957782,152.7899156292579
ec2_cpu_utilization_825cc2:2619:2635,0,rolling_128@0.975,2.3795449355910767,152.7899156292579
ec2_cpu_utilization_825cc2:2627:2643,0,rolling_128@0.975,2.661287849195285,152.7899156292579
ec2_cpu_utilization_825cc2:2635:2651,0,rolling_128@0.975,2.661287849195285,152.7899156292579
ec2_cpu_utilization_825cc2:2643:2659,0,rolling_128@0.975,2.5556152598148416,152.7899156292579
ec2_cpu_utilization_825cc2:2651:2667,0,rolling_128@0.975,2.8019941799996273,152.7899156292579
ec2_cpu_utilization_825cc2:2659:2675,0,rolling_128@0.975,2.8019941799996273,152.7899156292579
ec2_cpu_utilization_825cc2:2667:2683,0,rolling_128@0.975,3.175461434098614,152.7899156292579
ec2_cpu_utilization_825cc2:2675:2691,0,rolling_128@0.975,3.175461434098614,152.7899156292579
ec2_cpu_utilization_825cc2:2683:2699,0,rolling_128@0.975,2.697963037906381,152.7899156292579
ec2_cpu_utilization_825cc2:2691:2707,0,rolling_128@0.975,2.967759341697019,152.7899156292579
ec2_cpu_utilization_825cc2:2699:2715,0,rolling_128@0.975,2.967759341697019,152.7899156292579
ec2_cpu_utilization_825cc2:2707:2723,0,rolling_128@0.975,2.6622386573701027,152.7899156292579
ec2_cpu_utilization_825cc2:2715:2731,0,rolling_128@0.975,4.530671040616018,152.7899156292579
ec2_cpu_utilization_825cc2:2723:2739,0,rolling_128@0.975,4.530671040616018,152.7899156292579
ec2_cpu_utilization_825cc2:2731:2747,0,rolling_128@0.975,3.205000337993598,152.7899156292579
ec2_cpu_utilization_825cc2:2739:2755,0,rolling_128@0.975,2.987768462846779,152.7899156292579
ec2_cpu_utilization_825cc2:2747:2763,0,rolling_128@0.975,2.987768462846779,152.7899156292579
ec2_cpu_utilization_825cc2:2755:2771,0,rolling_128@0.975,2.250048718991704,152.7899156292579
ec2_cpu_utilization_825cc2:2763:2779,0,rolling_128@0.975,2.6440245491003456,152.7899156292579
ec2_cpu_utilization_825cc2:2771:2787,0,rolling_128@0.975,3.3174884686810513,152.7899156292579
ec2_cpu_utilization_825cc2:2779:2795,0,rolling_128@0.975,3.3174884686810513,152.7899156292579
ec2_cpu_utilization_825cc2:2787:2803,0,rolling_128@0.975,3.206848817272847,152.7899156292579
ec2_cpu_utilization_825cc2:2795:2811,0,rolling_128@0.975,3.206848817272847,152.7899156292579
ec2_cpu_utilization_825cc2:2803:2819,0,rolling_128@0.975,2.92108305041418,152.7899156292579
ec2_cpu_utilization_825cc2:2811:2827,0,rolling_128@0.975,3.7027650683968356,152.7899156292579
ec2_cpu_utilization_825cc2:2819:2835,0,rolling_128@0.975,3.7027650683968356,152.7899156292579
ec2_cpu_utilization_825cc2:2827:2843,0,rolling_128@0.975,2.234578768420044,152.7899156292579
ec2_cpu_utilization_825cc2:2835:2851,0,rolling_128@0.975,2.0713157230586874,152.7899156292579
ec2_cpu_utilization_825cc2:2843:2859,0,rolling_128@0.975,2.57640673611135,152.7899156292579
ec2_cpu_utilization_825cc2:2851:2867,0,rolling_128@0.975,2.57640673611135,152.7899156292579
ec2_cpu_utilization_825cc2:2859:2875,0,rolling_128@0.975,2.736285400516368,152.7899156292579
ec2_cpu_utilization_825cc2:2867:2883,0,rolling_128@0.975,2.736285400516368,152.7899156292579
ec2_cpu_utilization_825cc2:2875:2891,0,rolling_128@0.975,2.591184441585222,152.7899156292579
ec2_cpu_utilization_825cc2:2883:2899,0,rolling_128@0.975,1.5465809077606147,152.7899156292579
ec2_cpu_utilization_825cc2:2891:2907,0,rolling_128@0.975,2.0329305869360086,152.7899156292579
ec2_cpu_utilization_825cc2:2899:2915,0,rolling_128@0.975,2.0329305869360086,152.7899156292579
ec2_cpu_utilization_825cc2:2907:2923,0,rolling_128@0.975,2.3781960591759397,152.7899156292579
ec2_cpu_utilization_825cc2:2915:2931,0,rolling_128@0.975,3.0018197139743297,152.7899156292579
ec2_cpu_utilization_825cc2:2923:2939,0,rolling_128@0.975,3.0018197139743297,152.7899156292579
ec2_cpu_utilization_825cc2:2931:2947,0,rolling_128@0.975,3.2563693289204787,152.7899156292579
ec2_cpu_utilization_825cc2:2939:2955,0,rolling_128@0.975,3.872041361172137,152.7899156292579
ec2_cpu_utilization_825cc2:2947:2963,0,rolling_128@0.975,3.872041361172137,152.7899156292579
ec2_cpu_utilization_825cc2:2955:2971,0,rolling_128@0.975,2.335311876933287,152.7899156292579
ec2_cpu_utilization_825cc2:2963:2979,0,rolling_128@0.975,2.9370628328937705,152.7899156292579
ec2_cpu_utilization_825cc2:2971:2987,0,rolling_128@0.975,2.9370628328937705,152.7899156292579
ec2_cpu_utilization_825cc2:2979:2995,0,rolling_128@0.975,2.8207967052919884,152.7899156292579
ec2_cpu_utilization_825cc2:2987:3003,0,rolling_128@0.975,3.119303142927451,152.7899156292579
ec2_cpu_utilization_825cc2:2995:3011,0,rolling_128@0.975,3.119303142927451,152.7899156292579
ec2_cpu_utilization_825cc2:3003:3019,0,rolling_128@0.975,2.9689368438474606,152.7899156292579
ec2_cpu_utilization_825cc2:3011:3027,0,rolling_128@0.975,3.7109192440601726,152.7899156292579
ec2_cpu_utilization_825cc2:3019:3035,0,rolling_128@0.975,3.7109192440601726,152.7899156292579
ec2_cpu_utilization_825cc2:3027:3043,0,rolling_128@0.975,3.5329859267132897,152.7899156292579
ec2_cpu_utilization_825cc2:3035:3051,0,rolling_128@0.975,3.5329859267132897,152.7899156292579
ec2_cpu_utilization_825cc2:3043:3059,0,rolling_128@0.975,2.5620297683617776,152.7899156292579
ec2_cpu_utilization_825cc2:3051:3067,0,rolling_128@0.975,2.6300707706099393,152.7899156292579
ec2_cpu_utilization_825cc2:3059:3075,0,rolling_128@0.975,2.6300707706099393,152.7899156292579
ec2_cpu_utilization_825cc2:3067:3083,0,rolling_128@0.975,1.984399142477629,152.7899156292579
ec2_cpu_utilization_825cc2:3075:3091,0,rolling_128@0.975,5.094850877057466,152.7899156292579
ec2_cpu_utilization_825cc2:3083:3099,0,rolling_128@0.975,5.094850877057466,152.7899156292579
ec2_cpu_utilization_825cc2:3091:3107,0,rolling_128@0.975,4.573457564144058,152.7899156292579
ec2_cpu_utilization_825cc2:3099:3115,0,rolling_128@0.975,2.959095362106898,152.7899156292579
ec2_cpu_utilization_825cc2:3107:3123,0,rolling_128@0.975,4.885269267724337,152.7899156292579
ec2_cpu_utilization_825cc2:3115:3131,0,rolling_128@0.975,4.885269267724337,152.7899156292579
ec2_cpu_utilization_825cc2:3123:3139,0,rolling_128@0.975,3.4800322044179257,152.7899156292579
ec2_cpu_utilization_825cc2:3131:3147,0,rolling_128@0.975,3.4800322044179257,152.7899156292579
ec2_cpu_utilization_825cc2:3139:3155,0,rolling_128@0.975,3.288056748022567,152.7899156292579
ec2_cpu_utilization_825cc2:3147:3163,0,rolling_128@0.975,3.8488747997878017,152.7899156292579
ec2_cpu_utilization_825cc2:3155:3171,0,rolling_128@0.975,3.8488747997878017,152.7899156292579
ec2_cpu_utilization_825cc2:3163:3179,0,rolling_128@0.975,3.812516001694239,152.7899156292579
ec2_cpu_utilization_825cc2:3171:3187,0,rolling_128@0.975,4.32548534930329,152.7899156292579
ec2_cpu_utilization_825cc2:3179:3195,0,rolling_128@0.975,4.32548534930329,152.7899156292579
ec2_cpu_utilization_825cc2:3187:3203,0,rolling_128@0.975,2.8193279398158126,152.7899156292579
ec2_cpu_utilization_825cc2:3195:3211,0,rolling_128@0.975,4.195896006676035,152.7899156292579
ec2_cpu_utilization_825cc2:3203:3219,0,rolling_128@0.975,4.195896006676035,152.7899156292579
ec2_cpu_utilization_825cc2:2419:2435,0,rolling_128@0.99,37.359060380775965,152.7899156292579
ec2_cpu_utilization_825cc2:2427:2443,0,rolling_128@0.99,34.835862295381645,152.7899156292579
ec2_cpu_utilization_825cc2:2435:2451,0,rolling_128@0.99,41.76000462609321,152.7899156292579
ec2_cpu_utilization_825cc2:2443:2459,0,rolling_128@0.99,45.83820425507307,152.7899156292579
ec2_cpu_utilization_825cc2:2451:2467,0,rolling_128@0.99,45.83820425507307,152.7899156292579
ec2_cpu_utilization_825cc2:2459:2475,0,rolling_128@0.99,49.50565157497022,152.7899156292579
ec2_cpu_utilization_825cc2:2467:2483,0,rolling_128@0.99,49.50565157497022,152.7899156292579
ec2_cpu_utilization_825cc2:2475:2491,0,rolling_128@0.99,34.43488447358137,152.7899156292579
ec2_cpu_utilization_825cc2:2483:2499,0,rolling_128@0.99,10.075311384594242,152.7899156292579
ec2_cpu_utilization_825cc2:2491:2507,0,rolling_128@0.99,3.0866049384066367,152.7899156292579
ec2_cpu_utilization_825cc2:2499:2515,0,rolling_128@0.99,0.9873881989174775,152.7899156292579
ec2_cpu_utilization_825cc2:2507:2523,0,rolling_128@0.99,0.8555047071007936,152.7899156292579
ec2_cpu_utilization_825cc2:2515:2531,0,rolling_128@0.99,1.2686293364060464,152.7899156292579
ec2_cpu_utilization_825cc2:2523:2539,0,rolling_128@0.99,1.2686293364060464,152.7899156292579
ec2_cpu_utilization_825cc2:2531:2547,0,rolling_128@0.99,1.802864555128468,152.7899156292579
ec2_cpu_utilization_825cc2:2539:2555,0,rolling_128@0.99,1.802864555128468,152.7899156292579
ec2_cpu_utilization_825cc2:2547:2563,0,rolling_128@0.99,1.758936418036569,152.7899156292579
ec2_cpu_utilization_825cc2:2555:2571,0,rolling_128@0.99,2.794494501299516,152.7899156292579
ec2_cpu_utilization_825cc2:2563:2579,0,rolling_128@0.99,2.794494501299516,152.7899156292579
ec2_cpu_utilization_825cc2:2571:2587,0,rolling_128@0.99,2.140422065510911,152.7899156292579
ec2_cpu_utilization_825cc2:2579:2595,0,rolling_128@0.99,2.382882687532158,152.7899156292579
ec2_cpu_utilization_825cc2:2587:2603,0,rolling_128@0.99,2.382882687532158,152.7899156292579
ec2_cpu_utilization_825cc2:2595:2611,0,rolling_128@0.99,1.9560657732192805,152.7899156292579
ec2_cpu_utilization_825cc2:2603:2619,0,rolling_128@0.99,2.743896628957782,152.7899156292579
ec2_cpu_utilization_825cc2:2611:2627,0,rolling_128@0.99,2.743896628957782,152.7899156292579
ec2_cpu_utilization_825cc2:2619:2635,0,rolling_128@0.99,2.3795449355910767,152.7899156292579
ec2_cpu_utilization_825cc2:2627:2643,0,rolling_128@0.99,2.661287849195285,152.7899156292579
ec2_cpu_utilization_825cc2:2635:2651,0,rolling_128@0.99,2.661287849195285,152.7899156292579
ec2_cpu_utilization_825cc2:2643:2659,0,rolling_128@0.99,2.5556152598148416,152.7899156292579
ec2_cpu_utilization_825cc2:2651:2667,0,rolling_128@0.99,2.8019941799996273,152.7899156292579
ec2_cpu_utilization_825cc2:2659:2675,0,rolling_128@0.99,2.8019941799996273,152.7899156292579
ec2_cpu_utilization_825cc2:2667:2683,0,rolling_128@0.99,3.175461434098614,152.7899156292579
ec2_cpu_utilization_825cc2:2675:2691,0,rolling_128@0.99,3.175461434098614,152.7899156292579
ec2_cpu_utilization_825cc2:2683:2699,0,rolling_128@0.99,2.697963037906381,152.7899156292579
ec2_cpu_utilization_825cc2:2691:2707,0,rolling_128@0.99,2.967759341697019,152.7899156292579
ec2_cpu_utilization_825cc2:2699:2715,0,rolling_128@0.99,2.967759341697019,152.7899156292579
ec2_cpu_utilization_825cc2:2707:2723,0,rolling_128@0.99,2.6622386573701027,152.7899156292579
ec2_cpu_utilization_825cc2:2715:2731,0,rolling_128@0.99,4.530671040616018,152.7899156292579
ec2_cpu_utilization_825cc2:2723:2739,0,rolling_128@0.99,4.530671040616018,152.7899156292579
ec2_cpu_utilization_825cc2:2731:2747,0,rolling_128@0.99,3.205000337993598,152.7899156292579
ec2_cpu_utilization_825cc2:2739:2755,0,rolling_128@0.99,2.987768462846779,152.7899156292579
ec2_cpu_utilization_825cc2:2747:2763,0,rolling_128@0.99,2.987768462846779,152.7899156292579
ec2_cpu_utilization_825cc2:2755:2771,0,rolling_128@0.99,2.250048718991704,152.7899156292579
ec2_cpu_utilization_825cc2:2763:2779,0,rolling_128@0.99,2.6440245491003456,152.7899156292579
ec2_cpu_utilization_825cc2:2771:2787,0,rolling_128@0.99,3.3174884686810513,152.7899156292579
ec2_cpu_utilization_825cc2:2779:2795,0,rolling_128@0.99,3.3174884686810513,152.7899156292579
ec2_cpu_utilization_825cc2:2787:2803,0,rolling_128@0.99,3.206848817272847,152.7899156292579
ec2_cpu_utilization_825cc2:2795:2811,0,rolling_128@0.99,3.206848817272847,152.7899156292579
ec2_cpu_utilization_825cc2:2803:2819,0,rolling_128@0.99,2.92108305041418,152.7899156292579
ec2_cpu_utilization_825cc2:2811:2827,0,rolling_128@0.99,3.7027650683968356,152.7899156292579
ec2_cpu_utilization_825cc2:2819:2835,0,rolling_128@0.99,3.7027650683968356,152.7899156292579
ec2_cpu_utilization_825cc2:2827:2843,0,rolling_128@0.99,2.234578768420044,152.7899156292579
ec2_cpu_utilization_825cc2:2835:2851,0,rolling_128@0.99,2.0713157230586874,152.7899156292579
ec2_cpu_utilization_825cc2:2843:2859,0,rolling_128@0.99,2.57640673611135,152.7899156292579
ec2_cpu_utilization_825cc2:2851:2867,0,rolling_128@0.99,2.57640673611135,152.7899156292579
ec2_cpu_utilization_825cc2:2859:2875,0,rolling_128@0.99,2.736285400516368,152.7899156292579
ec2_cpu_utilization_825cc2:2867:2883,0,rolling_128@0.99,2.736285400516368,152.7899156292579
ec2_cpu_utilization_825cc2:2875:2891,0,rolling_128@0.99,2.591184441585222,152.7899156292579
ec2_cpu_utilization_825cc2:2883:2899,0,rolling_128@0.99,1.5465809077606147,152.7899156292579
ec2_cpu_utilization_825cc2:2891:2907,0,rolling_128@0.99,2.0329305869360086,152.7899156292579
ec2_cpu_utilization_825cc2:2899:2915,0,rolling_128@0.99,2.0329305869360086,152.7899156292579
ec2_cpu_utilization_825cc2:2907:2923,0,rolling_128@0.99,2.3781960591759397,152.7899156292579
ec2_cpu_utilization_825cc2:2915:2931,0,rolling_128@0.99,3.0018197139743297,152.7899156292579
ec2_cpu_utilization_825cc2:2923:2939,0,rolling_128@0.99,3.0018197139743297,152.7899156292579
ec2_cpu_utilization_825cc2:2931:2947,0,rolling_128@0.99,3.2563693289204787,152.7899156292579
ec2_cpu_utilization_825cc2:2939:2955,0,rolling_128@0.99,3.872041361172137,152.7899156292579
ec2_cpu_utilization_825cc2:2947:2963,0,rolling_128@0.99,3.872041361172137,152.7899156292579
ec2_cpu_utilization_825cc2:2955:2971,0,rolling_128@0.99,2.335311876933287,152.7899156292579
ec2_cpu_utilization_825cc2:2963:2979,0,rolling_128@0.99,2.9370628328937705,152.7899156292579
ec2_cpu_utilization_825cc2:2971:2987,0,rolling_128@0.99,2.9370628328937705,152.7899156292579
ec2_cpu_utilization_825cc2:2979:2995,0,rolling_128@0.99,2.8207967052919884,152.7899156292579
ec2_cpu_utilization_825cc2:2987:3003,0,rolling_128@0.99,3.119303142927451,152.7899156292579
ec2_cpu_utilization_825cc2:2995:3011,0,rolling_128@0.99,3.119303142927451,152.7899156292579
ec2_cpu_utilization_825cc2:3003:3019,0,rolling_128@0.99,2.9689368438474606,152.7899156292579
ec2_cpu_utilization_825cc2:3011:3027,0,rolling_128@0.99,3.7109192440601726,152.7899156292579
ec2_cpu_utilization_825cc2:3019:3035,0,rolling_128@0.99,3.7109192440601726,152.7899156292579
ec2_cpu_utilization_825cc2:3027:3043,0,rolling_128@0.99,3.5329859267132897,152.7899156292579
ec2_cpu_utilization_825cc2:3035:3051,0,rolling_128@0.99,3.5329859267132897,152.7899156292579
ec2_cpu_utilization_825cc2:3043:3059,0,rolling_128@0.99,2.5620297683617776,152.7899156292579
ec2_cpu_utilization_825cc2:3051:3067,0,rolling_128@0.99,2.6300707706099393,152.7899156292579
ec2_cpu_utilization_825cc2:3059:3075,0,rolling_128@0.99,2.6300707706099393,152.7899156292579
ec2_cpu_utilization_825cc2:3067:3083,0,rolling_128@0.99,1.984399142477629,152.7899156292579
ec2_cpu_utilization_825cc2:3075:3091,0,rolling_128@0.99,5.094850877057466,152.7899156292579
ec2_cpu_utilization_825cc2:3083:3099,0,rolling_128@0.99,5.094850877057466,152.7899156292579
ec2_cpu_utilization_825cc2:3091:3107,0,rolling_128@0.99,4.573457564144058,152.7899156292579
ec2_cpu_utilization_825cc2:3099:3115,0,rolling_128@0.99,2.959095362106898,152.7899156292579
ec2_cpu_utilization_825cc2:3107:3123,0,rolling_128@0.99,4.885269267724337,152.7899156292579
ec2_cpu_utilization_825cc2:3115:3131,0,rolling_128@0.99,4.885269267724337,152.7899156292579
ec2_cpu_utilization_825cc2:3123:3139,0,rolling_128@0.99,3.4800322044179257,152.7899156292579
ec2_cpu_utilization_825cc2:3131:3147,0,rolling_128@0.99,3.4800322044179257,152.7899156292579
ec2_cpu_utilization_825cc2:3139:3155,0,rolling_128@0.99,3.288056748022567,152.7899156292579
ec2_cpu_utilization_825cc2:3147:3163,0,rolling_128@0.99,3.8488747997878017,152.7899156292579
ec2_cpu_utilization_825cc2:3155:3171,0,rolling_128@0.99,3.8488747997878017,152.7899156292579
ec2_cpu_utilization_825cc2:3163:3179,0,rolling_128@0.99,3.812516001694239,152.7899156292579
ec2_cpu_utilization_825cc2:3171:3187,0,rolling_128@0.99,4.32548534930329,152.7899156292579
ec2_cpu_utilization_825cc2:3179:3195,0,rolling_128@0.99,4.32548534930329,152.7899156292579
ec2_cpu_utilization_825cc2:3187:3203,0,rolling_128@0.99,2.8193279398158126,152.7899156292579
ec2_cpu_utilization_825cc2:3195:3211,0,rolling_128@0.99,4.195896006676035,152.7899156292579
ec2_cpu_utilization_825cc2:3203:3219,0,rolling_128@0.99,4.195896006676035,152.7899156292579
