window_id,truth,detector,score,threshold
ec2_disk_write_bytes_1ef3de:2831:2847,1,autoencoder@0.95,0.001862893,0.0018628929974511266
ec2_disk_write_bytes_1ef3de:2839:2855,1,autoencoder@0.95,0.001862893,0.0018628929974511266
ec2_disk_write_bytes_1ef3de:2847:2863,1,autoencoder@0.95,0.001862893,0.0018628929974511266
ec2_disk_write_bytes_1ef3de:2855:2871,1,autoencoder@0.95,0.001862893,0.0018628929974511266
ec2_disk_write_bytes_1ef3de:2863:2879,0,autoencoder@0.95,0.001862893,0.0018628929974511266
ec2_disk_write_bytes_1ef3de:2871:2887,0,autoencoder@0.95,0.059769355,0.0018628929974511266
ec2_disk_write_bytes_1ef3de:2879:2895,0,autoencoder@0.95,0.054673422,0.0018628929974511266
ec2_disk_write_bytes_1ef3de:2887:2903,0,autoencoder@0.95,0.001862893,0.0018628929974511266
ec2_disk_write_bytes_1ef3de:2895:2911,0,autoencoder@0.95,14.851235,0.0018628929974511266
ec2_disk_write_bytes_1ef3de:2903:2919,0,autoencoder@0.95,13.624675,0.0018628929974511266
ec2_disk_write_bytes_1ef3de:2911:2927,0,autoencoder@0.95,0.0018644576,0.0018628929974511266
ec2_disk_write_bytes_1ef3de:2919:2935,0,autoencoder@0.95,0.001862893,0.0018628929974511266
ec2_disk_write_bytes_1ef3de:2927:2943,0,autoencoder@0.95,0.001862893,0.0018628929974511266
ec2_disk_write_bytes_1ef3de:2935:2951,0,autoencoder@0.95,0.001862893,0.0018628929974511266
ec2_disk_write_bytes_1ef3de:2943:2959,0,autoencoder@0.95,0.001862893,0.0018628929974511266
ec2_disk_write_bytes_1ef3de:2951:2967,0,autoencoder@0.95,0.001862893,0.0018628929974511266
ec2_disk_write_bytes_1ef3de:2959:2975,0,autoencoder@0.95,0.001862893,0.0018628929974511266
ec2_disk_write_bytes_1ef3de:2967:2983,0,autoencoder@0.95,0.001862893,0.0018628929974511266
ec2_disk_write_bytes_1ef3de:2975:2991,0,autoencoder@0.95,0.001862893,0.0018628929974511266
ec2_disk_write_bytes_1ef3de:2983:2999,0,autoencoder@0.95,0.001862893,0.0018628929974511266
ec2_disk_write_bytes_1ef3de:2991:3007,0,autoencoder@0.95,0.001862893,0.0018628929974511266
ec2_disk_write_bytes_1ef3de:2999:3015,0,autoencoder@0.95,0.001862893,0.0018628929974511266
ec2_disk_write_bytes_1ef3de:3007:3023,0,autoencoder@0.95,0.001862893,0.0018628929974511266
ec2_disk_write_bytes_1ef3de:3015:3031,0,autoencoder@0.95,8.119883,0.0018628929974511266
ec2_disk_write_bytes_1ef3de:3023:3039,0,autoencoder@0.95,8.498196,0.0018628929974511266
ec2_disk_write_bytes_1ef3de:3031:3047,0,autoencoder@0.95,0.001862893,0.0018628929974511266
ec2_disk_write_bytes_1ef3de:3039:3055,0,autoencoder@0.95,0.001862893,0.0018628929974511266
ec2_disk_write_bytes_1ef3de:3047:3063,0,autoencoder@0.95,0.001862893,0.0018628929974511266
ec2_disk_write_bytes_1ef3de:3055:3071,0,autoencoder@0.95,0.001862893,0.0018628929974511266
ec2_disk_write_bytes_1ef3de:3063:3079,0,autoencoder@0.95,0.001862893,0.0018628929974511266
ec2_disk_write_bytes_1ef3de:3071:3087,0,autoencoder@0.95,0.001862893,0.0018628929974511266
ec2_disk_write_bytes_1ef3de:3079:3095,0,autoencoder@0.95,0.001862893,0.0018628929974511266
ec2_disk_write_bytes_1ef3de:3087:3103,0,autoencoder@0.95,0.001862893,0.0018628929974511266
ec2_disk_write_bytes_1ef3de:3095:3111,0,autoencoder@0.95,0.001862893,0.0018628929974511266
ec2_disk_write_bytes_1ef3de:3103:3119,0,autoencoder@0.95,0.001862893,0.0018628929974511266
ec2_disk_write_bytes_1ef3de:3111:3127,0,autoencoder@0.95,0.001862893,0.0018628929974511266
ec2_disk_write_bytes_1ef3de:3119:3135,0,autoencoder@0.95,0.001862893,0.0018628929974511266
ec2_disk_write_bytes_1ef3de:3127:3143,0,autoencoder@0.95,0.001862893,0.0018628929974511266
ec2_disk_write_bytes_1ef3de:3135:3151,0,autoencoder@0.95,0.001862893,0.0018628929974511266
ec2_disk_write_bytes_1ef3de:3143:3159,0,autoencoder@0.95,10.448972,0.0018628929974511266
ec2_disk_write_bytes_1ef3de:3151:3167,0,autoencoder@0.95,10.866618,0.0018628929974511266
ec2_disk_write_bytes_1ef3de:3159:3175,0,autoencoder@0.95,0.0016696461,0.0018628929974511266
ec2_disk_write_bytes_1ef3de:3167:3183,0,autoencoder@0.95,0.0020222194,0.0018628929974511266
ec2_disk_write_bytes_1ef3de:3175:3191,0,autoencoder@0.95,14.751005,0.0018628929974511266
ec2_disk_write_bytes_1ef3de:3183:3199,0,autoencoder@0.95,13.233851,0.0018628929974511266
ec2_disk_write_bytes_1ef3de:3191:3207,0,autoencoder@0.95,11.40706,0.0018628929974511266
ec2_disk_write_bytes_1ef3de:3199:3215,0,autoencoder@0.95,10.145627,0.0018628929974511266
ec2_disk_write_bytes_1ef3de:3207:3223,0,autoencoder@0.95,11.032711,0.0018628929974511266
ec2_disk_write_bytes_1ef3de:3215:3231,0,autoencoder@0.95,14.530611,0.0018628929974511266
ec2_disk_write_bytes_1ef3de:3223:3239,0,autoencoder@0.95,14.795708,0.0018628929974511266
ec2_disk_write_bytes_1ef3de:3231:3247,0,autoencoder@0.95,4.639396,0.0018628929974511266
ec2_disk_write_bytes_1ef3de:3239:3255,0,autoencoder@0.95,2.3292358,0.0018628929974511266
ec2_disk_write_bytes_1ef3de:3247:3263,0,autoencoder@0.95,0.001862893,0.0018628929974511266
ec2_disk_write_bytes_1ef3de:3255:3271,0,autoencoder@0.95,10.235795,0.0018628929974511266
ec2_disk_write_bytes_1ef3de:3263:3279,0,autoencoder@0.95,10.756601,0.0018628929974511266
ec2_disk_write_bytes_1ef3de:3271:3287,0,autoencoder@0.95,0.001862893,0.0018628929974511266
ec2_disk_write_bytes_1ef3de:3279:3295,0,autoencoder@0.95,0.001862893,0.0018628929974511266
ec2_disk_write_bytes_1ef3de:3287:3303,0,autoencoder@0.95,0.002083128,0.0018628929974511266
ec2_disk_write_bytes_1ef3de:3295:3311,0,autoencoder@0.95,0.0015610124,0.0018628929974511266
ec2_disk_write_bytes_1ef3de:3303:3319,0,autoencoder@0.95,0.001862893,0.0018628929974511266
ec2_disk_write_bytes_1ef3de:3311:3327,0,autoencoder@0.95,0.001862893,0.0018628929974511266
ec2_disk_write_bytes_1ef3de:3319:3335,0,autoencoder@0.95,0.001862893,0.0018628929974511266
ec2_disk_write_bytes_1ef3de:3327:3343,0,autoencoder@0.95,0.001862893,0.0018628929974511266
ec2_disk_write_bytes_1ef3de:3335:3351,0,autoencoder@0.95,0.001862893,0.0018628929974511266
ec2_disk_write_bytes_1ef3de:3343:3359,0,autoencoder@0.95,0.001862893,0.0018628929974511266
ec2_disk_write_bytes_1ef3de:3351:3367,0,autoencoder@0.95,0.001862893,0.0018628929974511266
ec2_disk_write_bytes_1ef3de:3359:3375,0,autoencoder@0.95,0.001862893,0.0018628929974511266
ec2_disk_write_bytes_1ef3de:3367:3383,0,autoencoder@0.95,0.001862893,0.0018628929974511266
ec2_disk_write_bytes_1ef3de:3375:3391,0,autoencoder@0.95,0.001862893,0.0018628929974511266
ec2_disk_write_bytes_1ef3de:3383:3399,0,autoencoder@0.95,0.001862893,0.0018628929974511266
ec2_disk_write_bytes_1ef3de:3391:3407,0,autoencoder@0.95,0.001862893,0.0018628929974511266
ec2_disk_write_bytes_1ef3de:3399:3415,0,autoencoder@0.95,0.001862893,0.0018628929974511266
ec2_disk_write_bytes_1ef3de:3407:3423,0,autoencoder@0.95,15.605442,0.0018628929974511266
ec2_disk_write_bytes_1ef3de:3415:3431,0,autoencoder@0.95,13.149285,0.0018628929974511266
ec2_disk_write_bytes_1ef3de:3423:3439,0,autoencoder@0.95,0.07514716,0.0018628929974511266
ec2_disk_write_bytes_1ef3de:3431:3447,0,autoencoder@0.95,0.001862893,0.0018628929974511266
ec2_disk_write_bytes_1ef3de:3439:3455,0,autoencoder@0.95,21.036108,0.0018628929974511266
ec2_disk_write_bytes_1ef3de:3447:3463,0,autoencoder@0.95,23.359962,0.0018628929974511266
ec2_disk_write_bytes_1ef3de:3455:3471,0,autoencoder@0.95,0.001862893,0.0018628929974511266
ec2_disk_write_bytes_1ef3de:3463:3479,0,autoencoder@0.95,0.001862893,0.0018628929974511266
ec2_disk_write_bytes_1ef3de:3471:3487,0,autoencoder@0.95,0.001862893,0.0018628929974511266
ec2_disk_write_bytes_1ef3de:3479:3495,0,autoencoder@0.95,0.001862893,0.0018628929974511266
ec2_disk_write_bytes_1ef3de:3487:3503,0,autoencoder@0.95,0.0018639498,0.0018628929974511266
ec2_disk_write_bytes_1ef3de:3495:3511,0,autoencoder@0.95,0.041132826,0.0018628929974511266
ec2_disk_write_bytes_1ef3de:3503:3519,0,autoencoder@0.95,16.857166,0.0018628929974511266
ec2_disk_write_bytes_1ef3de:3511:3527,0,autoencoder@0.95,19.868418,0.0018628929974511266
ec2_disk_write_bytes_1ef3de:3519:3535,0,autoencoder@0.95,14.784901,0.0018628929974511266
ec2_disk_write_bytes_1ef3de:3527:3543,0,autoencoder@0.95,13.313338,0.0018628929974511266
ec2_disk_write_bytes_1ef3de:3535:3551,0,autoencoder@0.95,11.867728,0.0018628929974511266
ec2_disk_write_bytes_1ef3de:3543:3559,0,autoencoder@0.95,10.411655,0.0018628929974511266
ec2_disk_write_bytes_1ef3de:3551:3567,0,autoencoder@0.95,0.001862893,0.0018628929974511266
ec2_disk_write_bytes_1ef3de:3559:3575,0,autoencoder@0.95,0.001862893,0.0018628929974511266
ec2_disk_write_bytes_1ef3de:3567:3583,0,autoencoder@0.95,0.11020009,0.0018628929974511266
ec2_disk_write_bytes_1ef3de:3575:3591,0,autoencoder@0.95,7.8098135,0.0018628929974511266
ec2_disk_write_bytes_1ef3de:3583:3599,0,autoencoder@0.95,7.2375484,0.0018628929974511266
ec2_disk_write_bytes_1ef3de:3591:3607,0,autoencoder@0.95,0.001862893,0.0018628929974511266
ec2_disk_write_bytes_1ef3de:3599:3615,0,autoencoder@0.95,0.001862893,0.0018628929974511266
ec2_disk_write_bytes_1ef3de:3607:3623,0,autoencoder@0.95,0.001862893,0.0018628929974511266
ec2_disk_write_bytes_1ef3de:3615:3631,0,autoencoder@0.95,18.64162,0.0018628929974511266
ec2_disk_write_bytes_1ef3de:3623:3639,0,autoencoder@0.95,21.121103,0.0018628929974511266
ec2_disk_write_bytes_1ef3de:3631:3647,0,autoencoder@0.95,0.001862893,0.0018628929974511266
ec2_disk_write_bytes_1ef3de:3639:3655,0,autoencoder@0.95,0.001862893,0.0018628929974511266
ec2_disk_write_bytes_1ef3de:3647:3663,0,autoencoder@0.95,18.910912,0.0018628929974511266
ec2_disk_write_bytes_1ef3de:3655:3671,0,autoencoder@0.95,21.86965,0.0018628929974511266
ec2_disk_write_bytes_1ef3de:3663:3679,0,autoencoder@0.95,0.001862893,0.0018628929974511266
ec2_disk_write_bytes_1ef3de:3671:3687,0,autoencoder@0.95,0.001862893,0.0018628929974511266
ec2_disk_write_bytes_1ef3de:3679:3695,0,autoencoder@0.95,0.001862893,0.0018628929974511266
ec2_disk_write_bytes_1ef3de:3687:3703,0,autoencoder@0.95,0.001862893,0.0018628929974511266
ec2_disk_write_bytes_1ef3de:3695:3711,0,autoencoder@0.95,0.001862893,0.0018628929974511266
ec2_disk_write_bytes_1ef3de:3703:3719,0,autoencoder@0.95,10.289125,0.0018628929974511266
ec2_disk_write_bytes_1ef3de:3711:3727,0,autoencoder@0.95,9.399995,0.0018628929974511266
ec2_disk_write_bytes_1ef3de:3719:3735,0,autoencoder@0.95,16.59752,0.0018628929974511266
ec2_disk_write_bytes_1ef3de:3727:3743,0,autoencoder@0.95,19.638401,0.0018628929974511266
ec2_disk_write_bytes_1ef3de:3735:3751,0,autoencoder@0.95,14.459203,0.0018628929974511266
ec2_disk_write_bytes_1ef3de:3743:3759,0,autoencoder@0.95,25.126446,0.0018628929974511266
ec2_disk_write_bytes_1ef3de:3751:3767,0,autoencoder@0.95,15.35326,0.0018628929974511266
ec2_disk_write_bytes_1ef3de:3759:3775,0,autoencoder@0.95,0.0018651794,0.0018628929974511266
ec2_disk_write_bytes_1ef3de:2831:2847,1,autoencoder@0.975,0.001862893,1.5823956727981567
ec2_disk_write_bytes_1ef3de:2839:2855,1,autoencoder@0.975,0.001862893,1.5823956727981567
ec2_disk_write_bytes_1ef3de:2847:2863,1,autoencoder@0.975,0.001862893,1.5823956727981567
ec2_disk_write_bytes_1ef3de:2855:2871,1,autoencoder@0.975,0.001862893,1.5823956727981567
ec2_disk_write_bytes_1ef3de:2863:2879,0,autoencoder@0.975,0.001862893,1.5823956727981567
ec2_disk_write_bytes_1ef3de:2871:2887,0,autoencoder@0.975,0.059769355,1.5823956727981567
ec2_disk_write_bytes_1ef3de:2879:2895,0,autoencoder@0.975,0.054673422,1.5823956727981567
ec2_disk_write_bytes_1ef3de:2887:2903,0,autoencoder@0.975,0.001862893,1.5823956727981567
ec2_disk_write_bytes_1ef3de:2895:2911,0,autoencoder@0.975,14.851235,1.5823956727981567
ec2_disk_write_bytes_1ef3de:2903:2919,0,autoencoder@0.975,13.624675,1.5823956727981567
ec2_disk_write_bytes_1ef3de:2911:2927,0,autoencoder@0.975,0.0018644576,1.5823956727981567
ec2_disk_write_bytes_1ef3de:2919:2935,0,autoencoder@0.975,0.001862893,1.5823956727981567
ec2_disk_write_bytes_1ef3de:2927:2943,0,autoencoder@0.975,0.001862893,1.5823956727981567
ec2_disk_write_bytes_1ef3de:2935:2951,0,autoencoder@0.975,0.001862893,1.5823956727981567
ec2_disk_write_bytes_1ef3de:2943:2959,0,autoencoder@0.975,0.001862893,1.5823956727981567
ec2_disk_write_bytes_1ef3de:2951:2967,0,autoencoder@0.975,0.001862893,1.5823956727981567
ec2_disk_write_bytes_1ef3de:2959:2975,0,autoencoder@0.975,0.001862893,1.5823956727981567
ec2_disk_write_bytes_1ef3de:2967:2983,0,autoencoder@0.975,0.001862893,1.5823956727981567
ec2_disk_write_bytes_1ef3de:2975:2991,0,autoencoder@0.975,0.001862893,1.5823956727981567
ec2_disk_write_bytes_1ef3de:2983:2999,0,autoencoder@0.975,0.001862893,1.5823956727981567
ec2_disk_write_bytes_1ef3de:2991:3007,0,autoencoder@0.975,0.001862893,1.5823956727981567
ec2_disk_write_bytes_1ef3de:2999:3015,0,autoencoder@0.975,0.001862893,1.5823956727981567
ec2_disk_write_bytes_1ef3de:3007:3023,0,autoencoder@0.975,0.001862893,1.5823956727981567
ec2_disk_write_bytes_1ef3de:3015:3031,0,autoencoder@0.975,8.119883,1.5823956727981567
ec2_disk_write_bytes_1ef3de:3023:3039,0,autoencoder@0.975,8.498196,1.5823956727981567
ec2_disk_write_bytes_1ef3de:3031:3047,0,autoencoder@0.975,0.001862893,1.5823956727981567
ec2_disk_write_bytes_1ef3de:3039:3055,0,autoencoder@0.975,0.001862893,1.5823956727981567
ec2_disk_write_bytes_1ef3de:3047:3063,0,autoencoder@0.975,0.001862893,1.5823956727981567
ec2_disk_write_bytes_1ef3de:3055:3071,0,autoencoder@0.975,0.001862893,1.5823956727981567
ec2_disk_write_bytes_1ef3de:3063:3079,0,autoencoder@0.975,0.001862893,1.5823956727981567
ec2_disk_write_bytes_1ef3de:3071:3087,0,autoencoder@0.975,0.001862893,1.5823956727981567
ec2_disk_write_bytes_1ef3de:3079:3095,0,autoencoder@0.975,0.001862893,1.5823956727981567
ec2_disk_write_bytes_1ef3de:3087:3103,0,autoencoder@0.975,0.001862893,1.5823956727981567
ec2_disk_write_bytes_1ef3de:3095:3111,0,autoencoder@0.975,0.001862893,1.5823956727981567
ec2_disk_write_bytes_1ef3de:3103:3119,0,autoencoder@0.975,0.001862893,1.5823956727981567
ec2_disk_write_bytes_1ef3de:3111:3127,0,autoencoder@0.975,0.001862893,1.5823956727981567
ec2_disk_write_bytes_1ef3de:3119:3135,0,autoencoder@0.975,0.001862893,1.5823956727981567
ec2_disk_write_bytes_1ef3de:3127:3143,0,autoencoder@0.975,0.001862893,1.5823956727981567
ec2_disk_write_bytes_1ef3de:3135:3151,0,autoencoder@0.975,0.001862893,1.5823956727981567
ec2_disk_write_bytes_1ef3de:3143:3159,0,autoencoder@0.975,10.448972,1.5823956727981567
ec2_disk_write_bytes_1ef3de:3151:3167,0,autoencoder@0.975,10.866618,1.5823956727981567
ec2_disk_write_bytes_1ef3de:3159:3175,0,autoencoder@0.975,0.0016696461,1.5823956727981567
ec2_disk_write_bytes_1ef3de:3167:3183,0,autoencoder@0.975,0.0020222194,1.5823956727981567
ec2_disk_write_bytes_1ef3de:3175:3191,0,autoencoder@0.975,14.751005,1.5823956727981567
ec2_disk_write_bytes_1ef3de:3183:3199,0,autoencoder@0.975,13.233851,1.5823956727981567
ec2_disk_write_bytes_1ef3de:3191:3207,0,autoencoder@0.975,11.40706,1.5823956727981567
ec2_disk_write_bytes_1ef3de:3199:3215,0,autoencoder@0.975,10.145627,1.5823956727981567
ec2_disk_write_bytes_1ef3de:3207:3223,0,autoencoder@0.975,11.032711,1.5823956727981567
ec2_disk_write_bytes_1ef3de:3215:3231,0,autoencoder@0.975,14.530611,1.5823956727981567
ec2_disk_write_bytes_1ef3de:3223:3239,0,autoencoder@0.975,14.795708,1.5823956727981567
ec2_disk_write_bytes_1ef3de:3231:3247,0,autoencoder@0.975,4.639396,1.5823956727981567
ec2_disk_write_bytes_1ef3de:3239:3255,0,autoencoder@0.975,2.3292358,1.5823956727981567
ec2_disk_write_bytes_1ef3de:3247:3263,0,autoencoder@0.975,0.001862893,1.5823956727981567
ec2_disk_write_bytes_1ef3de:3255:3271,0,autoencoder@0.975,10.235795,1.5823956727981567
ec2_disk_write_bytes_1ef3de:3263:3279,0,autoencoder@0.975,10.756601,1.5823956727981567
ec2_disk_write_bytes_1ef3de:3271:3287,0,autoencoder@0.975,0.001862893,1.5823956727981567
ec2_disk_write_bytes_1ef3de:3279:3295,0,autoencoder@0.975,0.001862893,1.5823956727981567
ec2_disk_write_bytes_1ef3de:3287:3303,0,autoencoder@0.975,0.002083128,1.5823956727981567
ec2_disk_write_bytes_1ef3de:3295:3311,0,autoencoder@0.975,0.0015610124,1.5823956727981567
ec2_disk_write_bytes_1ef3de:3303:3319,0,autoencoder@0.975,0.001862893,1.5823956727981567
ec2_disk_write_bytes_1ef3de:3311:3327,0,autoencoder@0.975,0.001862893,1.5823956727981567
ec2_disk_write_bytes_1ef3de:3319:3335,0,autoencoder@0.975,0.001862893,1.5823956727981567
ec2_disk_write_bytes_1ef3de:3327:3343,0,autoencoder@0.975,0.001862893,1.5823956727981567
ec2_disk_write_bytes_1ef3de:3335:3351,0,autoencoder@0.975,0.001862893,1.5823956727981567
ec2_disk_write_bytes_1ef3de:3343:3359,0,autoencoder@0.975,0.001862893,1.5823956727981567
ec2_disk_write_bytes_1ef3de:3351:3367,0,autoencoder@0.975,0.001862893,1.5823956727981567
ec2_disk_write_bytes_1ef3de:3359:3375,0,autoencoder@0.975,0.001862893,1.5823956727981567
ec2_disk_write_bytes_1ef3de:3367:3383,0,autoencoder@0.975,0.001862893,1.5823956727981567
ec2_disk_write_bytes_1ef3de:3375:3391,0,autoencoder@0.975,0.001862893,1.5823956727981567
ec2_disk_write_bytes_1ef3de:3383:3399,0,autoencoder@0.975,0.001862893,1.5823956727981567
ec2_disk_write_bytes_1ef3de:3391:3407,0,autoencoder@0.975,0.001862893,1.5823956727981567
ec2_disk_write_bytes_1ef3de:3399:3415,0,autoencoder@0.975,0.001862893,1.5823956727981567
ec2_disk_write_bytes_1ef3de:3407:3423,0,autoencoder@0.975,15.605442,1.5823956727981567
ec2_disk_write_bytes_1ef3de:3415:3431,0,autoencoder@0.975,13.149285,1.5823956727981567
ec2_disk_write_bytes_1ef3de:3423:3439,0,autoencoder@0.975,0.07514716,1.5823956727981567
ec2_disk_write_bytes_1ef3de:3431:3447,0,autoencoder@0.975,0.001862893,1.5823956727981567
ec2_disk_write_bytes_1ef3de:3439:3455,0,autoencoder@0.975,21.036108,1.5823956727981567
ec2_disk_write_bytes_1ef3de:3447:3463,0,autoencoder@0.975,23.359962,1.5823956727981567
ec2_disk_write_bytes_1ef3de:3455:3471,0,autoencoder@0.975,0.001862893,1.5823956727981567
ec2_disk_write_bytes_1ef3de:3463:3479,0,autoencoder@0.975,0.001862893,1.5823956727981567
ec2_disk_write_bytes_1ef3de:3471:3487,0,autoencoder@0.975,0.001862893,1.5823956727981567
ec2_disk_write_bytes_1ef3de:3479:3495,0,autoencoder@0.975,0.001862893,1.5823956727981567
ec2_disk_write_bytes_1ef3de:3487:3503,0,autoencoder@0.975,0.0018639498,1.5823956727981567
ec2_disk_write_bytes_1ef3de:3495:3511,0,autoencoder@0.975,0.041132826,1.5823956727981567
ec2_disk_write_bytes_1ef3de:3503:3519,0,autoencoder@0.975,16.857166,1.5823956727981567
ec2_disk_write_bytes_1ef3de:3511:3527,0,autoencoder@0.975,19.868418,1.5823956727981567
ec2_disk_write_bytes_1ef3de:3519:3535,0,autoencoder@0.975,14.784901,1.5823956727981567
ec2_disk_write_bytes_1ef3de:3527:3543,0,autoencoder@0.975,13.313338,1.5823956727981567
ec2_disk_write_bytes_1ef3de:3535:3551,0,autoencoder@0.975,11.867728,1.5823956727981567
ec2_disk_write_bytes_1ef3de:3543:3559,0,autoencoder@0.975,10.411655,1.5823956727981567
ec2_disk_write_bytes_1ef3de:3551:3567,0,autoencoder@0.975,0.001862893,1.5823956727981567
ec2_disk_write_bytes_1ef3de:3559:3575,0,autoencoder@0.975,0.001862893,1.5823956727981567
ec2_disk_write_bytes_1ef3de:3567:3583,0,autoencoder@0.975,0.11020009,1.5823956727981567
ec2_disk_write_bytes_1ef3de:3575:3591,0,autoencoder@0.975,7.8098135,1.5823956727981567
ec2_disk_write_bytes_1ef3de:3583:3599,0,autoencoder@0.975,7.2375484,1.5823956727981567
ec2_disk_write_bytes_1ef3de:3591:3607,0,autoencoder@0.975,0.001862893,1.5823956727981567
ec2_disk_write_bytes_1ef3de:3599:3615,0,autoencoder@0.975,0.001862893,1.5823956727981567
ec2_disk_write_bytes_1ef3de:3607:3623,0,autoencoder@0.975,0.001862893,1.5823956727981567
ec2_disk_write_bytes_1ef3de:3615:3631,0,autoencoder@0.975,18.64162,1.5823956727981567
ec2_disk_write_bytes_1ef3de:3623:3639,0,autoencoder@0.975,21.121103,1.5823956727981567
ec2_disk_write_bytes_1ef3de:3631:3647,0,autoencoder@0.975,0.001862893,1.5823956727981567
ec2_disk_write_bytes_1ef3de:3639:3655,0,autoencoder@0.975,0.001862893,1.5823956727981567
ec2_disk_write_bytes_1ef3de:3647:3663,0,autoencoder@0.975,18.910912,1.5823956727981567
ec2_disk_write_bytes_1ef3de:3655:3671,0,autoencoder@0.975,21.86965,1.5823956727981567
ec2_disk_write_bytes_1ef3de:3663:3679,0,autoencoder@0.975,0.001862893,1.5823956727981567
ec2_disk_write_bytes_1ef3de:3671:3687,0,autoencoder@0.975,0.001862893,1.5823956727981567
ec2_disk_write_bytes_1ef3de:3679:3695,0,autoencoder@0.975,0.001862893,1.5823956727981567
ec2_disk_write_bytes_1ef3de:3687:3703,0,autoencoder@0.975,0.001862893,1.5823956727981567
ec2_disk_write_bytes_1ef3de:3695:3711,0,autoencoder@0.975,0.001862893,1.5823956727981567
ec2_disk_write_bytes_1ef3de:3703:3719,0,autoencoder@0.975,10.289125,1.5823956727981567
ec2_disk_write_bytes_1ef3de:3711:3727,0,autoencoder@0.975,9.399995,1.5823956727981567
ec2_disk_write_bytes_1ef3de:3719:3735,0,autoencoder@0.975,16.59752,1.5823956727981567
ec2_disk_write_bytes_1ef3de:3727:3743,0,autoencoder@0.975,19.638401,1.5823956727981567
ec2_disk_write_bytes_1ef3de:3735:3751,0,autoencoder@0.975,14.459203,1.5823956727981567
ec2_disk_write_bytes_1ef3de:3743:3759,0,autoencoder@0.975,25.126446,1.5823956727981567
ec2_disk_write_bytes_1ef3de:3751:3767,0,autoencoder@0.975,15.35326,1.5823956727981567
ec2_disk_write_bytes_1ef3de:3759:3775,0,autoencoder@0.975,0.0018651794,1.5823956727981567
ec2_disk_write_bytes_1ef3de:2831:2847,1,autoencoder@0.99,0.001862893,1.5863902568817139
ec2_disk_write_bytes_1ef3de:2839:2855,1,autoencoder@0.99,0.001862893,1.5863902568817139
ec2_disk_write_bytes_1ef3de:2847:2863,1,autoencoder@0.99,0.001862893,1.5863902568817139
ec2_disk_write_bytes_1ef3de:2855:2871,1,autoencoder@0.99,0.001862893,1.5863902568817139
ec2_disk_write_bytes_1ef3de:2863:2879,0,autoencoder@0.99,0.001862893,1.5863902568817139
ec2_disk_write_bytes_1ef3de:2871:2887,0,autoencoder@0.99,0.059769355,1.5863902568817139
ec2_disk_write_bytes_1ef3de:2879:2895,0,autoencoder@0.99,0.054673422,1.5863902568817139
ec2_disk_write_bytes_1ef3de:2887:2903,0,autoencoder@0.99,0.001862893,1.5863902568817139
ec2_disk_write_bytes_1ef3de:2895:2911,0,autoencoder@0.99,14.851235,1.5863902568817139
ec2_disk_write_bytes_1ef3de:2903:2919,0,autoencoder@0.99,13.624675,1.5863902568817139
ec2_disk_write_bytes_1ef3de:2911:2927,0,autoencoder@0.99,0.0018644576,1.5863902568817139
ec2_disk_write_bytes_1ef3de:2919:2935,0,autoencoder@0.99,0.001862893,1.5863902568817139
ec2_disk_write_bytes_1ef3de:2927:2943,0,autoencoder@0.99,0.001862893,1.5863902568817139
ec2_disk_write_bytes_1ef3de:2935:2951,0,autoencoder@0.99,0.001862893,1.5863902568817139
ec2_disk_write_bytes_1ef3de:2943:2959,0,autoencoder@0.99,0.001862893,1.5863902568817139
ec2_disk_write_bytes_1ef3de:2951:2967,0,autoencoder@0.99,0.001862893,1.5863902568817139
ec2_disk_write_bytes_1ef3de:2959:2975,0,autoencoder@0.99,0.001862893,1.5863902568817139
ec2_disk_write_bytes_1ef3de:2967:2983,0,autoencoder@0.99,0.001862893,1.5863902568817139
ec2_disk_write_bytes_1ef3de:2975:2991,0,autoencoder@0.99,0.001862893,1.5863902568817139
ec2_disk_write_bytes_1ef3de:2983:2999,0,autoencoder@0.99,0.001862893,1.5863902568817139
ec2_disk_write_bytes_1ef3de:2991:3007,0,autoencoder@0.99,0.001862893,1.5863902568817139
ec2_disk_write_bytes_1ef3de:2999:3015,0,autoencoder@0.99,0.001862893,1.5863902568817139
ec2_disk_write_bytes_1ef3de:3007:3023,0,autoencoder@0.99,0.001862893,1.5863902568817139
ec2_disk_write_bytes_1ef3de:3015:3031,0,autoencoder@0.99,8.119883,1.5863902568817139
ec2_disk_write_bytes_1ef3de:3023:3039,0,autoencoder@0.99,8.498196,1.5863902568817139
ec2_disk_write_bytes_1ef3de:3031:3047,0,autoencoder@0.99,0.001862893,1.5863902568817139
ec2_disk_write_bytes_1ef3de:3039:3055,0,autoencoder@0.99,0.001862893,1.5863902568817139
ec2_disk_write_bytes_1ef3de:3047:3063,0,autoencoder@0.99,0.001862893,1.5863902568817139
ec2_disk_write_bytes_1ef3de:3055:3071,0,autoencoder@0.99,0.001862893,1.5863902568817139
ec2_disk_write_bytes_1ef3de:3063:3079,0,autoencoder@0.99,0.001862893,1.5863902568817139
ec2_disk_write_bytes_1ef3de:3071:3087,0,autoencoder@0.99,0.001862893,1.5863902568817139
ec2_disk_write_bytes_1ef3de:3079:3095,0,autoencoder@0.99,0.001862893,1.5863902568817139
ec2_disk_write_bytes_1ef3de:3087:3103,0,autoencoder@0.99,0.001862893,1.5863902568817139
ec2_disk_write_bytes_1ef3de:3095:3111,0,autoencoder@0.99,0.001862893,1.5863902568817139
ec2_disk_write_bytes_1ef3de:3103:3119,0,autoencoder@0.99,0.001862893,1.5863902568817139
ec2_disk_write_bytes_1ef3de:3111:3127,0,autoencoder@0.99,0.001862893,1.5863902568817139
ec2_disk_write_bytes_1ef3de:3119:3135,0,autoencoder@0.99,0.001862893,1.5863902568817139
ec2_disk_write_bytes_1ef3de:3127:3143,0,autoencoder@0.99,0.001862893,1.5863902568817139
ec2_disk_write_bytes_1ef3de:3135:3151,0,autoencoder@0.99,0.001862893,1.5863902568817139
ec2_disk_write_bytes_1ef3de:3143:3159,0,autoencoder@0.99,10.448972,1.5863902568817139
ec2_disk_write_bytes_1ef3de:3151:3167,0,autoencoder@0.99,10.866618,1.5863902568817139
ec2_disk_write_bytes_1ef3de:3159:3175,0,autoencoder@0.99,0.0016696461,1.5863902568817139
ec2_disk_write_bytes_1ef3de:3167:3183,0,autoencoder@0.99,0.0020222194,1.5863902568817139
ec2_disk_write_bytes_1ef3de:3175:3191,0,autoencoder@0.99,14.751005,1.5863902568817139
ec2_disk_write_bytes_1ef3de:3183:3199,0,autoencoder@0.99,13.233851,1.5863902568817139
ec2_disk_write_bytes_1ef3de:3191:3207,0,autoencoder@0.99,11.40706,1.5863902568817139
ec2_disk_write_bytes_1ef3de:3199:3215,0,autoencoder@0.99,10.145627,1.5863902568817139
ec2_disk_write_bytes_1ef3de:3207:3223,0,autoencoder@0.99,11.032711,1.5863902568817139
ec2_disk_write_bytes_1ef3de:3215:3231,0,autoencoder@0.99,14.530611,1.5863902568817139
ec2_disk_write_bytes_1ef3de:3223:3239,0,autoencoder@0.99,14.795708,1.5863902568817139
ec2_disk_write_bytes_1ef3de:3231:3247,0,autoencoder@0.99,4.639396,1.5863902568817139
ec2_disk_write_bytes_1ef3de:3239:3255,0,autoencoder@0.99,2.3292358,1.5863902568817139
ec2_disk_write_bytes_1ef3de:3247:3263,0,autoencoder@0.99,0.001862893,1.5863902568817139
ec2_disk_write_bytes_1ef3de:3255:3271,0,autoencoder@0.99,10.235795,1.5863902568817139
ec2_disk_write_bytes_1ef3de:3263:3279,0,autoencoder@0.99,10.756601,1.5863902568817139
ec2_disk_write_bytes_1ef3de:3271:3287,0,autoencoder@0.99,0.001862893,1.5863902568817139
ec2_disk_write_bytes_1ef3de:3279:3295,0,autoencoder@0.99,0.001862893,1.5863902568817139
ec2_disk_write_bytes_1ef3de:3287:3303,0,autoencoder@0.99,0.002083128,1.5863902568817139
ec2_disk_write_bytes_1ef3de:3295:3311,0,autoencoder@0.99,0.0015610124,1.5863902568817139
ec2_disk_write_bytes_1ef3de:3303:3319,0,autoencoder@0.99,0.001862893,1.5863902568817139
ec2_disk_write_bytes_1ef3de:3311:3327,0,autoencoder@0.99,0.001862893,1.5863902568817139
ec2_disk_write_bytes_1ef3de:3319:3335,0,autoencoder@0.99,0.001862893,1.5863902568817139
ec2_disk_write_bytes_1ef3de:3327:3343,0,autoencoder@0.99,0.001862893,1.5863902568817139
ec2_disk_write_bytes_1ef3de:3335:3351,0,autoencoder@0.99,0.001862893,1.5863902568817139
ec2_disk_write_bytes_1ef3de:3343:3359,0,autoencoder@0.99,0.001862893,1.5863902568817139
ec2_disk_write_bytes_1ef3de:3351:3367,0,autoencoder@0.99,0.001862893,1.5863902568817139
ec2_disk_write_bytes_1ef3de:3359:3375,0,autoencoder@0.99,0.001862893,1.5863902568817139
ec2_disk_write_bytes_1ef3de:3367:3383,0,autoencoder@0.99,0.001862893,1.5863902568817139
ec2_disk_write_bytes_1ef3de:3375:3391,0,autoencoder@0.99,0.001862893,1.5863902568817139
ec2_disk_write_bytes_1ef3de:3383:3399,0,autoencoder@0.99,0.001862893,1.5863902568817139
ec2_disk_write_bytes_1ef3de:3391:3407,0,autoencoder@0.99,0.001862893,1.5863902568817139
ec2_disk_write_bytes_1ef3de:3399:3415,0,autoencoder@0.99,0.001862893,1.5863902568817139
ec2_disk_write_bytes_1ef3de:3407:3423,0,autoencoder@0.99,15.605442,1.5863902568817139
ec2_disk_write_bytes_1ef3de:3415:3431,0,autoencoder@0.99,13.149285,1.5863902568817139
ec2_disk_write_bytes_1ef3de:3423:3439,0,autoencoder@0.99,0.07514716,1.5863902568817139
ec2_disk_write_bytes_1ef3de:3431:3447,0,autoencoder@0.99,0.001862893,1.5863902568817139
ec2_disk_write_bytes_1ef3de:3439:3455,0,autoencoder@0.99,21.036108,1.5863902568817139
ec2_disk_write_bytes_1ef3de:3447:3463,0,autoencoder@0.99,23.359962,1.5863902568817139
ec2_disk_write_bytes_1ef3de:3455:3471,0,autoencoder@0.99,0.001862893,1.5863902568817139
ec2_disk_write_bytes_1ef3de:3463:3479,0,autoencoder@0.99,0.001862893,1.5863902568817139
ec2_disk_write_bytes_1ef3de:3471:3487,0,autoencoder@0.99,0.001862893,1.5863902568817139
ec2_disk_write_bytes_1ef3de:3479:3495,0,autoencoder@0.99,0.001862893,1.5863902568817139
ec2_disk_write_bytes_1ef3de:3487:3503,0,autoencoder@0.99,0.0018639498,1.5863902568817139
ec2_disk_write_bytes_1ef3de:3495:3511,0,autoencoder@0.99,0.041132826,1.5863902568817139
ec2_disk_write_bytes_1ef3de:3503:3519,0,autoencoder@0.99,16.857166,1.5863902568817139
ec2_disk_write_bytes_1ef3de:3511:3527,0,autoencoder@0.99,19.868418,1.5863902568817139
ec2_disk_write_bytes_1ef3de:3519:3535,0,autoencoder@0.99,14.784901,1.5863902568817139
ec2_disk_write_bytes_1ef3de:3527:3543,0,autoencoder@0.99,13.313338,1.5863902568817139
ec2_disk_write_bytes_1ef3de:3535:3551,0,autoencoder@0.99,11.867728,1.5863902568817139
ec2_disk_write_bytes_1ef3de:3543:3559,0,autoencoder@0.99,10.411655,1.5863902568817139
ec2_disk_write_bytes_1ef3de:3551:3567,0,autoencoder@0.99,0.001862893,1.5863902568817139
ec2_disk_write_bytes_1ef3de:3559:3575,0,autoencoder@0.99,0.001862893,1.5863902568817139
ec2_disk_write_bytes_1ef3de:3567:3583,0,autoencoder@0.99,0.11020009,1.5863902568817139
ec2_disk_write_bytes_1ef3de:3575:3591,0,autoencoder@0.99,7.8098135,1.5863902568817139
ec2_disk_write_bytes_1ef3de:3583:3599,0,autoencoder@0.99,7.2375484,1.5863902568817139
ec2_disk_write_bytes_1ef3de:3591:3607,0,autoencoder@0.99,0.001862893,1.5863902568817139
ec2_disk_write_bytes_1ef3de:3599:3615,0,autoencoder@0.99,0.001862893,1.5863902568817139
ec2_disk_write_bytes_1ef3de:3607:3623,0,autoencoder@0.99,0.001862893,1.5863902568817139
ec2_disk_write_bytes_1ef3de:3615:3631,0,autoencoder@0.99,18.64162,1.5863902568817139
ec2_disk_write_bytes_1ef3de:3623:3639,0,autoencoder@0.99,21.121103,1.5863902568817139
ec2_disk_write_bytes_1ef3de:3631:3647,0,autoencoder@0.99,0.001862893,1.5863902568817139
ec2_disk_write_bytes_1ef3de:3639:3655,0,autoencoder@0.99,0.001862893,1.5863902568817139
ec2_disk_write_bytes_1ef3de:3647:3663,0,autoencoder@0.99,18.910912,1.5863902568817139
ec2_disk_write_bytes_1ef3de:3655:3671,0,autoencoder@0.99,21.86965,1.5863902568817139
ec2_disk_write_bytes_1ef3de:3663:3679,0,autoencoder@0.99,0.001862893,1.5863902568817139
ec2_disk_write_bytes_1ef3de:3671:3687,0,autoencoder@0.99,0.001862893,1.5863902568817139
ec2_disk_write_bytes_1ef3de:3679:3695,0,autoencoder@0.99,0.001862893,1.5863902568817139
ec2_disk_write_bytes_1ef3de:3687:3703,0,autoencoder@0.99,0.001862893,1.5863902568817139
ec2_disk_write_bytes_1ef3de:3695:3711,0,autoencoder@0.99,0.001862893,1.5863902568817139
ec2_disk_write_bytes_1ef3de:3703:3719,0,autoencoder@0.99,10.289125,1.5863902568817139
ec2_disk_write_bytes_1ef3de:3711:3727,0,autoencoder@0.99,9.399995,1.5863902568817139
ec2_disk_write_bytes_1ef3de:3719:3735,0,autoencoder@0.99,16.59752,1.5863902568817139
ec2_disk_write_bytes_1ef3de:3727:3743,0,autoencoder@0.99,19.638401,1.5863902568817139
ec2_disk_write_bytes_1ef3de:3735:3751,0,autoencoder@0.99,14.459203,1.5863902568817139
ec2_disk_write_bytes_1ef3de:3743:3759,0,autoencoder@0.99,25.126446,1.5863902568817139
ec2_disk_write_bytes_1ef3de:3751:3767,0,autoencoder@0.99,15.35326,1.5863902568817139
ec2_disk_write_bytes_1ef3de:3759:3775,0,autoencoder@0.99,0.0018651794,1.5863902568817139
ec2_disk_write_bytes_1ef3de:2831:2847,1,max_abs_z@0.95,0.230767,0.23076699674129486
ec2_disk_write_bytes_1ef3de:2839:2855,1,max_abs_z@0.95,0.230767,0.23076699674129486
ec2_disk_write_bytes_1ef3de:2847:2863,1,max_abs_z@0.95,0.230767,0.23076699674129486
ec2_disk_write_bytes_1ef3de:2855:2871,1,max_abs_z@0.95,0.230767,0.23076699674129486
ec2_disk_write_bytes_1ef3de:2863:2879,0,max_abs_z@0.95,0.230767,0.23076699674129486
ec2_disk_write_bytes_1ef3de:2871:2887,0,max_abs_z@0.95,0.8516802,0.23076699674129486
ec2_disk_write_bytes_1ef3de:2879:2895,0,max_abs_z@0.95,0.8516802,0.23076699674129486
ec2_disk_write_bytes_1ef3de:2887:2903,0,max_abs_z@0.95,0.230767,0.23076699674129486
ec2_disk_write_bytes_1ef3de:2895:2911,0,max_abs_z@0.95,18.527992,0.23076699674129486
ec2_disk_write_bytes_1ef3de:2903:2919,0,max_abs_z@0.95,18.527992,0.23076699674129486
ec2_disk_write_bytes_1ef3de:2911:2927,0,max_abs_z@0.95,0.230767,0.23076699674129486
ec2_disk_write_bytes_1ef3de:2919:2935,0,max_abs_z@0.95,0.230767,0.23076699674129486
ec2_disk_write_bytes_1ef3de:2927:2943,0,max_abs_z@0.95,0.230767,0.23076699674129486
ec2_disk_write_bytes_1ef3de:2935:2951,0,max_abs_z@0.95,0.230767,0.23076699674129486
ec2_disk_write_bytes_1ef3de:2943:2959,0,max_abs_z@0.95,0.230767,0.23076699674129486
ec2_disk_write_bytes_1ef3de:2951:2967,0,max_abs_z@0.95,0.230767,0.23076699674129486
ec2_disk_write_bytes_1ef3de:2959:2975,0,max_abs_z@0.95,0.230767,0.23076699674129486
ec2_disk_write_bytes_1ef3de:2967:2983,0,max_abs_z@0.95,0.230767,0.23076699674129486
ec2_disk_write_bytes_1ef3de:2975:2991,0,max_abs_z@0.95,0.230767,0.23076699674129486
ec2_disk_write_bytes_1ef3de:2983:2999,0,max_abs_z@0.95,0.230767,0.23076699674129486
ec2_disk_write_bytes_1ef3de:2991:3007,0,max_abs_z@0.95,0.230767,0.23076699674129486
ec2_disk_write_bytes_1ef3de:2999:3015,0,max_abs_z@0.95,0.230767,0.23076699674129486
ec2_disk_write_bytes_1ef3de:3007:3023,0,max_abs_z@0.95,0.230767,0.23076699674129486
ec2_disk_write_bytes_1ef3de:3015:3031,0,max_abs_z@0.95,14.428347,0.23076699674129486
ec2_disk_write_bytes_1ef3de:3023:3039,0,max_abs_z@0.95,14.428347,0.23076699674129486
ec2_disk_write_bytes_1ef3de:3031:3047,0,max_abs_z@0.95,0.230767,0.23076699674129486
ec2_disk_write_bytes_1ef3de:3039:3055,0,max_abs_z@0.95,0.230767,0.23076699674129486
ec2_disk_write_bytes_1ef3de:3047:3063,0,max_abs_z@0.95,0.230767,0.23076699674129486
ec2_disk_write_bytes_1ef3de:3055:3071,0,max_abs_z@0.95,0.230767,0.23076699674129486
ec2_disk_write_bytes_1ef3de:3063:3079,0,max_abs_z@0.95,0.230767,0.23076699674129486
ec2_disk_write_bytes_1ef3de:3071:3087,0,max_abs_z@0.95,0.230767,0.23076699674129486
ec2_disk_write_bytes_1ef3de:3079:3095,0,max_abs_z@0.95,0.230767,0.23076699674129486
ec2_disk_write_bytes_1ef3de:3087:3103,0,max_abs_z@0.95,0.230767,0.23076699674129486
ec2_disk_write_bytes_1ef3de:3095:3111,0,max_abs_z@0.95,0.230767,0.23076699674129486
ec2_disk_write_bytes_1ef3de:3103:3119,0,max_abs_z@0.95,0.230767,0.23076699674129486
ec2_disk_write_bytes_1ef3de:3111:3127,0,max_abs_z@0.95,0.230767,0.23076699674129486
ec2_disk_write_bytes_1ef3de:3119:3135,0,max_abs_z@0.95,0.230767,0.23076699674129486
ec2_disk_write_bytes_1ef3de:3127:3143,0,max_abs_z@0.95,0.230767,0.23076699674129486
ec2_disk_write_bytes_1ef3de:3135:3151,0,max_abs_z@0.95,0.230767,0.23076699674129486
ec2_disk_write_bytes_1ef3de:3143:3159,0,max_abs_z@0.95,14.1671505,0.23076699674129486
ec2_disk_write_bytes_1ef3de:3151:3167,0,max_abs_z@0.95,14.1671505,0.23076699674129486
ec2_disk_write_bytes_1ef3de:3159:3175,0,max_abs_z@0.95,0.230767,0.23076699674129486
ec2_disk_write_bytes_1ef3de:3167:3183,0,max_abs_z@0.95,0.230767,0.23076699674129486
ec2_disk_write_bytes_1ef3de:3175:3191,0,max_abs_z@0.95,18.46326,0.23076699674129486
ec2_disk_write_bytes_1ef3de:3183:3199,0,max_abs_z@0.95,18.46326,0.23076699674129486
ec2_disk_write_bytes_1ef3de:3191:3207,0,max_abs_z@0.95,15.53793,0.23076699674129486
ec2_disk_write_bytes_1ef3de:3199:3215,0,max_abs_z@0.95,15.53793,0.23076699674129486
ec2_disk_write_bytes_1ef3de:3207:3223,0,max_abs_z@0.95,15.420666,0.23076699674129486
ec2_disk_write_bytes_1ef3de:3215:3231,0,max_abs_z@0.95,17.699982,0.23076699674129486
ec2_disk_write_bytes_1ef3de:3223:3239,0,max_abs_z@0.95,17.699982,0.23076699674129486
ec2_disk_write_bytes_1ef3de:3231:3247,0,max_abs_z@0.95,11.564783,0.23076699674129486
ec2_disk_write_bytes_1ef3de:3239:3255,0,max_abs_z@0.95,7.284785,0.23076699674129486
ec2_disk_write_bytes_1ef3de:3247:3263,0,max_abs_z@0.95,0.230767,0.23076699674129486
ec2_disk_write_bytes_1ef3de:3255:3271,0,max_abs_z@0.95,13.920832,0.23076699674129486
ec2_disk_write_bytes_1ef3de:3263:3279,0,max_abs_z@0.95,13.920832,0.23076699674129486
ec2_disk_write_bytes_1ef3de:3271:3287,0,max_abs_z@0.95,0.230767,0.23076699674129486
ec2_disk_write_bytes_1ef3de:3279:3295,0,max_abs_z@0.95,0.230767,0.23076699674129486
ec2_disk_write_bytes_1ef3de:3287:3303,0,max_abs_z@0.95,0.230767,0.23076699674129486
ec2_disk_write_bytes_1ef3de:3295:3311,0,max_abs_z@0.95,0.230767,0.23076699674129486
ec2_disk_write_bytes_1ef3de:3303:3319,0,max_abs_z@0.95,0.230767,0.23076699674129486
ec2_disk_write_bytes_1ef3de:3311:3327,0,max_abs_z@0.95,0.230767,0.23076699674129486
ec2_disk_write_bytes_1ef3de:3319:3335,0,max_abs_z@0.95,0.230767,0.23076699674129486
ec2_disk_write_bytes_1ef3de:3327:3343,0,max_abs_z@0.95,0.230767,0.23076699674129486
ec2_disk_write_bytes_1ef3de:3335:3351,0,max_abs_z@0.95,0.230767,0.23076699674129486
ec2_disk_write_bytes_1ef3de:3343:3359,0,max_abs_z@0.95,0.230767,0.23076699674129486
ec2_disk_write_bytes_1ef3de:3351:3367,0,max_abs_z@0.95,0.230767,0.23076699674129486
ec2_disk_write_bytes_1ef3de:3359:3375,0,max_abs_z@0.95,0.230767,0.23076699674129486
ec2_disk_write_bytes_1ef3de:3367:3383,0,max_abs_z@0.95,0.230767,0.23076699674129486
ec2_disk_write_bytes_1ef3de:3375:3391,0,max_abs_z@0.95,0.230767,0.23076699674129486
ec2_disk_write_bytes_1ef3de:3383:3399,0,max_abs_z@0.95,0.230767,0.23076699674129486
ec2_disk_write_bytes_1ef3de:3391:3407,0,max_abs_z@0.95,0.230767,0.23076699674129486
ec2_disk_write_bytes_1ef3de:3399:3415,0,max_abs_z@0.95,0.230767,0.23076699674129486
ec2_disk_write_bytes_1ef3de:3407:3423,0,max_abs_z@0.95,20.069746,0.23076699674129486
ec2_disk_write_bytes_1ef3de:3415:3431,0,max_abs_z@0.95,20.069746,0.23076699674129486
ec2_disk_write_bytes_1ef3de:3423:3439,0,max_abs_z@0.95,1.008062,0.23076699674129486
ec2_disk_write_bytes_1ef3de:3431:3447,0,max_abs_z@0.95,0.230767,0.23076699674129486
ec2_disk_write_bytes_1ef3de:3439:3455,0,max_abs_z@0.95,21.611109,0.23076699674129486
ec2_disk_write_bytes_1ef3de:3447:3463,0,max_abs_z@0.95,21.611109,0.23076699674129486
ec2_disk_write_bytes_1ef3de:3455:3471,0,max_abs_z@0.95,0.230767,0.23076699674129486
ec2_disk_write_bytes_1ef3de:3463:3479,0,max_abs_z@0.95,0.230767,0.23076699674129486
ec2_disk_write_bytes_1ef3de:3471:3487,0,max_abs_z@0.95,0.230767,0.23076699674129486
ec2_disk_write_bytes_1ef3de:3479:3495,0,max_abs_z@0.95,0.230767,0.23076699674129486
ec2_disk_write_bytes_1ef3de:3487:3503,0,max_abs_z@0.95,0.230767,0.23076699674129486
ec2_disk_write_bytes_1ef3de:3495:3511,0,max_abs_z@0.95,0.6910356,0.23076699674129486
ec2_disk_write_bytes_1ef3de:3503:3519,0,max_abs_z@0.95,20.057306,0.23076699674129486
ec2_disk_write_bytes_1ef3de:3511:3527,0,max_abs_z@0.95,20.057304,0.23076699674129486
ec2_disk_write_bytes_1ef3de:3519:3535,0,max_abs_z@0.95,18.473312,0.23076699674129486
ec2_disk_write_bytes_1ef3de:3527:3543,0,max_abs_z@0.95,18.473312,0.23076699674129486
ec2_disk_write_bytes_1ef3de:3535:3551,0,max_abs_z@0.95,15.725636,0.23076699674129486
ec2_disk_write_bytes_1ef3de:3543:3559,0,max_abs_z@0.95,15.725636,0.23076699674129486
ec2_disk_write_bytes_1ef3de:3551:3567,0,max_abs_z@0.95,0.230767,0.23076699674129486
ec2_disk_write_bytes_1ef3de:3559:3575,0,max_abs_z@0.95,0.230767,0.23076699674129486
ec2_disk_write_bytes_1ef3de:3567:3583,0,max_abs_z@0.95,1.3838049,0.23076699674129486
ec2_disk_write_bytes_1ef3de:3575:3591,0,max_abs_z@0.95,12.419345,0.23076699674129486
ec2_disk_write_bytes_1ef3de:3583:3599,0,max_abs_z@0.95,12.419345,0.23076699674129486
ec2_disk_write_bytes_1ef3de:3591:3607,0,max_abs_z@0.95,0.230767,0.23076699674129486
ec2_disk_write_bytes_1ef3de:3599:3615,0,max_abs_z@0.95,0.230767,0.23076699674129486
ec2_disk_write_bytes_1ef3de:3607:3623,0,max_abs_z@0.95,0.230767,0.23076699674129486
ec2_disk_write_bytes_1ef3de:3615:3631,0,max_abs_z@0.95,20.51785,0.23076699674129486
ec2_disk_write_bytes_1ef3de:3623:3639,0,max_abs_z@0.95,20.51785,0.23076699674129486
ec2_disk_write_bytes_1ef3de:3631:3647,0,max_abs_z@0.95,0.230767,0.23076699674129486
ec2_disk_write_bytes_1ef3de:3639:3655,0,max_abs_z@0.95,0.230767,0.23076699674129486
ec2_disk_write_bytes_1ef3de:3647:3663,0,max_abs_z@0.95,21.035074,0.23076699674129486
ec2_disk_write_bytes_1ef3de:3655:3671,0,max_abs_z@0.95,21.035072,0.23076699674129486
ec2_disk_write_bytes_1ef3de:3663:3679,0,max_abs_z@0.95,0.230767,0.23076699674129486
ec2_disk_write_bytes_1ef3de:3671:3687,0,max_abs_z@0.95,0.230767,0.23076699674129486
ec2_disk_write_bytes_1ef3de:3679:3695,0,max_abs_z@0.95,0.230767,0.23076699674129486
ec2_disk_write_bytes_1ef3de:3687:3703,0,max_abs_z@0.95,0.230767,0.23076699674129486
ec2_disk_write_bytes_1ef3de:3695:3711,0,max_abs_z@0.95,0.230767,0.23076699674129486
ec2_disk_write_bytes_1ef3de:3703:3719,0,max_abs_z@0.95,15.103445,0.23076699674129486
ec2_disk_write_bytes_1ef3de:3711:3727,0,max_abs_z@0.95,15.103445,0.23076699674129486
ec2_disk_write_bytes_1ef3de:3719:3735,0,max_abs_z@0.95,19.939657,0.23076699674129486
ec2_disk_write_bytes_1ef3de:3727:3743,0,max_abs_z@0.95,19.939655,0.23076699674129486
ec2_disk_write_bytes_1ef3de:3735:3751,0,max_abs_z@0.95,18.39882,0.23076699674129486
ec2_disk_write_bytes_1ef3de:3743:3759,0,max_abs_z@0.95,19.454231,0.23076699674129486
ec2_disk_write_bytes_1ef3de:3751:3767,0,max_abs_z@0.95,19.454231,0.23076699674129486
ec2_disk_write_bytes_1ef3de:3759:3775,0,max_abs_z@0.95,0.230767,0.23076699674129486
ec2_disk_write_bytes_1ef3de:2831:2847,1,max_abs_z@0.975,0.230767,5.713261604309082
ec2_disk_write_bytes_1ef3de:2839:2855,1,max_abs_z@0.975,0.230767,5.713261604309082
ec2_disk_write_bytes_1ef3de:2847:2863,1,max_abs_z@0.975,0.230767,5.713261604309082
ec2_disk_write_bytes_1ef3de:2855:2871,1,max_abs_z@0.975,0.230767,5.713261604309082
ec2_disk_write_bytes_1ef3de:2863:2879,0,max_abs_z@0.975,0.230767,5.713261604309082
ec2_disk_write_bytes_1ef3de:2871:2887,0,max_abs_z@0.975,0.8516802,5.713261604309082
ec2_disk_write_bytes_1ef3de:2879:2895,0,max_abs_z@0.975,0.8516802,5.713261604309082
ec2_disk_write_bytes_1ef3de:2887:2903,0,max_abs_z@0.975,0.230767,5.713261604309082
ec2_disk_write_bytes_1ef3de:2895:2911,0,max_abs_z@0.975,18.527992,5.713261604309082
ec2_disk_write_bytes_1ef3de:2903:2919,0,max_abs_z@0.975,18.527992,5.713261604309082
ec2_disk_write_bytes_1ef3de:2911:2927,0,max_abs_z@0.975,0.230767,5.713261604309082
ec2_disk_write_bytes_1ef3de:2919:2935,0,max_abs_z@0.975,0.230767,5.713261604309082
ec2_disk_write_bytes_1ef3de:2927:2943,0,max_abs_z@0.975,0.230767,5.713261604309082
ec2_disk_write_bytes_1ef3de:2935:2951,0,max_abs_z@0.975,0.230767,5.713261604309082
ec2_disk_write_bytes_1ef3de:2943:2959,0,max_abs_z@0.975,0.230767,5.713261604309082
ec2_disk_write_bytes_1ef3de:2951:2967,0,max_abs_z@0.975,0.230767,5.713261604309082
ec2_disk_write_bytes_1ef3de:2959:2975,0,max_abs_z@0.975,0.230767,5.713261604309082
ec2_disk_write_bytes_1ef3de:2967:2983,0,max_abs_z@0.975,0.230767,5.713261604309082
ec2_disk_write_bytes_1ef3de:2975:2991,0,max_abs_z@0.975,0.230767,5.713261604309082
ec2_disk_write_bytes_1ef3de:2983:2999,0,max_abs_z@0.975,0.230767,5.713261604309082
ec2_disk_write_bytes_1ef3de:2991:3007,0,max_abs_z@0.975,0.230767,5.713261604309082
ec2_disk_write_bytes_1ef3de:2999:3015,0,max_abs_z@0.975,0.230767,5.713261604309082
ec2_disk_write_bytes_1ef3de:3007:3023,0,max_abs_z@0.975,0.230767,5.713261604309082
ec2_disk_write_bytes_1ef3de:3015:3031,0,max_abs_z@0.975,14.428347,5.713261604309082
ec2_disk_write_bytes_1ef3de:3023:3039,0,max_abs_z@0.975,14.428347,5.713261604309082
ec2_disk_write_bytes_1ef3de:3031:3047,0,max_abs_z@0.975,0.230767,5.713261604309082
ec2_disk_write_bytes_1ef3de:3039:3055,0,max_abs_z@0.975,0.230767,5.713261604309082
ec2_disk_write_bytes_1ef3de:3047:3063,0,max_abs_z@0.975,0.230767,5.713261604309082
ec2_disk_write_bytes_1ef3de:3055:3071,0,max_abs_z@0.975,0.230767,5.713261604309082
ec2_disk_write_bytes_1ef3de:3063:3079,0,max_abs_z@0.975,0.230767,5.713261604309082
ec2_disk_write_bytes_1ef3de:3071:3087,0,max_abs_z@0.975,0.230767,5.713261604309082
ec2_disk_write_bytes_1ef3de:3079:3095,0,max_abs_z@0.975,0.230767,5.713261604309082
ec2_disk_write_bytes_1ef3de:3087:3103,0,max_abs_z@0.975,0.230767,5.713261604309082
ec2_disk_write_bytes_1ef3de:3095:3111,0,max_abs_z@0.975,0.230767,5.713261604309082
ec2_disk_write_bytes_1ef3de:3103:3119,0,max_abs_z@0.975,0.230767,5.713261604309082
ec2_disk_write_bytes_1ef3de:3111:3127,0,max_abs_z@0.975,0.230767,5.713261604309082
ec2_disk_write_bytes_1ef3de:3119:3135,0,max_abs_z@0.975,0.230767,5.713261604309082
ec2_disk_write_bytes_1ef3de:3127:3143,0,max_abs_z@0.975,0.230767,5.713261604309082
ec2_disk_write_bytes_1ef3de:3135:3151,0,max_abs_z@0.975,0.230767,5.713261604309082
ec2_disk_write_bytes_1ef3de:3143:3159,0,max_abs_z@0.975,14.1671505,5.713261604309082
ec2_disk_write_bytes_1ef3de:3151:3167,0,max_abs_z@0.975,14.1671505,5.713261604309082
ec2_disk_write_bytes_1ef3de:3159:3175,0,max_abs_z@0.975,0.230767,5.713261604309082
ec2_disk_write_bytes_1ef3de:3167:3183,0,max_abs_z@0.975,0.230767,5.713261604309082
ec2_disk_write_bytes_1ef3de:3175:3191,0,max_abs_z@0.975,18.46326,5.713261604309082
ec2_disk_write_bytes_1ef3de:3183:3199,0,max_abs_z@0.975,18.46326,5.713261604309082
ec2_disk_write_bytes_1ef3de:3191:3207,0,max_abs_z@0.975,15.53793,5.713261604309082
ec2_disk_write_bytes_1ef3de:3199:3215,0,max_abs_z@0.975,15.53793,5.713261604309082
ec2_disk_write_bytes_1ef3de:3207:3223,0,max_abs_z@0.975,15.420666,5.713261604309082
ec2_disk_write_bytes_1ef3de:3215:3231,0,max_abs_z@0.975,17.699982,5.713261604309082
ec2_disk_write_bytes_1ef3de:3223:3239,0,max_abs_z@0.975,17.699982,5.713261604309082
ec2_disk_write_bytes_1ef3de:3231:3247,0,max_abs_z@0.975,11.564783,5.713261604309082
ec2_disk_write_bytes_1ef3de:3239:3255,0,max_abs_z@0.975,7.284785,5.713261604309082
ec2_disk_write_bytes_1ef3de:3247:3263,0,max_abs_z@0.975,0.230767,5.713261604309082
ec2_disk_write_bytes_1ef3de:3255:3271,0,max_abs_z@0.975,13.920832,5.713261604309082
ec2_disk_write_bytes_1ef3de:3263:3279,0,max_abs_z@0.975,13.920832,5.713261604309082
ec2_disk_write_bytes_1ef3de:3271:3287,0,max_abs_z@0.975,0.230767,5.713261604309082
ec2_disk_write_bytes_1ef3de:3279:3295,0,max_abs_z@0.975,0.230767,5.713261604309082
ec2_disk_write_bytes_1ef3de:3287:3303,0,max_abs_z@0.975,0.230767,5.713261604309082
ec2_disk_write_bytes_1ef3de:3295:3311,0,max_abs_z@0.975,0.230767,5.713261604309082
ec2_disk_write_bytes_1ef3de:3303:3319,0,max_abs_z@0.975,0.230767,5.713261604309082
ec2_disk_write_bytes_1ef3de:3311:3327,0,max_abs_z@0.975,0.230767,5.713261604309082
ec2_disk_write_bytes_1ef3de:3319:3335,0,max_abs_z@0.975,0.230767,5.713261604309082
ec2_disk_write_bytes_1ef3de:3327:3343,0,max_abs_z@0.975,0.230767,5.713261604309082
ec2_disk_write_bytes_1ef3de:3335:3351,0,max_abs_z@0.975,0.230767,5.713261604309082
ec2_disk_write_bytes_1ef3de:3343:3359,0,max_abs_z@0.975,0.230767,5.713261604309082
ec2_disk_write_bytes_1ef3de:3351:3367,0,max_abs_z@0.975,0.230767,5.713261604309082
ec2_disk_write_bytes_1ef3de:3359:3375,0,max_abs_z@0.975,0.230767,5.713261604309082
ec2_disk_write_bytes_1ef3de:3367:3383,0,max_abs_z@0.975,0.230767,5.713261604309082
ec2_disk_write_bytes_1ef3de:3375:3391,0,max_abs_z@0.975,0.230767,5.713261604309082
ec2_disk_write_bytes_1ef3de:3383:3399,0,max_abs_z@0.975,0.230767,5.713261604309082
ec2_disk_write_bytes_1ef3de:3391:3407,0,max_abs_z@0.975,0.230767,5.713261604309082
ec2_disk_write_bytes_1ef3de:3399:3415,0,max_abs_z@0.975,0.230767,5.713261604309082
ec2_disk_write_bytes_1ef3de:3407:3423,0,max_abs_z@0.975,20.069746,5.713261604309082
ec2_disk_write_bytes_1ef3de:3415:3431,0,max_abs_z@0.975,20.069746,5.713261604309082
ec2_disk_write_bytes_1ef3de:3423:3439,0,max_abs_z@0.975,1.008062,5.713261604309082
ec2_disk_write_bytes_1ef3de:3431:3447,0,max_abs_z@0.975,0.230767,5.713261604309082
ec2_disk_write_bytes_1ef3de:3439:3455,0,max_abs_z@0.975,21.611109,5.713261604309082
ec2_disk_write_bytes_1ef3de:3447:3463,0,max_abs_z@0.975,21.611109,5.713261604309082
ec2_disk_write_bytes_1ef3de:3455:3471,0,max_abs_z@0.975,0.230767,5.713261604309082
ec2_disk_write_bytes_1ef3de:3463:3479,0,max_abs_z@0.975,0.230767,5.713261604309082
ec2_disk_write_bytes_1ef3de:3471:3487,0,max_abs_z@0.975,0.230767,5.713261604309082
ec2_disk_write_bytes_1ef3de:3479:3495,0,max_abs_z@0.975,0.230767,5.713261604309082
ec2_disk_write_bytes_1ef3de:3487:3503,0,max_abs_z@0.975,0.230767,5.713261604309082
ec2_disk_write_bytes_1ef3de:3495:3511,0,max_abs_z@0.975,0.6910356,5.713261604309082
ec2_disk_write_bytes_1ef3de:3503:3519,0,max_abs_z@0.975,20.057306,5.713261604309082
ec2_disk_write_bytes_1ef3de:3511:3527,0,max_abs_z@0.975,20.057304,5.713261604309082
ec2_disk_write_bytes_1ef3de:3519:3535,0,max_abs_z@0.975,18.473312,5.713261604309082
ec2_disk_write_bytes_1ef3de:3527:3543,0,max_abs_z@0.975,18.473312,5.713261604309082
ec2_disk_write_bytes_1ef3de:3535:3551,0,max_abs_z@0.975,15.725636,5.713261604309082
ec2_disk_write_bytes_1ef3de:3543:3559,0,max_abs_z@0.975,15.725636,5.713261604309082
ec2_disk_write_bytes_1ef3de:3551:3567,0,max_abs_z@0.975,0.230767,5.713261604309082
ec2_disk_write_bytes_1ef3de:3559:3575,0,max_abs_z@0.975,0.230767,5.713261604309082
ec2_disk_write_bytes_1ef3de:3567:3583,0,max_abs_z@0.975,1.3838049,5.713261604309082
ec2_disk_write_bytes_1ef3de:3575:3591,0,max_abs_z@0.975,12.419345,5.713261604309082
ec2_disk_write_bytes_1ef3de:3583:3599,0,max_abs_z@0.975,12.419345,5.713261604309082
ec2_disk_write_bytes_1ef3de:3591:3607,0,max_abs_z@0.975,0.230767,5.713261604309082
ec2_disk_write_bytes_1ef3de:3599:3615,0,max_abs_z@0.975,0.230767,5.713261604309082
ec2_disk_write_bytes_1ef3de:3607:3623,0,max_abs_z@0.975,0.230767,5.713261604309082
ec2_disk_write_bytes_1ef3de:3615:3631,0,max_abs_z@0.975,20.51785,5.713261604309082
ec2_disk_write_bytes_1ef3de:3623:3639,0,max_abs_z@0.975,20.51785,5.713261604309082
ec2_disk_write_bytes_1ef3de:3631:3647,0,max_abs_z@0.975,0.230767,5.713261604309082
ec2_disk_write_bytes_1ef3de:3639:3655,0,max_abs_z@0.975,0.230767,5.713261604309082
ec2_disk_write_bytes_1ef3de:3647:3663,0,max_abs_z@0.975,21.035074,5.713261604309082
ec2_disk_write_bytes_1ef3de:3655:3671,0,max_abs_z@0.975,21.035072,5.713261604309082
ec2_disk_write_bytes_1ef3de:3663:3679,0,max_abs_z@0.975,0.230767,5.713261604309082
ec2_disk_write_bytes_1ef3de:3671:3687,0,max_abs_z@0.975,0.230767,5.713261604309082
ec2_disk_write_bytes_1ef3de:3679:3695,0,max_abs_z@0.975,0.230767,5.713261604309082
ec2_disk_write_bytes_1ef3de:3687:3703,0,max_abs_z@0.975,0.230767,5.713261604309082
ec2_disk_write_bytes_1ef3de:3695:3711,0,max_abs_z@0.975,0.230767,5.713261604309082
ec2_disk_write_bytes_1ef3de:3703:3719,0,max_abs_z@0.975,15.103445,5.713261604309082
ec2_disk_write_bytes_1ef3de:3711:3727,0,max_abs_z@0.975,15.103445,5.713261604309082
ec2_disk_write_bytes_1ef3de:3719:3735,0,max_abs_z@0.975,19.939657,5.713261604309082
ec2_disk_write_bytes_1ef3de:3727:3743,0,max_abs_z@0.975,19.939655,5.713261604309082
ec2_disk_write_bytes_1ef3de:3735:3751,0,max_abs_z@0.975,18.39882,5.713261604309082
ec2_disk_write_bytes_1ef3de:3743:3759,0,max_abs_z@0.975,19.454231,5.713261604309082
ec2_disk_write_bytes_1ef3de:3751:3767,0,max_abs_z@0.975,19.454231,5.713261604309082
ec2_disk_write_bytes_1ef3de:3759:3775,0,max_abs_z@0.975,0.230767,5.713261604309082
ec2_disk_write_bytes_1ef3de:2831:2847,1,max_abs_z@0.99,0.230767,5.713261604309082
ec2_disk_write_bytes_1ef3de:2839:2855,1,max_abs_z@0.99,0.230767,5.713261604309082
ec2_disk_write_bytes_1ef3de:2847:2863,1,max_abs_z@0.99,0.230767,5.713261604309082
ec2_disk_write_bytes_1ef3de:2855:2871,1,max_abs_z@0.99,0.230767,5.713261604309082
ec2_disk_write_bytes_1ef3de:2863:2879,0,max_abs_z@0.99,0.230767,5.713261604309082
ec2_disk_write_bytes_1ef3de:2871:2887,0,max_abs_z@0.99,0.8516802,5.713261604309082
ec2_disk_write_bytes_1ef3de:2879:2895,0,max_abs_z@0.99,0.8516802,5.713261604309082
ec2_disk_write_bytes_1ef3de:2887:2903,0,max_abs_z@0.99,0.230767,5.713261604309082
ec2_disk_write_bytes_1ef3de:2895:2911,0,max_abs_z@0.99,18.527992,5.713261604309082
ec2_disk_write_bytes_1ef3de:2903:2919,0,max_abs_z@0.99,18.527992,5.713261604309082
ec2_disk_write_bytes_1ef3de:2911:2927,0,max_abs_z@0.99,0.230767,5.713261604309082
ec2_disk_write_bytes_1ef3de:2919:2935,0,max_abs_z@0.99,0.230767,5.713261604309082
ec2_disk_write_bytes_1ef3de:2927:2943,0,max_abs_z@0.99,0.230767,5.713261604309082
ec2_disk_write_bytes_1ef3de:2935:2951,0,max_abs_z@0.99,0.230767,5.713261604309082
ec2_disk_write_bytes_1ef3de:2943:2959,0,max_abs_z@0.99,0.230767,5.713261604309082
ec2_disk_write_bytes_1ef3de:2951:2967,0,max_abs_z@0.99,0.230767,5.713261604309082
ec2_disk_write_bytes_1ef3de:2959:2975,0,max_abs_z@0.99,0.230767,5.713261604309082
ec2_disk_write_bytes_1ef3de:2967:2983,0,max_abs_z@0.99,0.230767,5.713261604309082
ec2_disk_write_bytes_1ef3de:2975:2991,0,max_abs_z@0.99,0.230767,5.713261604309082
ec2_disk_write_bytes_1ef3de:2983:2999,0,max_abs_z@0.99,0.230767,5.713261604309082
ec2_disk_write_bytes_1ef3de:2991:3007,0,max_abs_z@0.99,0.230767,5.713261604309082
ec2_disk_write_bytes_1ef3de:2999:3015,0,max_abs_z@0.99,0.230767,5.713261604309082
ec2_disk_write_bytes_1ef3de:3007:3023,0,max_abs_z@0.99,0.230767,5.713261604309082
ec2_disk_write_bytes_1ef3de:3015:3031,0,max_abs_z@0.99,14.428347,5.713261604309082
ec2_disk_write_bytes_1ef3de:3023:3039,0,max_abs_z@0.99,14.428347,5.713261604309082
ec2_disk_write_bytes_1ef3de:3031:3047,0,max_abs_z@0.99,0.230767,5.713261604309082
ec2_disk_write_bytes_1ef3de:3039:3055,0,max_abs_z@0.99,0.230767,5.713261604309082
ec2_disk_write_bytes_1ef3de:3047:3063,0,max_abs_z@0.99,0.230767,5.713261604309082
ec2_disk_write_bytes_1ef3de:3055:3071,0,max_abs_z@0.99,0.230767,5.713261604309082
ec2_disk_write_bytes_1ef3de:3063:3079,0,max_abs_z@0.99,0.230767,5.713261604309082
ec2_disk_write_bytes_1ef3de:3071:3087,0,max_abs_z@0.99,0.230767,5.713261604309082
ec2_disk_write_bytes_1ef3de:3079:3095,0,max_abs_z@0.99,0.230767,5.713261604309082
ec2_disk_write_bytes_1ef3de:3087:3103,0,max_abs_z@0.99,0.230767,5.713261604309082
ec2_disk_write_bytes_1ef3de:3095:3111,0,max_abs_z@0.99,0.230767,5.713261604309082
ec2_disk_write_bytes_1ef3de:3103:3119,0,max_abs_z@0.99,0.230767,5.713261604309082
ec2_disk_write_bytes_1ef3de:3111:3127,0,max_abs_z@0.99,0.230767,5.713261604309082
ec2_disk_write_bytes_1ef3de:3119:3135,0,max_abs_z@0.99,0.230767,5.713261604309082
ec2_disk_write_bytes_1ef3de:3127:3143,0,max_abs_z@0.99,0.230767,5.713261604309082
ec2_disk_write_bytes_1ef3de:3135:3151,0,max_abs_z@0.99,0.230767,5.713261604309082
ec2_disk_write_bytes_1ef3de:3143:3159,0,max_abs_z@0.99,14.1671505,5.713261604309082
ec2_disk_write_bytes_1ef3de:3151:3167,0,max_abs_z@0.99,14.1671505,5.713261604309082
ec2_disk_write_bytes_1ef3de:3159:3175,0,max_abs_z@0.99,0.230767,5.713261604309082
ec2_disk_write_bytes_1ef3de:3167:3183,0,max_abs_z@0.99,0.230767,5.713261604309082
ec2_disk_write_bytes_1ef3de:3175:3191,0,max_abs_z@0.99,18.46326,5.713261604309082
ec2_disk_write_bytes_1ef3de:3183:3199,0,max_abs_z@0.99,18.46326,5.713261604309082
ec2_disk_write_bytes_1ef3de:3191:3207,0,max_abs_z@0.99,15.53793,5.713261604309082
ec2_disk_write_bytes_1ef3de:3199:3215,0,max_abs_z@0.99,15.53793,5.713261604309082
ec2_disk_write_bytes_1ef3de:3207:3223,0,max_abs_z@0.99,15.420666,5.713261604309082
ec2_disk_write_bytes_1ef3de:3215:3231,0,max_abs_z@0.99,17.699982,5.713261604309082
ec2_disk_write_bytes_1ef3de:3223:3239,0,max_abs_z@0.99,17.699982,5.713261604309082
ec2_disk_write_bytes_1ef3de:3231:3247,0,max_abs_z@0.99,11.564783,5.713261604309082
ec2_disk_write_bytes_1ef3de:3239:3255,0,max_abs_z@0.99,7.284785,5.713261604309082
ec2_disk_write_bytes_1ef3de:3247:3263,0,max_abs_z@0.99,0.230767,5.713261604309082
ec2_disk_write_bytes_1ef3de:3255:3271,0,max_abs_z@0.99,13.920832,5.713261604309082
ec2_disk_write_bytes_1ef3de:3263:3279,0,max_abs_z@0.99,13.920832,5.713261604309082
ec2_disk_write_bytes_1ef3de:3271:3287,0,max_abs_z@0.99,0.230767,5.713261604309082
ec2_disk_write_bytes_1ef3de:3279:3295,0,max_abs_z@0.99,0.230767,5.713261604309082
ec2_disk_write_bytes_1ef3de:3287:3303,0,max_abs_z@0.99,0.230767,5.713261604309082
ec2_disk_write_bytes_1ef3de:3295:3311,0,max_abs_z@0.99,0.230767,5.713261604309082
ec2_disk_write_bytes_1ef3de:3303:3319,0,max_abs_z@0.99,0.230767,5.713261604309082
ec2_disk_write_bytes_1ef3de:3311:3327,0,max_abs_z@0.99,0.230767,5.713261604309082
ec2_disk_write_bytes_1ef3de:3319:3335,0,max_abs_z@0.99,0.230767,5.713261604309082
ec2_disk_write_bytes_1ef3de:3327:3343,0,max_abs_z@0.99,0.230767,5.713261604309082
ec2_disk_write_bytes_1ef3de:3335:3351,0,max_abs_z@0.99,0.230767,5.713261604309082
ec2_disk_write_bytes_1ef3de:3343:3359,0,max_abs_z@0.99,0.230767,5.713261604309082
ec2_disk_write_bytes_1ef3de:3351:3367,0,max_abs_z@0.99,0.230767,5.713261604309082
ec2_disk_write_bytes_1ef3de:3359:3375,0,max_abs_z@0.99,0.230767,5.713261604309082
ec2_disk_write_bytes_1ef3de:3367:3383,0,max_abs_z@0.99,0.230767,5.713261604309082
ec2_disk_write_bytes_1ef3de:3375:3391,0,max_abs_z@0.99,0.230767,5.713261604309082
ec2_disk_write_bytes_1ef3de:3383:3399,0,max_abs_z@0.99,0.230767,5.713261604309082
ec2_disk_write_bytes_1ef3de:3391:3407,0,max_abs_z@0.99,0.230767,5.713261604309082
ec2_disk_write_bytes_1ef3de:3399:3415,0,max_abs_z@0.99,0.230767,5.713261604309082
ec2_disk_write_bytes_1ef3de:3407:3423,0,max_abs_z@0.99,20.069746,5.713261604309082
ec2_disk_write_bytes_1ef3de:3415:3431,0,max_abs_z@0.99,20.069746,5.713261604309082
ec2_disk_write_bytes_1ef3de:3423:3439,0,max_abs_z@0.99,1.008062,5.713261604309082
ec2_disk_write_bytes_1ef3de:3431:3447,0,max_abs_z@0.99,0.230767,5.713261604309082
ec2_disk_write_bytes_1ef3de:3439:3455,0,max_abs_z@0.99,21.611109,5.713261604309082
ec2_disk_write_bytes_1ef3de:3447:3463,0,max_abs_z@0.99,21.611109,5.713261604309082
ec2_disk_write_bytes_1ef3de:3455:3471,0,max_abs_z@0.99,0.230767,5.713261604309082
ec2_disk_write_bytes_1ef3de:3463:3479,0,max_abs_z@0.99,0.230767,5.713261604309082
ec2_disk_write_bytes_1ef3de:3471:3487,0,max_abs_z@0.99,0.230767,5.713261604309082
ec2_disk_write_bytes_1ef3de:3479:3495,0,max_abs_z@0.99,0.230767,5.713261604309082
ec2_disk_write_bytes_1ef3de:3487:3503,0,max_abs_z@0.99,0.230767,5.713261604309082
ec2_disk_write_bytes_1ef3de:3495:3511,0,max_abs_z@0.99,0.6910356,5.713261604309082
ec2_disk_write_bytes_1ef3de:3503:3519,0,max_abs_z@0.99,20.057306,5.713261604309082
ec2_disk_write_bytes_1ef3de:3511:3527,0,max_abs_z@0.99,20.057304,5.713261604309082
ec2_disk_write_bytes_1ef3de:3519:3535,0,max_abs_z@0.99,18.473312,5.713261604309082
ec2_disk_write_bytes_1ef3de:3527:3543,0,max_abs_z@0.99,18.473312,5.713261604309082
ec2_disk_write_bytes_1ef3de:3535:3551,0,max_abs_z@0.99,15.725636,5.713261604309082
ec2_disk_write_bytes_1ef3de:3543:3559,0,max_abs_z@0.99,15.725636,5.713261604309082
ec2_disk_write_bytes_1ef3de:3551:3567,0,max_abs_z@0.99,0.230767,5.713261604309082
ec2_disk_write_bytes_1ef3de:3559:3575,0,max_abs_z@0.99,0.230767,5.713261604309082
ec2_disk_write_bytes_1ef3de:3567:3583,0,max_abs_z@0.99,1.3838049,5.713261604309082
ec2_disk_write_bytes_1ef3de:3575:3591,0,max_abs_z@0.99,12.419345,5.713261604309082
ec2_disk_write_bytes_1ef3de:3583:3599,0,max_abs_z@0.99,12.419345,5.713261604309082
ec2_disk_write_bytes_1ef3de:3591:3607,0,max_abs_z@0.99,0.230767,5.713261604309082
ec2_disk_write_bytes_1ef3de:3599:3615,0,max_abs_z@0.99,0.230767,5.713261604309082
ec2_disk_write_bytes_1ef3de:3607:3623,0,max_abs_z@0.99,0.230767,5.713261604309082
ec2_disk_write_bytes_1ef3de:3615:3631,0,max_abs_z@0.99,20.51785,5.713261604309082
ec2_disk_write_bytes_1ef3de:3623:3639,0,max_abs_z@0.99,20.51785,5.713261604309082
ec2_disk_write_bytes_1ef3de:3631:3647,0,max_abs_z@0.99,0.230767,5.713261604309082
ec2_disk_write_bytes_1ef3de:3639:3655,0,max_abs_z@0.99,0.230767,5.713261604309082
ec2_disk_write_bytes_1ef3de:3647:3663,0,max_abs_z@0.99,21.035074,5.713261604309082
ec2_disk_write_bytes_1ef3de:3655:3671,0,max_abs_z@0.99,21.035072,5.713261604309082
ec2_disk_write_bytes_1ef3de:3663:3679,0,max_abs_z@0.99,0.230767,5.713261604309082
ec2_disk_write_bytes_1ef3de:3671:3687,0,max_abs_z@0.99,0.230767,5.713261604309082
ec2_disk_write_bytes_1ef3de:3679:3695,0,max_abs_z@0.99,0.230767,5.713261604309082
ec2_disk_write_bytes_1ef3de:3687:3703,0,max_abs_z@0.99,0.230767,5.713261604309082
ec2_disk_write_bytes_1ef3de:3695:3711,0,max_abs_z@0.99,0.230767,5.713261604309082
ec2_disk_write_bytes_1ef3de:3703:3719,0,max_abs_z@0.99,15.103445,5.713261604309082
ec2_disk_write_bytes_1ef3de:3711:3727,0,max_abs_z@0.99,15.103445,5.713261604309082
ec2_disk_write_bytes_1ef3de:3719:3735,0,max_abs_z@0.99,19.939657,5.713261604309082
ec2_disk_write_bytes_1ef3de:3727:3743,0,max_abs_z@0.99,19.939655,5.713261604309082
ec2_disk_write_bytes_1ef3de:3735:3751,0,max_abs_z@0.99,18.39882,5.713261604309082
ec2_disk_write_bytes_1ef3de:3743:3759,0,max_abs_z@0.99,19.454231,5.713261604309082
ec2_disk_write_bytes_1ef3de:3751:3767,0,max_abs_z@0.99,19.454231,5.713261604309082
ec2_disk_write_bytes_1ef3de:3759:3775,0,max_abs_z@0.99,0.230767,5.713261604309082
ec2_disk_write_bytes_1ef3de:2831:2847,1,rolling_32@0.95,0.0,0.0
ec2_disk_write_bytes_1ef3de:2839:2855,1,rolling_32@0.95,0.0,0.0
ec2_disk_write_bytes_1ef3de:2847:2863,1,rolling_32@0.95,0.0,0.0
ec2_disk_write_bytes_1ef3de:2855:2871,1,rolling_32@0.95,0.0,0.0
ec2_disk_write_bytes_1ef3de:2863:2879,0,rolling_32@0.95,0.0,0.0
ec2_disk_write_bytes_1ef3de:2871:2887,0,rolling_32@0.95,10.426121501127751,0.0
ec2_disk_write_bytes_1ef3de:2879:2895,0,rolling_32@0.95,10.426121501127751,0.0
ec2_disk_write_bytes_1ef3de:2887:2903,0,rolling_32@0.95,0.0,0.0
ec2_disk_write_bytes_1ef3de:2895:2911,0,rolling_32@0.95,195.899419060393,0.0
ec2_disk_write_bytes_1ef3de:2903:2919,0,rolling_32@0.95,195.899419060393,0.0
ec2_disk_write_bytes_1ef3de:2911:2927,0,rolling_32@0.95,0.011684489563148612,0.0
ec2_disk_write_bytes_1ef3de:2919:2935,0,rolling_32@0.95,0.0,0.0
ec2_disk_write_bytes_1ef3de:2927:2943,0,rolling_32@0.95,0.0,0.0
ec2_disk_write_bytes_1ef3de:2935:2951,0,rolling_32@0.95,0.0,0.0
ec2_disk_write_bytes_1ef3de:2943:2959,0,rolling_32@0.95,0.0,0.0
ec2_disk_write_bytes_1ef3de:2951:2967,0,rolling_32@0.95,0.0,0.0
ec2_disk_write_bytes_1ef3de:2959:2975,0,rolling_32@0.95,0.0,0.0
ec2_disk_write_bytes_1ef3de:2967:2983,0,rolling_32@0.95,0.0,0.0
ec2_disk_write_bytes_1ef3de:2975:2991,0,rolling_32@0.95,0.0,0.0
ec2_disk_write_bytes_1ef3de:2983:2999,0,rolling_32@0.95,0.0,0.0
ec2_disk_write_bytes_1ef3de:2991:3007,0,rolling_32@0.95,0.0,0.0
ec2_disk_write_bytes_1ef3de:2999:3015,0,rolling_32@0.95,0.0,0.0
ec2_disk_write_bytes_1ef3de:3007:3023,0,rolling_32@0.95,0.0,0.0
ec2_disk_write_bytes_1ef3de:3015:3031,0,rolling_32@0.95,145.41254803272017,0.0
ec2_disk_write_bytes_1ef3de:3023:3039,0,rolling_32@0.95,145.41254803272017,0.0
ec2_disk_write_bytes_1ef3de:3031:3047,0,rolling_32@0.95,0.0,0.0
ec2_disk_write_bytes_1ef3de:3039:3055,0,rolling_32@0.95,0.0,0.0
ec2_disk_write_bytes_1ef3de:3047:3063,0,rolling_32@0.95,0.0,0.0
ec2_disk_write_bytes_1ef3de:3055:3071,0,rolling_32@0.95,0.0,0.0
ec2_disk_write_bytes_1ef3de:3063:3079,0,rolling_32@0.95,0.0,0.0
ec2_disk_write_bytes_1ef3de:3071:3087,0,rolling_32@0.95,0.0,0.0
ec2_disk_write_bytes_1ef3de:3079:3095,0,rolling_32@0.95,0.0,0.0
ec2_disk_write_bytes_1ef3de:3087:3103,0,rolling_32@0.95,0.0,0.0
ec2_disk_write_bytes_1ef3de:3095:3111,0,rolling_32@0.95,0.0,0.0
ec2_disk_write_bytes_1ef3de:3103:3119,0,rolling_32@0.95,0.0,0.0
ec2_disk_write_bytes_1ef3de:3111:3127,0,rolling_32@0.95,0.0,0.0
ec2_disk_write_bytes_1ef3de:3119:3135,0,rolling_32@0.95,0.0,0.0
ec2_disk_write_bytes_1ef3de:3127:3143,0,rolling_32@0.95,0.0,0.0
ec2_disk_write_bytes_1ef3de:3135:3151,0,rolling_32@0.95,0.0,0.0
ec2_disk_write_bytes_1ef3de:3143:3159,0,rolling_32@0.95,145.10177767312265,0.0
ec2_disk_write_bytes_1ef3de:3151:3167,0,rolling_32@0.95,145.10177767312265,0.0
ec2_disk_write_bytes_1ef3de:3159:3175,0,rolling_32@0.95,0.5052663536003491,0.0
ec2_disk_write_bytes_1ef3de:3167:3183,0,rolling_32@0.95,0.5052663536003491,0.0
ec2_disk_write_bytes_1ef3de:3175:3191,0,rolling_32@0.95,195.2229828159302,0.0
ec2_disk_write_bytes_1ef3de:3183:3199,0,rolling_32@0.95,195.2229828159302,0.0
ec2_disk_write_bytes_1ef3de:3191:3207,0,rolling_32@0.95,194.76655743577453,0.0
ec2_disk_write_bytes_1ef3de:3199:3215,0,rolling_32@0.95,194.76655743577453,0.0
ec2_disk_write_bytes_1ef3de:3207:3223,0,rolling_32@0.95,157.7778114333391,0.0
ec2_disk_write_bytes_1ef3de:3215:3231,0,rolling_32@0.95,187.23899366506538,0.0
ec2_disk_write_bytes_1ef3de:3223:3239,0,rolling_32@0.95,187.23899366506538,0.0
ec2_disk_write_bytes_1ef3de:3231:3247,0,rolling_32@0.95,114.43483300190626,0.0
ec2_disk_write_bytes_1ef3de:3239:3255,0,rolling_32@0.95,92.82810501518132,0.0
ec2_disk_write_bytes_1ef3de:3247:3263,0,rolling_32@0.95,0.008320772653286315,0.0
ec2_disk_write_bytes_1ef3de:3255:3271,0,rolling_32@0.95,142.61045580643966,0.0
ec2_disk_write_bytes_1ef3de:3263:3279,0,rolling_32@0.95,142.61045580643966,0.0
ec2_disk_write_bytes_1ef3de:3271:3287,0,rolling_32@0.95,0.0,0.0
ec2_disk_write_bytes_1ef3de:3279:3295,0,rolling_32@0.95,0.0,0.0
ec2_disk_write_bytes_1ef3de:3287:3303,0,rolling_32@0.95,0.5070341375064443,0.0
ec2_disk_write_bytes_1ef3de:3295:3311,0,rolling_32@0.95,0.5070341375064443,0.0
ec2_disk_write_bytes_1ef3de:3303:3319,0,rolling_32@0.95,0.0,0.0
ec2_disk_write_bytes_1ef3de:3311:3327,0,rolling_32@0.95,0.0,0.0
ec2_disk_write_bytes_1ef3de:3319:3335,0,rolling_32@0.95,0.0,0.0
ec2_disk_write_bytes_1ef3de:3327:3343,0,rolling_32@0.95,0.0,0.0
ec2_disk_write_bytes_1ef3de:3335:3351,0,rolling_32@0.95,0.0,0.0
ec2_disk_write_bytes_1ef3de:3343:3359,0,rolling_32@0.95,0.0,0.0
ec2_disk_write_bytes_1ef3de:3351:3367,0,rolling_32@0.95,0.0,0.0
ec2_disk_write_bytes_1ef3de:3359:3375,0,rolling_32@0.95,0.0,0.0
ec2_disk_write_bytes_1ef3de:3367:3383,0,rolling_32@0.95,0.0,0.0
ec2_disk_write_bytes_1ef3de:3375:3391,0,rolling_32@0.95,0.0,0.0
ec2_disk_write_bytes_1ef3de:3383:3399,0,rolling_32@0.95,0.0,0.0
ec2_disk_write_bytes_1ef3de:3391:3407,0,rolling_32@0.95,0.0,0.0
ec2_disk_write_bytes_1ef3de:3399:3415,0,rolling_32@0.95,0.0,0.0
ec2_disk_write_bytes_1ef3de:3407:3423,0,rolling_32@0.95,196.97391356064009,0.0
ec2_disk_write_bytes_1ef3de:3415:3431,0,rolling_32@0.95,196.97391356064009,0.0
ec2_disk_write_bytes_1ef3de:3423:3439,0,rolling_32@0.95,15.301358315015806,0.0
ec2_disk_write_bytes_1ef3de:3431:3447,0,rolling_32@0.95,0.0,0.0
ec2_disk_write_bytes_1ef3de:3439:3455,0,rolling_32@0.95,194.90012409929463,0.0
ec2_disk_write_bytes_1ef3de:3447:3463,0,rolling_32@0.95,194.90012409929463,0.0
ec2_disk_write_bytes_1ef3de:3455:3471,0,rolling_32@0.95,0.0,0.0
ec2_disk_write_bytes_1ef3de:3463:3479,0,rolling_32@0.95,0.0,0.0
ec2_disk_write_bytes_1ef3de:3471:3487,0,rolling_32@0.95,0.0,0.0
ec2_disk_write_bytes_1ef3de:3479:3495,0,rolling_32@0.95,0.0,0.0
ec2_disk_write_bytes_1ef3de:3487:3503,0,rolling_32@0.95,0.0021244527629608813,0.0
ec2_disk_write_bytes_1ef3de:3495:3511,0,rolling_32@0.95,8.907124004897582,0.0
ec2_disk_write_bytes_1ef3de:3503:3519,0,rolling_32@0.95,186.12733784018818,0.0
ec2_disk_write_bytes_1ef3de:3511:3527,0,rolling_32@0.95,186.12733784018818,0.0
ec2_disk_write_bytes_1ef3de:3519:3535,0,rolling_32@0.95,195.3280159776545,0.0
ec2_disk_write_bytes_1ef3de:3527:3543,0,rolling_32@0.95,195.3280159776545,0.0
ec2_disk_write_bytes_1ef3de:3535:3551,0,rolling_32@0.95,197.08500473195554,0.0
ec2_disk_write_bytes_1ef3de:3543:3559,0,rolling_32@0.95,197.08500473195554,0.0
ec2_disk_write_bytes_1ef3de:3551:3567,0,rolling_32@0.95,0.0,0.0
ec2_disk_write_bytes_1ef3de:3559:3575,0,rolling_32@0.95,0.0,0.0
ec2_disk_write_bytes_1ef3de:3567:3583,0,rolling_32@0.95,15.630321721110953,0.0
ec2_disk_write_bytes_1ef3de:3575:3591,0,rolling_32@0.95,156.2474641593699,0.0
ec2_disk_write_bytes_1ef3de:3583:3599,0,rolling_32@0.95,156.2474641593699,0.0
ec2_disk_write_bytes_1ef3de:3591:3607,0,rolling_32@0.95,0.0,0.0
ec2_disk_write_bytes_1ef3de:3599:3615,0,rolling_32@0.95,0.0,0.0
ec2_disk_write_bytes_1ef3de:3607:3623,0,rolling_32@0.95,0.0,0.0
ec2_disk_write_bytes_1ef3de:3615:3631,0,rolling_32@0.95,185.13624470486047,0.0
ec2_disk_write_bytes_1ef3de:3623:3639,0,rolling_32@0.95,185.13624470486047,0.0
ec2_disk_write_bytes_1ef3de:3631:3647,0,rolling_32@0.95,0.0,0.0
ec2_disk_write_bytes_1ef3de:3639:3655,0,rolling_32@0.95,0.0,0.0
ec2_disk_write_bytes_1ef3de:3647:3663,0,rolling_32@0.95,195.11147671245095,0.0
ec2_disk_write_bytes_1ef3de:3655:3671,0,rolling_32@0.95,195.11147671245095,0.0
ec2_disk_write_bytes_1ef3de:3663:3679,0,rolling_32@0.95,0.0,0.0
ec2_disk_write_bytes_1ef3de:3671:3687,0,rolling_32@0.95,0.0,0.0
ec2_disk_write_bytes_1ef3de:3679:3695,0,rolling_32@0.95,0.0,0.0
ec2_disk_write_bytes_1ef3de:3687:3703,0,rolling_32@0.95,0.0,0.0
ec2_disk_write_bytes_1ef3de:3695:3711,0,rolling_32@0.95,0.0,0.0
ec2_disk_write_bytes_1ef3de:3703:3719,0,rolling_32@0.95,135.4308292523026,0.0
ec2_disk_write_bytes_1ef3de:3711:3727,0,rolling_32@0.95,135.4308292523026,0.0
ec2_disk_write_bytes_1ef3de:3719:3735,0,rolling_32@0.95,185.04634273604194,0.0
ec2_disk_write_bytes_1ef3de:3727:3743,0,rolling_32@0.95,185.04634273604194,0.0
ec2_disk_write_bytes_1ef3de:3735:3751,0,rolling_32@0.95,170.8885115311377,0.0
ec2_disk_write_bytes_1ef3de:3743:3759,0,rolling_32@0.95,195.29085188685212,0.0
ec2_disk_write_bytes_1ef3de:3751:3767,0,rolling_32@0.95,195.29085188685212,0.0
ec2_disk_write_bytes_1ef3de:3759:3775,0,rolling_32@0.95,0.007435584037226849,0.0
ec2_disk_write_bytes_1ef3de:2831:2847,1,rolling_32@0.975,0.0,73.41748849168354
ec2_disk_write_bytes_1ef3de:2839:2855,1,rolling_32@0.975,0.0,73.41748849168354
ec2_disk_write_bytes_1ef3de:2847:2863,1,rolling_32@0.975,0.0,73.41748849168354
ec2_disk_write_bytes_1ef3de:2855:2871,1,rolling_32@0.975,0.0,73.41748849168354
ec2_disk_write_bytes_1ef3de:2863:2879,0,rolling_32@0.975,0.0,73.41748849168354
ec2_disk_write_bytes_1ef3de:2871:2887,0,rolling_32@0.975,10.426121501127751,73.41748849168354
ec2_disk_write_bytes_1ef3de:2879:2895,0,rolling_32@0.975,10.426121501127751,73.41748849168354
ec2_disk_write_bytes_1ef3de:2887:2903,0,rolling_32@0.975,0.0,73.41748849168354
ec2_disk_write_bytes_1ef3de:2895:2911,0,rolling_32@0.975,195.899419060393,73.41748849168354
ec2_disk_write_bytes_1ef3de:2903:2919,0,rolling_32@0.975,195.899419060393,73.41748849168354
ec2_disk_write_bytes_1ef3de:2911:2927,0,rolling_32@0.975,0.011684489563148612,73.41748849168354
ec2_disk_write_bytes_1ef3de:2919:2935,0,rolling_32@0.975,0.0,73.41748849168354
ec2_disk_write_bytes_1ef3de:2927:2943,0,rolling_32@0.975,0.0,73.41748849168354
ec2_disk_write_bytes_1ef3de:2935:2951,0,rolling_32@0.975,0.0,73.41748849168354
ec2_disk_write_bytes_1ef3de:2943:2959,0,rolling_32@0.975,0.0,73.41748849168354
ec2_disk_write_bytes_1ef3de:2951:2967,0,rolling_32@0.975,0.0,73.41748849168354
ec2_disk_write_bytes_1ef3de:2959:2975,0,rolling_32@0.975,0.0,73.41748849168354
ec2_disk_write_bytes_1ef3de:2967:2983,0,rolling_32@0.975,0.0,73.41748849168354
ec2_disk_write_bytes_1ef3de:2975:2991,0,rolling_32@0.975,0.0,73.41748849168354
ec2_disk_write_bytes_1ef3de:2983:2999,0,rolling_32@0.975,0.0,73.41748849168354
ec2_disk_write_bytes_1ef3de:2991:3007,0,rolling_32@0.975,0.0,73.41748849168354
ec2_disk_write_bytes_1ef3de:2999:3015,0,rolling_32@0.975,0.0,73.41748849168354
ec2_disk_write_bytes_1ef3de:3007:3023,0,rolling_32@0.975,0.0,73.41748849168354
ec2_disk_write_bytes_1ef3de:3015:3031,0,rolling_32@0.975,145.41254803272017,73.41748849168354
ec2_disk_write_bytes_1ef3de:3023:3039,0,rolling_32@0.975,145.41254803272017,73.41748849168354
ec2_disk_write_bytes_1ef3de:3031:3047,0,rolling_32@0.975,0.0,73.41748849168354
ec2_disk_write_bytes_1ef3de:3039:3055,0,rolling_32@0.975,0.0,73.41748849168354
ec2_disk_write_bytes_1ef3de:3047:3063,0,rolling_32@0.975,0.0,73.41748849168354
ec2_disk_write_bytes_1ef3de:3055:3071,0,rolling_32@0.975,0.0,73.41748849168354
ec2_disk_write_bytes_1ef3de:3063:3079,0,rolling_32@0.975,0.0,73.41748849168354
ec2_disk_write_bytes_1ef3de:3071:3087,0,rolling_32@0.975,0.0,73.41748849168354
ec2_disk_write_bytes_1ef3de:3079:3095,0,rolling_32@0.975,0.0,73.41748849168354
ec2_disk_write_bytes_1ef3de:3087:3103,0,rolling_32@0.975,0.0,73.41748849168354
ec2_disk_write_bytes_1ef3de:3095:3111,0,rolling_32@0.975,0.0,73.41748849168354
ec2_disk_write_bytes_1ef3de:3103:3119,0,rolling_32@0.975,0.0,73.41748849168354
ec2_disk_write_bytes_1ef3de:3111:3127,0,rolling_32@0.975,0.0,73.41748849168354
ec2_disk_write_bytes_1ef3de:3119:3135,0,rolling_32@0.975,0.0,73.41748849168354
ec2_disk_write_bytes_1ef3de:3127:3143,0,rolling_32@0.975,0.0,73.41748849168354
ec2_disk_write_bytes_1ef3de:3135:3151,0,rolling_32@0.975,0.0,73.41748849168354
ec2_disk_write_bytes_1ef3de:3143:3159,0,rolling_32@0.975,145.10177767312265,73.41748849168354
ec2_disk_write_bytes_1ef3de:3151:3167,0,rolling_32@0.975,145.10177767312265,73.41748849168354
ec2_disk_write_bytes_1ef3de:3159:3175,0,rolling_32@0.975,0.5052663536003491,73.41748849168354
ec2_disk_write_bytes_1ef3de:3167:3183,0,rolling_32@0.975,0.5052663536003491,73.41748849168354
ec2_disk_write_bytes_1ef3de:3175:3191,0,rolling_32@0.975,195.2229828159302,73.41748849168354
ec2_disk_write_bytes_1ef3de:3183:3199,0,rolling_32@0.975,195.2229828159302,73.41748849168354
ec2_disk_write_bytes_1ef3de:3191:3207,0,rolling_32@0.975,194.76655743577453,73.41748849168354
ec2_disk_write_bytes_1ef3de:3199:3215,0,rolling_32@0.975,194.76655743577453,73.41748849168354
ec2_disk_write_bytes_1ef3de:3207:3223,0,rolling_32@0.975,157.7778114333391,73.41748849168354
ec2_disk_write_bytes_1ef3de:3215:3231,0,rolling_32@0.975,187.23899366506538,73.41748849168354
ec2_disk_write_bytes_1ef3de:3223:3239,0,rolling_32@0.975,187.23899366506538,73.41748849168354
ec2_disk_write_bytes_1ef3de:3231:3247,0,rolling_32@0.975,114.43483300190626,73.41748849168354
ec2_disk_write_bytes_1ef3de:3239:3255,0,rolling_32@0.975,92.82810501518132,73.41748849168354
ec2_disk_write_bytes_1ef3de:3247:3263,0,rolling_32@0.975,0.008320772653286315,73.41748849168354
ec2_disk_write_bytes_1ef3de:3255:3271,0,rolling_32@0.975,142.61045580643966,73.41748849168354
ec2_disk_write_bytes_1ef3de:3263:3279,0,rolling_32@0.975,142.61045580643966,73.41748849168354
ec2_disk_write_bytes_1ef3de:3271:3287,0,rolling_32@0.975,0.0,73.41748849168354
ec2_disk_write_bytes_1ef3de:3279:3295,0,rolling_32@0.975,0.0,73.41748849168354
ec2_disk_write_bytes_1ef3de:3287:3303,0,rolling_32@0.975,0.5070341375064443,73.41748849168354
ec2_disk_write_bytes_1ef3de:3295:3311,0,rolling_32@0.975,0.5070341375064443,73.41748849168354
ec2_disk_write_bytes_1ef3de:3303:3319,0,rolling_32@0.975,0.0,73.41748849168354
ec2_disk_write_bytes_1ef3de:3311:3327,0,rolling_32@0.975,0.0,73.41748849168354
ec2_disk_write_bytes_1ef3de:3319:3335,0,rolling_32@0.975,0.0,73.41748849168354
ec2_disk_write_bytes_1ef3de:3327:3343,0,rolling_32@0.975,0.0,73.41748849168354
ec2_disk_write_bytes_1ef3de:3335:3351,0,rolling_32@0.975,0.0,73.41748849168354
ec2_disk_write_bytes_1ef3de:3343:3359,0,rolling_32@0.975,0.0,73.41748849168354
ec2_disk_write_bytes_1ef3de:3351:3367,0,rolling_32@0.975,0.0,73.41748849168354
ec2_disk_write_bytes_1ef3de:3359:3375,0,rolling_32@0.975,0.0,73.41748849168354
ec2_disk_write_bytes_1ef3de:3367:3383,0,rolling_32@0.975,0.0,73.41748849168354
ec2_disk_write_bytes_1ef3de:3375:3391,0,rolling_32@0.975,0.0,73.41748849168354
ec2_disk_write_bytes_1ef3de:3383:3399,0,rolling_32@0.975,0.0,73.41748849168354
ec2_disk_write_bytes_1ef3de:3391:3407,0,rolling_32@0.975,0.0,73.41748849168354
ec2_disk_write_bytes_1ef3de:3399:3415,0,rolling_32@0.975,0.0,73.41748849168354
ec2_disk_write_bytes_1ef3de:3407:3423,0,rolling_32@0.975,196.97391356064009,73.41748849168354
ec2_disk_write_bytes_1ef3de:3415:3431,0,rolling_32@0.975,196.97391356064009,73.41748849168354
ec2_disk_write_bytes_1ef3de:3423:3439,0,rolling_32@0.975,15.301358315015806,73.41748849168354
ec2_disk_write_bytes_1ef3de:3431:3447,0,rolling_32@0.975,0.0,73.41748849168354
ec2_disk_write_bytes_1ef3de:3439:3455,0,rolling_32@0.975,194.90012409929463,73.41748849168354
ec2_disk_write_bytes_1ef3de:3447:3463,0,rolling_32@0.975,194.90012409929463,73.41748849168354
ec2_disk_write_bytes_1ef3de:3455:3471,0,rolling_32@0.975,0.0,73.41748849168354
ec2_disk_write_bytes_1ef3de:3463:3479,0,rolling_32@0.975,0.0,73.41748849168354
ec2_disk_write_bytes_1ef3de:3471:3487,0,rolling_32@0.975,0.0,73.41748849168354
ec2_disk_write_bytes_1ef3de:3479:3495,0,rolling_32@0.975,0.0,73.41748849168354
ec2_disk_write_bytes_1ef3de:3487:3503,0,rolling_32@0.975,0.0021244527629608813,73.41748849168354
ec2_disk_write_bytes_1ef3de:3495:3511,0,rolling_32@0.975,8.907124004897582,73.41748849168354
ec2_disk_write_bytes_1ef3de:3503:3519,0,rolling_32@0.975,186.12733784018818,73.41748849168354
ec2_disk_write_bytes_1ef3de:3511:3527,0,rolling_32@0.975,186.12733784018818,73.41748849168354
ec2_disk_write_bytes_1ef3de:3519:3535,0,rolling_32@0.975,195.3280159776545,73.41748849168354
ec2_disk_write_bytes_1ef3de:3527:3543,0,rolling_32@0.975,195.3280159776545,73.41748849168354
ec2_disk_write_bytes_1ef3de:3535:3551,0,rolling_32@0.975,197.08500473195554,73.41748849168354
ec2_disk_write_bytes_1ef3de:3543:3559,0,rolling_32@0.975,197.08500473195554,73.41748849168354
ec2_disk_write_bytes_1ef3de:3551:3567,0,rolling_32@0.975,0.0,73.41748849168354
ec2_disk_write_bytes_1ef3de:3559:3575,0,rolling_32@0.975,0.0,73.41748849168354
ec2_disk_write_bytes_1ef3de:3567:3583,0,rolling_32@0.975,15.630321721110953,73.41748849168354
ec2_disk_write_bytes_1ef3de:3575:3591,0,rolling_32@0.975,156.2474641593699,73.41748849168354
ec2_disk_write_bytes_1ef3de:3583:3599,0,rolling_32@0.975,156.2474641593699,73.41748849168354
ec2_disk_write_bytes_1ef3de:3591:3607,0,rolling_32@0.975,0.0,73.41748849168354
ec2_disk_write_bytes_1ef3de:3599:3615,0,rolling_32@0.975,0.0,73.41748849168354
ec2_disk_write_bytes_1ef3de:3607:3623,0,rolling_32@0.975,0.0,73.41748849168354
ec2_disk_write_bytes_1ef3de:3615:3631,0,rolling_32@0.975,185.13624470486047,73.41748849168354
ec2_disk_write_bytes_1ef3de:3623:3639,0,rolling_32@0.975,185.13624470486047,73.41748849168354
ec2_disk_write_bytes_1ef3de:3631:3647,0,rolling_32@0.975,0.0,73.41748849168354
ec2_disk_write_bytes_1ef3de:3639:3655,0,rolling_32@0.975,0.0,73.41748849168354
ec2_disk_write_bytes_1ef3de:3647:3663,0,rolling_32@0.975,195.11147671245095,73.41748849168354
ec2_disk_write_bytes_1ef3de:3655:3671,0,rolling_32@0.975,195.11147671245095,73.41748849168354
ec2_disk_write_bytes_1ef3de:3663:3679,0,rolling_32@0.975,0.0,73.41748849168354
ec2_disk_write_bytes_1ef3de:3671:3687,0,rolling_32@0.975,0.0,73.41748849168354
ec2_disk_write_bytes_1ef3de:3679:3695,0,rolling_32@0.975,0.0,73.41748849168354
ec2_disk_write_bytes_1ef3de:3687:3703,0,rolling_32@0.975,0.0,73.41748849168354
ec2_disk_write_bytes_1ef3de:3695:3711,0,rolling_32@0.975,0.0,73.41748849168354
ec2_disk_write_bytes_1ef3de:3703:3719,0,rolling_32@0.975,135.4308292523026,73.41748849168354
ec2_disk_write_bytes_1ef3de:3711:3727,0,rolling_32@0.975,135.4308292523026,73.41748849168354
ec2_disk_write_bytes_1ef3de:3719:3735,0,rolling_32@0.975,185.04634273604194,73.41748849168354
ec2_disk_write_bytes_1ef3de:3727:3743,0,rolling_32@0.975,185.04634273604194,73.41748849168354
ec2_disk_write_bytes_1ef3de:3735:3751,0,rolling_32@0.975,170.8885115311377,73.41748849168354
ec2_disk_write_bytes_1ef3de:3743:3759,0,rolling_32@0.975,195.29085188685212,73.41748849168354
ec2_disk_write_bytes_1ef3de:3751:3767,0,rolling_32@0.975,195.29085188685212,73.41748849168354
ec2_disk_write_bytes_1ef3de:3759:3775,0,rolling_32@0.975,0.007435584037226849,73.41748849168354
ec2_disk_write_bytes_1ef3de:2831:2847,1,rolling_32@0.99,0.0,73.41748849168354
ec2_disk_write_bytes_1ef3de:2839:2855,1,rolling_32@0.99,0.0,73.41748849168354
ec2_disk_write_bytes_1ef3de:2847:2863,1,rolling_32@0.99,0.0,73.41748849168354
ec2_disk_write_bytes_1ef3de:2855:2871,1,rolling_32@0.99,0.0,73.41748849168354
ec2_disk_write_bytes_1ef3de:2863:2879,0,rolling_32@0.99,0.0,73.41748849168354
ec2_disk_write_bytes_1ef3de:2871:2887,0,rolling_32@0.99,10.426121501127751,73.41748849168354
ec2_disk_write_bytes_1ef3de:2879:2895,0,rolling_32@0.99,10.426121501127751,73.41748849168354
ec2_disk_write_bytes_1ef3de:2887:2903,0,rolling_32@0.99,0.0,73.41748849168354
ec2_disk_write_bytes_1ef3de:2895:2911,0,rolling_32@0.99,195.899419060393,73.41748849168354
ec2_disk_write_bytes_1ef3de:2903:2919,0,rolling_32@0.99,195.899419060393,73.41748849168354
ec2_disk_write_bytes_1ef3de:2911:2927,0,rolling_32@0.99,0.011684489563148612,73.41748849168354
ec2_disk_write_bytes_1ef3de:2919:2935,0,rolling_32@0.99,0.0,73.41748849168354
ec2_disk_write_bytes_1ef3de:2927:2943,0,rolling_32@0.99,0.0,73.41748849168354
ec2_disk_write_bytes_1ef3de:2935:2951,0,rolling_32@0.99,0.0,73.41748849168354
ec2_disk_write_bytes_1ef3de:2943:2959,0,rolling_32@0.99,0.0,73.41748849168354
ec2_disk_write_bytes_1ef3de:2951:2967,0,rolling_32@0.99,0.0,73.41748849168354
ec2_disk_write_bytes_1ef3de:2959:2975,0,rolling_32@0.99,0.0,73.41748849168354
ec2_disk_write_bytes_1ef3de:2967:2983,0,rolling_32@0.99,0.0,73.41748849168354
ec2_disk_write_bytes_1ef3de:2975:2991,0,rolling_32@0.99,0.0,73.41748849168354
ec2_disk_write_bytes_1ef3de:2983:2999,0,rolling_32@0.99,0.0,73.41748849168354
ec2_disk_write_bytes_1ef3de:2991:3007,0,rolling_32@0.99,0.0,73.41748849168354
ec2_disk_write_bytes_1ef3de:2999:3015,0,rolling_32@0.99,0.0,73.41748849168354
ec2_disk_write_bytes_1ef3de:3007:3023,0,rolling_32@0.99,0.0,73.41748849168354
ec2_disk_write_bytes_1ef3de:3015:3031,0,rolling_32@0.99,145.41254803272017,73.41748849168354
ec2_disk_write_bytes_1ef3de:3023:3039,0,rolling_32@0.99,145.41254803272017,73.41748849168354
ec2_disk_write_bytes_1ef3de:3031:3047,0,rolling_32@0.99,0.0,73.41748849168354
ec2_disk_write_bytes_1ef3de:3039:3055,0,rolling_32@0.99,0.0,73.41748849168354
ec2_disk_write_bytes_1ef3de:3047:3063,0,rolling_32@0.99,0.0,73.41748849168354
ec2_disk_write_bytes_1ef3de:3055:3071,0,rolling_32@0.99,0.0,73.41748849168354
ec2_disk_write_bytes_1ef3de:3063:3079,0,rolling_32@0.99,0.0,73.41748849168354
ec2_disk_write_bytes_1ef3de:3071:3087,0,rolling_32@0.99,0.0,73.41748849168354
ec2_disk_write_bytes_1ef3de:3079:3095,0,rolling_32@0.99,0.0,73.41748849168354
ec2_disk_write_bytes_1ef3de:3087:3103,0,rolling_32@0.99,0.0,73.41748849168354
ec2_disk_write_bytes_1ef3de:3095:3111,0,rolling_32@0.99,0.0,73.41748849168354
ec2_disk_write_bytes_1ef3de:3103:3119,0,rolling_32@0.99,0.0,73.41748849168354
ec2_disk_write_bytes_1ef3de:3111:3127,0,rolling_32@0.99,0.0,73.41748849168354
ec2_disk_write_bytes_1ef3de:3119:3135,0,rolling_32@0.99,0.0,73.41748849168354
ec2_disk_write_bytes_1ef3de:3127:3143,0,rolling_32@0.99,0.0,73.41748849168354
ec2_disk_write_bytes_1ef3de:3135:3151,0,rolling_32@0.99,0.0,73.41748849168354
ec2_disk_write_bytes_1ef3de:3143:3159,0,rolling_32@0.99,145.10177767312265,73.41748849168354
ec2_disk_write_bytes_1ef3de:3151:3167,0,rolling_32@0.99,145.10177767312265,73.41748849168354
ec2_disk_write_bytes_1ef3de:3159:3175,0,rolling_32@0.99,0.5052663536003491,73.41748849168354
ec2_disk_write_bytes_1ef3de:3167:3183,0,rolling_32@0.99,0.5052663536003491,73.41748849168354
ec2_disk_write_bytes_1ef3de:3175:3191,0,rolling_32@0.99,195.2229828159302,73.41748849168354
ec2_disk_write_bytes_1ef3de:3183:3199,0,rolling_32@0.99,195.2229828159302,73.41748849168354
ec2_disk_write_bytes_1ef3de:3191:3207,0,rolling_32@0.99,194.76655743577453,73.41748849168354
ec2_disk_write_bytes_1ef3de:3199:3215,0,rolling_32@0.99,194.76655743577453,73.41748849168354
ec2_disk_write_bytes_1ef3de:3207:3223,0,rolling_32@0.99,157.7778114333391,73.41748849168354
ec2_disk_write_bytes_1ef3de:3215:3231,0,rolling_32@0.99,187.23899366506538,73.41748849168354
ec2_disk_write_bytes_1ef3de:3223:3239,0,rolling_32@0.99,187.23899366506538,73.41748849168354
ec2_disk_write_bytes_1ef3de:3231:3247,0,rolling_32@0.99,114.43483300190626,73.41748849168354
ec2_disk_write_bytes_1ef3de:3239:3255,0,rolling_32@0.99,92.82810501518132,73.41748849168354
ec2_disk_write_bytes_1ef3de:3247:3263,0,rolling_32@0.99,0.008320772653286315,73.41748849168354
ec2_disk_write_bytes_1ef3de:3255:3271,0,rolling_32@0.99,142.61045580643966,73.41748849168354
ec2_disk_write_bytes_1ef3de:3263:3279,0,rolling_32@0.99,142.61045580643966,73.41748849168354
ec2_disk_write_bytes_1ef3de:3271:3287,0,rolling_32@0.99,0.0,73.41748849168354
ec2_disk_write_bytes_1ef3de:3279:3295,0,rolling_32@0.99,0.0,73.41748849168354
ec2_disk_write_bytes_1ef3de:3287:3303,0,rolling_32@0.99,0.5070341375064443,73.41748849168354
ec2_disk_write_bytes_1ef3de:3295:3311,0,rolling_32@0.99,0.5070341375064443,73.41748849168354
ec2_disk_write_bytes_1ef3de:3303:3319,0,rolling_32@0.99,0.0,73.41748849168354
ec2_disk_write_bytes_1ef3de:3311:3327,0,rolling_32@0.99,0.0,73.41748849168354
ec2_disk_write_bytes_1ef3de:3319:3335,0,rolling_32@0.99,0.0,73.41748849168354
ec2_disk_write_bytes_1ef3de:3327:3343,0,rolling_32@0.99,0.0,73.41748849168354
ec2_disk_write_bytes_1ef3de:3335:3351,0,rolling_32@0.99,0.0,73.41748849168354
ec2_disk_write_bytes_1ef3de:3343:3359,0,rolling_32@0.99,0.0,73.41748849168354
ec2_disk_write_bytes_1ef3de:3351:3367,0,rolling_32@0.99,0.0,73.41748849168354
ec2_disk_write_bytes_1ef3de:3359:3375,0,rolling_32@0.99,0.0,73.41748849168354
ec2_disk_write_bytes_1ef3de:3367:3383,0,rolling_32@0.99,0.0,73.41748849168354
ec2_disk_write_bytes_1ef3de:3375:3391,0,rolling_32@0.99,0.0,73.41748849168354
ec2_disk_write_bytes_1ef3de:3383:3399,0,rolling_32@0.99,0.0,73.41748849168354
ec2_disk_write_bytes_1ef3de:3391:3407,0,rolling_32@0.99,0.0,73.41748849168354
ec2_disk_write_bytes_1ef3de:3399:3415,0,rolling_32@0.99,0.0,73.41748849168354
ec2_disk_write_bytes_1ef3de:3407:3423,0,rolling_32@0.99,196.97391356064009,73.41748849168354
ec2_disk_write_bytes_1ef3de:3415:3431,0,rolling_32@0.99,196.97391356064009,73.41748849168354
ec2_disk_write_bytes_1ef3de:3423:3439,0,rolling_32@0.99,15.301358315015806,73.41748849168354
ec2_disk_write_bytes_1ef3de:3431:3447,0,rolling_32@0.99,0.0,73.41748849168354
ec2_disk_write_bytes_1ef3de:3439:3455,0,rolling_32@0.99,194.90012409929463,73.41748849168354
ec2_disk_write_bytes_1ef3de:3447:3463,0,rolling_32@0.99,194.90012409929463,73.41748849168354
ec2_disk_write_bytes_1ef3de:3455:3471,0,rolling_32@0.99,0.0,73.41748849168354
ec2_disk_write_bytes_1ef3de:3463:3479,0,rolling_32@0.99,0.0,73.41748849168354
ec2_disk_write_bytes_1ef3de:3471:3487,0,rolling_32@0.99,0.0,73.41748849168354
ec2_disk_write_bytes_1ef3de:3479:3495,0,rolling_32@0.99,0.0,73.41748849168354
ec2_disk_write_bytes_1ef3de:3487:3503,0,rolling_32@0.99,0.0021244527629608813,73.41748849168354
ec2_disk_write_bytes_1ef3de:3495:3511,0,rolling_32@0.99,8.907124004897582,73.41748849168354
ec2_disk_write_bytes_1ef3de:3503:3519,0,rolling_32@0.99,186.12733784018818,73.41748849168354
ec2_disk_write_bytes_1ef3de:3511:3527,0,rolling_32@0.99,186.12733784018818,73.41748849168354
ec2_disk_write_bytes_1ef3de:3519:3535,0,rolling_32@0.99,195.3280159776545,73.41748849168354
ec2_disk_write_bytes_1ef3de:3527:3543,0,rolling_32@0.99,195.3280159776545,73.41748849168354
ec2_disk_write_bytes_1ef3de:3535:3551,0,rolling_32@0.99,197.08500473195554,73.41748849168354
ec2_disk_write_bytes_1ef3de:3543:3559,0,rolling_32@0.99,197.08500473195554,73.41748849168354
ec2_disk_write_bytes_1ef3de:3551:3567,0,rolling_32@0.99,0.0,73.41748849168354
ec2_disk_write_bytes_1ef3de:3559:3575,0,rolling_32@0.99,0.0,73.41748849168354
ec2_disk_write_bytes_1ef3de:3567:3583,0,rolling_32@0.99,15.630321721110953,73.41748849168354
ec2_disk_write_bytes_1ef3de:3575:3591,0,rolling_32@0.99,156.2474641593699,73.41748849168354
ec2_disk_write_bytes_1ef3de:3583:3599,0,rolling_32@0.99,156.2474641593699,73.41748849168354
ec2_disk_write_bytes_1ef3de:3591:3607,0,rolling_32@0.99,0.0,73.41748849168354
ec2_disk_write_bytes_1ef3de:3599:3615,0,rolling_32@0.99,0.0,73.41748849168354
ec2_disk_write_bytes_1ef3de:3607:3623,0,rolling_32@0.99,0.0,73.41748849168354
ec2_disk_write_bytes_1ef3de:3615:3631,0,rolling_32@0.99,185.13624470486047,73.41748849168354
ec2_disk_write_bytes_1ef3de:3623:3639,0,rolling_32@0.99,185.13624470486047,73.41748849168354
ec2_disk_write_bytes_1ef3de:3631:3647,0,rolling_32@0.99,0.0,73.41748849168354
ec2_disk_write_bytes_1ef3de:3639:3655,0,rolling_32@0.99,0.0,73.41748849168354
ec2_disk_write_bytes_1ef3de:3647:3663,0,rolling_32@0.99,195.11147671245095,73.41748849168354
ec2_disk_write_bytes_1ef3de:3655:3671,0,rolling_32@0.99,195.11147671245095,73.41748849168354
ec2_disk_write_bytes_1ef3de:3663:3679,0,rolling_32@0.99,0.0,73.41748849168354
ec2_disk_write_bytes_1ef3de:3671:3687,0,rolling_32@0.99,0.0,73.41748849168354
ec2_disk_write_bytes_1ef3de:3679:3695,0,rolling_32@0.99,0.0,73.41748849168354
ec2_disk_write_bytes_1ef3de:3687:3703,0,rolling_32@0.99,0.0,73.41748849168354
ec2_disk_write_bytes_1ef3de:3695:3711,0,rolling_32@0.99,0.0,73.41748849168354
ec2_disk_write_bytes_1ef3de:3703:3719,0,rolling_32@0.99,135.4308292523026,73.41748849168354
ec2_disk_write_bytes_1ef3de:3711:3727,0,rolling_32@0.99,135.4308292523026,73.41748849168354
ec2_disk_write_bytes_1ef3de:3719:3735,0,rolling_32@0.99,185.04634273604194,73.41748849168354
ec2_disk_write_bytes_1ef3de:3727:3743,0,rolling_32@0.99,185.04634273604194,73.41748849168354
ec2_disk_write_bytes_1ef3de:3735:3751,0,rolling_32@0.99,170.8885115311377,73.41748849168354
ec2_disk_write_bytes_1ef3de:3743:3759,0,rolling_32@0.99,195.29085188685212,73.41748849168354
ec2_disk_write_bytes_1ef3de:3751:3767,0,rolling_32@0.99,195.29085188685212,73.41748849168354
ec2_disk_write_bytes_1ef3de:3759:3775,0,rolling_32@0.99,0.007435584037226849,73.41748849168354
ec2_disk_write_bytes_1ef3de:2831:2847,1,rolling_64@0.95,0.0,0.0
ec2_disk_write_bytes_1ef3de:2839:2855,1,rolling_64@0.95,0.0,0.0
ec2_disk_write_bytes_1ef3de:2847:2863,1,rolling_64@0.95,0.0,0.0
ec2_disk_write_bytes_1ef3de:2855:2871,1,rolling_64@0.95,0.0,0.0
ec2_disk_write_bytes_1ef3de:2863:2879,0,rolling_64@0.95,0.0,0.0
ec2_disk_write_bytes_1ef3de:2871:2887,0,rolling_64@0.95,10.426121501127751,0.0
ec2_disk_write_bytes_1ef3de:2879:2895,0,rolling_64@0.95,10.426121501127751,0.0
ec2_disk_write_bytes_1ef3de:2887:2903,0,rolling_64@0.95,0.0,0.0
ec2_disk_write_bytes_1ef3de:2895:2911,0,rolling_64@0.95,195.899419060393,0.0
ec2_disk_write_bytes_1ef3de:2903:2919,0,rolling_64@0.95,195.899419060393,0.0
ec2_disk_write_bytes_1ef3de:2911:2927,0,rolling_64@0.95,0.011684489563148612,0.0
ec2_disk_write_bytes_1ef3de:2919:2935,0,rolling_64@0.95,0.0,0.0
ec2_disk_write_bytes_1ef3de:2927:2943,0,rolling_64@0.95,0.0,0.0
ec2_disk_write_bytes_1ef3de:2935:2951,0,rolling_64@0.95,0.0,0.0
ec2_disk_write_bytes_1ef3de:2943:2959,0,rolling_64@0.95,0.0,0.0
ec2_disk_write_bytes_1ef3de:2951:2967,0,rolling_64@0.95,0.0,0.0
ec2_disk_write_bytes_1ef3de:2959:2975,0,rolling_64@0.95,0.0,0.0
ec2_disk_write_bytes_1ef3de:2967:2983,0,rolling_64@0.95,0.0,0.0
ec2_disk_write_bytes_1ef3de:2975:2991,0,rolling_64@0.95,0.0,0.0
ec2_disk_write_bytes_1ef3de:2983:2999,0,rolling_64@0.95,0.0,0.0
ec2_disk_write_bytes_1ef3de:2991:3007,0,rolling_64@0.95,0.0,0.0
ec2_disk_write_bytes_1ef3de:2999:3015,0,rolling_64@0.95,0.0,0.0
ec2_disk_write_bytes_1ef3de:3007:3023,0,rolling_64@0.95,0.0,0.0
ec2_disk_write_bytes_1ef3de:3015:3031,0,rolling_64@0.95,145.41254803272017,0.0
ec2_disk_write_bytes_1ef3de:3023:3039,0,rolling_64@0.95,145.41254803272017,0.0
ec2_disk_write_bytes_1ef3de:3031:3047,0,rolling_64@0.95,0.0,0.0
ec2_disk_write_bytes_1ef3de:3039:3055,0,rolling_64@0.95,0.0,0.0
ec2_disk_write_bytes_1ef3de:3047:3063,0,rolling_64@0.95,0.0,0.0
ec2_disk_write_bytes_1ef3de:3055:3071,0,rolling_64@0.95,0.0,0.0
ec2_disk_write_bytes_1ef3de:3063:3079,0,rolling_64@0.95,0.0,0.0
ec2_disk_write_bytes_1ef3de:3071:3087,0,rolling_64@0.95,0.0,0.0
ec2_disk_write_bytes_1ef3de:3079:3095,0,rolling_64@0.95,0.0,0.0
ec2_disk_write_bytes_1ef3de:3087:3103,0,rolling_64@0.95,0.0,0.0
ec2_disk_write_bytes_1ef3de:3095:3111,0,rolling_64@0.95,0.0,0.0
ec2_disk_write_bytes_1ef3de:3103:3119,0,rolling_64@0.95,0.0,0.0
ec2_disk_write_bytes_1ef3de:3111:3127,0,rolling_64@0.95,0.0,0.0
ec2_disk_write_bytes_1ef3de:3119:3135,0,rolling_64@0.95,0.0,0.0
ec2_disk_write_bytes_1ef3de:3127:3143,0,rolling_64@0.95,0.0,0.0
ec2_disk_write_bytes_1ef3de:3135:3151,0,rolling_64@0.95,0.0,0.0
ec2_disk_write_bytes_1ef3de:3143:3159,0,rolling_64@0.95,145.10177767312265,0.0
ec2_disk_write_bytes_1ef3de:3151:3167,0,rolling_64@0.95,145.10177767312265,0.0
ec2_disk_write_bytes_1ef3de:3159:3175,0,rolling_64@0.95,0.5052663536003491,0.0
ec2_disk_write_bytes_1ef3de:3167:3183,0,rolling_64@0.95,0.5052663536003491,0.0
ec2_disk_write_bytes_1ef3de:3175:3191,0,rolling_64@0.95,195.2229828159302,0.0
ec2_disk_write_bytes_1ef3de:3183:3199,0,rolling_64@0.95,195.2229828159302,0.0
ec2_disk_write_bytes_1ef3de:3191:3207,0,rolling_64@0.95,194.76655743577453,0.0
ec2_disk_write_bytes_1ef3de:3199:3215,0,rolling_64@0.95,194.76655743577453,0.0
ec2_disk_write_bytes_1ef3de:3207:3223,0,rolling_64@0.95,157.78011292378835,0.0
ec2_disk_write_bytes_1ef3de:3215:3231,0,rolling_64@0.95,187.2467833248445,0.0
ec2_disk_write_bytes_1ef3de:3223:3239,0,rolling_64@0.95,187.2467833248445,0.0
ec2_disk_write_bytes_1ef3de:3231:3247,0,rolling_64@0.95,114.43483300190626,0.0
ec2_disk_write_bytes_1ef3de:3239:3255,0,rolling_64@0.95,92.82810501518132,0.0
ec2_disk_write_bytes_1ef3de:3247:3263,0,rolling_64@0.95,0.0003540754516999214,0.0
ec2_disk_write_bytes_1ef3de:3255:3271,0,rolling_64@0.95,142.61045580643966,0.0
ec2_disk_write_bytes_1ef3de:3263:3279,0,rolling_64@0.95,142.61045580643966,0.0
ec2_disk_write_bytes_1ef3de:3271:3287,0,rolling_64@0.95,0.0,0.0
ec2_disk_write_bytes_1ef3de:3279:3295,0,rolling_64@0.95,0.0,0.0
ec2_disk_write_bytes_1ef3de:3287:3303,0,rolling_64@0.95,0.5070341375064443,0.0
ec2_disk_write_bytes_1ef3de:3295:3311,0,rolling_64@0.95,0.5070341375064443,0.0
ec2_disk_write_bytes_1ef3de:3303:3319,0,rolling_64@0.95,0.0,0.0
ec2_disk_write_bytes_1ef3de:3311:3327,0,rolling_64@0.95,0.0,0.0
ec2_disk_write_bytes_1ef3de:3319:3335,0,rolling_64@0.95,0.0,0.0
ec2_disk_write_bytes_1ef3de:3327:3343,0,rolling_64@0.95,0.0,0.0
ec2_disk_write_bytes_1ef3de:3335:3351,0,rolling_64@0.95,0.0,0.0
ec2_disk_write_bytes_1ef3de:3343:3359,0,rolling_64@0.95,0.0,0.0
ec2_disk_write_bytes_1ef3de:3351:3367,0,rolling_64@0.95,0.0,0.0
ec2_disk_write_bytes_1ef3de:3359:3375,0,rolling_64@0.95,0.0,0.0
ec2_disk_write_bytes_1ef3de:3367:3383,0,rolling_64@0.95,0.0,0.0
ec2_disk_write_bytes_1ef3de:3375:3391,0,rolling_64@0.95,0.0,0.0
ec2_disk_write_bytes_1ef3de:3383:3399,0,rolling_64@0.95,0.0,0.0
ec2_disk_write_bytes_1ef3de:3391:3407,0,rolling_64@0.95,0.0,0.0
ec2_disk_write_bytes_1ef3de:3399:3415,0,rolling_64@0.95,0.0,0.0
ec2_disk_write_bytes_1ef3de:3407:3423,0,rolling_64@0.95,196.97391356064009,0.0
ec2_disk_write_bytes_1ef3de:3415:3431,0,rolling_64@0.95,196.97391356064009,0.0
ec2_disk_write_bytes_1ef3de:3423:3439,0,rolling_64@0.95,15.301358315015806,0.0
ec2_disk_write_bytes_1ef3de:3431:3447,0,rolling_64@0.95,0.0,0.0
ec2_disk_write_bytes_1ef3de:3439:3455,0,rolling_64@0.95,194.90012409929463,0.0
ec2_disk_write_bytes_1ef3de:3447:3463,0,rolling_64@0.95,194.90012409929463,0.0
ec2_disk_write_bytes_1ef3de:3455:3471,0,rolling_64@0.95,0.0,0.0
ec2_disk_write_bytes_1ef3de:3463:3479,0,rolling_64@0.95,0.0,0.0
ec2_disk_write_bytes_1ef3de:3471:3487,0,rolling_64@0.95,0.0,0.0
ec2_disk_write_bytes_1ef3de:3479:3495,0,rolling_64@0.95,0.0,0.0
ec2_disk_write_bytes_1ef3de:3487:3503,0,rolling_64@0.95,0.0021244527629608813,0.0
ec2_disk_write_bytes_1ef3de:3495:3511,0,rolling_64@0.95,8.907124004897582,0.0
ec2_disk_write_bytes_1ef3de:3503:3519,0,rolling_64@0.95,186.12733784018818,0.0
ec2_disk_write_bytes_1ef3de:3511:3527,0,rolling_64@0.95,186.12733784018818,0.0
ec2_disk_write_bytes_1ef3de:3519:3535,0,rolling_64@0.95,195.3280159776545,0.0
ec2_disk_write_bytes_1ef3de:3527:3543,0,rolling_64@0.95,195.3280159776545,0.0
ec2_disk_write_bytes_1ef3de:3535:3551,0,rolling_64@0.95,197.08500473195554,0.0
ec2_disk_write_bytes_1ef3de:3543:3559,0,rolling_64@0.95,197.08500473195554,0.0
ec2_disk_write_bytes_1ef3de:3551:3567,0,rolling_64@0.95,0.0,0.0
ec2_disk_write_bytes_1ef3de:3559:3575,0,rolling_64@0.95,0.0,0.0
ec2_disk_write_bytes_1ef3de:3567:3583,0,rolling_64@0.95,15.630321721110953,0.0
ec2_disk_write_bytes_1ef3de:3575:3591,0,rolling_64@0.95,156.2474641593699,0.0
ec2_disk_write_bytes_1ef3de:3583:3599,0,rolling_64@0.95,156.2474641593699,0.0
ec2_disk_write_bytes_1ef3de:3591:3607,0,rolling_64@0.95,0.0,0.0
ec2_disk_write_bytes_1ef3de:3599:3615,0,rolling_64@0.95,0.0,0.0
ec2_disk_write_bytes_1ef3de:3607:3623,0,rolling_64@0.95,0.0,0.0
ec2_disk_write_bytes_1ef3de:3615:3631,0,rolling_64@0.95,185.13624470486047,0.0
ec2_disk_write_bytes_1ef3de:3623:3639,0,rolling_64@0.95,185.13624470486047,0.0
ec2_disk_write_bytes_1ef3de:3631:3647,0,rolling_64@0.95,0.0,0.0
ec2_disk_write_bytes_1ef3de:3639:3655,0,rolling_64@0.95,0.0,0.0
ec2_disk_write_bytes_1ef3de:3647:3663,0,rolling_64@0.95,195.11147671245095,0.0
ec2_disk_write_bytes_1ef3de:3655:3671,0,rolling_64@0.95,195.11147671245095,0.0
ec2_disk_write_bytes_1ef3de:3663:3679,0,rolling_64@0.95,0.0,0.0
ec2_disk_write_bytes_1ef3de:3671:3687,0,rolling_64@0.95,0.0,0.0
ec2_disk_write_bytes_1ef3de:3679:3695,0,rolling_64@0.95,0.0,0.0
ec2_disk_write_bytes_1ef3de:3687:3703,0,rolling_64@0.95,0.0,0.0
ec2_disk_write_bytes_1ef3de:3695:3711,0,rolling_64@0.95,0.0,0.0
ec2_disk_write_bytes_1ef3de:3703:3719,0,rolling_64@0.95,135.4308292523026,0.0
ec2_disk_write_bytes_1ef3de:3711:3727,0,rolling_64@0.95,135.4308292523026,0.0
ec2_disk_write_bytes_1ef3de:3719:3735,0,rolling_64@0.95,185.04634273604194,0.0
ec2_disk_write_bytes_1ef3de:3727:3743,0,rolling_64@0.95,185.04634273604194,0.0
ec2_disk_write_bytes_1ef3de:3735:3751,0,rolling_64@0.95,170.8885115311377,0.0
ec2_disk_write_bytes_1ef3de:3743:3759,0,rolling_64@0.95,195.29085188685212,0.0
ec2_disk_write_bytes_1ef3de:3751:3767,0,rolling_64@0.95,195.29085188685212,0.0
ec2_disk_write_bytes_1ef3de:3759:3775,0,rolling_64@0.95,0.007435584037226849,0.0
ec2_disk_write_bytes_1ef3de:2831:2847,1,rolling_64@0.975,0.0,73.41748849168354
ec2_disk_write_bytes_1ef3de:2839:2855,1,rolling_64@0.975,0.0,73.41748849168354
ec2_disk_write_bytes_1ef3de:2847:2863,1,rolling_64@0.975,0.0,73.41748849168354
ec2_disk_write_bytes_1ef3de:2855:2871,1,rolling_64@0.975,0.0,73.41748849168354
ec2_disk_write_bytes_1ef3de:2863:2879,0,rolling_64@0.975,0.0,73.41748849168354
ec2_disk_write_bytes_1ef3de:2871:2887,0,rolling_64@0.975,10.426121501127751,73.41748849168354
ec2_disk_write_bytes_1ef3de:2879:2895,0,rolling_64@0.975,10.426121501127751,73.41748849168354
ec2_disk_write_bytes_1ef3de:2887:2903,0,rolling_64@0.975,0.0,73.41748849168354
ec2_disk_write_bytes_1ef3de:2895:2911,0,rolling_64@0.975,195.899419060393,73.41748849168354
ec2_disk_write_bytes_1ef3de:2903:2919,0,rolling_64@0.975,195.899419060393,73.41748849168354
ec2_disk_write_bytes_1ef3de:2911:2927,0,rolling_64@0.975,0.011684489563148612,73.41748849168354
ec2_disk_write_bytes_1ef3de:2919:2935,0,rolling_64@0.975,0.0,73.41748849168354
ec2_disk_write_bytes_1ef3de:2927:2943,0,rolling_64@0.975,0.0,73.41748849168354
ec2_disk_write_bytes_1ef3de:2935:2951,0,rolling_64@0.975,0.0,73.41748849168354
ec2_disk_write_bytes_1ef3de:2943:2959,0,rolling_64@0.975,0.0,73.41748849168354
ec2_disk_write_bytes_1ef3de:2951:2967,0,rolling_64@0.975,0.0,73.41748849168354
ec2_disk_write_bytes_1ef3de:2959:2975,0,rolling_64@0.975,0.0,73.41748849168354
ec2_disk_write_bytes_1ef3de:2967:2983,0,rolling_64@0.975,0.0,73.41748849168354
ec2_disk_write_bytes_1ef3de:2975:2991,0,rolling_64@0.975,0.0,73.41748849168354
ec2_disk_write_bytes_1ef3de:2983:2999,0,rolling_64@0.975,0.0,73.41748849168354
ec2_disk_write_bytes_1ef3de:2991:3007,0,rolling_64@0.975,0.0,73.41748849168354
ec2_disk_write_bytes_1ef3de:2999:3015,0,rolling_64@0.975,0.0,73.41748849168354
ec2_disk_write_bytes_1ef3de:3007:3023,0,rolling_64@0.975,0.0,73.41748849168354
ec2_disk_write_bytes_1ef3de:3015:3031,0,rolling_64@0.975,145.41254803272017,73.41748849168354
ec2_disk_write_bytes_1ef3de:3023:3039,0,rolling_64@0.975,145.41254803272017,73.41748849168354
ec2_disk_write_bytes_1ef3de:3031:3047,0,rolling_64@0.975,0.0,73.41748849168354
ec2_disk_write_bytes_1ef3de:3039:3055,0,rolling_64@0.975,0.0,73.41748849168354
ec2_disk_write_bytes_1ef3de:3047:3063,0,rolling_64@0.975,0.0,73.41748849168354
ec2_disk_write_bytes_1ef3de:3055:3071,0,rolling_64@0.975,0.0,73.41748849168354
ec2_disk_write_bytes_1ef3de:3063:3079,0,rolling_64@0.975,0.0,73.41748849168354
ec2_disk_write_bytes_1ef3de:3071:3087,0,rolling_64@0.975,0.0,73.41748849168354
ec2_disk_write_bytes_1ef3de:3079:3095,0,rolling_64@0.975,0.0,73.41748849168354
ec2_disk_write_bytes_1ef3de:3087:3103,0,rolling_64@0.975,0.0,73.41748849168354
ec2_disk_write_bytes_1ef3de:3095:3111,0,rolling_64@0.975,0.0,73.41748849168354
ec2_disk_write_bytes_1ef3de:3103:3119,0,rolling_64@0.975,0.0,73.41748849168354
ec2_disk_write_bytes_1ef3de:3111:3127,0,rolling_64@0.975,0.0,73.41748849168354
ec2_disk_write_bytes_1ef3de:3119:3135,0,rolling_64@0.975,0.0,73.41748849168354
ec2_disk_write_bytes_1ef3de:3127:3143,0,rolling_64@0.975,0.0,73.41748849168354
ec2_disk_write_bytes_1ef3de:3135:3151,0,rolling_64@0.975,0.0,73.41748849168354
ec2_disk_write_bytes_1ef3de:3143:3159,0,rolling_64@0.975,145.10177767312265,73.41748849168354
ec2_disk_write_bytes_1ef3de:3151:3167,0,rolling_64@0.975,145.10177767312265,73.41748849168354
ec2_disk_write_bytes_1ef3de:3159:3175,0,rolling_64@0.975,0.5052663536003491,73.41748849168354
ec2_disk_write_bytes_1ef3de:3167:3183,0,rolling_64@0.975,0.5052663536003491,73.41748849168354
ec2_disk_write_bytes_1ef3de:3175:3191,0,rolling_64@0.975,195.2229828159302,73.41748849168354
ec2_disk_write_bytes_1ef3de:3183:3199,0,rolling_64@0.975,195.2229828159302,73.41748849168354
ec2_disk_write_bytes_1ef3de:3191:3207,0,rolling_64@0.975,194.76655743577453,73.41748849168354
ec2_disk_write_bytes_1ef3de:3199:3215,0,rolling_64@0.975,194.76655743577453,73.41748849168354
ec2_disk_write_bytes_1ef3de:3207:3223,0,rolling_64@0.975,157.78011292378835,73.41748849168354
ec2_disk_write_bytes_1ef3de:3215:3231,0,rolling_64@0.975,187.2467833248445,73.41748849168354
ec2_disk_write_bytes_1ef3de:3223:3239,0,rolling_64@0.975,187.2467833248445,73.41748849168354
ec2_disk_write_bytes_1ef3de:3231:3247,0,rolling_64@0.975,114.43483300190626,73.41748849168354
ec2_disk_write_bytes_1ef3de:3239:3255,0,rolling_64@0.975,92.82810501518132,73.41748849168354
ec2_disk_write_bytes_1ef3de:3247:3263,0,rolling_64@0.975,0.0003540754516999214,73.41748849168354
ec2_disk_write_bytes_1ef3de:3255:3271,0,rolling_64@0.975,142.61045580643966,73.41748849168354
ec2_disk_write_bytes_1ef3de:3263:3279,0,rolling_64@0.975,142.61045580643966,73.41748849168354
ec2_disk_write_bytes_1ef3de:3271:3287,0,rolling_64@0.975,0.0,73.41748849168354
ec2_disk_write_bytes_1ef3de:3279:3295,0,rolling_64@0.975,0.0,73.41748849168354
ec2_disk_write_bytes_1ef3de:3287:3303,0,rolling_64@0.975,0.5070341375064443,73.41748849168354
ec2_disk_write_bytes_1ef3de:3295:3311,0,rolling_64@0.975,0.5070341375064443,73.41748849168354
ec2_disk_write_bytes_1ef3de:3303:3319,0,rolling_64@0.975,0.0,73.41748849168354
ec2_disk_write_bytes_1ef3de:3311:3327,0,rolling_64@0.975,0.0,73.41748849168354
ec2_disk_write_bytes_1ef3de:3319:3335,0,rolling_64@0.975,0.0,73.41748849168354
ec2_disk_write_bytes_1ef3de:3327:3343,0,rolling_64@0.975,0.0,73.41748849168354
ec2_disk_write_bytes_1ef3de:3335:3351,0,rolling_64@0.975,0.0,73.41748849168354
ec2_disk_write_bytes_1ef3de:3343:3359,0,rolling_64@0.975,0.0,73.41748849168354
ec2_disk_write_bytes_1ef3de:3351:3367,0,rolling_64@0.975,0.0,73.41748849168354
ec2_disk_write_bytes_1ef3de:3359:3375,0,rolling_64@0.975,0.0,73.41748849168354
ec2_disk_write_bytes_1ef3de:3367:3383,0,rolling_64@0.975,0.0,73.41748849168354
ec2_disk_write_bytes_1ef3de:3375:3391,0,rolling_64@0.975,0.0,73.41748849168354
ec2_disk_write_bytes_1ef3de:3383:3399,0,rolling_64@0.975,0.0,73.41748849168354
ec2_disk_write_bytes_1ef3de:3391:3407,0,rolling_64@0.975,0.0,73.41748849168354
ec2_disk_write_bytes_1ef3de:3399:3415,0,rolling_64@0.975,0.0,73.41748849168354
ec2_disk_write_bytes_1ef3de:3407:3423,0,rolling_64@0.975,196.97391356064009,73.41748849168354
ec2_disk_write_bytes_1ef3de:3415:3431,0,rolling_64@0.975,196.97391356064009,73.41748849168354
ec2_disk_write_bytes_1ef3de:3423:3439,0,rolling_64@0.975,15.301358315015806,73.41748849168354
ec2_disk_write_bytes_1ef3de:3431:3447,0,rolling_64@0.975,0.0,73.41748849168354
ec2_disk_write_bytes_1ef3de:3439:3455,0,rolling_64@0.975,194.90012409929463,73.41748849168354
ec2_disk_write_bytes_1ef3de:3447:3463,0,rolling_64@0.975,194.90012409929463,73.41748849168354
ec2_disk_write_bytes_1ef3de:3455:3471,0,rolling_64@0.975,0.0,73.41748849168354
ec2_disk_write_bytes_1ef3de:3463:3479,0,rolling_64@0.975,0.0,73.41748849168354
ec2_disk_write_bytes_1ef3de:3471:3487,0,rolling_64@0.975,0.0,73.41748849168354
ec2_disk_write_bytes_1ef3de:3479:3495,0,rolling_64@0.975,0.0,73.41748849168354
ec2_disk_write_bytes_1ef3de:3487:3503,0,rolling_64@0.975,0.0021244527629608813,73.41748849168354
ec2_disk_write_bytes_1ef3de:3495:3511,0,rolling_64@0.975,8.907124004897582,73.41748849168354
ec2_disk_write_bytes_1ef3de:3503:3519,0,rolling_64@0.975,186.12733784018818,73.41748849168354
ec2_disk_write_bytes_1ef3de:3511:3527,0,rolling_64@0.975,186.12733784018818,73.41748849168354
ec2_disk_write_bytes_1ef3de:3519:3535,0,rolling_64@0.975,195.3280159776545,73.41748849168354
ec2_disk_write_bytes_1ef3de:3527:3543,0,rolling_64@0.975,195.3280159776545,73.41748849168354
ec2_disk_write_bytes_1ef3de:3535:3551,0,rolling_64@0.975,197.08500473195554,73.41748849168354
ec2_disk_write_bytes_1ef3de:3543:3559,0,rolling_64@0.975,197.08500473195554,73.41748849168354
ec2_disk_write_bytes_1ef3de:3551:3567,0,rolling_64@0.975,0.0,73.41748849168354
ec2_disk_write_bytes_1ef3de:3559:3575,0,rolling_64@0.975,0.0,73.41748849168354
ec2_disk_write_bytes_1ef3de:3567:3583,0,rolling_64@0.975,15.630321721110953,73.41748849168354
ec2_disk_write_bytes_1ef3de:3575:3591,0,rolling_64@0.975,156.2474641593699,73.41748849168354
ec2_disk_write_bytes_1ef3de:3583:3599,0,rolling_64@0.975,156.2474641593699,73.41748849168354
ec2_disk_write_bytes_1ef3de:3591:3607,0,rolling_64@0.975,0.0,73.41748849168354
ec2_disk_write_bytes_1ef3de:3599:3615,0,rolling_64@0.975,0.0,73.41748849168354
ec2_disk_write_bytes_1ef3de:3607:3623,0,rolling_64@0.975,0.0,73.41748849168354
ec2_disk_write_bytes_1ef3de:3615:3631,0,rolling_64@0.975,185.13624470486047,73.41748849168354
ec2_disk_write_bytes_1ef3de:3623:3639,0,rolling_64@0.975,185.13624470486047,73.41748849168354
ec2_disk_write_bytes_1ef3de:3631:3647,0,rolling_64@0.975,0.0,73.41748849168354
ec2_disk_write_bytes_1ef3de:3639:3655,0,rolling_64@0.975,0.0,73.41748849168354
ec2_disk_write_bytes_1ef3de:3647:3663,0,rolling_64@0.975,195.11147671245095,73.41748849168354
ec2_disk_write_bytes_1ef3de:3655:3671,0,rolling_64@0.975,195.11147671245095,73.41748849168354
ec2_disk_write_bytes_1ef3de:3663:3679,0,rolling_64@0.975,0.0,73.41748849168354
ec2_disk_write_bytes_1ef3de:3671:3687,0,rolling_64@0.975,0.0,73.41748849168354
ec2_disk_write_bytes_1ef3de:3679:3695,0,rolling_64@0.975,0.0,73.41748849168354
ec2_disk_write_bytes_1ef3de:3687:3703,0,rolling_64@0.975,0.0,73.41748849168354
ec2_disk_write_bytes_1ef3de:3695:3711,0,rolling_64@0.975,0.0,73.41748849168354
ec2_disk_write_bytes_1ef3de:3703:3719,0,rolling_64@0.975,135.4308292523026,73.41748849168354
ec2_disk_write_bytes_1ef3de:3711:3727,0,rolling_64@0.975,135.4308292523026,73.41748849168354
ec2_disk_write_bytes_1ef3de:3719:3735,0,rolling_64@0.975,185.04634273604194,73.41748849168354
ec2_disk_write_bytes_1ef3de:3727:3743,0,rolling_64@0.975,185.04634273604194,73.41748849168354
ec2_disk_write_bytes_1ef3de:3735:3751,0,rolling_64@0.975,170.8885115311377,73.41748849168354
ec2_disk_write_bytes_1ef3de:3743:3759,0,rolling_64@0.975,195.29085188685212,73.41748849168354
ec2_disk_write_bytes_1ef3de:3751:3767,0,rolling_64@0.975,195.29085188685212,73.41748849168354
ec2_disk_write_bytes_1ef3de:3759:3775,0,rolling_64@0.975,0.007435584037226849,73.41748849168354
ec2_disk_write_bytes_1ef3de:2831:2847,1,rolling_64@0.99,0.0,73.41748849168354
ec2_disk_write_bytes_1ef3de:2839:2855,1,rolling_64@0.99,0.0,73.41748849168354
ec2_disk_write_bytes_1ef3de:2847:2863,1,rolling_64@0.99,0.0,73.41748849168354
ec2_disk_write_bytes_1ef3de:2855:2871,1,rolling_64@0.99,0.0,73.41748849168354
ec2_disk_write_bytes_1ef3de:2863:2879,0,rolling_64@0.99,0.0,73.41748849168354
ec2_disk_write_bytes_1ef3de:2871:2887,0,rolling_64@0.99,10.426121501127751,73.41748849168354
ec2_disk_write_bytes_1ef3de:2879:2895,0,rolling_64@0.99,10.426121501127751,73.41748849168354
ec2_disk_write_bytes_1ef3de:2887:2903,0,rolling_64@0.99,0.0,73.41748849168354
ec2_disk_write_bytes_1ef3de:2895:2911,0,rolling_64@0.99,195.899419060393,73.41748849168354
ec2_disk_write_bytes_1ef3de:2903:2919,0,rolling_64@0.99,195.899419060393,73.41748849168354
ec2_disk_write_bytes_1ef3de:2911:2927,0,rolling_64@0.99,0.011684489563148612,73.41748849168354
ec2_disk_write_bytes_1ef3de:2919:2935,0,rolling_64@0.99,0.0,73.41748849168354
ec2_disk_write_bytes_1ef3de:2927:2943,0,rolling_64@0.99,0.0,73.41748849168354
ec2_disk_write_bytes_1ef3de:2935:2951,0,rolling_64@0.99,0.0,73.41748849168354
ec2_disk_write_bytes_1ef3de:2943:2959,0,rolling_64@0.99,0.0,73.41748849168354
ec2_disk_write_bytes_1ef3de:2951:2967,0,rolling_64@0.99,0.0,73.41748849168354
ec2_disk_write_bytes_1ef3de:2959:2975,0,rolling_64@0.99,0.0,73.41748849168354
ec2_disk_write_bytes_1ef3de:2967:2983,0,rolling_64@0.99,0.0,73.41748849168354
ec2_disk_write_bytes_1ef3de:2975:2991,0,rolling_64@0.99,0.0,73.41748849168354
ec2_disk_write_bytes_1ef3de:2983:2999,0,rolling_64@0.99,0.0,73.41748849168354
ec2_disk_write_bytes_1ef3de:2991:3007,0,rolling_64@0.99,0.0,73.41748849168354
ec2_disk_write_bytes_1ef3de:2999:3015,0,rolling_64@0.99,0.0,73.41748849168354
ec2_disk_write_bytes_1ef3de:3007:3023,0,rolling_64@0.99,0.0,73.41748849168354
ec2_disk_write_bytes_1ef3de:3015:3031,0,rolling_64@0.99,145.41254803272017,73.41748849168354
ec2_disk_write_bytes_1ef3de:3023:3039,0,rolling_64@0.99,145.41254803272017,73.41748849168354
ec2_disk_write_bytes_1ef3de:3031:3047,0,rolling_64@0.99,0.0,73.41748849168354
ec2_disk_write_bytes_1ef3de:3039:3055,0,rolling_64@0.99,0.0,73.41748849168354
ec2_disk_write_bytes_1ef3de:3047:3063,0,rolling_64@0.99,0.0,73.41748849168354
ec2_disk_write_bytes_1ef3de:3055:3071,0,rolling_64@0.99,0.0,73.41748849168354
ec2_disk_write_bytes_1ef3de:3063:3079,0,rolling_64@0.99,0.0,73.41748849168354
ec2_disk_write_bytes_1ef3de:3071:3087,0,rolling_64@0.99,0.0,73.41748849168354
ec2_disk_write_bytes_1ef3de:3079:3095,0,rolling_64@0.99,0.0,73.41748849168354
ec2_disk_write_bytes_1ef3de:3087:3103,0,rolling_64@0.99,0.0,73.41748849168354
ec2_disk_write_bytes_1ef3de:3095:3111,0,rolling_64@0.99,0.0,73.41748849168354
ec2_disk_write_bytes_1ef3de:3103:3119,0,rolling_64@0.99,0.0,73.41748849168354
ec2_disk_write_bytes_1ef3de:3111:3127,0,rolling_64@0.99,0.0,73.41748849168354
ec2_disk_write_bytes_1ef3de:3119:3135,0,rolling_64@0.99,0.0,73.41748849168354
ec2_disk_write_bytes_1ef3de:3127:3143,0,rolling_64@0.99,0.0,73.41748849168354
ec2_disk_write_bytes_1ef3de:3135:3151,0,rolling_64@0.99,0.0,73.41748849168354
ec2_disk_write_bytes_1ef3de:3143:3159,0,rolling_64@0.99,145.10177767312265,73.41748849168354
ec2_disk_write_bytes_1ef3de:3151:3167,0,rolling_64@0.99,145.10177767312265,73.41748849168354
ec2_disk_write_bytes_1ef3de:3159:3175,0,rolling_64@0.99,0.5052663536003491,73.41748849168354
ec2_disk_write_bytes_1ef3de:3167:3183,0,rolling_64@0.99,0.5052663536003491,73.41748849168354
ec2_disk_write_bytes_1ef3de:3175:3191,0,rolling_64@0.99,195.2229828159302,73.41748849168354
ec2_disk_write_bytes_1ef3de:3183:3199,0,rolling_64@0.99,195.2229828159302,73.41748849168354
ec2_disk_write_bytes_1ef3de:3191:3207,0,rolling_64@0.99,194.76655743577453,73.41748849168354
ec2_disk_write_bytes_1ef3de:3199:3215,0,rolling_64@0.99,194.76655743577453,73.41748849168354
ec2_disk_write_bytes_1ef3de:3207:3223,0,rolling_64@0.99,157.78011292378835,73.41748849168354
ec2_disk_write_bytes_1ef3de:3215:3231,0,rolling_64@0.99,187.2467833248445,73.41748849168354
ec2_disk_write_bytes_1ef3de:3223:3239,0,rolling_64@0.99,187.2467833248445,73.41748849168354
ec2_disk_write_bytes_1ef3de:3231:3247,0,rolling_64@0.99,114.43483300190626,73.41748849168354
ec2_disk_write_bytes_1ef3de:3239:3255,0,rolling_64@0.99,92.82810501518132,73.41748849168354
ec2_disk_write_bytes_1ef3de:3247:3263,0,rolling_64@0.99,0.0003540754516999214,73.41748849168354
ec2_disk_write_bytes_1ef3de:3255:3271,0,rolling_64@0.99,142.61045580643966,73.41748849168354
ec2_disk_write_bytes_1ef3de:3263:3279,0,rolling_64@0.99,142.61045580643966,73.41748849168354
ec2_disk_write_bytes_1ef3de:3271:3287,0,rolling_64@0.99,0.0,73.41748849168354
ec2_disk_write_bytes_1ef3de:3279:3295,0,rolling_64@0.99,0.0,73.41748849168354
ec2_disk_write_bytes_1ef3de:3287:3303,0,rolling_64@0.99,0.5070341375064443,73.41748849168354
ec2_disk_write_bytes_1ef3de:3295:3311,0,rolling_64@0.99,0.5070341375064443,73.41748849168354
ec2_disk_write_bytes_1ef3de:3303:3319,0,rolling_64@0.99,0.0,73.41748849168354
ec2_disk_write_bytes_1ef3de:3311:3327,0,rolling_64@0.99,0.0,73.41748849168354
ec2_disk_write_bytes_1ef3de:3319:3335,0,rolling_64@0.99,0.0,73.41748849168354
ec2_disk_write_bytes_1ef3de:3327:3343,0,rolling_64@0.99,0.0,73.41748849168354
ec2_disk_write_bytes_1ef3de:3335:3351,0,rolling_64@0.99,0.0,73.41748849168354
ec2_disk_write_bytes_1ef3de:3343:3359,0,rolling_64@0.99,0.0,73.41748849168354
ec2_disk_write_bytes_1ef3de:3351:3367,0,rolling_64@0.99,0.0,73.41748849168354
ec2_disk_write_bytes_1ef3de:3359:3375,0,rolling_64@0.99,0.0,73.41748849168354
ec2_disk_write_bytes_1ef3de:3367:3383,0,rolling_64@0.99,0.0,73.41748849168354
ec2_disk_write_bytes_1ef3de:3375:3391,0,rolling_64@0.99,0.0,73.41748849168354
ec2_disk_write_bytes_1ef3de:3383:3399,0,rolling_64@0.99,0.0,73.41748849168354
ec2_disk_write_bytes_1ef3de:3391:3407,0,rolling_64@0.99,0.0,73.41748849168354
ec2_disk_write_bytes_1ef3de:3399:3415,0,rolling_64@0.99,0.0,73.41748849168354
ec2_disk_write_bytes_1ef3de:3407:3423,0,rolling_64@0.99,196.97391356064009,73.41748849168354
ec2_disk_write_bytes_1ef3de:3415:3431,0,rolling_64@0.99,196.97391356064009,73.41748849168354
ec2_disk_write_bytes_1ef3de:3423:3439,0,rolling_64@0.99,15.301358315015806,73.41748849168354
ec2_disk_write_bytes_1ef3de:3431:3447,0,rolling_64@0.99,0.0,73.41748849168354
ec2_disk_write_bytes_1ef3de:3439:3455,0,rolling_64@0.99,194.90012409929463,73.41748849168354
ec2_disk_write_bytes_1ef3de:3447:3463,0,rolling_64@0.99,194.90012409929463,73.41748849168354
ec2_disk_write_bytes_1ef3de:3455:3471,0,rolling_64@0.99,0.0,73.41748849168354
ec2_disk_write_bytes_1ef3de:3463:3479,0,rolling_64@0.99,0.0,73.41748849168354
ec2_disk_write_bytes_1ef3de:3471:3487,0,rolling_64@0.99,0.0,73.41748849168354
ec2_disk_write_bytes_1ef3de:3479:3495,0,rolling_64@0.99,0.0,73.41748849168354
ec2_disk_write_bytes_1ef3de:3487:3503,0,rolling_64@0.99,0.0021244527629608813,73.41748849168354
ec2_disk_write_bytes_1ef3de:3495:3511,0,rolling_64@0.99,8.907124004897582,73.41748849168354
ec2_disk_write_bytes_1ef3de:3503:3519,0,rolling_64@0.99,186.12733784018818,73.41748849168354
ec2_disk_write_bytes_1ef3de:3511:3527,0,rolling_64@0.99,186.12733784018818,73.41748849168354
ec2_disk_write_bytes_1ef3de:3519:3535,0,rolling_64@0.99,195.3280159776545,73.41748849168354
ec2_disk_write_bytes_1ef3de:3527:3543,0,rolling_64@0.99,195.3280159776545,73.41748849168354
ec2_disk_write_bytes_1ef3de:3535:3551,0,rolling_64@0.99,197.08500473195554,73.41748849168354
ec2_disk_write_bytes_1ef3de:3543:3559,0,rolling_64@0.99,197.08500473195554,73.41748849168354
ec2_disk_write_bytes_1ef3de:3551:3567,0,rolling_64@0.99,0.0,73.41748849168354
ec2_disk_write_bytes_1ef3de:3559:3575,0,rolling_64@0.99,0.0,73.41748849168354
ec2_disk_write_bytes_1ef3de:3567:3583,0,rolling_64@0.99,15.630321721110953,73.41748849168354
ec2_disk_write_bytes_1ef3de:3575:3591,0,rolling_64@0.99,156.2474641593699,73.41748849168354
ec2_disk_write_bytes_1ef3de:3583:3599,0,rolling_64@0.99,156.2474641593699,73.41748849168354
ec2_disk_write_bytes_1ef3de:3591:3607,0,rolling_64@0.99,0.0,73.41748849168354
ec2_disk_write_bytes_1ef3de:3599:3615,0,rolling_64@0.99,0.0,73.41748849168354
ec2_disk_write_bytes_1ef3de:3607:3623,0,rolling_64@0.99,0.0,73.41748849168354
ec2_disk_write_bytes_1ef3de:3615:3631,0,rolling_64@0.99,185.13624470486047,73.41748849168354
ec2_disk_write_bytes_1ef3de:3623:3639,0,rolling_64@0.99,185.13624470486047,73.41748849168354
ec2_disk_write_bytes_1ef3de:3631:3647,0,rolling_64@0.99,0.0,73.41748849168354
ec2_disk_write_bytes_1ef3de:3639:3655,0,rolling_64@0.99,0.0,73.41748849168354
ec2_disk_write_bytes_1ef3de:3647:3663,0,rolling_64@0.99,195.11147671245095,73.41748849168354
ec2_disk_write_bytes_1ef3de:3655:3671,0,rolling_64@0.99,195.11147671245095,73.41748849168354
ec2_disk_write_bytes_1ef3de:3663:3679,0,rolling_64@0.99,0.0,73.41748849168354
ec2_disk_write_bytes_1ef3de:3671:3687,0,rolling_64@0.99,0.0,73.41748849168354
ec2_disk_write_bytes_1ef3de:3679:3695,0,rolling_64@0.99,0.0,73.41748849168354
ec2_disk_write_bytes_1ef3de:3687:3703,0,rolling_64@0.99,0.0,73.41748849168354
ec2_disk_write_bytes_1ef3de:3695:3711,0,rolling_64@0.99,0.0,73.41748849168354
ec2_disk_write_bytes_1ef3de:3703:3719,0,rolling_64@0.99,135.4308292523026,73.41748849168354
ec2_disk_write_bytes_1ef3de:3711:3727,0,rolling_64@0.99,135.4308292523026,73.41748849168354
ec2_disk_write_bytes_1ef3de:3719:3735,0,rolling_64@0.99,185.04634273604194,73.41748849168354
ec2_disk_write_bytes_1ef3de:3727:3743,0,rolling_64@0.99,185.04634273604194,73.41748849168354
ec2_disk_write_bytes_1ef3de:3735:3751,0,rolling_64@0.99,170.8885115311377,73.41748849168354
ec2_disk_write_bytes_1ef3de:3743:3759,0,rolling_64@0.99,195.29085188685212,73.41748849168354
ec2_disk_write_bytes_1ef3de:3751:3767,0,rolling_64@0.99,195.29085188685212,73.41748849168354
ec2_disk_write_bytes_1ef3de:3759:3775,0,rolling_64@0.99,0.007435584037226849,73.41748849168354
ec2_disk_write_bytes_1ef3de:2831:2847,1,rolling_128@0.95,0.0,0.0
ec2_disk_write_bytes_1ef3de:2839:2855,1,rolling_128@0.95,0.0,0.0
ec2_disk_write_bytes_1ef3de:2847:2863,1,rolling_128@0.95,0.0,0.0
ec2_disk_write_bytes_1ef3de:2855:2871,1,rolling_128@0.95,0.0,0.0
ec2_disk_write_bytes_1ef3de:2863:2879,0,rolling_128@0.95,0.0,0.0
ec2_disk_write_bytes_1ef3de:2871:2887,0,rolling_128@0.95,10.426121501127751,0.0
ec2_disk_write_bytes_1ef3de:2879:2895,0,rolling_128@0.95,10.426121501127751,0.0
ec2_disk_write_bytes_1ef3de:2887:2903,0,rolling_128@0.95,0.0,0.0
ec2_disk_write_bytes_1ef3de:2895:2911,0,rolling_128@0.95,195.899419060393,0.0
ec2_disk_write_bytes_1ef3de:2903:2919,0,rolling_128@0.95,195.899419060393,0.0
ec2_disk_write_bytes_1ef3de:2911:2927,0,rolling_128@0.95,0.011684489563148612,0.0
ec2_disk_write_bytes_1ef3de:2919:2935,0,rolling_128@0.95,0.0,0.0
ec2_disk_write_bytes_1ef3de:2927:2943,0,rolling_128@0.95,0.0,0.0
ec2_disk_write_bytes_1ef3de:2935:2951,0,rolling_128@0.95,0.0,0.0
ec2_disk_write_bytes_1ef3de:2943:2959,0,rolling_128@0.95,0.0,0.0
ec2_disk_write_bytes_1ef3de:2951:2967,0,rolling_128@0.95,0.0,0.0
ec2_disk_write_bytes_1ef3de:2959:2975,0,rolling_128@0.95,0.0,0.0
ec2_disk_write_bytes_1ef3de:2967:2983,0,rolling_128@0.95,0.0,0.0
ec2_disk_write_bytes_1ef3de:2975:2991,0,rolling_128@0.95,0.0,0.0
ec2_disk_write_bytes_1ef3de:2983:2999,0,rolling_128@0.95,0.0,0.0
ec2_disk_write_bytes_1ef3de:2991:3007,0,rolling_128@0.95,0.0,0.0
ec2_disk_write_bytes_1ef3de:2999:3015,0,rolling_128@0.95,0.0,0.0
ec2_disk_write_bytes_1ef3de:3007:3023,0,rolling_128@0.95,0.0,0.0
ec2_disk_write_bytes_1ef3de:3015:3031,0,rolling_128@0.95,145.41254803272017,0.0
ec2_disk_write_bytes_1ef3de:3023:3039,0,rolling_128@0.95,145.41254803272017,0.0
ec2_disk_write_bytes_1ef3de:3031:3047,0,rolling_128@0.95,0.0,0.0
ec2_disk_write_bytes_1ef3de:3039:3055,0,rolling_128@0.95,0.0,0.0
ec2_disk_write_bytes_1ef3de:3047:3063,0,rolling_128@0.95,0.0,0.0
ec2_disk_write_bytes_1ef3de:3055:3071,0,rolling_128@0.95,0.0,0.0
ec2_disk_write_bytes_1ef3de:3063:3079,0,rolling_128@0.95,0.0,0.0
ec2_disk_write_bytes_1ef3de:3071:3087,0,rolling_128@0.95,0.0,0.0
ec2_disk_write_bytes_1ef3de:3079:3095,0,rolling_128@0.95,0.0,0.0
ec2_disk_write_bytes_1ef3de:3087:3103,0,rolling_128@0.95,0.0,0.0
ec2_disk_write_bytes_1ef3de:3095:3111,0,rolling_128@0.95,0.0,0.0
ec2_disk_write_bytes_1ef3de:3103:3119,0,rolling_128@0.95,0.0,0.0
ec2_disk_write_bytes_1ef3de:3111:3127,0,rolling_128@0.95,0.0,0.0
ec2_disk_write_bytes_1ef3de:3119:3135,0,rolling_128@0.95,0.0,0.0
ec2_disk_write_bytes_1ef3de:3127:3143,0,rolling_128@0.95,0.0,0.0
ec2_disk_write_bytes_1ef3de:3135:3151,0,rolling_128@0.95,0.0,0.0
ec2_disk_write_bytes_1ef3de:3143:3159,0,rolling_128@0.95,145.10177767312265,0.0
ec2_disk_write_bytes_1ef3de:3151:3167,0,rolling_128@0.95,145.10177767312265,0.0
ec2_disk_write_bytes_1ef3de:3159:3175,0,rolling_128@0.95,0.5052663536003491,0.0
ec2_disk_write_bytes_1ef3de:3167:3183,0,rolling_128@0.95,0.5052663536003491,0.0
ec2_disk_write_bytes_1ef3de:3175:3191,0,rolling_128@0.95,195.2229828159302,0.0
ec2_disk_write_bytes_1ef3de:3183:3199,0,rolling_128@0.95,195.2229828159302,0.0
ec2_disk_write_bytes_1ef3de:3191:3207,0,rolling_128@0.95,194.76655743577453,0.0
ec2_disk_write_bytes_1ef3de:3199:3215,0,rolling_128@0.95,194.76655743577453,0.0
ec2_disk_write_bytes_1ef3de:3207:3223,0,rolling_128@0.95,157.78011292378835,0.0
ec2_disk_write_bytes_1ef3de:3215:3231,0,rolling_128@0.95,187.2467833248445,0.0
ec2_disk_write_bytes_1ef3de:3223:3239,0,rolling_128@0.95,187.2467833248445,0.0
ec2_disk_write_bytes_1ef3de:3231:3247,0,rolling_128@0.95,114.43483300190626,0.0
ec2_disk_write_bytes_1ef3de:3239:3255,0,rolling_128@0.95,92.82810501518132,0.0
ec2_disk_write_bytes_1ef3de:3247:3263,0,rolling_128@0.95,0.0,0.0
ec2_disk_write_bytes_1ef3de:3255:3271,0,rolling_128@0.95,142.61045580643966,0.0
ec2_disk_write_bytes_1ef3de:3263:3279,0,rolling_128@0.95,142.61045580643966,0.0
ec2_disk_write_bytes_1ef3de:3271:3287,0,rolling_128@0.95,0.0,0.0
ec2_disk_write_bytes_1ef3de:3279:3295,0,rolling_128@0.95,0.0,0.0
ec2_disk_write_bytes_1ef3de:3287:3303,0,rolling_128@0.95,0.5070341375064443,0.0
ec2_disk_write_bytes_1ef3de:3295:3311,0,rolling_128@0.95,0.5070341375064443,0.0
ec2_disk_write_bytes_1ef3de:3303:3319,0,rolling_128@0.95,0.0,0.0
ec2_disk_write_bytes_1ef3de:3311:3327,0,rolling_128@0.95,0.0,0.0
ec2_disk_write_bytes_1ef3de:3319:3335,0,rolling_128@0.95,0.0,0.0
ec2_disk_write_bytes_1ef3de:3327:3343,0,rolling_128@0.95,0.0,0.0
ec2_disk_write_bytes_1ef3de:3335:3351,0,rolling_128@0.95,0.0,0.0
ec2_disk_write_bytes_1ef3de:3343:3359,0,rolling_128@0.95,0.0,0.0
ec2_disk_write_bytes_1ef3de:3351:3367,0,rolling_128@0.95,0.0,0.0
ec2_disk_write_bytes_1ef3de:3359:3375,0,rolling_128@0.95,0.0,0.0
ec2_disk_write_bytes_1ef3de:3367:3383,0,rolling_128@0.95,0.0,0.0
ec2_disk_write_bytes_1ef3de:3375:3391,0,rolling_128@0.95,0.0,0.0
ec2_disk_write_bytes_1ef3de:3383:3399,0,rolling_128@0.95,0.0,0.0
ec2_disk_write_bytes_1ef3de:3391:3407,0,rolling_128@0.95,0.0,0.0
ec2_disk_write_bytes_1ef3de:3399:3415,0,rolling_128@0.95,0.0,0.0
ec2_disk_write_bytes_1ef3de:3407:3423,0,rolling_128@0.95,196.97391356064009,0.0
ec2_disk_write_bytes_1ef3de:3415:3431,0,rolling_128@0.95,196.97391356064009,0.0
ec2_disk_write_bytes_1ef3de:3423:3439,0,rolling_128@0.95,15.301358315015806,0.0
ec2_disk_write_bytes_1ef3de:3431:3447,0,rolling_128@0.95,0.0,0.0
ec2_disk_write_bytes_1ef3de:3439:3455,0,rolling_128@0.95,194.90012409929463,0.0
ec2_disk_write_bytes_1ef3de:3447:3463,0,rolling_128@0.95,194.90012409929463,0.0
ec2_disk_write_bytes_1ef3de:3455:3471,0,rolling_128@0.95,0.0,0.0
ec2_disk_write_bytes_1ef3de:3463:3479,0,rolling_128@0.95,0.0,0.0
ec2_disk_write_bytes_1ef3de:3471:3487,0,rolling_128@0.95,0.0,0.0
ec2_disk_write_bytes_1ef3de:3479:3495,0,rolling_128@0.95,0.0,0.0
ec2_disk_write_bytes_1ef3de:3487:3503,0,rolling_128@0.95,0.0021244527629608813,0.0
ec2_disk_write_bytes_1ef3de:3495:3511,0,rolling_128@0.95,8.907124004897582,0.0
ec2_disk_write_bytes_1ef3de:3503:3519,0,rolling_128@0.95,186.12733784018818,0.0
ec2_disk_write_bytes_1ef3de:3511:3527,0,rolling_128@0.95,186.12733784018818,0.0
ec2_disk_write_bytes_1ef3de:3519:3535,0,rolling_128@0.95,195.3280159776545,0.0
ec2_disk_write_bytes_1ef3de:3527:3543,0,rolling_128@0.95,195.3280159776545,0.0
ec2_disk_write_bytes_1ef3de:3535:3551,0,rolling_128@0.95,197.08500473195554,0.0
ec2_disk_write_bytes_1ef3de:3543:3559,0,rolling_128@0.95,197.08500473195554,0.0
ec2_disk_write_bytes_1ef3de:3551:3567,0,rolling_128@0.95,0.0,0.0
ec2_disk_write_bytes_1ef3de:3559:3575,0,rolling_128@0.95,0.0,0.0
ec2_disk_write_bytes_1ef3de:3567:3583,0,rolling_128@0.95,15.630321721110953,0.0
ec2_disk_write_bytes_1ef3de:3575:3591,0,rolling_128@0.95,156.2474641593699,0.0
ec2_disk_write_bytes_1ef3de:3583:3599,0,rolling_128@0.95,156.2474641593699,0.0
ec2_disk_write_bytes_1ef3de:3591:3607,0,rolling_128@0.95,0.0,0.0
ec2_disk_write_bytes_1ef3de:3599:3615,0,rolling_128@0.95,0.0,0.0
ec2_disk_write_bytes_1ef3de:3607:3623,0,rolling_128@0.95,0.0,0.0
ec2_disk_write_bytes_1ef3de:3615:3631,0,rolling_128@0.95,185.13624470486047,0.0
ec2_disk_write_bytes_1ef3de:3623:3639,0,rolling_128@0.95,185.13624470486047,0.0
ec2_disk_write_bytes_1ef3de:3631:3647,0,rolling_128@0.95,0.0,0.0
ec2_disk_write_bytes_1ef3de:3639:3655,0,rolling_128@0.95,0.0,0.0
ec2_disk_write_bytes_1ef3de:3647:3663,0,rolling_128@0.95,195.11147671245095,0.0
ec2_disk_write_bytes_1ef3de:3655:3671,0,rolling_128@0.95,195.11147671245095,0.0
ec2_disk_write_bytes_1ef3de:3663:3679,0,rolling_128@0.95,0.0,0.0
ec2_disk_write_bytes_1ef3de:3671:3687,0,rolling_128@0.95,0.0,0.0
ec2_disk_write_bytes_1ef3de:3679:3695,0,rolling_128@0.95,0.0,0.0
ec2_disk_write_bytes_1ef3de:3687:3703,0,rolling_128@0.95,0.0,0.0
ec2_disk_write_bytes_1ef3de:3695:3711,0,rolling_128@0.95,0.0,0.0
ec2_disk_write_bytes_1ef3de:3703:3719,0,rolling_128@0.95,135.4308292523026,0.0
ec2_disk_write_bytes_1ef3de:3711:3727,0,rolling_128@0.95,135.4308292523026,0.0
ec2_disk_write_bytes_1ef3de:3719:3735,0,rolling_128@0.95,185.04634273604194,0.0
ec2_disk_write_bytes_1ef3de:3727:3743,0,rolling_128@0.95,185.04634273604194,0.0
ec2_disk_write_bytes_1ef3de:3735:3751,0,rolling_128@0.95,170.8885115311377,0.0
ec2_disk_write_bytes_1ef3de:3743:3759,0,rolling_128@0.95,195.29085188685212,0.0
ec2_disk_write_bytes_1ef3de:3751:3767,0,rolling_128@0.95,195.29085188685212,0.0
ec2_disk_write_bytes_1ef3de:3759:3775,0,rolling_128@0.95,0.007435584037226849,0.0
ec2_disk_write_bytes_1ef3de:2831:2847,1,rolling_128@0.975,0.0,73.41748849168354
ec2_disk_write_bytes_1ef3de:2839:2855,1,rolling_128@0.975,0.0,73.41748849168354
ec2_disk_write_bytes_1ef3de:2847:2863,1,rolling_128@0.975,0.0,73.41748849168354
ec2_disk_write_bytes_1ef3de:2855:2871,1,rolling_128@0.975,0.0,73.41748849168354
ec2_disk_write_bytes_1ef3de:2863:2879,0,rolling_128@0.975,0.0,73.41748849168354
ec2_disk_write_bytes_1ef3de:2871:2887,0,rolling_128@0.975,10.426121501127751,73.41748849168354
ec2_disk_write_bytes_1ef3de:2879:2895,0,rolling_128@0.975,10.426121501127751,73.41748849168354
ec2_disk_write_bytes_1ef3de:2887:2903,0,rolling_128@0.975,0.0,73.41748849168354
ec2_disk_write_bytes_1ef3de:2895:2911,0,rolling_128@0.975,195.899419060393,73.41748849168354
ec2_disk_write_bytes_1ef3de:2903:2919,0,rolling_128@0.975,195.899419060393,73.41748849168354
ec2_disk_write_bytes_1ef3de:2911:2927,0,rolling_128@0.975,0.011684489563148612,73.41748849168354
ec2_disk_write_bytes_1ef3de:2919:2935,0,rolling_128@0.975,0.0,73.41748849168354
ec2_disk_write_bytes_1ef3de:2927:2943,0,rolling_128@0.975,0.0,73.41748849168354
ec2_disk_write_bytes_1ef3de:2935:2951,0,rolling_128@0.975,0.0,73.41748849168354
ec2_disk_write_bytes_1ef3de:2943:2959,0,rolling_128@0.975,0.0,73.41748849168354
ec2_disk_write_bytes_1ef3de:2951:2967,0,rolling_128@0.975,0.0,73.41748849168354
ec2_disk_write_bytes_1ef3de:2959:2975,0,rolling_128@0.975,0.0,73.41748849168354
ec2_disk_write_bytes_1ef3de:2967:2983,0,rolling_128@0.975,0.0,73.41748849168354
ec2_disk_write_bytes_1ef3de:2975:2991,0,rolling_128@0.975,0.0,73.41748849168354
ec2_disk_write_bytes_1ef3de:2983:2999,0,rolling_128@0.975,0.0,73.41748849168354
ec2_disk_write_bytes_1ef3de:2991:3007,0,rolling_128@0.975,0.0,73.41748849168354
ec2_disk_write_bytes_1ef3de:2999:3015,0,rolling_128@0.975,0.0,73.41748849168354
ec2_disk_write_bytes_1ef3de:3007:3023,0,rolling_128@0.975,0.0,73.41748849168354
ec2_disk_write_bytes_1ef3de:3015:3031,0,rolling_128@0.975,145.41254803272017,73.41748849168354
ec2_disk_write_bytes_1ef3de:3023:3039,0,rolling_128@0.975,145.41254803272017,73.41748849168354
ec2_disk_write_bytes_1ef3de:3031:3047,0,rolling_128@0.975,0.0,73.41748849168354
ec2_disk_write_bytes_1ef3de:3039:3055,0,rolling_128@0.975,0.0,73.41748849168354
ec2_disk_write_bytes_1ef3de:3047:3063,0,rolling_128@0.975,0.0,73.41748849168354
ec2_disk_write_bytes_1ef3de:3055:3071,0,rolling_128@0.975,0.0,73.41748849168354
ec2_disk_write_bytes_1ef3de:3063:3079,0,rolling_128@0.975,0.0,73.41748849168354
ec2_disk_write_bytes_1ef3de:3071:3087,0,rolling_128@0.975,0.0,73.41748849168354
ec2_disk_write_bytes_1ef3de:3079:3095,0,rolling_128@0.975,0.0,73.41748849168354
ec2_disk_write_bytes_1ef3de:3087:3103,0,rolling_128@0.975,0.0,73.41748849168354
ec2_disk_write_bytes_1ef3de:3095:3111,0,rolling_128@0.975,0.0,73.41748849168354
ec2_disk_write_bytes_1ef3de:3103:3119,0,rolling_128@0.975,0.0,73.41748849168354
ec2_disk_write_bytes_1ef3de:3111:3127,0,rolling_128@0.975,0.0,73.41748849168354
ec2_disk_write_bytes_1ef3de:3119:3135,0,rolling_128@0.975,0.0,73.41748849168354
ec2_disk_write_bytes_1ef3de:3127:3143,0,rolling_128@0.975,0.0,73.41748849168354
ec2_disk_write_bytes_1ef3de:3135:3151,0,rolling_128@0.975,0.0,73.41748849168354
ec2_disk_write_bytes_1ef3de:3143:3159,0,rolling_128@0.975,145.10177767312265,73.41748849168354
ec2_disk_write_bytes_1ef3de:3151:3167,0,rolling_128@0.975,145.10177767312265,73.41748849168354
ec2_disk_write_bytes_1ef3de:3159:3175,0,rolling_128@0.975,0.5052663536003491,73.41748849168354
ec2_disk_write_bytes_1ef3de:3167:3183,0,rolling_128@0.975,0.5052663536003491,73.41748849168354
ec2_disk_write_bytes_1ef3de:3175:3191,0,rolling_128@0.975,195.2229828159302,73.41748849168354
ec2_disk_write_bytes_1ef3de:3183:3199,0,rolling_128@0.975,195.2229828159302,73.41748849168354
ec2_disk_write_bytes_1ef3de:3191:3207,0,rolling_128@0.975,194.76655743577453,73.41748849168354
ec2_disk_write_bytes_1ef3de:3199:3215,0,rolling_128@0.975,194.76655743577453,73.41748849168354
ec2_disk_write_bytes_1ef3de:3207:3223,0,rolling_128@0.975,157.78011292378835,73.41748849168354
ec2_disk_write_bytes_1ef3de:3215:3231,0,rolling_128@0.975,187.2467833248445,73.41748849168354
ec2_disk_write_bytes_1ef3de:3223:3239,0,rolling_128@0.975,187.2467833248445,73.41748849168354
ec2_disk_write_bytes_1ef3de:3231:3247,0,rolling_128@0.975,114.43483300190626,73.41748849168354
ec2_disk_write_bytes_1ef3de:3239:3255,0,rolling_128@0.975,92.82810501518132,73.41748849168354
ec2_disk_write_bytes_1ef3de:3247:3263,0,rolling_128@0.975,0.0,73.41748849168354
ec2_disk_write_bytes_1ef3de:3255:3271,0,rolling_128@0.975,142.61045580643966,73.41748849168354
ec2_disk_write_bytes_1ef3de:3263:3279,0,rolling_128@0.975,142.61045580643966,73.41748849168354
ec2_disk_write_bytes_1ef3de:3271:3287,0,rolling_128@0.975,0.0,73.41748849168354
ec2_disk_write_bytes_1ef3de:3279:3295,0,rolling_128@0.975,0.0,73.41748849168354
ec2_disk_write_bytes_1ef3de:3287:3303,0,rolling_128@0.975,0.5070341375064443,73.41748849168354
ec2_disk_write_bytes_1ef3de:3295:3311,0,rolling_128@0.975,0.5070341375064443,73.41748849168354
ec2_disk_write_bytes_1ef3de:3303:3319,0,rolling_128@0.975,0.0,73.41748849168354
ec2_disk_write_bytes_1ef3de:3311:3327,0,rolling_128@0.975,0.0,73.41748849168354
ec2_disk_write_bytes_1ef3de:3319:3335,0,rolling_128@0.975,0.0,73.41748849168354
ec2_disk_write_bytes_1ef3de:3327:3343,0,rolling_128@0.975,0.0,73.41748849168354
ec2_disk_write_bytes_1ef3de:3335:3351,0,rolling_128@0.975,0.0,73.41748849168354
ec2_disk_write_bytes_1ef3de:3343:3359,0,rolling_128@0.975,0.0,73.41748849168354
ec2_disk_write_bytes_1ef3de:3351:3367,0,rolling_128@0.975,0.0,73.41748849168354
ec2_disk_write_bytes_1ef3de:3359:3375,0,rolling_128@0.975,0.0,73.41748849168354
ec2_disk_write_bytes_1ef3de:3367:3383,0,rolling_128@0.975,0.0,73.41748849168354
ec2_disk_write_bytes_1ef3de:3375:3391,0,rolling_128@0.975,0.0,73.41748849168354
ec2_disk_write_bytes_1ef3de:3383:3399,0,rolling_128@0.975,0.0,73.41748849168354
ec2_disk_write_bytes_1ef3de:3391:3407,0,rolling_128@0.975,0.0,73.41748849168354
ec2_disk_write_bytes_1ef3de:3399:3415,0,rolling_128@0.975,0.0,73.41748849168354
ec2_disk_write_bytes_1ef3de:3407:3423,0,rolling_128@0.975,196.97391356064009,73.41748849168354
ec2_disk_write_bytes_1ef3de:3415:3431,0,rolling_128@0.975,196.97391356064009,73.41748849168354
ec2_disk_write_bytes_1ef3de:3423:3439,0,rolling_128@0.975,15.301358315015806,73.41748849168354
ec2_disk_write_bytes_1ef3de:3431:3447,0,rolling_128@0.975,0.0,73.41748849168354
ec2_disk_write_bytes_1ef3de:3439:3455,0,rolling_128@0.975,194.90012409929463,73.41748849168354
ec2_disk_write_bytes_1ef3de:3447:3463,0,rolling_128@0.975,194.90012409929463,73.41748849168354
ec2_disk_write_bytes_1ef3de:3455:3471,0,rolling_128@0.975,0.0,73.41748849168354
ec2_disk_write_bytes_1ef3de:3463:3479,0,rolling_128@0.975,0.0,73.41748849168354
ec2_disk_write_bytes_1ef3de:3471:3487,0,rolling_128@0.975,0.0,73.41748849168354
ec2_disk_write_bytes_1ef3de:3479:3495,0,rolling_128@0.975,0.0,73.41748849168354
ec2_disk_write_bytes_1ef3de:3487:3503,0,rolling_128@0.975,0.0021244527629608813,73.41748849168354
ec2_disk_write_bytes_1ef3de:3495:3511,0,rolling_128@0.975,8.907124004897582,73.41748849168354
ec2_disk_write_bytes_1ef3de:3503:3519,0,rolling_128@0.975,186.12733784018818,73.41748849168354
ec2_disk_write_bytes_1ef3de:3511:3527,0,rolling_128@0.975,186.12733784018818,73.41748849168354
ec2_disk_write_bytes_1ef3de:3519:3535,0,rolling_128@0.975,195.3280159776545,73.41748849168354
ec2_disk_write_bytes_1ef3de:3527:3543,0,rolling_128@0.975,195.3280159776545,73.41748849168354
ec2_disk_write_bytes_1ef3de:3535:3551,0,rolling_128@0.975,197.08500473195554,73.41748849168354
ec2_disk_write_bytes_1ef3de:3543:3559,0,rolling_128@0.975,197.08500473195554,73.41748849168354
ec2_disk_write_bytes_1ef3de:3551:3567,0,rolling_128@0.975,0.0,73.41748849168354
ec2_disk_write_bytes_1ef3de:3559:3575,0,rolling_128@0.975,0.0,73.41748849168354
ec2_disk_write_bytes_1ef3de:3567:3583,0,rolling_128@0.975,15.630321721110953,73.41748849168354
ec2_disk_write_bytes_1ef3de:3575:3591,0,rolling_128@0.975,156.2474641593699,73.41748849168354
ec2_disk_write_bytes_1ef3de:3583:3599,0,rolling_128@0.975,156.2474641593699,73.41748849168354
ec2_disk_write_bytes_1ef3de:3591:3607,0,rolling_128@0.975,0.0,73.41748849168354
ec2_disk_write_bytes_1ef3de:3599:3615,0,rolling_128@0.975,0.0,73.41748849168354
ec2_disk_write_bytes_1ef3de:3607:3623,0,rolling_128@0.975,0.0,73.41748849168354
ec2_disk_write_bytes_1ef3de:3615:3631,0,rolling_128@0.975,185.13624470486047,73.41748849168354
ec2_disk_write_bytes_1ef3de:3623:3639,0,rolling_128@0.975,185.13624470486047,73.41748849168354
ec2_disk_write_bytes_1ef3de:3631:3647,0,rolling_128@0.975,0.0,73.41748849168354
ec2_disk_write_bytes_1ef3de:3639:3655,0,rolling_128@0.975,0.0,73.41748849168354
ec2_disk_write_bytes_1ef3de:3647:3663,0,rolling_128@0.975,195.11147671245095,73.41748849168354
ec2_disk_write_bytes_1ef3de:3655:3671,0,rolling_128@0.975,195.11147671245095,73.41748849168354
ec2_disk_write_bytes_1ef3de:3663:3679,0,rolling_128@0.975,0.0,73.41748849168354
ec2_disk_write_bytes_1ef3de:3671:3687,0,rolling_128@0.975,0.0,73.41748849168354
ec2_disk_write_bytes_1ef3de:3679:3695,0,rolling_128@0.975,0.0,73.41748849168354
ec2_disk_write_bytes_1ef3de:3687:3703,0,rolling_128@0.975,0.0,73.41748849168354
ec2_disk_write_bytes_1ef3de:3695:3711,0,rolling_128@0.975,0.0,73.41748849168354
ec2_disk_write_bytes_1ef3de:3703:3719,0,rolling_128@0.975,135.4308292523026,73.41748849168354
ec2_disk_write_bytes_1ef3de:3711:3727,0,rolling_128@0.975,135.4308292523026,73.41748849168354
ec2_disk_write_bytes_1ef3de:3719:3735,0,rolling_128@0.975,185.04634273604194,73.41748849168354
ec2_disk_write_bytes_1ef3de:3727:3743,0,rolling_128@0.975,185.04634273604194,73.41748849168354
ec2_disk_write_bytes_1ef3de:3735:3751,0,rolling_128@0.975,170.8885115311377,73.41748849168354
ec2_disk_write_bytes_1ef3de:3743:3759,0,rolling_128@0.975,195.29085188685212,73.41748849168354
ec2_disk_write_bytes_1ef3de:3751:3767,0,rolling_128@0.975,195.29085188685212,73.41748849168354
ec2_disk_write_bytes_1ef3de:3759:3775,0,rolling_128@0.975,0.007435584037226849,73.41748849168354
ec2_disk_write_bytes_1ef3de:2831:2847,1,rolling_128@0.99,0.0,73.41748849168354
ec2_disk_write_bytes_1ef3de:2839:2855,1,rolling_128@0.99,0.0,73.41748849168354
ec2_disk_write_bytes_1ef3de:2847:2863,1,rolling_128@0.99,0.0,73.41748849168354
ec2_disk_write_bytes_1ef3de:2855:2871,1,rolling_128@0.99,0.0,73.41748849168354
ec2_disk_write_bytes_1ef3de:2863:2879,0,rolling_128@0.99,0.0,73.41748849168354
ec2_disk_write_bytes_1ef3de:2871:2887,0,rolling_128@0.99,10.426121501127751,73.41748849168354
ec2_disk_write_bytes_1ef3de:2879:2895,0,rolling_128@0.99,10.426121501127751,73.41748849168354
ec2_disk_write_bytes_1ef3de:2887:2903,0,rolling_128@0.99,0.0,73.41748849168354
ec2_disk_write_bytes_1ef3de:2895:2911,0,rolling_128@0.99,195.899419060393,73.41748849168354
ec2_disk_write_bytes_1ef3de:2903:2919,0,rolling_128@0.99,195.899419060393,73.41748849168354
ec2_disk_write_bytes_1ef3de:2911:2927,0,rolling_128@0.99,0.011684489563148612,73.41748849168354
ec2_disk_write_bytes_1ef3de:2919:2935,0,rolling_128@0.99,0.0,73.41748849168354
ec2_disk_write_bytes_1ef3de:2927:2943,0,rolling_128@0.99,0.0,73.41748849168354
ec2_disk_write_bytes_1ef3de:2935:2951,0,rolling_128@0.99,0.0,73.41748849168354
ec2_disk_write_bytes_1ef3de:2943:2959,0,rolling_128@0.99,0.0,73.41748849168354
ec2_disk_write_bytes_1ef3de:2951:2967,0,rolling_128@0.99,0.0,73.41748849168354
ec2_disk_write_bytes_1ef3de:2959:2975,0,rolling_128@0.99,0.0,73.41748849168354
ec2_disk_write_bytes_1ef3de:2967:2983,0,rolling_128@0.99,0.0,73.41748849168354
ec2_disk_write_bytes_1ef3de:2975:2991,0,rolling_128@0.99,0.0,73.41748849168354
ec2_disk_write_bytes_1ef3de:2983:2999,0,rolling_128@0.99,0.0,73.41748849168354
ec2_disk_write_bytes_1ef3de:2991:3007,0,rolling_128@0.99,0.0,73.41748849168354
ec2_disk_write_bytes_1ef3de:2999:3015,0,rolling_128@0.99,0.0,73.41748849168354
ec2_disk_write_bytes_1ef3de:3007:3023,0,rolling_128@0.99,0.0,73.41748849168354
ec2_disk_write_bytes_1ef3de:3015:3031,0,rolling_128@0.99,145.41254803272017,73.41748849168354
ec2_disk_write_bytes_1ef3de:3023:3039,0,rolling_128@0.99,145.41254803272017,73.41748849168354
ec2_disk_write_bytes_1ef3de:3031:3047,0,rolling_128@0.99,0.0,73.41748849168354
ec2_disk_write_bytes_1ef3de:3039:3055,0,rolling_128@0.99,0.0,73.41748849168354
ec2_disk_write_bytes_1ef3de:3047:3063,0,rolling_128@0.99,0.0,73.41748849168354
ec2_disk_write_bytes_1ef3de:3055:3071,0,rolling_128@0.99,0.0,73.41748849168354
ec2_disk_write_bytes_1ef3de:3063:3079,0,rolling_128@0.99,0.0,73.41748849168354
ec2_disk_write_bytes_1ef3de:3071:3087,0,rolling_128@0.99,0.0,73.41748849168354
ec2_disk_write_bytes_1ef3de:3079:3095,0,rolling_128@0.99,0.0,73.41748849168354
ec2_disk_write_bytes_1ef3de:3087:3103,0,rolling_128@0.99,0.0,73.41748849168354
ec2_disk_write_bytes_1ef3de:3095:3111,0,rolling_128@0.99,0.0,73.41748849168354
ec2_disk_write_bytes_1ef3de:3103:3119,0,rolling_128@0.99,0.0,73.41748849168354
ec2_disk_write_bytes_1ef3de:3111:3127,0,rolling_128@0.99,0.0,73.41748849168354
ec2_disk_write_bytes_1ef3de:3119:3135,0,rolling_128@0.99,0.0,73.41748849168354
ec2_disk_write_bytes_1ef3de:3127:3143,0,rolling_128@0.99,0.0,73.41748849168354
ec2_disk_write_bytes_1ef3de:3135:3151,0,rolling_128@0.99,0.0,73.41748849168354
ec2_disk_write_bytes_1ef3de:3143:3159,0,rolling_128@0.99,145.10177767312265,73.41748849168354
ec2_disk_write_bytes_1ef3de:3151:3167,0,rolling_128@0.99,145.10177767312265,73.41748849168354
ec2_disk_write_bytes_1ef3de:3159:3175,0,rolling_128@0.99,0.5052663536003491,73.41748849168354
ec2_disk_write_bytes_1ef3de:3167:3183,0,rolling_128@0.99,0.5052663536003491,73.41748849168354
ec2_disk_write_bytes_1ef3de:3175:3191,0,rolling_128@0.99,195.2229828159302,73.41748849168354
ec2_disk_write_bytes_1ef3de:3183:3199,0,rolling_128@0.99,195.2229828159302,73.41748849168354
ec2_disk_write_bytes_1ef3de:3191:3207,0,rolling_128@0.99,194.76655743577453,73.41748849168354
ec2_disk_write_bytes_1ef3de:3199:3215,0,rolling_128@0.99,194.76655743577453,73.41748849168354
ec2_disk_write_bytes_1ef3de:3207:3223,0,rolling_128@0.99,157.78011292378835,73.41748849168354
ec2_disk_write_bytes_1ef3de:3215:3231,0,rolling_128@0.99,187.2467833248445,73.41748849168354
ec2_disk_write_bytes_1ef3de:3223:3239,0,rolling_128@0.99,187.2467833248445,73.41748849168354
ec2_disk_write_bytes_1ef3de:3231:3247,0,rolling_128@0.99,114.43483300190626,73.41748849168354
ec2_disk_write_bytes_1ef3de:3239:3255,0,rolling_128@0.99,92.82810501518132,73.41748849168354
ec2_disk_write_bytes_1ef3de:3247:3263,0,rolling_128@0.99,0.0,73.41748849168354
ec2_disk_write_bytes_1ef3de:3255:3271,0,rolling_128@0.99,142.61045580643966,73.41748849168354
ec2_disk_write_bytes_1ef3de:3263:3279,0,rolling_128@0.99,142.61045580643966,73.41748849168354
ec2_disk_write_bytes_1ef3de:3271:3287,0,rolling_128@0.99,0.0,73.41748849168354
ec2_disk_write_bytes_1ef3de:3279:3295,0,rolling_128@0.99,0.0,73.41748849168354
ec2_disk_write_bytes_1ef3de:3287:3303,0,rolling_128@0.99,0.5070341375064443,73.41748849168354
ec2_disk_write_bytes_1ef3de:3295:3311,0,rolling_128@0.99,0.5070341375064443,73.41748849168354
ec2_disk_write_bytes_1ef3de:3303:3319,0,rolling_128@0.99,0.0,73.41748849168354
ec2_disk_write_bytes_1ef3de:3311:3327,0,rolling_128@0.99,0.0,73.41748849168354
ec2_disk_write_bytes_1ef3de:3319:3335,0,rolling_128@0.99,0.0,73.41748849168354
ec2_disk_write_bytes_1ef3de:3327:3343,0,rolling_128@0.99,0.0,73.41748849168354
ec2_disk_write_bytes_1ef3de:3335:3351,0,rolling_128@0.99,0.0,73.41748849168354
ec2_disk_write_bytes_1ef3de:3343:3359,0,rolling_128@0.99,0.0,73.41748849168354
ec2_disk_write_bytes_1ef3de:3351:3367,0,rolling_128@0.99,0.0,73.41748849168354
ec2_disk_write_bytes_1ef3de:3359:3375,0,rolling_128@0.99,0.0,73.41748849168354
ec2_disk_write_bytes_1ef3de:3367:3383,0,rolling_128@0.99,0.0,73.41748849168354
ec2_disk_write_bytes_1ef3de:3375:3391,0,rolling_128@0.99,0.0,73.41748849168354
ec2_disk_write_bytes_1ef3de:3383:3399,0,rolling_128@0.99,0.0,73.41748849168354
ec2_disk_write_bytes_1ef3de:3391:3407,0,rolling_128@0.99,0.0,73.41748849168354
ec2_disk_write_bytes_1ef3de:3399:3415,0,rolling_128@0.99,0.0,73.41748849168354
ec2_disk_write_bytes_1ef3de:3407:3423,0,rolling_128@0.99,196.97391356064009,73.41748849168354
ec2_disk_write_bytes_1ef3de:3415:3431,0,rolling_128@0.99,196.97391356064009,73.41748849168354
ec2_disk_write_bytes_1ef3de:3423:3439,0,rolling_128@0.99,15.301358315015806,73.41748849168354
ec2_disk_write_bytes_1ef3de:3431:3447,0,rolling_128@0.99,0.0,73.41748849168354
ec2_disk_write_bytes_1ef3de:3439:3455,0,rolling_128@0.99,194.90012409929463,73.41748849168354
ec2_disk_write_bytes_1ef3de:3447:3463,0,rolling_128@0.99,194.90012409929463,73.41748849168354
ec2_disk_write_bytes_1ef3de:3455:3471,0,rolling_128@0.99,0.0,73.41748849168354
ec2_disk_write_bytes_1ef3de:3463:3479,0,rolling_128@0.99,0.0,73.41748849168354
ec2_disk_write_bytes_1ef3de:3471:3487,0,rolling_128@0.99,0.0,73.41748849168354
ec2_disk_write_bytes_1ef3de:3479:3495,0,rolling_128@0.99,0.0,73.41748849168354
ec2_disk_write_bytes_1ef3de:3487:3503,0,rolling_128@0.99,0.0021244527629608813,73.41748849168354
ec2_disk_write_bytes_1ef3de:3495:3511,0,rolling_128@0.99,8.907124004897582,73.41748849168354
ec2_disk_write_bytes_1ef3de:3503:3519,0,rolling_128@0.99,186.12733784018818,73.41748849168354
ec2_disk_write_bytes_1ef3de:3511:3527,0,rolling_128@0.99,186.12733784018818,73.41748849168354
ec2_disk_write_bytes_1ef3de:3519:3535,0,rolling_128@0.99,195.3280159776545,73.41748849168354
ec2_disk_write_bytes_1ef3de:3527:3543,0,rolling_128@0.99,195.3280159776545,73.41748849168354
ec2_disk_write_bytes_1ef3de:3535:3551,0,rolling_128@0.99,197.08500473195554,73.41748849168354
ec2_disk_write_bytes_1ef3de:3543:3559,0,rolling_128@0.99,197.08500473195554,73.41748849168354
ec2_disk_write_bytes_1ef3de:3551:3567,0,rolling_128@0.99,0.0,73.41748849168354
ec2_disk_write_bytes_1ef3de:3559:3575,0,rolling_128@0.99,0.0,73.41748849168354
ec2_disk_write_bytes_1ef3de:3567:3583,0,rolling_128@0.99,15.630321721110953,73.41748849168354
ec2_disk_write_bytes_1ef3de:3575:3591,0,rolling_128@0.99,156.2474641593699,73.41748849168354
ec2_disk_write_bytes_1ef3de:3583:3599,0,rolling_128@0.99,156.2474641593699,73.41748849168354
ec2_disk_write_bytes_1ef3de:3591:3607,0,rolling_128@0.99,0.0,73.41748849168354
ec2_disk_write_bytes_1ef3de:3599:3615,0,rolling_128@0.99,0.0,73.41748849168354
ec2_disk_write_bytes_1ef3de:3607:3623,0,rolling_128@0.99,0.0,73.41748849168354
ec2_disk_write_bytes_1ef3de:3615:3631,0,rolling_128@0.99,185.13624470486047,73.41748849168354
ec2_disk_write_bytes_1ef3de:3623:3639,0,rolling_128@0.99,185.13624470486047,73.41748849168354
ec2_disk_write_bytes_1ef3de:3631:3647,0,rolling_128@0.99,0.0,73.41748849168354
ec2_disk_write_bytes_1ef3de:3639:3655,0,rolling_128@0.99,0.0,73.41748849168354
ec2_disk_write_bytes_1ef3de:3647:3663,0,rolling_128@0.99,195.11147671245095,73.41748849168354
ec2_disk_write_bytes_1ef3de:3655:3671,0,rolling_128@0.99,195.11147671245095,73.41748849168354
ec2_disk_write_bytes_1ef3de:3663:3679,0,rolling_128@0.99,0.0,73.41748849168354
ec2_disk_write_bytes_1ef3de:3671:3687,0,rolling_128@0.99,0.0,73.41748849168354
ec2_disk_write_bytes_1ef3de:3679:3695,0,rolling_128@0.99,0.0,73.41748849168354
ec2_disk_write_bytes_1ef3de:3687:3703,0,rolling_128@0.99,0.0,73.41748849168354
ec2_disk_write_bytes_1ef3de:3695:3711,0,rolling_128@0.99,0.0,73.41748849168354
ec2_disk_write_bytes_1ef3de:3703:3719,0,rolling_128@0.99,135.4308292523026,73.41748849168354
ec2_disk_write_bytes_1ef3de:3711:3727,0,rolling_128@0.99,135.4308292523026,73.41748849168354
ec2_disk_write_bytes_1ef3de:3719:3735,0,rolling_128@0.99,185.04634273604194,73.41748849168354
ec2_disk_write_bytes_1ef3de:3727:3743,0,rolling_128@0.99,185.04634273604194,73.41748849168354
ec2_disk_write_bytes_1ef3de:3735:3751,0,rolling_128@0.99,170.8885115311377,73.41748849168354
ec2_disk_write_bytes_1ef3de:3743:3759,0,rolling_128@0.99,195.29085188685212,73.41748849168354
ec2_disk_write_bytes_1ef3de:3751:3767,0,rolling_128@0.99,195.29085188685212,73.41748849168354
ec2_disk_write_bytes_1ef3de:3759:3775,0,rolling_128@0.99,0.007435584037226849,73.41748849168354
