window_id,truth,detector,score,threshold
ec2_cpu_utilization_ac20cd:2419:2435,0,autoencoder@0.95,0.05889365,0.06932810693979263
ec2_cpu_utilization_ac20cd:2427:2443,0,autoencoder@0.95,0.05164668,0.06932810693979263
ec2_cpu_utilization_ac20cd:2435:2451,0,autoencoder@0.95,0.032872062,0.06932810693979263
ec2_cpu_utilization_ac20cd:2443:2459,0,autoencoder@0.95,0.03892282,0.06932810693979263
ec2_cpu_utilization_ac20cd:2451:2467,0,autoencoder@0.95,0.037328996,0.06932810693979263
ec2_cpu_utilization_ac20cd:2459:2475,0,autoencoder@0.95,0.036764633,0.06932810693979263
ec2_cpu_utilization_ac20cd:2467:2483,0,autoencoder@0.95,0.027273936,0.06932810693979263
ec2_cpu_utilization_ac20cd:2475:2491,0,autoencoder@0.95,0.015754685,0.06932810693979263
ec2_cpu_utilization_ac20cd:2483:2499,0,autoencoder@0.95,0.0203278,0.06932810693979263
ec2_cpu_utilization_ac20cd:2491:2507,0,autoencoder@0.95,0.0178691,0.06932810693979263
ec2_cpu_utilization_ac20cd:2499:2515,0,autoencoder@0.95,0.025311267,0.06932810693979263
ec2_cpu_utilization_ac20cd:2507:2523,0,autoencoder@0.95,0.031083543,0.06932810693979263
ec2_cpu_utilization_ac20cd:2515:2531,0,autoencoder@0.95,0.045401096,0.06932810693979263
ec2_cpu_utilization_ac20cd:2523:2539,0,autoencoder@0.95,0.042605005,0.06932810693979263
ec2_cpu_utilization_ac20cd:2531:2547,0,autoencoder@0.95,0.049536355,0.06932810693979263
ec2_cpu_utilization_ac20cd:2539:2555,0,autoencoder@0.95,0.055948406,0.06932810693979263
ec2_cpu_utilization_ac20cd:2547:2563,0,autoencoder@0.95,0.03995367,0.06932810693979263
ec2_cpu_utilization_ac20cd:2555:2571,0,autoencoder@0.95,0.010912352,0.06932810693979263
ec2_cpu_utilization_ac20cd:2563:2579,0,autoencoder@0.95,0.016378775,0.06932810693979263
ec2_cpu_utilization_ac20cd:2571:2587,0,autoencoder@0.95,0.021372128,0.06932810693979263
ec2_cpu_utilization_ac20cd:2579:2595,0,autoencoder@0.95,0.020488681,0.06932810693979263
ec2_cpu_utilization_ac20cd:2587:2603,0,autoencoder@0.95,0.032737944,0.06932810693979263
ec2_cpu_utilization_ac20cd:2595:2611,0,autoencoder@0.95,0.046636153,0.06932810693979263
ec2_cpu_utilization_ac20cd:2603:2619,0,autoencoder@0.95,0.030207058,0.06932810693979263
ec2_cpu_utilization_ac20cd:2611:2627,0,autoencoder@0.95,0.024295073,0.06932810693979263
ec2_cpu_utilization_ac20cd:2619:2635,0,autoencoder@0.95,0.022723198,0.06932810693979263
ec2_cpu_utilization_ac20cd:2627:2643,0,autoencoder@0.95,0.018151363,0.06932810693979263
ec2_cpu_utilization_ac20cd:2635:2651,0,autoencoder@0.95,0.03625856,0.06932810693979263
ec2_cpu_utilization_ac20cd:2643:2659,0,autoencoder@0.95,0.024234962,0.06932810693979263
ec2_cpu_utilization_ac20cd:2651:2667,0,autoencoder@0.95,0.018757218,0.06932810693979263
ec2_cpu_utilization_ac20cd:2659:2675,0,autoencoder@0.95,0.06606057,0.06932810693979263
ec2_cpu_utilization_ac20cd:2667:2683,0,autoencoder@0.95,0.06690726,0.06932810693979263
ec2_cpu_utilization_ac20cd:2675:2691,0,autoencoder@0.95,0.039111443,0.06932810693979263
ec2_cpu_utilization_ac20cd:2683:2699,0,autoencoder@0.95,0.0232182,0.06932810693979263
ec2_cpu_utilization_ac20cd:2691:2707,0,autoencoder@0.95,0.022407528,0.06932810693979263
ec2_cpu_utilization_ac20cd:2699:2715,0,autoencoder@0.95,0.031151405,0.06932810693979263
ec2_cpu_utilization_ac20cd:2707:2723,0,autoencoder@0.95,0.029889423,0.06932810693979263
ec2_cpu_utilization_ac20cd:2715:2731,0,autoencoder@0.95,0.046037566,0.06932810693979263
ec2_cpu_utilization_ac20cd:2723:2739,0,autoencoder@0.95,0.050501514,0.06932810693979263
ec2_cpu_utilization_ac20cd:2731:2747,0,autoencoder@0.95,0.022093756,0.06932810693979263
ec2_cpu_utilization_ac20cd:2739:2755,0,autoencoder@0.95,0.022327946,0.06932810693979263
ec2_cpu_utilization_ac20cd:2747:2763,0,autoencoder@0.95,0.019589785,0.06932810693979263
ec2_cpu_utilization_ac20cd:2755:2771,0,autoencoder@0.95,0.03591294,0.06932810693979263
ec2_cpu_utilization_ac20cd:2763:2779,0,autoencoder@0.95,0.035609454,0.06932810693979263
ec2_cpu_utilization_ac20cd:2771:2787,0,autoencoder@0.95,0.027769307,0.06932810693979263
ec2_cpu_utilization_ac20cd:2779:2795,0,autoencoder@0.95,0.028480744,0.06932810693979263
ec2_cpu_utilization_ac20cd:2787:2803,0,autoencoder@0.95,0.01802903,0.06932810693979263
ec2_cpu_utilization_ac20cd:2795:2811,0,autoencoder@0.95,0.014080385,0.06932810693979263
ec2_cpu_utilization_ac20cd:2803:2819,0,autoencoder@0.95,0.02500783,0.06932810693979263
ec2_cpu_utilization_ac20cd:2811:2827,0,autoencoder@0.95,0.042256616,0.06932810693979263
ec2_cpu_utilization_ac20cd:2819:2835,0,autoencoder@0.95,0.03660831,0.06932810693979263
ec2_cpu_utilization_ac20cd:2827:2843,0,autoencoder@0.95,0.02849464,0.06932810693979263
ec2_cpu_utilization_ac20cd:2835:2851,0,autoencoder@0.95,0.031486098,0.06932810693979263
ec2_cpu_utilization_ac20cd:2843:2859,0,autoencoder@0.95,0.049056683,0.06932810693979263
ec2_cpu_utilization_ac20cd:2851:2867,0,autoencoder@0.95,0.050497115,0.06932810693979263
ec2_cpu_utilization_ac20cd:2859:2875,0,autoencoder@0.95,0.032613337,0.06932810693979263
ec2_cpu_utilization_ac20cd:2867:2883,0,autoencoder@0.95,0.045149513,0.06932810693979263
ec2_cpu_utilization_ac20cd:2875:2891,0,autoencoder@0.95,0.047296286,0.06932810693979263
ec2_cpu_utilization_ac20cd:2883:2899,0,autoencoder@0.95,0.03483059,0.06932810693979263
ec2_cpu_utilization_ac20cd:2891:2907,0,autoencoder@0.95,0.02658229,0.06932810693979263
ec2_cpu_utilization_ac20cd:2899:2915,0,autoencoder@0.95,0.022120213,0.06932810693979263
ec2_cpu_utilization_ac20cd:2907:2923,0,autoencoder@0.95,0.027715197,0.06932810693979263
ec2_cpu_utilization_ac20cd:2915:2931,0,autoencoder@0.95,0.037567418,0.06932810693979263
ec2_cpu_utilization_ac20cd:2923:2939,0,autoencoder@0.95,0.035470147,0.06932810693979263
ec2_cpu_utilization_ac20cd:2931:2947,0,autoencoder@0.95,0.032957524,0.06932810693979263
ec2_cpu_utilization_ac20cd:2939:2955,0,autoencoder@0.95,0.044741657,0.06932810693979263
ec2_cpu_utilization_ac20cd:2947:2963,0,autoencoder@0.95,0.05214374,0.06932810693979263
ec2_cpu_utilization_ac20cd:2955:2971,0,autoencoder@0.95,0.027944092,0.06932810693979263
ec2_cpu_utilization_ac20cd:2963:2979,0,autoencoder@0.95,0.017921202,0.06932810693979263
ec2_cpu_utilization_ac20cd:2971:2987,0,autoencoder@0.95,0.028400784,0.06932810693979263
ec2_cpu_utilization_ac20cd:2979:2995,0,autoencoder@0.95,0.035050564,0.06932810693979263
ec2_cpu_utilization_ac20cd:2987:3003,0,autoencoder@0.95,0.034373604,0.06932810693979263
ec2_cpu_utilization_ac20cd:2995:3011,0,autoencoder@0.95,0.045466833,0.06932810693979263
ec2_cpu_utilization_ac20cd:3003:3019,0,autoencoder@0.95,0.049921334,0.06932810693979263
ec2_cpu_utilization_ac20cd:3011:3027,0,autoencoder@0.95,0.021876864,0.06932810693979263
ec2_cpu_utilization_ac20cd:3019:3035,0,autoencoder@0.95,0.049256086,0.06932810693979263
ec2_cpu_utilization_ac20cd:3027:3043,0,autoencoder@0.95,0.056717787,0.06932810693979263
ec2_cpu_utilization_ac20cd:3035:3051,0,autoencoder@0.95,0.035004787,0.06932810693979263
ec2_cpu_utilization_ac20cd:3043:3059,0,autoencoder@0.95,0.022196002,0.06932810693979263
ec2_cpu_utilization_ac20cd:3051:3067,0,autoencoder@0.95,0.013581466,0.06932810693979263
ec2_cpu_utilization_ac20cd:3059:3075,0,autoencoder@0.95,0.022795673,0.06932810693979263
ec2_cpu_utilization_ac20cd:3067:3083,0,autoencoder@0.95,0.019302454,0.06932810693979263
ec2_cpu_utilization_ac20cd:3075:3091,0,autoencoder@0.95,0.031878877,0.06932810693979263
ec2_cpu_utilization_ac20cd:3083:3099,0,autoencoder@0.95,0.027345745,0.06932810693979263
ec2_cpu_utilization_ac20cd:3091:3107,0,autoencoder@0.95,0.053909235,0.06932810693979263
ec2_cpu_utilization_ac20cd:3099:3115,0,autoencoder@0.95,0.043563545,0.06932810693979263
ec2_cpu_utilization_ac20cd:3107:3123,0,autoencoder@0.95,0.05195541,0.06932810693979263
ec2_cpu_utilization_ac20cd:3115:3131,0,autoencoder@0.95,0.053793613,0.06932810693979263
ec2_cpu_utilization_ac20cd:3123:3139,0,autoencoder@0.95,0.030636143,0.06932810693979263
ec2_cpu_utilization_ac20cd:3131:3147,0,autoencoder@0.95,0.03553122,0.06932810693979263
ec2_cpu_utilization_ac20cd:3139:3155,0,autoencoder@0.95,0.026771292,0.06932810693979263
ec2_cpu_utilization_ac20cd:3147:3163,0,autoencoder@0.95,0.030111954,0.06932810693979263
ec2_cpu_utilization_ac20cd:3155:3171,0,autoencoder@0.95,0.03683148,0.06932810693979263
ec2_cpu_utilization_ac20cd:3163:3179,0,autoencoder@0.95,0.027309494,0.06932810693979263
ec2_cpu_utilization_ac20cd:3171:3187,0,autoencoder@0.95,0.017155081,0.06932810693979263
ec2_cpu_utilization_ac20cd:3179:3195,0,autoencoder@0.95,0.02893881,0.06932810693979263
ec2_cpu_utilization_ac20cd:3187:3203,0,autoencoder@0.95,0.031681206,0.06932810693979263
ec2_cpu_utilization_ac20cd:3195:3211,0,autoencoder@0.95,0.02938487,0.06932810693979263
ec2_cpu_utilization_ac20cd:3203:3219,0,autoencoder@0.95,0.047736943,0.06932810693979263
ec2_cpu_utilization_ac20cd:2419:2435,0,autoencoder@0.975,0.05889365,0.07192233949899673
ec2_cpu_utilization_ac20cd:2427:2443,0,autoencoder@0.975,0.05164668,0.07192233949899673
ec2_cpu_utilization_ac20cd:2435:2451,0,autoencoder@0.975,0.032872062,0.07192233949899673
ec2_cpu_utilization_ac20cd:2443:2459,0,autoencoder@0.975,0.03892282,0.07192233949899673
ec2_cpu_utilization_ac20cd:2451:2467,0,autoencoder@0.975,0.037328996,0.07192233949899673
ec2_cpu_utilization_ac20cd:2459:2475,0,autoencoder@0.975,0.036764633,0.07192233949899673
ec2_cpu_utilization_ac20cd:2467:2483,0,autoencoder@0.975,0.027273936,0.07192233949899673
ec2_cpu_utilization_ac20cd:2475:2491,0,autoencoder@0.975,0.015754685,0.07192233949899673
ec2_cpu_utilization_ac20cd:2483:2499,0,autoencoder@0.975,0.0203278,0.07192233949899673
ec2_cpu_utilization_ac20cd:2491:2507,0,autoencoder@0.975,0.0178691,0.07192233949899673
ec2_cpu_utilization_ac20cd:2499:2515,0,autoencoder@0.975,0.025311267,0.07192233949899673
ec2_cpu_utilization_ac20cd:2507:2523,0,autoencoder@0.975,0.031083543,0.07192233949899673
ec2_cpu_utilization_ac20cd:2515:2531,0,autoencoder@0.975,0.045401096,0.07192233949899673
ec2_cpu_utilization_ac20cd:2523:2539,0,autoencoder@0.975,0.042605005,0.07192233949899673
ec2_cpu_utilization_ac20cd:2531:2547,0,autoencoder@0.975,0.049536355,0.07192233949899673
ec2_cpu_utilization_ac20cd:2539:2555,0,autoencoder@0.975,0.055948406,0.07192233949899673
ec2_cpu_utilization_ac20cd:2547:2563,0,autoencoder@0.975,0.03995367,0.07192233949899673
ec2_cpu_utilization_ac20cd:2555:2571,0,autoencoder@0.975,0.010912352,0.07192233949899673
ec2_cpu_utilization_ac20cd:2563:2579,0,autoencoder@0.975,0.016378775,0.07192233949899673
ec2_cpu_utilization_ac20cd:2571:2587,0,autoencoder@0.975,0.021372128,0.07192233949899673
ec2_cpu_utilization_ac20cd:2579:2595,0,autoencoder@0.975,0.020488681,0.07192233949899673
ec2_cpu_utilization_ac20cd:2587:2603,0,autoencoder@0.975,0.032737944,0.07192233949899673
ec2_cpu_utilization_ac20cd:2595:2611,0,autoencoder@0.975,0.046636153,0.07192233949899673
ec2_cpu_utilization_ac20cd:2603:2619,0,autoencoder@0.975,0.030207058,0.07192233949899673
ec2_cpu_utilization_ac20cd:2611:2627,0,autoencoder@0.975,0.024295073,0.07192233949899673
ec2_cpu_utilization_ac20cd:2619:2635,0,autoencoder@0.975,0.022723198,0.07192233949899673
ec2_cpu_utilization_ac20cd:2627:2643,0,autoencoder@0.975,0.018151363,0.07192233949899673
ec2_cpu_utilization_ac20cd:2635:2651,0,autoencoder@0.975,0.03625856,0.07192233949899673
ec2_cpu_utilization_ac20cd:2643:2659,0,autoencoder@0.975,0.024234962,0.07192233949899673
ec2_cpu_utilization_ac20cd:2651:2667,0,autoencoder@0.975,0.018757218,0.07192233949899673
ec2_cpu_utilization_ac20cd:2659:2675,0,autoencoder@0.975,0.06606057,0.07192233949899673
ec2_cpu_utilization_ac20cd:2667:2683,0,autoencoder@0.975,0.06690726,0.07192233949899673
ec2_cpu_utilization_ac20cd:2675:2691,0,autoencoder@0.975,0.039111443,0.07192233949899673
ec2_cpu_utilization_ac20cd:2683:2699,0,autoencoder@0.975,0.0232182,0.07192233949899673
ec2_cpu_utilization_ac20cd:2691:2707,0,autoencoder@0.975,0.022407528,0.07192233949899673
ec2_cpu_utilization_ac20cd:2699:2715,0,autoencoder@0.975,0.031151405,0.07192233949899673
ec2_cpu_utilization_ac20cd:2707:2723,0,autoencoder@0.975,0.029889423,0.07192233949899673
ec2_cpu_utilization_ac20cd:2715:2731,0,autoencoder@0.975,0.046037566,0.07192233949899673
ec2_cpu_utilization_ac20cd:2723:2739,0,autoencoder@0.975,0.050501514,0.07192233949899673
ec2_cpu_utilization_ac20cd:2731:2747,0,autoencoder@0.975,0.022093756,0.07192233949899673
ec2_cpu_utilization_ac20cd:2739:2755,0,autoencoder@0.975,0.022327946,0.07192233949899673
ec2_cpu_utilization_ac20cd:2747:2763,0,autoencoder@0.975,0.019589785,0.07192233949899673
ec2_cpu_utilization_ac20cd:2755:2771,0,autoencoder@0.975,0.03591294,0.07192233949899673
ec2_cpu_utilization_ac20cd:2763:2779,0,autoencoder@0.975,0.035609454,0.07192233949899673
ec2_cpu_utilization_ac20cd:2771:2787,0,autoencoder@0.975,0.027769307,0.07192233949899673
ec2_cpu_utilization_ac20cd:2779:2795,0,autoencoder@0.975,0.028480744,0.07192233949899673
ec2_cpu_utilization_ac20cd:2787:2803,0,autoencoder@0.975,0.01802903,0.07192233949899673
ec2_cpu_utilization_ac20cd:2795:2811,0,autoencoder@0.975,0.014080385,0.07192233949899673
ec2_cpu_utilization_ac20cd:2803:2819,0,autoencoder@0.975,0.02500783,0.07192233949899673
ec2_cpu_utilization_ac20cd:2811:2827,0,autoencoder@0.975,0.042256616,0.07192233949899673
ec2_cpu_utilization_ac20cd:2819:2835,0,autoencoder@0.975,0.03660831,0.07192233949899673
ec2_cpu_utilization_ac20cd:2827:2843,0,autoencoder@0.975,0.02849464,0.07192233949899673
ec2_cpu_utilization_ac20cd:2835:2851,0,autoencoder@0.975,0.031486098,0.07192233949899673
ec2_cpu_utilization_ac20cd:2843:2859,0,autoencoder@0.975,0.049056683,0.07192233949899673
ec2_cpu_utilization_ac20cd:2851:2867,0,autoencoder@0.975,0.050497115,0.07192233949899673
ec2_cpu_utilization_ac20cd:2859:2875,0,autoencoder@0.975,0.032613337,0.07192233949899673
ec2_cpu_utilization_ac20cd:2867:2883,0,autoencoder@0.975,0.045149513,0.07192233949899673
ec2_cpu_utilization_ac20cd:2875:2891,0,autoencoder@0.975,0.047296286,0.07192233949899673
ec2_cpu_utilization_ac20cd:2883:2899,0,autoencoder@0.975,0.03483059,0.07192233949899673
ec2_cpu_utilization_ac20cd:2891:2907,0,autoencoder@0.975,0.02658229,0.07192233949899673
ec2_cpu_utilization_ac20cd:2899:2915,0,autoencoder@0.975,0.022120213,0.07192233949899673
ec2_cpu_utilization_ac20cd:2907:2923,0,autoencoder@0.975,0.027715197,0.07192233949899673
ec2_cpu_utilization_ac20cd:2915:2931,0,autoencoder@0.975,0.037567418,0.07192233949899673
ec2_cpu_utilization_ac20cd:2923:2939,0,autoencoder@0.975,0.035470147,0.07192233949899673
ec2_cpu_utilization_ac20cd:2931:2947,0,autoencoder@0.975,0.032957524,0.07192233949899673
ec2_cpu_utilization_ac20cd:2939:2955,0,autoencoder@0.975,0.044741657,0.07192233949899673
ec2_cpu_utilization_ac20cd:2947:2963,0,autoencoder@0.975,0.05214374,0.07192233949899673
ec2_cpu_utilization_ac20cd:2955:2971,0,autoencoder@0.975,0.027944092,0.07192233949899673
ec2_cpu_utilization_ac20cd:2963:2979,0,autoencoder@0.975,0.017921202,0.07192233949899673
ec2_cpu_utilization_ac20cd:2971:2987,0,autoencoder@0.975,0.028400784,0.07192233949899673
ec2_cpu_utilization_ac20cd:2979:2995,0,autoencoder@0.975,0.035050564,0.07192233949899673
ec2_cpu_utilization_ac20cd:2987:3003,0,autoencoder@0.975,0.034373604,0.07192233949899673
ec2_cpu_utilization_ac20cd:2995:3011,0,autoencoder@0.975,0.045466833,0.07192233949899673
ec2_cpu_utilization_ac20cd:3003:3019,0,autoencoder@0.975,0.049921334,0.07192233949899673
ec2_cpu_utilization_ac20cd:3011:3027,0,autoencoder@0.975,0.021876864,0.07192233949899673
ec2_cpu_utilization_ac20cd:3019:3035,0,autoencoder@0.975,0.049256086,0.07192233949899673
ec2_cpu_utilization_ac20cd:3027:3043,0,autoencoder@0.975,0.056717787,0.07192233949899673
ec2_cpu_utilization_ac20cd:3035:3051,0,autoencoder@0.975,0.035004787,0.07192233949899673
ec2_cpu_utilization_ac20cd:3043:3059,0,autoencoder@0.975,0.022196002,0.07192233949899673
ec2_cpu_utilization_ac20cd:3051:3067,0,autoencoder@0.975,0.013581466,0.07192233949899673
ec2_cpu_utilization_ac20cd:3059:3075,0,autoencoder@0.975,0.022795673,0.07192233949899673
ec2_cpu_utilization_ac20cd:3067:3083,0,autoencoder@0.975,0.019302454,0.07192233949899673
ec2_cpu_utilization_ac20cd:3075:3091,0,autoencoder@0.975,0.031878877,0.07192233949899673
ec2_cpu_utilization_ac20cd:3083:3099,0,autoencoder@0.975,0.027345745,0.07192233949899673
ec2_cpu_utilization_ac20cd:3091:3107,0,autoencoder@0.975,0.053909235,0.07192233949899673
ec2_cpu_utilization_ac20cd:3099:3115,0,autoencoder@0.975,0.043563545,0.07192233949899673
ec2_cpu_utilization_ac20cd:3107:3123,0,autoencoder@0.975,0.05195541,0.07192233949899673
ec2_cpu_utilization_ac20cd:3115:3131,0,autoencoder@0.975,0.053793613,0.07192233949899673
ec2_cpu_utilization_ac20cd:3123:3139,0,autoencoder@0.975,0.030636143,0.07192233949899673
ec2_cpu_utilization_ac20cd:3131:3147,0,autoencoder@0.975,0.03553122,0.07192233949899673
ec2_cpu_utilization_ac20cd:3139:3155,0,autoencoder@0.975,0.026771292,0.07192233949899673
ec2_cpu_utilization_ac20cd:3147:3163,0,autoencoder@0.975,0.030111954,0.07192233949899673
ec2_cpu_utilization_ac20cd:3155:3171,0,autoencoder@0.975,0.03683148,0.07192233949899673
ec2_cpu_utilization_ac20cd:3163:3179,0,autoencoder@0.975,0.027309494,0.07192233949899673
ec2_cpu_utilization_ac20cd:3171:3187,0,autoencoder@0.975,0.017155081,0.07192233949899673
ec2_cpu_utilization_ac20cd:3179:3195,0,autoencoder@0.975,0.02893881,0.07192233949899673
ec2_cpu_utilization_ac20cd:3187:3203,0,autoencoder@0.975,0.031681206,0.07192233949899673
ec2_cpu_utilization_ac20cd:3195:3211,0,autoencoder@0.975,0.02938487,0.07192233949899673
ec2_cpu_utilization_ac20cd:3203:3219,0,autoencoder@0.975,0.047736943,0.07192233949899673
ec2_cpu_utilization_ac20cd:2419:2435,0,autoencoder@0.99,0.05889365,0.07429833710193634
ec2_cpu_utilization_ac20cd:2427:2443,0,autoencoder@0.99,0.05164668,0.07429833710193634
ec2_cpu_utilization_ac20cd:2435:2451,0,autoencoder@0.99,0.032872062,0.07429833710193634
ec2_cpu_utilization_ac20cd:2443:2459,0,autoencoder@0.99,0.03892282,0.07429833710193634
ec2_cpu_utilization_ac20cd:2451:2467,0,autoencoder@0.99,0.037328996,0.07429833710193634
ec2_cpu_utilization_ac20cd:2459:2475,0,autoencoder@0.99,0.036764633,0.07429833710193634
ec2_cpu_utilization_ac20cd:2467:2483,0,autoencoder@0.99,0.027273936,0.07429833710193634
ec2_cpu_utilization_ac20cd:2475:2491,0,autoencoder@0.99,0.015754685,0.07429833710193634
ec2_cpu_utilization_ac20cd:2483:2499,0,autoencoder@0.99,0.0203278,0.07429833710193634
ec2_cpu_utilization_ac20cd:2491:2507,0,autoencoder@0.99,0.0178691,0.07429833710193634
ec2_cpu_utilization_ac20cd:2499:2515,0,autoencoder@0.99,0.025311267,0.07429833710193634
ec2_cpu_utilization_ac20cd:2507:2523,0,autoencoder@0.99,0.031083543,0.07429833710193634
ec2_cpu_utilization_ac20cd:2515:2531,0,autoencoder@0.99,0.045401096,0.07429833710193634
ec2_cpu_utilization_ac20cd:2523:2539,0,autoencoder@0.99,0.042605005,0.07429833710193634
ec2_cpu_utilization_ac20cd:2531:2547,0,autoencoder@0.99,0.049536355,0.07429833710193634
ec2_cpu_utilization_ac20cd:2539:2555,0,autoencoder@0.99,0.055948406,0.07429833710193634
ec2_cpu_utilization_ac20cd:2547:2563,0,autoencoder@0.99,0.03995367,0.07429833710193634
ec2_cpu_utilization_ac20cd:2555:2571,0,autoencoder@0.99,0.010912352,0.07429833710193634
ec2_cpu_utilization_ac20cd:2563:2579,0,autoencoder@0.99,0.016378775,0.07429833710193634
ec2_cpu_utilization_ac20cd:2571:2587,0,autoencoder@0.99,0.021372128,0.07429833710193634
ec2_cpu_utilization_ac20cd:2579:2595,0,autoencoder@0.99,0.020488681,0.07429833710193634
ec2_cpu_utilization_ac20cd:2587:2603,0,autoencoder@0.99,0.032737944,0.07429833710193634
ec2_cpu_utilization_ac20cd:2595:2611,0,autoencoder@0.99,0.046636153,0.07429833710193634
ec2_cpu_utilization_ac20cd:2603:2619,0,autoencoder@0.99,0.030207058,0.07429833710193634
ec2_cpu_utilization_ac20cd:2611:2627,0,autoencoder@0.99,0.024295073,0.07429833710193634
ec2_cpu_utilization_ac20cd:2619:2635,0,autoencoder@0.99,0.022723198,0.07429833710193634
ec2_cpu_utilization_ac20cd:2627:2643,0,autoencoder@0.99,0.018151363,0.07429833710193634
ec2_cpu_utilization_ac20cd:2635:2651,0,autoencoder@0.99,0.03625856,0.07429833710193634
ec2_cpu_utilization_ac20cd:2643:2659,0,autoencoder@0.99,0.024234962,0.07429833710193634
ec2_cpu_utilization_ac20cd:2651:2667,0,autoencoder@0.99,0.018757218,0.07429833710193634
ec2_cpu_utilization_ac20cd:2659:2675,0,autoencoder@0.99,0.06606057,0.07429833710193634
ec2_cpu_utilization_ac20cd:2667:2683,0,autoencoder@0.99,0.06690726,0.07429833710193634
ec2_cpu_utilization_ac20cd:2675:2691,0,autoencoder@0.99,0.039111443,0.07429833710193634
ec2_cpu_utilization_ac20cd:2683:2699,0,autoencoder@0.99,0.0232182,0.07429833710193634
ec2_cpu_utilization_ac20cd:2691:2707,0,autoencoder@0.99,0.022407528,0.07429833710193634
ec2_cpu_utilization_ac20cd:2699:2715,0,autoencoder@0.99,0.031151405,0.07429833710193634
ec2_cpu_utilization_ac20cd:2707:2723,0,autoencoder@0.99,0.029889423,0.07429833710193634
ec2_cpu_utilization_ac20cd:2715:2731,0,autoencoder@0.99,0.046037566,0.07429833710193634
ec2_cpu_utilization_ac20cd:2723:2739,0,autoencoder@0.99,0.050501514,0.07429833710193634
ec2_cpu_utilization_ac20cd:2731:2747,0,autoencoder@0.99,0.022093756,0.07429833710193634
ec2_cpu_utilization_ac20cd:2739:2755,0,autoencoder@0.99,0.022327946,0.07429833710193634
ec2_cpu_utilization_ac20cd:2747:2763,0,autoencoder@0.99,0.019589785,0.07429833710193634
ec2_cpu_utilization_ac20cd:2755:2771,0,autoencoder@0.99,0.03591294,0.07429833710193634
ec2_cpu_utilization_ac20cd:2763:2779,0,autoencoder@0.99,0.035609454,0.07429833710193634
ec2_cpu_utilization_ac20cd:2771:2787,0,autoencoder@0.99,0.027769307,0.07429833710193634
ec2_cpu_utilization_ac20cd:2779:2795,0,autoencoder@0.99,0.028480744,0.07429833710193634
ec2_cpu_utilization_ac20cd:2787:2803,0,autoencoder@0.99,0.01802903,0.07429833710193634
ec2_cpu_utilization_ac20cd:2795:2811,0,autoencoder@0.99,0.014080385,0.07429833710193634
ec2_cpu_utilization_ac20cd:2803:2819,0,autoencoder@0.99,0.02500783,0.07429833710193634
ec2_cpu_utilization_ac20cd:2811:2827,0,autoencoder@0.99,0.042256616,0.07429833710193634
ec2_cpu_utilization_ac20cd:2819:2835,0,autoencoder@0.99,0.03660831,0.07429833710193634
ec2_cpu_utilization_ac20cd:2827:2843,0,autoencoder@0.99,0.02849464,0.07429833710193634
ec2_cpu_utilization_ac20cd:2835:2851,0,autoencoder@0.99,0.031486098,0.07429833710193634
ec2_cpu_utilization_ac20cd:2843:2859,0,autoencoder@0.99,0.049056683,0.07429833710193634
ec2_cpu_utilization_ac20cd:2851:2867,0,autoencoder@0.99,0.050497115,0.07429833710193634
ec2_cpu_utilization_ac20cd:2859:2875,0,autoencoder@0.99,0.032613337,0.07429833710193634
ec2_cpu_utilization_ac20cd:2867:2883,0,autoencoder@0.99,0.045149513,0.07429833710193634
ec2_cpu_utilization_ac20cd:2875:2891,0,autoencoder@0.99,0.047296286,0.07429833710193634
ec2_cpu_utilization_ac20cd:2883:2899,0,autoencoder@0.99,0.03483059,0.07429833710193634
ec2_cpu_utilization_ac20cd:2891:2907,0,autoencoder@0.99,0.02658229,0.07429833710193634
ec2_cpu_utilization_ac20cd:2899:2915,0,autoencoder@0.99,0.022120213,0.07429833710193634
ec2_cpu_utilization_ac20cd:2907:2923,0,autoencoder@0.99,0.027715197,0.07429833710193634
ec2_cpu_utilization_ac20cd:2915:2931,0,autoencoder@0.99,0.037567418,0.07429833710193634
ec2_cpu_utilization_ac20cd:2923:2939,0,autoencoder@0.99,0.035470147,0.07429833710193634
ec2_cpu_utilization_ac20cd:2931:2947,0,autoencoder@0.99,0.032957524,0.07429833710193634
ec2_cpu_utilization_ac20cd:2939:2955,0,autoencoder@0.99,0.044741657,0.07429833710193634
ec2_cpu_utilization_ac20cd:2947:2963,0,autoencoder@0.99,0.05214374,0.07429833710193634
ec2_cpu_utilization_ac20cd:2955:2971,0,autoencoder@0.99,0.027944092,0.07429833710193634
ec2_cpu_utilization_ac20cd:2963:2979,0,autoencoder@0.99,0.017921202,0.07429833710193634
ec2_cpu_utilization_ac20cd:2971:2987,0,autoencoder@0.99,0.028400784,0.07429833710193634
ec2_cpu_utilization_ac20cd:2979:2995,0,autoencoder@0.99,0.035050564,0.07429833710193634
ec2_cpu_utilization_ac20cd:2987:3003,0,autoencoder@0.99,0.034373604,0.07429833710193634
ec2_cpu_utilization_ac20cd:2995:3011,0,autoencoder@0.99,0.045466833,0.07429833710193634
ec2_cpu_utilization_ac20cd:3003:3019,0,autoencoder@0.99,0.049921334,0.07429833710193634
ec2_cpu_utilization_ac20cd:3011:3027,0,autoencoder@0.99,0.021876864,0.07429833710193634
ec2_cpu_utilization_ac20cd:3019:3035,0,autoencoder@0.99,0.049256086,0.07429833710193634
ec2_cpu_utilization_ac20cd:3027:3043,0,autoencoder@0.99,0.056717787,0.07429833710193634
ec2_cpu_utilization_ac20cd:3035:3051,0,autoencoder@0.99,0.035004787,0.07429833710193634
ec2_cpu_utilization_ac20cd:3043:3059,0,autoencoder@0.99,0.022196002,0.07429833710193634
ec2_cpu_utilization_ac20cd:3051:3067,0,autoencoder@0.99,0.013581466,0.07429833710193634
ec2_cpu_utilization_ac20cd:3059:3075,0,autoencoder@0.99,0.022795673,0.07429833710193634
ec2_cpu_utilization_ac20cd:3067:3083,0,autoencoder@0.99,0.019302454,0.07429833710193634
ec2_cpu_utilization_ac20cd:3075:3091,0,autoencoder@0.99,0.031878877,0.07429833710193634
ec2_cpu_utilization_ac20cd:3083:3099,0,autoencoder@0.99,0.027345745,0.07429833710193634
ec2_cpu_utilization_ac20cd:3091:3107,0,autoencoder@0.99,0.053909235,0.07429833710193634
ec2_cpu_utilization_ac20cd:3099:3115,0,autoencoder@0.99,0.043563545,0.07429833710193634
ec2_cpu_utilization_ac20cd:3107:3123,0,autoencoder@0.99,0.05195541,0.07429833710193634
ec2_cpu_utilization_ac20cd:3115:3131,0,autoencoder@0.99,0.053793613,0.07429833710193634
ec2_cpu_utilization_ac20cd:3123:3139,0,autoencoder@0.99,0.030636143,0.07429833710193634
ec2_cpu_utilization_ac20cd:3131:3147,0,autoencoder@0.99,0.03553122,0.07429833710193634
ec2_cpu_utilization_ac20cd:3139:3155,0,autoencoder@0.99,0.026771292,0.07429833710193634
ec2_cpu_utilization_ac20cd:3147:3163,0,autoencoder@0.99,0.030111954,0.07429833710193634
ec2_cpu_utilization_ac20cd:3155:3171,0,autoencoder@0.99,0.03683148,0.07429833710193634
ec2_cpu_utilization_ac20cd:3163:3179,0,autoencoder@0.99,0.027309494,0.07429833710193634
ec2_cpu_utilization_ac20cd:3171:3187,0,autoencoder@0.99,0.017155081,0.07429833710193634
ec2_cpu_utilization_ac20cd:3179:3195,0,autoencoder@0.99,0.02893881,0.07429833710193634
ec2_cpu_utilization_ac20cd:3187:3203,0,autoencoder@0.99,0.031681206,0.07429833710193634
ec2_cpu_utilization_ac20cd:3195:3211,0,autoencoder@0.99,0.02938487,0.07429833710193634
ec2_cpu_utilization_ac20cd:3203:3219,0,autoencoder@0.99,0.047736943,0.07429833710193634
ec2_cpu_utilization_ac20cd:2419:2435,0,max_abs_z@0.95,0.6564811,0.7254736423492432
ec2_cpu_utilization_ac20cd:2427:2443,0,max_abs_z@0.95,0.71471405,0.7254736423492432
ec2_cpu_utilization_ac20cd:2435:2451,0,max_abs_z@0.95,0.70844316,0.7254736423492432
ec2_cpu_utilization_ac20cd:2443:2459,0,max_abs_z@0.95,0.5601174,0.7254736423492432
ec2_cpu_utilization_ac20cd:2451:2467,0,max_abs_z@0.95,0.5688972,0.7254736423492432
ec2_cpu_utilization_ac20cd:2459:2475,0,max_abs_z@0.95,0.56532246,0.7254736423492432
ec2_cpu_utilization_ac20cd:2467:2483,0,max_abs_z@0.95,0.50921077,0.7254736423492432
ec2_cpu_utilization_ac20cd:2475:2491,0,max_abs_z@0.95,0.5055123,0.7254736423492432
ec2_cpu_utilization_ac20cd:2483:2499,0,max_abs_z@0.95,0.37978917,0.7254736423492432
ec2_cpu_utilization_ac20cd:2491:2507,0,max_abs_z@0.95,0.3754016,0.7254736423492432
ec2_cpu_utilization_ac20cd:2499:2515,0,max_abs_z@0.95,0.46589723,0.7254736423492432
ec2_cpu_utilization_ac20cd:2507:2523,0,max_abs_z@0.95,0.46225548,0.7254736423492432
ec2_cpu_utilization_ac20cd:2515:2531,0,max_abs_z@0.95,0.5489769,0.7254736423492432
ec2_cpu_utilization_ac20cd:2523:2539,0,max_abs_z@0.95,0.73635924,0.7254736423492432
ec2_cpu_utilization_ac20cd:2531:2547,0,max_abs_z@0.95,0.7291465,0.7254736423492432
ec2_cpu_utilization_ac20cd:2539:2555,0,max_abs_z@0.95,0.6593142,0.7254736423492432
ec2_cpu_utilization_ac20cd:2547:2563,0,max_abs_z@0.95,0.65541905,0.7254736423492432
ec2_cpu_utilization_ac20cd:2555:2571,0,max_abs_z@0.95,0.3664159,0.7254736423492432
ec2_cpu_utilization_ac20cd:2563:2579,0,max_abs_z@0.95,0.47205803,0.7254736423492432
ec2_cpu_utilization_ac20cd:2571:2587,0,max_abs_z@0.95,0.4684082,0.7254736423492432
ec2_cpu_utilization_ac20cd:2579:2595,0,max_abs_z@0.95,0.4080209,0.7254736423492432
ec2_cpu_utilization_ac20cd:2587:2603,0,max_abs_z@0.95,0.5312406,0.7254736423492432
ec2_cpu_utilization_ac20cd:2595:2611,0,max_abs_z@0.95,0.73598975,0.7254736423492432
ec2_cpu_utilization_ac20cd:2603:2619,0,max_abs_z@0.95,0.7287778,0.7254736423492432
ec2_cpu_utilization_ac20cd:2611:2627,0,max_abs_z@0.95,0.4870347,0.7254736423492432
ec2_cpu_utilization_ac20cd:2619:2635,0,max_abs_z@0.95,0.48484802,0.7254736423492432
ec2_cpu_utilization_ac20cd:2627:2643,0,max_abs_z@0.95,0.47818723,0.7254736423492432
ec2_cpu_utilization_ac20cd:2635:2651,0,max_abs_z@0.95,0.5001751,0.7254736423492432
ec2_cpu_utilization_ac20cd:2643:2659,0,max_abs_z@0.95,0.49348065,0.7254736423492432
ec2_cpu_utilization_ac20cd:2651:2667,0,max_abs_z@0.95,0.5138781,0.7254736423492432
ec2_cpu_utilization_ac20cd:2659:2675,0,max_abs_z@0.95,0.87106836,0.7254736423492432
ec2_cpu_utilization_ac20cd:2667:2683,0,max_abs_z@0.95,0.8660125,0.7254736423492432
ec2_cpu_utilization_ac20cd:2675:2691,0,max_abs_z@0.95,0.61698264,0.7254736423492432
ec2_cpu_utilization_ac20cd:2683:2699,0,max_abs_z@0.95,0.61335045,0.7254736423492432
ec2_cpu_utilization_ac20cd:2691:2707,0,max_abs_z@0.95,0.50627404,0.7254736423492432
ec2_cpu_utilization_ac20cd:2699:2715,0,max_abs_z@0.95,0.5027742,0.7254736423492432
ec2_cpu_utilization_ac20cd:2707:2723,0,max_abs_z@0.95,0.5343326,0.7254736423492432
ec2_cpu_utilization_ac20cd:2715:2731,0,max_abs_z@0.95,0.58383054,0.7254736423492432
ec2_cpu_utilization_ac20cd:2723:2739,0,max_abs_z@0.95,0.61880136,0.7254736423492432
ec2_cpu_utilization_ac20cd:2731:2747,0,max_abs_z@0.95,0.61495924,0.7254736423492432
ec2_cpu_utilization_ac20cd:2739:2755,0,max_abs_z@0.95,0.4758944,0.7254736423492432
ec2_cpu_utilization_ac20cd:2747:2763,0,max_abs_z@0.95,0.4724308,0.7254736423492432
ec2_cpu_utilization_ac20cd:2755:2771,0,max_abs_z@0.95,0.5740403,0.7254736423492432
ec2_cpu_utilization_ac20cd:2763:2779,0,max_abs_z@0.95,0.5671838,0.7254736423492432
ec2_cpu_utilization_ac20cd:2771:2787,0,max_abs_z@0.95,0.4502858,0.7254736423492432
ec2_cpu_utilization_ac20cd:2779:2795,0,max_abs_z@0.95,0.4445533,0.7254736423492432
ec2_cpu_utilization_ac20cd:2787:2803,0,max_abs_z@0.95,0.3712802,0.7254736423492432
ec2_cpu_utilization_ac20cd:2795:2811,0,max_abs_z@0.95,0.3648686,0.7254736423492432
ec2_cpu_utilization_ac20cd:2803:2819,0,max_abs_z@0.95,0.38079062,0.7254736423492432
ec2_cpu_utilization_ac20cd:2811:2827,0,max_abs_z@0.95,0.62574613,0.7254736423492432
ec2_cpu_utilization_ac20cd:2819:2835,0,max_abs_z@0.95,0.61877614,0.7254736423492432
ec2_cpu_utilization_ac20cd:2827:2843,0,max_abs_z@0.95,0.4569772,0.7254736423492432
ec2_cpu_utilization_ac20cd:2835:2851,0,max_abs_z@0.95,0.45090264,0.7254736423492432
ec2_cpu_utilization_ac20cd:2843:2859,0,max_abs_z@0.95,0.43093142,0.7254736423492432
ec2_cpu_utilization_ac20cd:2851:2867,0,max_abs_z@0.95,0.41397816,0.7254736423492432
ec2_cpu_utilization_ac20cd:2859:2875,0,max_abs_z@0.95,0.5563125,0.7254736423492432
ec2_cpu_utilization_ac20cd:2867:2883,0,max_abs_z@0.95,0.54949486,0.7254736423492432
ec2_cpu_utilization_ac20cd:2875:2891,0,max_abs_z@0.95,0.48113513,0.7254736423492432
ec2_cpu_utilization_ac20cd:2883:2899,0,max_abs_z@0.95,0.41791636,0.7254736423492432
ec2_cpu_utilization_ac20cd:2891:2907,0,max_abs_z@0.95,0.41433746,0.7254736423492432
ec2_cpu_utilization_ac20cd:2899:2915,0,max_abs_z@0.95,0.45247722,0.7254736423492432
ec2_cpu_utilization_ac20cd:2907:2923,0,max_abs_z@0.95,0.4464144,0.7254736423492432
ec2_cpu_utilization_ac20cd:2915:2931,0,max_abs_z@0.95,0.52994376,0.7254736423492432
ec2_cpu_utilization_ac20cd:2923:2939,0,max_abs_z@0.95,0.5240491,0.7254736423492432
ec2_cpu_utilization_ac20cd:2931:2947,0,max_abs_z@0.95,0.6035864,0.7254736423492432
ec2_cpu_utilization_ac20cd:2939:2955,0,max_abs_z@0.95,0.596665,0.7254736423492432
ec2_cpu_utilization_ac20cd:2947:2963,0,max_abs_z@0.95,0.6301896,0.7254736423492432
ec2_cpu_utilization_ac20cd:2955:2971,0,max_abs_z@0.95,0.6263326,0.7254736423492432
ec2_cpu_utilization_ac20cd:2963:2979,0,max_abs_z@0.95,0.5066383,0.7254736423492432
ec2_cpu_utilization_ac20cd:2971:2987,0,max_abs_z@0.95,0.5656631,0.7254736423492432
ec2_cpu_utilization_ac20cd:2979:2995,0,max_abs_z@0.95,0.5626919,0.7254736423492432
ec2_cpu_utilization_ac20cd:2987:3003,0,max_abs_z@0.95,0.4965389,0.7254736423492432
ec2_cpu_utilization_ac20cd:2995:3011,0,max_abs_z@0.95,0.5277075,0.7254736423492432
ec2_cpu_utilization_ac20cd:3003:3019,0,max_abs_z@0.95,0.5467912,0.7254736423492432
ec2_cpu_utilization_ac20cd:3011:3027,0,max_abs_z@0.95,0.5408622,0.7254736423492432
ec2_cpu_utilization_ac20cd:3019:3035,0,max_abs_z@0.95,0.8096046,0.7254736423492432
ec2_cpu_utilization_ac20cd:3027:3043,0,max_abs_z@0.95,0.8055125,0.7254736423492432
ec2_cpu_utilization_ac20cd:3035:3051,0,max_abs_z@0.95,0.45235333,0.7254736423492432
ec2_cpu_utilization_ac20cd:3043:3059,0,max_abs_z@0.95,0.3476741,0.7254736423492432
ec2_cpu_utilization_ac20cd:3051:3067,0,max_abs_z@0.95,0.3917778,0.7254736423492432
ec2_cpu_utilization_ac20cd:3059:3075,0,max_abs_z@0.95,0.38532126,0.7254736423492432
ec2_cpu_utilization_ac20cd:3067:3083,0,max_abs_z@0.95,0.306371,0.7254736423492432
ec2_cpu_utilization_ac20cd:3075:3091,0,max_abs_z@0.95,0.3613472,0.7254736423492432
ec2_cpu_utilization_ac20cd:3083:3099,0,max_abs_z@0.95,0.35784242,0.7254736423492432
ec2_cpu_utilization_ac20cd:3091:3107,0,max_abs_z@0.95,0.42470405,0.7254736423492432
ec2_cpu_utilization_ac20cd:3099:3115,0,max_abs_z@0.95,0.46545845,0.7254736423492432
ec2_cpu_utilization_ac20cd:3107:3123,0,max_abs_z@0.95,0.4924081,0.7254736423492432
ec2_cpu_utilization_ac20cd:3115:3131,0,max_abs_z@0.95,0.48873162,0.7254736423492432
ec2_cpu_utilization_ac20cd:3123:3139,0,max_abs_z@0.95,0.68625575,0.7254736423492432
ec2_cpu_utilization_ac20cd:3131:3147,0,max_abs_z@0.95,0.6831603,0.7254736423492432
ec2_cpu_utilization_ac20cd:3139:3155,0,max_abs_z@0.95,0.46795082,0.7254736423492432
ec2_cpu_utilization_ac20cd:3147:3163,0,max_abs_z@0.95,0.46430638,0.7254736423492432
ec2_cpu_utilization_ac20cd:3155:3171,0,max_abs_z@0.95,0.60228777,0.7254736423492432
ec2_cpu_utilization_ac20cd:3163:3179,0,max_abs_z@0.95,0.5958339,0.7254736423492432
ec2_cpu_utilization_ac20cd:3171:3187,0,max_abs_z@0.95,0.4398016,0.7254736423492432
ec2_cpu_utilization_ac20cd:3179:3195,0,max_abs_z@0.95,0.60591924,0.7254736423492432
ec2_cpu_utilization_ac20cd:3187:3203,0,max_abs_z@0.95,0.60209405,0.7254736423492432
ec2_cpu_utilization_ac20cd:3195:3211,0,max_abs_z@0.95,0.46377972,0.7254736423492432
ec2_cpu_utilization_ac20cd:3203:3219,0,max_abs_z@0.95,0.4603306,0.7254736423492432
ec2_cpu_utilization_ac20cd:2419:2435,0,max_abs_z@0.975,0.6564811,0.754716157913208
ec2_cpu_utilization_ac20cd:2427:2443,0,max_abs_z@0.975,0.71471405,0.754716157913208
ec2_cpu_utilization_ac20cd:2435:2451,0,max_abs_z@0.975,0.70844316,0.754716157913208
ec2_cpu_utilization_ac20cd:2443:2459,0,max_abs_z@0.975,0.5601174,0.754716157913208
ec2_cpu_utilization_ac20cd:2451:2467,0,max_abs_z@0.975,0.5688972,0.754716157913208
ec2_cpu_utilization_ac20cd:2459:2475,0,max_abs_z@0.975,0.56532246,0.754716157913208
ec2_cpu_utilization_ac20cd:2467:2483,0,max_abs_z@0.975,0.50921077,0.754716157913208
ec2_cpu_utilization_ac20cd:2475:2491,0,max_abs_z@0.975,0.5055123,0.754716157913208
ec2_cpu_utilization_ac20cd:2483:2499,0,max_abs_z@0.975,0.37978917,0.754716157913208
ec2_cpu_utilization_ac20cd:2491:2507,0,max_abs_z@0.975,0.3754016,0.754716157913208
ec2_cpu_utilization_ac20cd:2499:2515,0,max_abs_z@0.975,0.46589723,0.754716157913208
ec2_cpu_utilization_ac20cd:2507:2523,0,max_abs_z@0.975,0.46225548,0.754716157913208
ec2_cpu_utilization_ac20cd:2515:2531,0,max_abs_z@0.975,0.5489769,0.754716157913208
ec2_cpu_utilization_ac20cd:2523:2539,0,max_abs_z@0.975,0.73635924,0.754716157913208
ec2_cpu_utilization_ac20cd:2531:2547,0,max_abs_z@0.975,0.7291465,0.754716157913208
ec2_cpu_utilization_ac20cd:2539:2555,0,max_abs_z@0.975,0.6593142,0.754716157913208
ec2_cpu_utilization_ac20cd:2547:2563,0,max_abs_z@0.975,0.65541905,0.754716157913208
ec2_cpu_utilization_ac20cd:2555:2571,0,max_abs_z@0.975,0.3664159,0.754716157913208
ec2_cpu_utilization_ac20cd:2563:2579,0,max_abs_z@0.975,0.47205803,0.754716157913208
ec2_cpu_utilization_ac20cd:2571:2587,0,max_abs_z@0.975,0.4684082,0.754716157913208
ec2_cpu_utilization_ac20cd:2579:2595,0,max_abs_z@0.975,0.4080209,0.754716157913208
ec2_cpu_utilization_ac20cd:2587:2603,0,max_abs_z@0.975,0.5312406,0.754716157913208
ec2_cpu_utilization_ac20cd:2595:2611,0,max_abs_z@0.975,0.73598975,0.754716157913208
ec2_cpu_utilization_ac20cd:2603:2619,0,max_abs_z@0.975,0.7287778,0.754716157913208
ec2_cpu_utilization_ac20cd:2611:2627,0,max_abs_z@0.975,0.4870347,0.754716157913208
ec2_cpu_utilization_ac20cd:2619:2635,0,max_abs_z@0.975,0.48484802,0.754716157913208
ec2_cpu_utilization_ac20cd:2627:2643,0,max_abs_z@0.975,0.47818723,0.754716157913208
ec2_cpu_utilization_ac20cd:2635:2651,0,max_abs_z@0.975,0.5001751,0.754716157913208
ec2_cpu_utilization_ac20cd:2643:2659,0,max_abs_z@0.975,0.49348065,0.754716157913208
ec2_cpu_utilization_ac20cd:2651:2667,0,max_abs_z@0.975,0.5138781,0.754716157913208
ec2_cpu_utilization_ac20cd:2659:2675,0,max_abs_z@0.975,0.87106836,0.754716157913208
ec2_cpu_utilization_ac20cd:2667:2683,0,max_abs_z@0.975,0.8660125,0.754716157913208
ec2_cpu_utilization_ac20cd:2675:2691,0,max_abs_z@0.975,0.61698264,0.754716157913208
ec2_cpu_utilization_ac20cd:2683:2699,0,max_abs_z@0.975,0.61335045,0.754716157913208
ec2_cpu_utilization_ac20cd:2691:2707,0,max_abs_z@0.975,0.50627404,0.754716157913208
ec2_cpu_utilization_ac20cd:2699:2715,0,max_abs_z@0.975,0.5027742,0.754716157913208
ec2_cpu_utilization_ac20cd:2707:2723,0,max_abs_z@0.975,0.5343326,0.754716157913208
ec2_cpu_utilization_ac20cd:2715:2731,0,max_abs_z@0.975,0.58383054,0.754716157913208
ec2_cpu_utilization_ac20cd:2723:2739,0,max_abs_z@0.975,0.61880136,0.754716157913208
ec2_cpu_utilization_ac20cd:2731:2747,0,max_abs_z@0.975,0.61495924,0.754716157913208
ec2_cpu_utilization_ac20cd:2739:2755,0,max_abs_z@0.975,0.4758944,0.754716157913208
ec2_cpu_utilization_ac20cd:2747:2763,0,max_abs_z@0.975,0.4724308,0.754716157913208
ec2_cpu_utilization_ac20cd:2755:2771,0,max_abs_z@0.975,0.5740403,0.754716157913208
ec2_cpu_utilization_ac20cd:2763:2779,0,max_abs_z@0.975,0.5671838,0.754716157913208
ec2_cpu_utilization_ac20cd:2771:2787,0,max_abs_z@0.975,0.4502858,0.754716157913208
ec2_cpu_utilization_ac20cd:2779:2795,0,max_abs_z@0.975,0.4445533,0.754716157913208
ec2_cpu_utilization_ac20cd:2787:2803,0,max_abs_z@0.975,0.3712802,0.754716157913208
ec2_cpu_utilization_ac20cd:2795:2811,0,max_abs_z@0.975,0.3648686,0.754716157913208
ec2_cpu_utilization_ac20cd:2803:2819,0,max_abs_z@0.975,0.38079062,0.754716157913208
ec2_cpu_utilization_ac20cd:2811:2827,0,max_abs_z@0.975,0.62574613,0.754716157913208
ec2_cpu_utilization_ac20cd:2819:2835,0,max_abs_z@0.975,0.61877614,0.754716157913208
ec2_cpu_utilization_ac20cd:2827:2843,0,max_abs_z@0.975,0.4569772,0.754716157913208
ec2_cpu_utilization_ac20cd:2835:2851,0,max_abs_z@0.975,0.45090264,0.754716157913208
ec2_cpu_utilization_ac20cd:2843:2859,0,max_abs_z@0.975,0.43093142,0.754716157913208
ec2_cpu_utilization_ac20cd:2851:2867,0,max_abs_z@0.975,0.41397816,0.754716157913208
ec2_cpu_utilization_ac20cd:2859:2875,0,max_abs_z@0.975,0.5563125,0.754716157913208
ec2_cpu_utilization_ac20cd:2867:2883,0,max_abs_z@0.975,0.54949486,0.754716157913208
ec2_cpu_utilization_ac20cd:2875:2891,0,max_abs_z@0.975,0.48113513,0.754716157913208
ec2_cpu_utilization_ac20cd:2883:2899,0,max_abs_z@0.975,0.41791636,0.754716157913208
ec2_cpu_utilization_ac20cd:2891:2907,0,max_abs_z@0.975,0.41433746,0.754716157913208
ec2_cpu_utilization_ac20cd:2899:2915,0,max_abs_z@0.975,0.45247722,0.754716157913208
ec2_cpu_utilization_ac20cd:2907:2923,0,max_abs_z@0.975,0.4464144,0.754716157913208
ec2_cpu_utilization_ac20cd:2915:2931,0,max_abs_z@0.975,0.52994376,0.754716157913208
ec2_cpu_utilization_ac20cd:2923:2939,0,max_abs_z@0.975,0.5240491,0.754716157913208
ec2_cpu_utilization_ac20cd:2931:2947,0,max_abs_z@0.975,0.6035864,0.754716157913208
ec2_cpu_utilization_ac20cd:2939:2955,0,max_abs_z@0.975,0.596665,0.754716157913208
ec2_cpu_utilization_ac20cd:2947:2963,0,max_abs_z@0.975,0.6301896,0.754716157913208
ec2_cpu_utilization_ac20cd:2955:2971,0,max_abs_z@0.975,0.6263326,0.754716157913208
ec2_cpu_utilization_ac20cd:2963:2979,0,max_abs_z@0.975,0.5066383,0.754716157913208
ec2_cpu_utilization_ac20cd:2971:2987,0,max_abs_z@0.975,0.5656631,0.754716157913208
ec2_cpu_utilization_ac20cd:2979:2995,0,max_abs_z@0.975,0.5626919,0.754716157913208
ec2_cpu_utilization_ac20cd:2987:3003,0,max_abs_z@0.975,0.4965389,0.754716157913208
ec2_cpu_utilization_ac20cd:2995:3011,0,max_abs_z@0.975,0.5277075,0.754716157913208
ec2_cpu_utilization_ac20cd:3003:3019,0,max_abs_z@0.975,0.5467912,0.754716157913208
ec2_cpu_utilization_ac20cd:3011:3027,0,max_abs_z@0.975,0.5408622,0.754716157913208
ec2_cpu_utilization_ac20cd:3019:3035,0,max_abs_z@0.975,0.8096046,0.754716157913208
ec2_cpu_utilization_ac20cd:3027:3043,0,max_abs_z@0.975,0.8055125,0.754716157913208
ec2_cpu_utilization_ac20cd:3035:3051,0,max_abs_z@0.975,0.45235333,0.754716157913208
ec2_cpu_utilization_ac20cd:3043:3059,0,max_abs_z@0.975,0.3476741,0.754716157913208
ec2_cpu_utilization_ac20cd:3051:3067,0,max_abs_z@0.975,0.3917778,0.754716157913208
ec2_cpu_utilization_ac20cd:3059:3075,0,max_abs_z@0.975,0.38532126,0.754716157913208
ec2_cpu_utilization_ac20cd:3067:3083,0,max_abs_z@0.975,0.306371,0.754716157913208
ec2_cpu_utilization_ac20cd:3075:3091,0,max_abs_z@0.975,0.3613472,0.754716157913208
ec2_cpu_utilization_ac20cd:3083:3099,0,max_abs_z@0.975,0.35784242,0.754716157913208
ec2_cpu_utilization_ac20cd:3091:3107,0,max_abs_z@0.975,0.42470405,0.754716157913208
ec2_cpu_utilization_ac20cd:3099:3115,0,max_abs_z@0.975,0.46545845,0.754716157913208
ec2_cpu_utilization_ac20cd:3107:3123,0,max_abs_z@0.975,0.4924081,0.754716157913208
ec2_cpu_utilization_ac20cd:3115:3131,0,max_abs_z@0.975,0.48873162,0.754716157913208
ec2_cpu_utilization_ac20cd:3123:3139,0,max_abs_z@0.975,0.68625575,0.754716157913208
ec2_cpu_utilization_ac20cd:3131:3147,0,max_abs_z@0.975,0.6831603,0.754716157913208
ec2_cpu_utilization_ac20cd:3139:3155,0,max_abs_z@0.975,0.46795082,0.754716157913208
ec2_cpu_utilization_ac20cd:3147:3163,0,max_abs_z@0.975,0.46430638,0.754716157913208
ec2_cpu_utilization_ac20cd:3155:3171,0,max_abs_z@0.975,0.60228777,0.754716157913208
ec2_cpu_utilization_ac20cd:3163:3179,0,max_abs_z@0.975,0.5958339,0.754716157913208
ec2_cpu_utilization_ac20cd:3171:3187,0,max_abs_z@0.975,0.4398016,0.754716157913208
ec2_cpu_utilization_ac20cd:3179:3195,0,max_abs_z@0.975,0.60591924,0.754716157913208
ec2_cpu_utilization_ac20cd:3187:3203,0,max_abs_z@0.975,0.60209405,0.754716157913208
ec2_cpu_utilization_ac20cd:3195:3211,0,max_abs_z@0.975,0.46377972,0.754716157913208
ec2_cpu_utilization_ac20cd:3203:3219,0,max_abs_z@0.975,0.4603306,0.754716157913208
ec2_cpu_utilization_ac20cd:2419:2435,0,max_abs_z@0.99,0.6564811,0.8073640465736389
ec2_cpu_utilization_ac20cd:2427:2443,0,max_abs_z@0.99,0.71471405,0.8073640465736389
ec2_cpu_utilization_ac20cd:2435:2451,0,max_abs_z@0.99,0.70844316,0.8073640465736389
ec2_cpu_utilization_ac20cd:2443:2459,0,max_abs_z@0.99,0.5601174,0.8073640465736389
ec2_cpu_utilization_ac20cd:2451:2467,0,max_abs_z@0.99,0.5688972,0.8073640465736389
ec2_cpu_utilization_ac20cd:2459:2475,0,max_abs_z@0.99,0.56532246,0.8073640465736389
ec2_cpu_utilization_ac20cd:2467:2483,0,max_abs_z@0.99,0.50921077,0.8073640465736389
ec2_cpu_utilization_ac20cd:2475:2491,0,max_abs_z@0.99,0.5055123,0.8073640465736389
ec2_cpu_utilization_ac20cd:2483:2499,0,max_abs_z@0.99,0.37978917,0.8073640465736389
ec2_cpu_utilization_ac20cd:2491:2507,0,max_abs_z@0.99,0.3754016,0.8073640465736389
ec2_cpu_utilization_ac20cd:2499:2515,0,max_abs_z@0.99,0.46589723,0.8073640465736389
ec2_cpu_utilization_ac20cd:2507:2523,0,max_abs_z@0.99,0.46225548,0.8073640465736389
ec2_cpu_utilization_ac20cd:2515:2531,0,max_abs_z@0.99,0.5489769,0.8073640465736389
ec2_cpu_utilization_ac20cd:2523:2539,0,max_abs_z@0.99,0.73635924,0.8073640465736389
ec2_cpu_utilization_ac20cd:2531:2547,0,max_abs_z@0.99,0.7291465,0.8073640465736389
ec2_cpu_utilization_ac20cd:2539:2555,0,max_abs_z@0.99,0.6593142,0.8073640465736389
ec2_cpu_utilization_ac20cd:2547:2563,0,max_abs_z@0.99,0.65541905,0.8073640465736389
ec2_cpu_utilization_ac20cd:2555:2571,0,max_abs_z@0.99,0.3664159,0.8073640465736389
ec2_cpu_utilization_ac20cd:2563:2579,0,max_abs_z@0.99,0.47205803,0.8073640465736389
ec2_cpu_utilization_ac20cd:2571:2587,0,max_abs_z@0.99,0.4684082,0.8073640465736389
ec2_cpu_utilization_ac20cd:2579:2595,0,max_abs_z@0.99,0.4080209,0.8073640465736389
ec2_cpu_utilization_ac20cd:2587:2603,0,max_abs_z@0.99,0.5312406,0.8073640465736389
ec2_cpu_utilization_ac20cd:2595:2611,0,max_abs_z@0.99,0.73598975,0.8073640465736389
ec2_cpu_utilization_ac20cd:2603:2619,0,max_abs_z@0.99,0.7287778,0.8073640465736389
ec2_cpu_utilization_ac20cd:2611:2627,0,max_abs_z@0.99,0.4870347,0.8073640465736389
ec2_cpu_utilization_ac20cd:2619:2635,0,max_abs_z@0.99,0.48484802,0.8073640465736389
ec2_cpu_utilization_ac20cd:2627:2643,0,max_abs_z@0.99,0.47818723,0.8073640465736389
ec2_cpu_utilization_ac20cd:2635:2651,0,max_abs_z@0.99,0.5001751,0.8073640465736389
ec2_cpu_utilization_ac20cd:2643:2659,0,max_abs_z@0.99,0.49348065,0.8073640465736389
ec2_cpu_utilization_ac20cd:2651:2667,0,max_abs_z@0.99,0.5138781,0.8073640465736389
ec2_cpu_utilization_ac20cd:2659:2675,0,max_abs_z@0.99,0.87106836,0.8073640465736389
ec2_cpu_utilization_ac20cd:2667:2683,0,max_abs_z@0.99,0.8660125,0.8073640465736389
ec2_cpu_utilization_ac20cd:2675:2691,0,max_abs_z@0.99,0.61698264,0.8073640465736389
ec2_cpu_utilization_ac20cd:2683:2699,0,max_abs_z@0.99,0.61335045,0.8073640465736389
ec2_cpu_utilization_ac20cd:2691:2707,0,max_abs_z@0.99,0.50627404,0.8073640465736389
ec2_cpu_utilization_ac20cd:2699:2715,0,max_abs_z@0.99,0.5027742,0.8073640465736389
ec2_cpu_utilization_ac20cd:2707:2723,0,max_abs_z@0.99,0.5343326,0.8073640465736389
ec2_cpu_utilization_ac20cd:2715:2731,0,max_abs_z@0.99,0.58383054,0.8073640465736389
ec2_cpu_utilization_ac20cd:2723:2739,0,max_abs_z@0.99,0.61880136,0.8073640465736389
ec2_cpu_utilization_ac20cd:2731:2747,0,max_abs_z@0.99,0.61495924,0.8073640465736389
ec2_cpu_utilization_ac20cd:2739:2755,0,max_abs_z@0.99,0.4758944,0.8073640465736389
ec2_cpu_utilization_ac20cd:2747:2763,0,max_abs_z@0.99,0.4724308,0.8073640465736389
ec2_cpu_utilization_ac20cd:2755:2771,0,max_abs_z@0.99,0.5740403,0.8073640465736389
ec2_cpu_utilization_ac20cd:2763:2779,0,max_abs_z@0.99,0.5671838,0.8073640465736389
ec2_cpu_utilization_ac20cd:2771:2787,0,max_abs_z@0.99,0.4502858,0.8073640465736389
ec2_cpu_utilization_ac20cd:2779:2795,0,max_abs_z@0.99,0.4445533,0.8073640465736389
ec2_cpu_utilization_ac20cd:2787:2803,0,max_abs_z@0.99,0.3712802,0.8073640465736389
ec2_cpu_utilization_ac20cd:2795:2811,0,max_abs_z@0.99,0.3648686,0.8073640465736389
ec2_cpu_utilization_ac20cd:2803:2819,0,max_abs_z@0.99,0.38079062,0.8073640465736389
ec2_cpu_utilization_ac20cd:2811:2827,0,max_abs_z@0.99,0.62574613,0.8073640465736389
ec2_cpu_utilization_ac20cd:2819:2835,0,max_abs_z@0.99,0.61877614,0.8073640465736389
ec2_cpu_utilization_ac20cd:2827:2843,0,max_abs_z@0.99,0.4569772,0.8073640465736389
ec2_cpu_utilization_ac20cd:2835:2851,0,max_abs_z@0.99,0.45090264,0.8073640465736389
ec2_cpu_utilization_ac20cd:2843:2859,0,max_abs_z@0.99,0.43093142,0.8073640465736389
ec2_cpu_utilization_ac20cd:2851:2867,0,max_abs_z@0.99,0.41397816,0.8073640465736389
ec2_cpu_utilization_ac20cd:2859:2875,0,max_abs_z@0.99,0.5563125,0.8073640465736389
ec2_cpu_utilization_ac20cd:2867:2883,0,max_abs_z@0.99,0.54949486,0.8073640465736389
ec2_cpu_utilization_ac20cd:2875:2891,0,max_abs_z@0.99,0.48113513,0.8073640465736389
ec2_cpu_utilization_ac20cd:2883:2899,0,max_abs_z@0.99,0.41791636,0.8073640465736389
ec2_cpu_utilization_ac20cd:2891:2907,0,max_abs_z@0.99,0.41433746,0.8073640465736389
ec2_cpu_utilization_ac20cd:2899:2915,0,max_abs_z@0.99,0.45247722,0.8073640465736389
ec2_cpu_utilization_ac20cd:2907:2923,0,max_abs_z@0.99,0.4464144,0.8073640465736389
ec2_cpu_utilization_ac20cd:2915:2931,0,max_abs_z@0.99,0.52994376,0.8073640465736389
ec2_cpu_utilization_ac20cd:2923:2939,0,max_abs_z@0.99,0.5240491,0.8073640465736389
ec2_cpu_utilization_ac20cd:2931:2947,0,max_abs_z@0.99,0.6035864,0.8073640465736389
ec2_cpu_utilization_ac20cd:2939:2955,0,max_abs_z@0.99,0.596665,0.8073640465736389
ec2_cpu_utilization_ac20cd:2947:2963,0,max_abs_z@0.99,0.6301896,0.8073640465736389
ec2_cpu_utilization_ac20cd:2955:2971,0,max_abs_z@0.99,0.6263326,0.8073640465736389
ec2_cpu_utilization_ac20cd:2963:2979,0,max_abs_z@0.99,0.5066383,0.8073640465736389
ec2_cpu_utilization_ac20cd:2971:2987,0,max_abs_z@0.99,0.5656631,0.8073640465736389
ec2_cpu_utilization_ac20cd:2979:2995,0,max_abs_z@0.99,0.5626919,0.8073640465736389
ec2_cpu_utilization_ac20cd:2987:3003,0,max_abs_z@0.99,0.4965389,0.8073640465736389
ec2_cpu_utilization_ac20cd:2995:3011,0,max_abs_z@0.99,0.5277075,0.8073640465736389
ec2_cpu_utilization_ac20cd:3003:3019,0,max_abs_z@0.99,0.5467912,0.8073640465736389
ec2_cpu_utilization_ac20cd:3011:3027,0,max_abs_z@0.99,0.5408622,0.8073640465736389
ec2_cpu_utilization_ac20cd:3019:3035,0,max_abs_z@0.99,0.8096046,0.8073640465736389
ec2_cpu_utilization_ac20cd:3027:3043,0,max_abs_z@0.99,0.8055125,0.8073640465736389
ec2_cpu_utilization_ac20cd:3035:3051,0,max_abs_z@0.99,0.45235333,0.8073640465736389
ec2_cpu_utilization_ac20cd:3043:3059,0,max_abs_z@0.99,0.3476741,0.8073640465736389
ec2_cpu_utilization_ac20cd:3051:3067,0,max_abs_z@0.99,0.3917778,0.8073640465736389
ec2_cpu_utilization_ac20cd:3059:3075,0,max_abs_z@0.99,0.38532126,0.8073640465736389
ec2_cpu_utilization_ac20cd:3067:3083,0,max_abs_z@0.99,0.306371,0.8073640465736389
ec2_cpu_utilization_ac20cd:3075:3091,0,max_abs_z@0.99,0.3613472,0.8073640465736389
ec2_cpu_utilization_ac20cd:3083:3099,0,max_abs_z@0.99,0.35784242,0.8073640465736389
ec2_cpu_utilization_ac20cd:3091:3107,0,max_abs_z@0.99,0.42470405,0.8073640465736389
ec2_cpu_utilization_ac20cd:3099:3115,0,max_abs_z@0.99,0.46545845,0.8073640465736389
ec2_cpu_utilization_ac20cd:3107:3123,0,max_abs_z@0.99,0.4924081,0.8073640465736389
ec2_cpu_utilization_ac20cd:3115:3131,0,max_abs_z@0.99,0.48873162,0.8073640465736389
ec2_cpu_utilization_ac20cd:3123:3139,0,max_abs_z@0.99,0.68625575,0.8073640465736389
ec2_cpu_utilization_ac20cd:3131:3147,0,max_abs_z@0.99,0.6831603,0.8073640465736389
ec2_cpu_utilization_ac20cd:3139:3155,0,max_abs_z@0.99,0.46795082,0.8073640465736389
ec2_cpu_utilization_ac20cd:3147:3163,0,max_abs_z@0.99,0.46430638,0.8073640465736389
ec2_cpu_utilization_ac20cd:3155:3171,0,max_abs_z@0.99,0.60228777,0.8073640465736389
ec2_cpu_utilization_ac20cd:3163:3179,0,max_abs_z@0.99,0.5958339,0.8073640465736389
ec2_cpu_utilization_ac20cd:3171:3187,0,max_abs_z@0.99,0.4398016,0.8073640465736389
ec2_cpu_utilization_ac20cd:3179:3195,0,max_abs_z@0.99,0.60591924,0.8073640465736389
ec2_cpu_utilization_ac20cd:3187:3203,0,max_abs_z@0.99,0.60209405,0.8073640465736389
ec2_cpu_utilization_ac20cd:3195:3211,0,max_abs_z@0.99,0.46377972,0.8073640465736389
ec2_cpu_utilization_ac20cd:3203:3219,0,max_abs_z@0.99,0.4603306,0.8073640465736389
ec2_cpu_utilization_ac20cd:2419:2435,0,rolling_32@0.95,4.984098388686077,4.534243994622543
ec2_cpu_utilization_ac20cd:2427:2443,0,rolling_32@0.95,5.571878068256534,4.534243994622543
ec2_cpu_utilization_ac20cd:2435:2451,0,rolling_32@0.95,5.571878068256534,4.534243994622543
ec2_cpu_utilization_ac20cd:2443:2459,0,rolling_32@0.95,2.154431140249726,4.534243994622543
ec2_cpu_utilization_ac20cd:2451:2467,0,rolling_32@0.95,2.5370205101455845,4.534243994622543
ec2_cpu_utilization_ac20cd:2459:2475,0,rolling_32@0.95,2.5370205101455845,4.534243994622543
ec2_cpu_utilization_ac20cd:2467:2483,0,rolling_32@0.95,2.011158282257458,4.534243994622543
ec2_cpu_utilization_ac20cd:2475:2491,0,rolling_32@0.95,1.9352926971949747,4.534243994622543
ec2_cpu_utilization_ac20cd:2483:2499,0,rolling_32@0.95,2.0610962087675895,4.534243994622543
ec2_cpu_utilization_ac20cd:2491:2507,0,rolling_32@0.95,2.0610962087675895,4.534243994622543
ec2_cpu_utilization_ac20cd:2499:2515,0,rolling_32@0.95,3.54145682803309,4.534243994622543
ec2_cpu_utilization_ac20cd:2507:2523,0,rolling_32@0.95,3.54145682803309,4.534243994622543
ec2_cpu_utilization_ac20cd:2515:2531,0,rolling_32@0.95,3.0687433602933747,4.534243994622543
ec2_cpu_utilization_ac20cd:2523:2539,0,rolling_32@0.95,3.0687433602933747,4.534243994622543
ec2_cpu_utilization_ac20cd:2531:2547,0,rolling_32@0.95,2.8365643963263687,4.534243994622543
ec2_cpu_utilization_ac20cd:2539:2555,0,rolling_32@0.95,2.2588577311338804,4.534243994622543
ec2_cpu_utilization_ac20cd:2547:2563,0,rolling_32@0.95,2.2588577311338804,4.534243994622543
ec2_cpu_utilization_ac20cd:2555:2571,0,rolling_32@0.95,1.5106154479459148,4.534243994622543
ec2_cpu_utilization_ac20cd:2563:2579,0,rolling_32@0.95,2.5313481343543893,4.534243994622543
ec2_cpu_utilization_ac20cd:2571:2587,0,rolling_32@0.95,2.8374766127678996,4.534243994622543
ec2_cpu_utilization_ac20cd:2579:2595,0,rolling_32@0.95,2.8374766127678996,4.534243994622543
ec2_cpu_utilization_ac20cd:2587:2603,0,rolling_32@0.95,3.7429248317912363,4.534243994622543
ec2_cpu_utilization_ac20cd:2595:2611,0,rolling_32@0.95,5.609768006754791,4.534243994622543
ec2_cpu_utilization_ac20cd:2603:2619,0,rolling_32@0.95,5.609768006754791,4.534243994622543
ec2_cpu_utilization_ac20cd:2611:2627,0,rolling_32@0.95,3.7070317495351093,4.534243994622543
ec2_cpu_utilization_ac20cd:2619:2635,0,rolling_32@0.95,3.7070317495351093,4.534243994622543
ec2_cpu_utilization_ac20cd:2627:2643,0,rolling_32@0.95,2.1100060610076254,4.534243994622543
ec2_cpu_utilization_ac20cd:2635:2651,0,rolling_32@0.95,2.486556346189884,4.534243994622543
ec2_cpu_utilization_ac20cd:2643:2659,0,rolling_32@0.95,2.486556346189884,4.534243994622543
ec2_cpu_utilization_ac20cd:2651:2667,0,rolling_32@0.95,2.5101261113529616,4.534243994622543
ec2_cpu_utilization_ac20cd:2659:2675,0,rolling_32@0.95,6.876822004544325,4.534243994622543
ec2_cpu_utilization_ac20cd:2667:2683,0,rolling_32@0.95,6.876822004544325,4.534243994622543
ec2_cpu_utilization_ac20cd:2675:2691,0,rolling_32@0.95,3.8464342562413956,4.534243994622543
ec2_cpu_utilization_ac20cd:2683:2699,0,rolling_32@0.95,2.697371185152421,4.534243994622543
ec2_cpu_utilization_ac20cd:2691:2707,0,rolling_32@0.95,3.0146729866508255,4.534243994622543
ec2_cpu_utilization_ac20cd:2699:2715,0,rolling_32@0.95,3.0146729866508255,4.534243994622543
ec2_cpu_utilization_ac20cd:2707:2723,0,rolling_32@0.95,2.7636180048937926,4.534243994622543
ec2_cpu_utilization_ac20cd:2715:2731,0,rolling_32@0.95,2.854280718356922,4.534243994622543
ec2_cpu_utilization_ac20cd:2723:2739,0,rolling_32@0.95,2.854280718356922,4.534243994622543
ec2_cpu_utilization_ac20cd:2731:2747,0,rolling_32@0.95,2.0065991799720075,4.534243994622543
ec2_cpu_utilization_ac20cd:2739:2755,0,rolling_32@0.95,1.6547517178537903,4.534243994622543
ec2_cpu_utilization_ac20cd:2747:2763,0,rolling_32@0.95,2.055523925930086,4.534243994622543
ec2_cpu_utilization_ac20cd:2755:2771,0,rolling_32@0.95,3.20909177103433,4.534243994622543
ec2_cpu_utilization_ac20cd:2763:2779,0,rolling_32@0.95,3.20909177103433,4.534243994622543
ec2_cpu_utilization_ac20cd:2771:2787,0,rolling_32@0.95,2.3239273121731854,4.534243994622543
ec2_cpu_utilization_ac20cd:2779:2795,0,rolling_32@0.95,2.3239273121731854,4.534243994622543
ec2_cpu_utilization_ac20cd:2787:2803,0,rolling_32@0.95,1.684864389542356,4.534243994622543
ec2_cpu_utilization_ac20cd:2795:2811,0,rolling_32@0.95,1.6555072035429947,4.534243994622543
ec2_cpu_utilization_ac20cd:2803:2819,0,rolling_32@0.95,1.6555072035429947,4.534243994622543
ec2_cpu_utilization_ac20cd:2811:2827,0,rolling_32@0.95,3.390256965985569,4.534243994622543
ec2_cpu_utilization_ac20cd:2819:2835,0,rolling_32@0.95,3.390256965985569,4.534243994622543
ec2_cpu_utilization_ac20cd:2827:2843,0,rolling_32@0.95,2.905651996258087,4.534243994622543
ec2_cpu_utilization_ac20cd:2835:2851,0,rolling_32@0.95,2.086312713361127,4.534243994622543
ec2_cpu_utilization_ac20cd:2843:2859,0,rolling_32@0.95,2.6615551463453926,4.534243994622543
ec2_cpu_utilization_ac20cd:2851:2867,0,rolling_32@0.95,2.6615551463453926,4.534243994622543
ec2_cpu_utilization_ac20cd:2859:2875,0,rolling_32@0.95,2.5303848737195533,4.534243994622543
ec2_cpu_utilization_ac20cd:2867:2883,0,rolling_32@0.95,2.5303848737195533,4.534243994622543
ec2_cpu_utilization_ac20cd:2875:2891,0,rolling_32@0.95,2.127618920585443,4.534243994622543
ec2_cpu_utilization_ac20cd:2883:2899,0,rolling_32@0.95,1.4897401546672524,4.534243994622543
ec2_cpu_utilization_ac20cd:2891:2907,0,rolling_32@0.95,1.4897401546672524,4.534243994622543
ec2_cpu_utilization_ac20cd:2899:2915,0,rolling_32@0.95,2.0597980876657616,4.534243994622543
ec2_cpu_utilization_ac20cd:2907:2923,0,rolling_32@0.95,2.1627970872494955,4.534243994622543
ec2_cpu_utilization_ac20cd:2915:2931,0,rolling_32@0.95,4.979478266387685,4.534243994622543
ec2_cpu_utilization_ac20cd:2923:2939,0,rolling_32@0.95,4.979478266387685,4.534243994622543
ec2_cpu_utilization_ac20cd:2931:2947,0,rolling_32@0.95,3.2635244347846006,4.534243994622543
ec2_cpu_utilization_ac20cd:2939:2955,0,rolling_32@0.95,2.543655305544698,4.534243994622543
ec2_cpu_utilization_ac20cd:2947:2963,0,rolling_32@0.95,2.271292143344702,4.534243994622543
ec2_cpu_utilization_ac20cd:2955:2971,0,rolling_32@0.95,2.271292143344702,4.534243994622543
ec2_cpu_utilization_ac20cd:2963:2979,0,rolling_32@0.95,3.0782556262907352,4.534243994622543
ec2_cpu_utilization_ac20cd:2971:2987,0,rolling_32@0.95,4.292812810130777,4.534243994622543
ec2_cpu_utilization_ac20cd:2979:2995,0,rolling_32@0.95,4.292812810130777,4.534243994622543
ec2_cpu_utilization_ac20cd:2987:3003,0,rolling_32@0.95,3.945321795660505,4.534243994622543
ec2_cpu_utilization_ac20cd:2995:3011,0,rolling_32@0.95,2.958686428805843,4.534243994622543
ec2_cpu_utilization_ac20cd:3003:3019,0,rolling_32@0.95,2.958686428805843,4.534243994622543
ec2_cpu_utilization_ac20cd:3011:3027,0,rolling_32@0.95,2.3793916442880447,4.534243994622543
ec2_cpu_utilization_ac20cd:3019:3035,0,rolling_32@0.95,5.6325665531254465,4.534243994622543
ec2_cpu_utilization_ac20cd:3027:3043,0,rolling_32@0.95,5.6325665531254465,4.534243994622543
ec2_cpu_utilization_ac20cd:3035:3051,0,rolling_32@0.95,3.554636356618703,4.534243994622543
ec2_cpu_utilization_ac20cd:3043:3059,0,rolling_32@0.95,1.9626731036924574,4.534243994622543
ec2_cpu_utilization_ac20cd:3051:3067,0,rolling_32@0.95,1.6720892832486356,4.534243994622543
ec2_cpu_utilization_ac20cd:3059:3075,0,rolling_32@0.95,1.691341293758598,4.534243994622543
ec2_cpu_utilization_ac20cd:3067:3083,0,rolling_32@0.95,2.177887818090794,4.534243994622543
ec2_cpu_utilization_ac20cd:3075:3091,0,rolling_32@0.95,2.4141419688870913,4.534243994622543
ec2_cpu_utilization_ac20cd:3083:3099,0,rolling_32@0.95,3.097883818813269,4.534243994622543
ec2_cpu_utilization_ac20cd:3091:3107,0,rolling_32@0.95,3.097883818813269,4.534243994622543
ec2_cpu_utilization_ac20cd:3099:3115,0,rolling_32@0.95,2.1761870840973154,4.534243994622543
ec2_cpu_utilization_ac20cd:3107:3123,0,rolling_32@0.95,2.4034035745069544,4.534243994622543
ec2_cpu_utilization_ac20cd:3115:3131,0,rolling_32@0.95,2.4034035745069544,4.534243994622543
ec2_cpu_utilization_ac20cd:3123:3139,0,rolling_32@0.95,3.664934448889556,4.534243994622543
ec2_cpu_utilization_ac20cd:3131:3147,0,rolling_32@0.95,3.664934448889556,4.534243994622543
ec2_cpu_utilization_ac20cd:3139:3155,0,rolling_32@0.95,3.0324530504990914,4.534243994622543
ec2_cpu_utilization_ac20cd:3147:3163,0,rolling_32@0.95,3.0324530504990914,4.534243994622543
ec2_cpu_utilization_ac20cd:3155:3171,0,rolling_32@0.95,2.955309817224912,4.534243994622543
ec2_cpu_utilization_ac20cd:3163:3179,0,rolling_32@0.95,2.955309817224912,4.534243994622543
ec2_cpu_utilization_ac20cd:3171:3187,0,rolling_32@0.95,2.218117644262228,4.534243994622543
ec2_cpu_utilization_ac20cd:3179:3195,0,rolling_32@0.95,4.7001354655949505,4.534243994622543
ec2_cpu_utilization_ac20cd:3187:3203,0,rolling_32@0.95,4.7001354655949505,4.534243994622543
ec2_cpu_utilization_ac20cd:3195:3211,0,rolling_32@0.95,3.504504460393662,4.534243994622543
ec2_cpu_utilization_ac20cd:3203:3219,0,rolling_32@0.95,3.504504460393662,4.534243994622543
ec2_cpu_utilization_ac20cd:2419:2435,0,rolling_32@0.975,4.984098388686077,4.57985637481469
ec2_cpu_utilization_ac20cd:2427:2443,0,rolling_32@0.975,5.571878068256534,4.57985637481469
ec2_cpu_utilization_ac20cd:2435:2451,0,rolling_32@0.975,5.571878068256534,4.57985637481469
ec2_cpu_utilization_ac20cd:2443:2459,0,rolling_32@0.975,2.154431140249726,4.57985637481469
ec2_cpu_utilization_ac20cd:2451:2467,0,rolling_32@0.975,2.5370205101455845,4.57985637481469
ec2_cpu_utilization_ac20cd:2459:2475,0,rolling_32@0.975,2.5370205101455845,4.57985637481469
ec2_cpu_utilization_ac20cd:2467:2483,0,rolling_32@0.975,2.011158282257458,4.57985637481469
ec2_cpu_utilization_ac20cd:2475:2491,0,rolling_32@0.975,1.9352926971949747,4.57985637481469
ec2_cpu_utilization_ac20cd:2483:2499,0,rolling_32@0.975,2.0610962087675895,4.57985637481469
ec2_cpu_utilization_ac20cd:2491:2507,0,rolling_32@0.975,2.0610962087675895,4.57985637481469
ec2_cpu_utilization_ac20cd:2499:2515,0,rolling_32@0.975,3.54145682803309,4.57985637481469
ec2_cpu_utilization_ac20cd:2507:2523,0,rolling_32@0.975,3.54145682803309,4.57985637481469
ec2_cpu_utilization_ac20cd:2515:2531,0,rolling_32@0.975,3.0687433602933747,4.57985637481469
ec2_cpu_utilization_ac20cd:2523:2539,0,rolling_32@0.975,3.0687433602933747,4.57985637481469
ec2_cpu_utilization_ac20cd:2531:2547,0,rolling_32@0.975,2.8365643963263687,4.57985637481469
ec2_cpu_utilization_ac20cd:2539:2555,0,rolling_32@0.975,2.2588577311338804,4.57985637481469
ec2_cpu_utilization_ac20cd:2547:2563,0,rolling_32@0.975,2.2588577311338804,4.57985637481469
ec2_cpu_utilization_ac20cd:2555:2571,0,rolling_32@0.975,1.5106154479459148,4.57985637481469
ec2_cpu_utilization_ac20cd:2563:2579,0,rolling_32@0.975,2.5313481343543893,4.57985637481469
ec2_cpu_utilization_ac20cd:2571:2587,0,rolling_32@0.975,2.8374766127678996,4.57985637481469
ec2_cpu_utilization_ac20cd:2579:2595,0,rolling_32@0.975,2.8374766127678996,4.57985637481469
ec2_cpu_utilization_ac20cd:2587:2603,0,rolling_32@0.975,3.7429248317912363,4.57985637481469
ec2_cpu_utilization_ac20cd:2595:2611,0,rolling_32@0.975,5.609768006754791,4.57985637481469
ec2_cpu_utilization_ac20cd:2603:2619,0,rolling_32@0.975,5.609768006754791,4.57985637481469
ec2_cpu_utilization_ac20cd:2611:2627,0,rolling_32@0.975,3.7070317495351093,4.57985637481469
ec2_cpu_utilization_ac20cd:2619:2635,0,rolling_32@0.975,3.7070317495351093,4.57985637481469
ec2_cpu_utilization_ac20cd:2627:2643,0,rolling_32@0.975,2.1100060610076254,4.57985637481469
ec2_cpu_utilization_ac20cd:2635:2651,0,rolling_32@0.975,2.486556346189884,4.57985637481469
ec2_cpu_utilization_ac20cd:2643:2659,0,rolling_32@0.975,2.486556346189884,4.57985637481469
ec2_cpu_utilization_ac20cd:2651:2667,0,rolling_32@0.975,2.5101261113529616,4.57985637481469
ec2_cpu_utilization_ac20cd:2659:2675,0,rolling_32@0.975,6.876822004544325,4.57985637481469
ec2_cpu_utilization_ac20cd:2667:2683,0,rolling_32@0.975,6.876822004544325,4.57985637481469
ec2_cpu_utilization_ac20cd:2675:2691,0,rolling_32@0.975,3.8464342562413956,4.57985637481469
ec2_cpu_utilization_ac20cd:2683:2699,0,rolling_32@0.975,2.697371185152421,4.57985637481469
ec2_cpu_utilization_ac20cd:2691:2707,0,rolling_32@0.975,3.0146729866508255,4.57985637481469
ec2_cpu_utilization_ac20cd:2699:2715,0,rolling_32@0.975,3.0146729866508255,4.57985637481469
ec2_cpu_utilization_ac20cd:2707:2723,0,rolling_32@0.975,2.7636180048937926,4.57985637481469
ec2_cpu_utilization_ac20cd:2715:2731,0,rolling_32@0.975,2.854280718356922,4.57985637481469
ec2_cpu_utilization_ac20cd:2723:2739,0,rolling_32@0.975,2.854280718356922,4.57985637481469
ec2_cpu_utilization_ac20cd:2731:2747,0,rolling_32@0.975,2.0065991799720075,4.57985637481469
ec2_cpu_utilization_ac20cd:2739:2755,0,rolling_32@0.975,1.6547517178537903,4.57985637481469
ec2_cpu_utilization_ac20cd:2747:2763,0,rolling_32@0.975,2.055523925930086,4.57985637481469
ec2_cpu_utilization_ac20cd:2755:2771,0,rolling_32@0.975,3.20909177103433,4.57985637481469
ec2_cpu_utilization_ac20cd:2763:2779,0,rolling_32@0.975,3.20909177103433,4.57985637481469
ec2_cpu_utilization_ac20cd:2771:2787,0,rolling_32@0.975,2.3239273121731854,4.57985637481469
ec2_cpu_utilization_ac20cd:2779:2795,0,rolling_32@0.975,2.3239273121731854,4.57985637481469
ec2_cpu_utilization_ac20cd:2787:2803,0,rolling_32@0.975,1.684864389542356,4.57985637481469
ec2_cpu_utilization_ac20cd:2795:2811,0,rolling_32@0.975,1.6555072035429947,4.57985637481469
ec2_cpu_utilization_ac20cd:2803:2819,0,rolling_32@0.975,1.6555072035429947,4.57985637481469
ec2_cpu_utilization_ac20cd:2811:2827,0,rolling_32@0.975,3.390256965985569,4.57985637481469
ec2_cpu_utilization_ac20cd:2819:2835,0,rolling_32@0.975,3.390256965985569,4.57985637481469
ec2_cpu_utilization_ac20cd:2827:2843,0,rolling_32@0.975,2.905651996258087,4.57985637481469
ec2_cpu_utilization_ac20cd:2835:2851,0,rolling_32@0.975,2.086312713361127,4.57985637481469
ec2_cpu_utilization_ac20cd:2843:2859,0,rolling_32@0.975,2.6615551463453926,4.57985637481469
ec2_cpu_utilization_ac20cd:2851:2867,0,rolling_32@0.975,2.6615551463453926,4.57985637481469
ec2_cpu_utilization_ac20cd:2859:2875,0,rolling_32@0.975,2.5303848737195533,4.57985637481469
ec2_cpu_utilization_ac20cd:2867:2883,0,rolling_32@0.975,2.5303848737195533,4.57985637481469
ec2_cpu_utilization_ac20cd:2875:2891,0,rolling_32@0.975,2.127618920585443,4.57985637481469
ec2_cpu_utilization_ac20cd:2883:2899,0,rolling_32@0.975,1.4897401546672524,4.57985637481469
ec2_cpu_utilization_ac20cd:2891:2907,0,rolling_32@0.975,1.4897401546672524,4.57985637481469
ec2_cpu_utilization_ac20cd:2899:2915,0,rolling_32@0.975,2.0597980876657616,4.57985637481469
ec2_cpu_utilization_ac20cd:2907:2923,0,rolling_32@0.975,2.1627970872494955,4.57985637481469
ec2_cpu_utilization_ac20cd:2915:2931,0,rolling_32@0.975,4.979478266387685,4.57985637481469
ec2_cpu_utilization_ac20cd:2923:2939,0,rolling_32@0.975,4.979478266387685,4.57985637481469
ec2_cpu_utilization_ac20cd:2931:2947,0,rolling_32@0.975,3.2635244347846006,4.57985637481469
ec2_cpu_utilization_ac20cd:2939:2955,0,rolling_32@0.975,2.543655305544698,4.57985637481469
ec2_cpu_utilization_ac20cd:2947:2963,0,rolling_32@0.975,2.271292143344702,4.57985637481469
ec2_cpu_utilization_ac20cd:2955:2971,0,rolling_32@0.975,2.271292143344702,4.57985637481469
ec2_cpu_utilization_ac20cd:2963:2979,0,rolling_32@0.975,3.0782556262907352,4.57985637481469
ec2_cpu_utilization_ac20cd:2971:2987,0,rolling_32@0.975,4.292812810130777,4.57985637481469
ec2_cpu_utilization_ac20cd:2979:2995,0,rolling_32@0.975,4.292812810130777,4.57985637481469
ec2_cpu_utilization_ac20cd:2987:3003,0,rolling_32@0.975,3.945321795660505,4.57985637481469
ec2_cpu_utilization_ac20cd:2995:3011,0,rolling_32@0.975,2.958686428805843,4.57985637481469
ec2_cpu_utilization_ac20cd:3003:3019,0,rolling_32@0.975,2.958686428805843,4.57985637481469
ec2_cpu_utilization_ac20cd:3011:3027,0,rolling_32@0.975,2.3793916442880447,4.57985637481469
ec2_cpu_utilization_ac20cd:3019:3035,0,rolling_32@0.975,5.6325665531254465,4.57985637481469
ec2_cpu_utilization_ac20cd:3027:3043,0,rolling_32@0.975,5.6325665531254465,4.57985637481469
ec2_cpu_utilization_ac20cd:3035:3051,0,rolling_32@0.975,3.554636356618703,4.57985637481469
ec2_cpu_utilization_ac20cd:3043:3059,0,rolling_32@0.975,1.9626731036924574,4.57985637481469
ec2_cpu_utilization_ac20cd:3051:3067,0,rolling_32@0.975,1.6720892832486356,4.57985637481469
ec2_cpu_utilization_ac20cd:3059:3075,0,rolling_32@0.975,1.691341293758598,4.57985637481469
ec2_cpu_utilization_ac20cd:3067:3083,0,rolling_32@0.975,2.177887818090794,4.57985637481469
ec2_cpu_utilization_ac20cd:3075:3091,0,rolling_32@0.975,2.4141419688870913,4.57985637481469
ec2_cpu_utilization_ac20cd:3083:3099,0,rolling_32@0.975,3.097883818813269,4.57985637481469
ec2_cpu_utilization_ac20cd:3091:3107,0,rolling_32@0.975,3.097883818813269,4.57985637481469
ec2_cpu_utilization_ac20cd:3099:3115,0,rolling_32@0.975,2.1761870840973154,4.57985637481469
ec2_cpu_utilization_ac20cd:3107:3123,0,rolling_32@0.975,2.4034035745069544,4.57985637481469
ec2_cpu_utilization_ac20cd:3115:3131,0,rolling_32@0.975,2.4034035745069544,4.57985637481469
ec2_cpu_utilization_ac20cd:3123:3139,0,rolling_32@0.975,3.664934448889556,4.57985637481469
ec2_cpu_utilization_ac20cd:3131:3147,0,rolling_32@0.975,3.664934448889556,4.57985637481469
ec2_cpu_utilization_ac20cd:3139:3155,0,rolling_32@0.975,3.0324530504990914,4.57985637481469
ec2_cpu_utilization_ac20cd:3147:3163,0,rolling_32@0.975,3.0324530504990914,4.57985637481469
ec2_cpu_utilization_ac20cd:3155:3171,0,rolling_32@0.975,2.955309817224912,4.57985637481469
ec2_cpu_utilization_ac20cd:3163:3179,0,rolling_32@0.975,2.955309817224912,4.57985637481469
ec2_cpu_utilization_ac20cd:3171:3187,0,rolling_32@0.975,2.218117644262228,4.57985637481469
ec2_cpu_utilization_ac20cd:3179:3195,0,rolling_32@0.975,4.7001354655949505,4.57985637481469
ec2_cpu_utilization_ac20cd:3187:3203,0,rolling_32@0.975,4.7001354655949505,4.57985637481469
ec2_cpu_utilization_ac20cd:3195:3211,0,rolling_32@0.975,3.504504460393662,4.57985637481469
ec2_cpu_utilization_ac20cd:3203:3219,0,rolling_32@0.975,3.504504460393662,4.57985637481469
ec2_cpu_utilization_ac20cd:2419:2435,0,rolling_32@0.99,4.984098388686077,6.3454180408636685
ec2_cpu_utilization_ac20cd:2427:2443,0,rolling_32@0.99,5.571878068256534,6.3454180408636685
ec2_cpu_utilization_ac20cd:2435:2451,0,rolling_32@0.99,5.571878068256534,6.3454180408636685
ec2_cpu_utilization_ac20cd:2443:2459,0,rolling_32@0.99,2.154431140249726,6.3454180408636685
ec2_cpu_utilization_ac20cd:2451:2467,0,rolling_32@0.99,2.5370205101455845,6.3454180408636685
ec2_cpu_utilization_ac20cd:2459:2475,0,rolling_32@0.99,2.5370205101455845,6.3454180408636685
ec2_cpu_utilization_ac20cd:2467:2483,0,rolling_32@0.99,2.011158282257458,6.3454180408636685
ec2_cpu_utilization_ac20cd:2475:2491,0,rolling_32@0.99,1.9352926971949747,6.3454180408636685
ec2_cpu_utilization_ac20cd:2483:2499,0,rolling_32@0.99,2.0610962087675895,6.3454180408636685
ec2_cpu_utilization_ac20cd:2491:2507,0,rolling_32@0.99,2.0610962087675895,6.3454180408636685
ec2_cpu_utilization_ac20cd:2499:2515,0,rolling_32@0.99,3.54145682803309,6.3454180408636685
ec2_cpu_utilization_ac20cd:2507:2523,0,rolling_32@0.99,3.54145682803309,6.3454180408636685
ec2_cpu_utilization_ac20cd:2515:2531,0,rolling_32@0.99,3.0687433602933747,6.3454180408636685
ec2_cpu_utilization_ac20cd:2523:2539,0,rolling_32@0.99,3.0687433602933747,6.3454180408636685
ec2_cpu_utilization_ac20cd:2531:2547,0,rolling_32@0.99,2.8365643963263687,6.3454180408636685
ec2_cpu_utilization_ac20cd:2539:2555,0,rolling_32@0.99,2.2588577311338804,6.3454180408636685
ec2_cpu_utilization_ac20cd:2547:2563,0,rolling_32@0.99,2.2588577311338804,6.3454180408636685
ec2_cpu_utilization_ac20cd:2555:2571,0,rolling_32@0.99,1.5106154479459148,6.3454180408636685
ec2_cpu_utilization_ac20cd:2563:2579,0,rolling_32@0.99,2.5313481343543893,6.3454180408636685
ec2_cpu_utilization_ac20cd:2571:2587,0,rolling_32@0.99,2.8374766127678996,6.3454180408636685
ec2_cpu_utilization_ac20cd:2579:2595,0,rolling_32@0.99,2.8374766127678996,6.3454180408636685
ec2_cpu_utilization_ac20cd:2587:2603,0,rolling_32@0.99,3.7429248317912363,6.3454180408636685
ec2_cpu_utilization_ac20cd:2595:2611,0,rolling_32@0.99,5.609768006754791,6.3454180408636685
ec2_cpu_utilization_ac20cd:2603:2619,0,rolling_32@0.99,5.609768006754791,6.3454180408636685
ec2_cpu_utilization_ac20cd:2611:2627,0,rolling_32@0.99,3.7070317495351093,6.3454180408636685
ec2_cpu_utilization_ac20cd:2619:2635,0,rolling_32@0.99,3.7070317495351093,6.3454180408636685
ec2_cpu_utilization_ac20cd:2627:2643,0,rolling_32@0.99,2.1100060610076254,6.3454180408636685
ec2_cpu_utilization_ac20cd:2635:2651,0,rolling_32@0.99,2.486556346189884,6.3454180408636685
ec2_cpu_utilization_ac20cd:2643:2659,0,rolling_32@0.99,2.486556346189884,6.3454180408636685
ec2_cpu_utilization_ac20cd:2651:2667,0,rolling_32@0.99,2.5101261113529616,6.3454180408636685
ec2_cpu_utilization_ac20cd:2659:2675,0,rolling_32@0.99,6.876822004544325,6.3454180408636685
ec2_cpu_utilization_ac20cd:2667:2683,0,rolling_32@0.99,6.876822004544325,6.3454180408636685
ec2_cpu_utilization_ac20cd:2675:2691,0,rolling_32@0.99,3.8464342562413956,6.3454180408636685
ec2_cpu_utilization_ac20cd:2683:2699,0,rolling_32@0.99,2.697371185152421,6.3454180408636685
ec2_cpu_utilization_ac20cd:2691:2707,0,rolling_32@0.99,3.0146729866508255,6.3454180408636685
ec2_cpu_utilization_ac20cd:2699:2715,0,rolling_32@0.99,3.0146729866508255,6.3454180408636685
ec2_cpu_utilization_ac20cd:2707:2723,0,rolling_32@0.99,2.7636180048937926,6.3454180408636685
ec2_cpu_utilization_ac20cd:2715:2731,0,rolling_32@0.99,2.854280718356922,6.3454180408636685
ec2_cpu_utilization_ac20cd:2723:2739,0,rolling_32@0.99,2.854280718356922,6.3454180408636685
ec2_cpu_utilization_ac20cd:2731:2747,0,rolling_32@0.99,2.0065991799720075,6.3454180408636685
ec2_cpu_utilization_ac20cd:2739:2755,0,rolling_32@0.99,1.6547517178537903,6.3454180408636685
ec2_cpu_utilization_ac20cd:2747:2763,0,rolling_32@0.99,2.055523925930086,6.3454180408636685
ec2_cpu_utilization_ac20cd:2755:2771,0,rolling_32@0.99,3.20909177103433,6.3454180408636685
ec2_cpu_utilization_ac20cd:2763:2779,0,rolling_32@0.99,3.20909177103433,6.3454180408636685
ec2_cpu_utilization_ac20cd:2771:2787,0,rolling_32@0.99,2.3239273121731854,6.3454180408636685
ec2_cpu_utilization_ac20cd:2779:2795,0,rolling_32@0.99,2.3239273121731854,6.3454180408636685
ec2_cpu_utilization_ac20cd:2787:2803,0,rolling_32@0.99,1.684864389542356,6.3454180408636685
ec2_cpu_utilization_ac20cd:2795:2811,0,rolling_32@0.99,1.6555072035429947,6.3454180408636685
ec2_cpu_utilization_ac20cd:2803:2819,0,rolling_32@0.99,1.6555072035429947,6.3454180408636685
ec2_cpu_utilization_ac20cd:2811:2827,0,rolling_32@0.99,3.390256965985569,6.3454180408636685
ec2_cpu_utilization_ac20cd:2819:2835,0,rolling_32@0.99,3.390256965985569,6.3454180408636685
ec2_cpu_utilization_ac20cd:2827:2843,0,rolling_32@0.99,2.905651996258087,6.3454180408636685
ec2_cpu_utilization_ac20cd:2835:2851,0,rolling_32@0.99,2.086312713361127,6.3454180408636685
ec2_cpu_utilization_ac20cd:2843:2859,0,rolling_32@0.99,2.6615551463453926,6.3454180408636685
ec2_cpu_utilization_ac20cd:2851:2867,0,rolling_32@0.99,2.6615551463453926,6.3454180408636685
ec2_cpu_utilization_ac20cd:2859:2875,0,rolling_32@0.99,2.5303848737195533,6.3454180408636685
ec2_cpu_utilization_ac20cd:2867:2883,0,rolling_32@0.99,2.5303848737195533,6.3454180408636685
ec2_cpu_utilization_ac20cd:2875:2891,0,rolling_32@0.99,2.127618920585443,6.3454180408636685
ec2_cpu_utilization_ac20cd:2883:2899,0,rolling_32@0.99,1.4897401546672524,6.3454180408636685
ec2_cpu_utilization_ac20cd:2891:2907,0,rolling_32@0.99,1.4897401546672524,6.3454180408636685
ec2_cpu_utilization_ac20cd:2899:2915,0,rolling_32@0.99,2.0597980876657616,6.3454180408636685
ec2_cpu_utilization_ac20cd:2907:2923,0,rolling_32@0.99,2.1627970872494955,6.3454180408636685
ec2_cpu_utilization_ac20cd:2915:2931,0,rolling_32@0.99,4.979478266387685,6.3454180408636685
ec2_cpu_utilization_ac20cd:2923:2939,0,rolling_32@0.99,4.979478266387685,6.3454180408636685
ec2_cpu_utilization_ac20cd:2931:2947,0,rolling_32@0.99,3.2635244347846006,6.3454180408636685
ec2_cpu_utilization_ac20cd:2939:2955,0,rolling_32@0.99,2.543655305544698,6.3454180408636685
ec2_cpu_utilization_ac20cd:2947:2963,0,rolling_32@0.99,2.271292143344702,6.3454180408636685
ec2_cpu_utilization_ac20cd:2955:2971,0,rolling_32@0.99,2.271292143344702,6.3454180408636685
ec2_cpu_utilization_ac20cd:2963:2979,0,rolling_32@0.99,3.0782556262907352,6.3454180408636685
ec2_cpu_utilization_ac20cd:2971:2987,0,rolling_32@0.99,4.292812810130777,6.3454180408636685
ec2_cpu_utilization_ac20cd:2979:2995,0,rolling_32@0.99,4.292812810130777,6.3454180408636685
ec2_cpu_utilization_ac20cd:2987:3003,0,rolling_32@0.99,3.945321795660505,6.3454180408636685
ec2_cpu_utilization_ac20cd:2995:3011,0,rolling_32@0.99,2.958686428805843,6.3454180408636685
ec2_cpu_utilization_ac20cd:3003:3019,0,rolling_32@0.99,2.958686428805843,6.3454180408636685
ec2_cpu_utilization_ac20cd:3011:3027,0,rolling_32@0.99,2.3793916442880447,6.3454180408636685
ec2_cpu_utilization_ac20cd:3019:3035,0,rolling_32@0.99,5.6325665531254465,6.3454180408636685
ec2_cpu_utilization_ac20cd:3027:3043,0,rolling_32@0.99,5.6325665531254465,6.3454180408636685
ec2_cpu_utilization_ac20cd:3035:3051,0,rolling_32@0.99,3.554636356618703,6.3454180408636685
ec2_cpu_utilization_ac20cd:3043:3059,0,rolling_32@0.99,1.9626731036924574,6.3454180408636685
ec2_cpu_utilization_ac20cd:3051:3067,0,rolling_32@0.99,1.6720892832486356,6.3454180408636685
ec2_cpu_utilization_ac20cd:3059:3075,0,rolling_32@0.99,1.691341293758598,6.3454180408636685
ec2_cpu_utilization_ac20cd:3067:3083,0,rolling_32@0.99,2.177887818090794,6.3454180408636685
ec2_cpu_utilization_ac20cd:3075:3091,0,rolling_32@0.99,2.4141419688870913,6.3454180408636685
ec2_cpu_utilization_ac20cd:3083:3099,0,rolling_32@0.99,3.097883818813269,6.3454180408636685
ec2_cpu_utilization_ac20cd:3091:3107,0,rolling_32@0.99,3.097883818813269,6.3454180408636685
ec2_cpu_utilization_ac20cd:3099:3115,0,rolling_32@0.99,2.1761870840973154,6.3454180408636685
ec2_cpu_utilization_ac20cd:3107:3123,0,rolling_32@0.99,2.4034035745069544,6.3454180408636685
ec2_cpu_utilization_ac20cd:3115:3131,0,rolling_32@0.99,2.4034035745069544,6.3454180408636685
ec2_cpu_utilization_ac20cd:3123:3139,0,rolling_32@0.99,3.664934448889556,6.3454180408636685
ec2_cpu_utilization_ac20cd:3131:3147,0,rolling_32@0.99,3.664934448889556,6.3454180408636685
ec2_cpu_utilization_ac20cd:3139:3155,0,rolling_32@0.99,3.0324530504990914,6.3454180408636685
ec2_cpu_utilization_ac20cd:3147:3163,0,rolling_32@0.99,3.0324530504990914,6.3454180408636685
ec2_cpu_utilization_ac20cd:3155:3171,0,rolling_32@0.99,2.955309817224912,6.3454180408636685
ec2_cpu_utilization_ac20cd:3163:3179,0,rolling_32@0.99,2.955309817224912,6.3454180408636685
ec2_cpu_utilization_ac20cd:3171:3187,0,rolling_32@0.99,2.218117644262228,6.3454180408636685
ec2_cpu_utilization_ac20cd:3179:3195,0,rolling_32@0.99,4.7001354655949505,6.3454180408636685
ec2_cpu_utilization_ac20cd:3187:3203,0,rolling_32@0.99,4.7001354655949505,6.3454180408636685
ec2_cpu_utilization_ac20cd:3195:3211,0,rolling_32@0.99,3.504504460393662,6.3454180408636685
ec2_cpu_utilization_ac20cd:3203:3219,0,rolling_32@0.99,3.504504460393662,6.3454180408636685
ec2_cpu_utilization_ac20cd:2419:2435,0,rolling_64@0.95,4.984098388686077,4.508900459321297
ec2_cpu_utilization_ac20cd:2427:2443,0,rolling_64@0.95,5.571878068256534,4.508900459321297
ec2_cpu_utilization_ac20cd:2435:2451,0,rolling_64@0.95,5.571878068256534,4.508900459321297
ec2_cpu_utilization_ac20cd:2443:2459,0,rolling_64@0.95,3.8140881119546766,4.508900459321297
ec2_cpu_utilization_ac20cd:2451:2467,0,rolling_64@0.95,4.032194549278072,4.508900459321297
ec2_cpu_utilization_ac20cd:2459:2475,0,rolling_64@0.95,4.032194549278072,4.508900459321297
ec2_cpu_utilization_ac20cd:2467:2483,0,rolling_64@0.95,2.4075505112189415,4.508900459321297
ec2_cpu_utilization_ac20cd:2475:2491,0,rolling_64@0.95,2.0470010670443792,4.508900459321297
ec2_cpu_utilization_ac20cd:2483:2499,0,rolling_64@0.95,1.8603316208865222,4.508900459321297
ec2_cpu_utilization_ac20cd:2491:2507,0,rolling_64@0.95,1.8603316208865222,4.508900459321297
ec2_cpu_utilization_ac20cd:2499:2515,0,rolling_64@0.95,2.7696760853087548,4.508900459321297
ec2_cpu_utilization_ac20cd:2507:2523,0,rolling_64@0.95,2.7696760853087548,4.508900459321297
ec2_cpu_utilization_ac20cd:2515:2531,0,rolling_64@0.95,2.6383407110434627,4.508900459321297
ec2_cpu_utilization_ac20cd:2523:2539,0,rolling_64@0.95,3.657324686035497,4.508900459321297
ec2_cpu_utilization_ac20cd:2531:2547,0,rolling_64@0.95,3.657324686035497,4.508900459321297
ec2_cpu_utilization_ac20cd:2539:2555,0,rolling_64@0.95,3.524470297863876,4.508900459321297
ec2_cpu_utilization_ac20cd:2547:2563,0,rolling_64@0.95,3.018542710528686,4.508900459321297
ec2_cpu_utilization_ac20cd:2555:2571,0,rolling_64@0.95,1.435424626793014,4.508900459321297
ec2_cpu_utilization_ac20cd:2563:2579,0,rolling_64@0.95,1.7483998306262905,4.508900459321297
ec2_cpu_utilization_ac20cd:2571:2587,0,rolling_64@0.95,1.955762372115587,4.508900459321297
ec2_cpu_utilization_ac20cd:2579:2595,0,rolling_64@0.95,1.955762372115587,4.508900459321297
ec2_cpu_utilization_ac20cd:2587:2603,0,rolling_64@0.95,3.1153513027862014,4.508900459321297
ec2_cpu_utilization_ac20cd:2595:2611,0,rolling_64@0.95,4.850898203631697,4.508900459321297
ec2_cpu_utilization_ac20cd:2603:2619,0,rolling_64@0.95,4.850898203631697,4.508900459321297
ec2_cpu_utilization_ac20cd:2611:2627,0,rolling_64@0.95,3.4712236566320027,4.508900459321297
ec2_cpu_utilization_ac20cd:2619:2635,0,rolling_64@0.95,3.4712236566320027,4.508900459321297
ec2_cpu_utilization_ac20cd:2627:2643,0,rolling_64@0.95,2.5922983093498266,4.508900459321297
ec2_cpu_utilization_ac20cd:2635:2651,0,rolling_64@0.95,2.6407190959020705,4.508900459321297
ec2_cpu_utilization_ac20cd:2643:2659,0,rolling_64@0.95,2.6407190959020705,4.508900459321297
ec2_cpu_utilization_ac20cd:2651:2667,0,rolling_64@0.95,2.5030773039220438,4.508900459321297
ec2_cpu_utilization_ac20cd:2659:2675,0,rolling_64@0.95,5.922837993393749,4.508900459321297
ec2_cpu_utilization_ac20cd:2667:2683,0,rolling_64@0.95,5.922837993393749,4.508900459321297
ec2_cpu_utilization_ac20cd:2675:2691,0,rolling_64@0.95,4.106329321119937,4.508900459321297
ec2_cpu_utilization_ac20cd:2683:2699,0,rolling_64@0.95,4.106329321119937,4.508900459321297
ec2_cpu_utilization_ac20cd:2691:2707,0,rolling_64@0.95,3.1764054708170795,4.508900459321297
ec2_cpu_utilization_ac20cd:2699:2715,0,rolling_64@0.95,3.1764054708170795,4.508900459321297
ec2_cpu_utilization_ac20cd:2707:2723,0,rolling_64@0.95,3.218548332620213,4.508900459321297
ec2_cpu_utilization_ac20cd:2715:2731,0,rolling_64@0.95,3.218548332620213,4.508900459321297
ec2_cpu_utilization_ac20cd:2723:2739,0,rolling_64@0.95,2.778247395087023,4.508900459321297
ec2_cpu_utilization_ac20cd:2731:2747,0,rolling_64@0.95,2.307169182913023,4.508900459321297
ec2_cpu_utilization_ac20cd:2739:2755,0,rolling_64@0.95,1.7160915337937745,4.508900459321297
ec2_cpu_utilization_ac20cd:2747:2763,0,rolling_64@0.95,1.7160915337937745,4.508900459321297
ec2_cpu_utilization_ac20cd:2755:2771,0,rolling_64@0.95,2.726460831002835,4.508900459321297
ec2_cpu_utilization_ac20cd:2763:2779,0,rolling_64@0.95,2.726460831002835,4.508900459321297
ec2_cpu_utilization_ac20cd:2771:2787,0,rolling_64@0.95,1.7293734897300495,4.508900459321297
ec2_cpu_utilization_ac20cd:2779:2795,0,rolling_64@0.95,1.6736573569814515,4.508900459321297
ec2_cpu_utilization_ac20cd:2787:2803,0,rolling_64@0.95,1.3075424117972458,4.508900459321297
ec2_cpu_utilization_ac20cd:2795:2811,0,rolling_64@0.95,1.6381424946487526,4.508900459321297
ec2_cpu_utilization_ac20cd:2803:2819,0,rolling_64@0.95,1.6798786349291257,4.508900459321297
ec2_cpu_utilization_ac20cd:2811:2827,0,rolling_64@0.95,2.8763149987138656,4.508900459321297
ec2_cpu_utilization_ac20cd:2819:2835,0,rolling_64@0.95,2.8763149987138656,4.508900459321297
ec2_cpu_utilization_ac20cd:2827:2843,0,rolling_64@0.95,2.7016669920668153,4.508900459321297
ec2_cpu_utilization_ac20cd:2835:2851,0,rolling_64@0.95,2.134329394970209,4.508900459321297
ec2_cpu_utilization_ac20cd:2843:2859,0,rolling_64@0.95,2.3225856821477677,4.508900459321297
ec2_cpu_utilization_ac20cd:2851:2867,0,rolling_64@0.95,2.3225856821477677,4.508900459321297
ec2_cpu_utilization_ac20cd:2859:2875,0,rolling_64@0.95,2.404458795685648,4.508900459321297
ec2_cpu_utilization_ac20cd:2867:2883,0,rolling_64@0.95,2.404458795685648,4.508900459321297
ec2_cpu_utilization_ac20cd:2875:2891,0,rolling_64@0.95,2.1228723421418123,4.508900459321297
ec2_cpu_utilization_ac20cd:2883:2899,0,rolling_64@0.95,1.590113768675305,4.508900459321297
ec2_cpu_utilization_ac20cd:2891:2907,0,rolling_64@0.95,1.433238520084333,4.508900459321297
ec2_cpu_utilization_ac20cd:2899:2915,0,rolling_64@0.95,1.8337585280775655,4.508900459321297
ec2_cpu_utilization_ac20cd:2907:2923,0,rolling_64@0.95,1.8337585280775655,4.508900459321297
ec2_cpu_utilization_ac20cd:2915:2931,0,rolling_64@0.95,3.3592161822078968,4.508900459321297
ec2_cpu_utilization_ac20cd:2923:2939,0,rolling_64@0.95,3.3592161822078968,4.508900459321297
ec2_cpu_utilization_ac20cd:2931:2947,0,rolling_64@0.95,3.0009647442536798,4.508900459321297
ec2_cpu_utilization_ac20cd:2939:2955,0,rolling_64@0.95,3.0009647442536798,4.508900459321297
ec2_cpu_utilization_ac20cd:2947:2963,0,rolling_64@0.95,3.7131070743493124,4.508900459321297
ec2_cpu_utilization_ac20cd:2955:2971,0,rolling_64@0.95,3.7131070743493124,4.508900459321297
ec2_cpu_utilization_ac20cd:2963:2979,0,rolling_64@0.95,2.110577528749771,4.508900459321297
ec2_cpu_utilization_ac20cd:2971:2987,0,rolling_64@0.95,2.9263893293713084,4.508900459321297
ec2_cpu_utilization_ac20cd:2979:2995,0,rolling_64@0.95,2.9263893293713084,4.508900459321297
ec2_cpu_utilization_ac20cd:2987:3003,0,rolling_64@0.95,2.6878115113264216,4.508900459321297
ec2_cpu_utilization_ac20cd:2995:3011,0,rolling_64@0.95,2.546753377679353,4.508900459321297
ec2_cpu_utilization_ac20cd:3003:3019,0,rolling_64@0.95,3.1770035920181634,4.508900459321297
ec2_cpu_utilization_ac20cd:3011:3027,0,rolling_64@0.95,3.1770035920181634,4.508900459321297
ec2_cpu_utilization_ac20cd:3019:3035,0,rolling_64@0.95,5.889934923718715,4.508900459321297
ec2_cpu_utilization_ac20cd:3027:3043,0,rolling_64@0.95,5.889934923718715,4.508900459321297
ec2_cpu_utilization_ac20cd:3035:3051,0,rolling_64@0.95,3.0001502504343076,4.508900459321297
ec2_cpu_utilization_ac20cd:3043:3059,0,rolling_64@0.95,1.8903070196625902,4.508900459321297
ec2_cpu_utilization_ac20cd:3051:3067,0,rolling_64@0.95,1.8903070196625902,4.508900459321297
ec2_cpu_utilization_ac20cd:3059:3075,0,rolling_64@0.95,2.137533103441523,4.508900459321297
ec2_cpu_utilization_ac20cd:3067:3083,0,rolling_64@0.95,2.5785488396317513,4.508900459321297
ec2_cpu_utilization_ac20cd:3075:3091,0,rolling_64@0.95,2.691115791461982,4.508900459321297
ec2_cpu_utilization_ac20cd:3083:3099,0,rolling_64@0.95,3.208622720773197,4.508900459321297
ec2_cpu_utilization_ac20cd:3091:3107,0,rolling_64@0.95,3.208622720773197,4.508900459321297
ec2_cpu_utilization_ac20cd:3099:3115,0,rolling_64@0.95,2.148444166113368,4.508900459321297
ec2_cpu_utilization_ac20cd:3107:3123,0,rolling_64@0.95,3.0501932595220906,4.508900459321297
ec2_cpu_utilization_ac20cd:3115:3131,0,rolling_64@0.95,3.0501932595220906,4.508900459321297
ec2_cpu_utilization_ac20cd:3123:3139,0,rolling_64@0.95,3.4406398677169645,4.508900459321297
ec2_cpu_utilization_ac20cd:3131:3147,0,rolling_64@0.95,3.4406398677169645,4.508900459321297
ec2_cpu_utilization_ac20cd:3139:3155,0,rolling_64@0.95,2.085088575143579,4.508900459321297
ec2_cpu_utilization_ac20cd:3147:3163,0,rolling_64@0.95,2.085088575143579,4.508900459321297
ec2_cpu_utilization_ac20cd:3155:3171,0,rolling_64@0.95,2.6749746514100425,4.508900459321297
ec2_cpu_utilization_ac20cd:3163:3179,0,rolling_64@0.95,2.6749746514100425,4.508900459321297
ec2_cpu_utilization_ac20cd:3171:3187,0,rolling_64@0.95,2.3884757381913375,4.508900459321297
ec2_cpu_utilization_ac20cd:3179:3195,0,rolling_64@0.95,3.489616565045521,4.508900459321297
ec2_cpu_utilization_ac20cd:3187:3203,0,rolling_64@0.95,3.489616565045521,4.508900459321297
ec2_cpu_utilization_ac20cd:3195:3211,0,rolling_64@0.95,2.709604353315757,4.508900459321297
ec2_cpu_utilization_ac20cd:3203:3219,0,rolling_64@0.95,2.709604353315757,4.508900459321297
ec2_cpu_utilization_ac20cd:2419:2435,0,rolling_64@0.975,4.984098388686077,4.529190807004526
ec2_cpu_utilization_ac20cd:2427:2443,0,rolling_64@0.975,5.571878068256534,4.529190807004526
ec2_cpu_utilization_ac20cd:2435:2451,0,rolling_64@0.975,5.571878068256534,4.529190807004526
ec2_cpu_utilization_ac20cd:2443:2459,0,rolling_64@0.975,3.8140881119546766,4.529190807004526
ec2_cpu_utilization_ac20cd:2451:2467,0,rolling_64@0.975,4.032194549278072,4.529190807004526
ec2_cpu_utilization_ac20cd:2459:2475,0,rolling_64@0.975,4.032194549278072,4.529190807004526
ec2_cpu_utilization_ac20cd:2467:2483,0,rolling_64@0.975,2.4075505112189415,4.529190807004526
ec2_cpu_utilization_ac20cd:2475:2491,0,rolling_64@0.975,2.0470010670443792,4.529190807004526
ec2_cpu_utilization_ac20cd:2483:2499,0,rolling_64@0.975,1.8603316208865222,4.529190807004526
ec2_cpu_utilization_ac20cd:2491:2507,0,rolling_64@0.975,1.8603316208865222,4.529190807004526
ec2_cpu_utilization_ac20cd:2499:2515,0,rolling_64@0.975,2.7696760853087548,4.529190807004526
ec2_cpu_utilization_ac20cd:2507:2523,0,rolling_64@0.975,2.7696760853087548,4.529190807004526
ec2_cpu_utilization_ac20cd:2515:2531,0,rolling_64@0.975,2.6383407110434627,4.529190807004526
ec2_cpu_utilization_ac20cd:2523:2539,0,rolling_64@0.975,3.657324686035497,4.529190807004526
ec2_cpu_utilization_ac20cd:2531:2547,0,rolling_64@0.975,3.657324686035497,4.529190807004526
ec2_cpu_utilization_ac20cd:2539:2555,0,rolling_64@0.975,3.524470297863876,4.529190807004526
ec2_cpu_utilization_ac20cd:2547:2563,0,rolling_64@0.975,3.018542710528686,4.529190807004526
ec2_cpu_utilization_ac20cd:2555:2571,0,rolling_64@0.975,1.435424626793014,4.529190807004526
ec2_cpu_utilization_ac20cd:2563:2579,0,rolling_64@0.975,1.7483998306262905,4.529190807004526
ec2_cpu_utilization_ac20cd:2571:2587,0,rolling_64@0.975,1.955762372115587,4.529190807004526
ec2_cpu_utilization_ac20cd:2579:2595,0,rolling_64@0.975,1.955762372115587,4.529190807004526
ec2_cpu_utilization_ac20cd:2587:2603,0,rolling_64@0.975,3.1153513027862014,4.529190807004526
ec2_cpu_utilization_ac20cd:2595:2611,0,rolling_64@0.975,4.850898203631697,4.529190807004526
ec2_cpu_utilization_ac20cd:2603:2619,0,rolling_64@0.975,4.850898203631697,4.529190807004526
ec2_cpu_utilization_ac20cd:2611:2627,0,rolling_64@0.975,3.4712236566320027,4.529190807004526
ec2_cpu_utilization_ac20cd:2619:2635,0,rolling_64@0.975,3.4712236566320027,4.529190807004526
ec2_cpu_utilization_ac20cd:2627:2643,0,rolling_64@0.975,2.5922983093498266,4.529190807004526
ec2_cpu_utilization_ac20cd:2635:2651,0,rolling_64@0.975,2.6407190959020705,4.529190807004526
ec2_cpu_utilization_ac20cd:2643:2659,0,rolling_64@0.975,2.6407190959020705,4.529190807004526
ec2_cpu_utilization_ac20cd:2651:2667,0,rolling_64@0.975,2.5030773039220438,4.529190807004526
ec2_cpu_utilization_ac20cd:2659:2675,0,rolling_64@0.975,5.922837993393749,4.529190807004526
ec2_cpu_utilization_ac20cd:2667:2683,0,rolling_64@0.975,5.922837993393749,4.529190807004526
ec2_cpu_utilization_ac20cd:2675:2691,0,rolling_64@0.975,4.106329321119937,4.529190807004526
ec2_cpu_utilization_ac20cd:2683:2699,0,rolling_64@0.975,4.106329321119937,4.529190807004526
ec2_cpu_utilization_ac20cd:2691:2707,0,rolling_64@0.975,3.1764054708170795,4.529190807004526
ec2_cpu_utilization_ac20cd:2699:2715,0,rolling_64@0.975,3.1764054708170795,4.529190807004526
ec2_cpu_utilization_ac20cd:2707:2723,0,rolling_64@0.975,3.218548332620213,4.529190807004526
ec2_cpu_utilization_ac20cd:2715:2731,0,rolling_64@0.975,3.218548332620213,4.529190807004526
ec2_cpu_utilization_ac20cd:2723:2739,0,rolling_64@0.975,2.778247395087023,4.529190807004526
ec2_cpu_utilization_ac20cd:2731:2747,0,rolling_64@0.975,2.307169182913023,4.529190807004526
ec2_cpu_utilization_ac20cd:2739:2755,0,rolling_64@0.975,1.7160915337937745,4.529190807004526
ec2_cpu_utilization_ac20cd:2747:2763,0,rolling_64@0.975,1.7160915337937745,4.529190807004526
ec2_cpu_utilization_ac20cd:2755:2771,0,rolling_64@0.975,2.726460831002835,4.529190807004526
ec2_cpu_utilization_ac20cd:2763:2779,0,rolling_64@0.975,2.726460831002835,4.529190807004526
ec2_cpu_utilization_ac20cd:2771:2787,0,rolling_64@0.975,1.7293734897300495,4.529190807004526
ec2_cpu_utilization_ac20cd:2779:2795,0,rolling_64@0.975,1.6736573569814515,4.529190807004526
ec2_cpu_utilization_ac20cd:2787:2803,0,rolling_64@0.975,1.3075424117972458,4.529190807004526
ec2_cpu_utilization_ac20cd:2795:2811,0,rolling_64@0.975,1.6381424946487526,4.529190807004526
ec2_cpu_utilization_ac20cd:2803:2819,0,rolling_64@0.975,1.6798786349291257,4.529190807004526
ec2_cpu_utilization_ac20cd:2811:2827,0,rolling_64@0.975,2.8763149987138656,4.529190807004526
ec2_cpu_utilization_ac20cd:2819:2835,0,rolling_64@0.975,2.8763149987138656,4.529190807004526
ec2_cpu_utilization_ac20cd:2827:2843,0,rolling_64@0.975,2.7016669920668153,4.529190807004526
ec2_cpu_utilization_ac20cd:2835:2851,0,rolling_64@0.975,2.134329394970209,4.529190807004526
ec2_cpu_utilization_ac20cd:2843:2859,0,rolling_64@0.975,2.3225856821477677,4.529190807004526
ec2_cpu_utilization_ac20cd:2851:2867,0,rolling_64@0.975,2.3225856821477677,4.529190807004526
ec2_cpu_utilization_ac20cd:2859:2875,0,rolling_64@0.975,2.404458795685648,4.529190807004526
ec2_cpu_utilization_ac20cd:2867:2883,0,rolling_64@0.975,2.404458795685648,4.529190807004526
ec2_cpu_utilization_ac20cd:2875:2891,0,rolling_64@0.975,2.1228723421418123,4.529190807004526
ec2_cpu_utilization_ac20cd:2883:2899,0,rolling_64@0.975,1.590113768675305,4.529190807004526
ec2_cpu_utilization_ac20cd:2891:2907,0,rolling_64@0.975,1.433238520084333,4.529190807004526
ec2_cpu_utilization_ac20cd:2899:2915,0,rolling_64@0.975,1.8337585280775655,4.529190807004526
ec2_cpu_utilization_ac20cd:2907:2923,0,rolling_64@0.975,1.8337585280775655,4.529190807004526
ec2_cpu_utilization_ac20cd:2915:2931,0,rolling_64@0.975,3.3592161822078968,4.529190807004526
ec2_cpu_utilization_ac20cd:2923:2939,0,rolling_64@0.975,3.3592161822078968,4.529190807004526
ec2_cpu_utilization_ac20cd:2931:2947,0,rolling_64@0.975,3.0009647442536798,4.529190807004526
ec2_cpu_utilization_ac20cd:2939:2955,0,rolling_64@0.975,3.0009647442536798,4.529190807004526
ec2_cpu_utilization_ac20cd:2947:2963,0,rolling_64@0.975,3.7131070743493124,4.529190807004526
ec2_cpu_utilization_ac20cd:2955:2971,0,rolling_64@0.975,3.7131070743493124,4.529190807004526
ec2_cpu_utilization_ac20cd:2963:2979,0,rolling_64@0.975,2.110577528749771,4.529190807004526
ec2_cpu_utilization_ac20cd:2971:2987,0,rolling_64@0.975,2.9263893293713084,4.529190807004526
ec2_cpu_utilization_ac20cd:2979:2995,0,rolling_64@0.975,2.9263893293713084,4.529190807004526
ec2_cpu_utilization_ac20cd:2987:3003,0,rolling_64@0.975,2.6878115113264216,4.529190807004526
ec2_cpu_utilization_ac20cd:2995:3011,0,rolling_64@0.975,2.546753377679353,4.529190807004526
ec2_cpu_utilization_ac20cd:3003:3019,0,rolling_64@0.975,3.1770035920181634,4.529190807004526
ec2_cpu_utilization_ac20cd:3011:3027,0,rolling_64@0.975,3.1770035920181634,4.529190807004526
ec2_cpu_utilization_ac20cd:3019:3035,0,rolling_64@0.975,5.889934923718715,4.529190807004526
ec2_cpu_utilization_ac20cd:3027:3043,0,rolling_64@0.975,5.889934923718715,4.529190807004526
ec2_cpu_utilization_ac20cd:3035:3051,0,rolling_64@0.975,3.0001502504343076,4.529190807004526
ec2_cpu_utilization_ac20cd:3043:3059,0,rolling_64@0.975,1.8903070196625902,4.529190807004526
ec2_cpu_utilization_ac20cd:3051:3067,0,rolling_64@0.975,1.8903070196625902,4.529190807004526
ec2_cpu_utilization_ac20cd:3059:3075,0,rolling_64@0.975,2.137533103441523,4.529190807004526
ec2_cpu_utilization_ac20cd:3067:3083,0,rolling_64@0.975,2.5785488396317513,4.529190807004526
ec2_cpu_utilization_ac20cd:3075:3091,0,rolling_64@0.975,2.691115791461982,4.529190807004526
ec2_cpu_utilization_ac20cd:3083:3099,0,rolling_64@0.975,3.208622720773197,4.529190807004526
ec2_cpu_utilization_ac20cd:3091:3107,0,rolling_64@0.975,3.208622720773197,4.529190807004526
ec2_cpu_utilization_ac20cd:3099:3115,0,rolling_64@0.975,2.148444166113368,4.529190807004526
ec2_cpu_utilization_ac20cd:3107:3123,0,rolling_64@0.975,3.0501932595220906,4.529190807004526
ec2_cpu_utilization_ac20cd:3115:3131,0,rolling_64@0.975,3.0501932595220906,4.529190807004526
ec2_cpu_utilization_ac20cd:3123:3139,0,rolling_64@0.975,3.4406398677169645,4.529190807004526
ec2_cpu_utilization_ac20cd:3131:3147,0,rolling_64@0.975,3.4406398677169645,4.529190807004526
ec2_cpu_utilization_ac20cd:3139:3155,0,rolling_64@0.975,2.085088575143579,4.529190807004526
ec2_cpu_utilization_ac20cd:3147:3163,0,rolling_64@0.975,2.085088575143579,4.529190807004526
ec2_cpu_utilization_ac20cd:3155:3171,0,rolling_64@0.975,2.6749746514100425,4.529190807004526
ec2_cpu_utilization_ac20cd:3163:3179,0,rolling_64@0.975,2.6749746514100425,4.529190807004526
ec2_cpu_utilization_ac20cd:3171:3187,0,rolling_64@0.975,2.3884757381913375,4.529190807004526
ec2_cpu_utilization_ac20cd:3179:3195,0,rolling_64@0.975,3.489616565045521,4.529190807004526
ec2_cpu_utilization_ac20cd:3187:3203,0,rolling_64@0.975,3.489616565045521,4.529190807004526
ec2_cpu_utilization_ac20cd:3195:3211,0,rolling_64@0.975,2.709604353315757,4.529190807004526
ec2_cpu_utilization_ac20cd:3203:3219,0,rolling_64@0.975,2.709604353315757,4.529190807004526
ec2_cpu_utilization_ac20cd:2419:2435,0,rolling_64@0.99,4.984098388686077,6.283498530762329
ec2_cpu_utilization_ac20cd:2427:2443,0,rolling_64@0.99,5.571878068256534,6.283498530762329
ec2_cpu_utilization_ac20cd:2435:2451,0,rolling_64@0.99,5.571878068256534,6.283498530762329
ec2_cpu_utilization_ac20cd:2443:2459,0,rolling_64@0.99,3.8140881119546766,6.283498530762329
ec2_cpu_utilization_ac20cd:2451:2467,0,rolling_64@0.99,4.032194549278072,6.283498530762329
ec2_cpu_utilization_ac20cd:2459:2475,0,rolling_64@0.99,4.032194549278072,6.283498530762329
ec2_cpu_utilization_ac20cd:2467:2483,0,rolling_64@0.99,2.4075505112189415,6.283498530762329
ec2_cpu_utilization_ac20cd:2475:2491,0,rolling_64@0.99,2.0470010670443792,6.283498530762329
ec2_cpu_utilization_ac20cd:2483:2499,0,rolling_64@0.99,1.8603316208865222,6.283498530762329
ec2_cpu_utilization_ac20cd:2491:2507,0,rolling_64@0.99,1.8603316208865222,6.283498530762329
ec2_cpu_utilization_ac20cd:2499:2515,0,rolling_64@0.99,2.7696760853087548,6.283498530762329
ec2_cpu_utilization_ac20cd:2507:2523,0,rolling_64@0.99,2.7696760853087548,6.283498530762329
ec2_cpu_utilization_ac20cd:2515:2531,0,rolling_64@0.99,2.6383407110434627,6.283498530762329
ec2_cpu_utilization_ac20cd:2523:2539,0,rolling_64@0.99,3.657324686035497,6.283498530762329
ec2_cpu_utilization_ac20cd:2531:2547,0,rolling_64@0.99,3.657324686035497,6.283498530762329
ec2_cpu_utilization_ac20cd:2539:2555,0,rolling_64@0.99,3.524470297863876,6.283498530762329
ec2_cpu_utilization_ac20cd:2547:2563,0,rolling_64@0.99,3.018542710528686,6.283498530762329
ec2_cpu_utilization_ac20cd:2555:2571,0,rolling_64@0.99,1.435424626793014,6.283498530762329
ec2_cpu_utilization_ac20cd:2563:2579,0,rolling_64@0.99,1.7483998306262905,6.283498530762329
ec2_cpu_utilization_ac20cd:2571:2587,0,rolling_64@0.99,1.955762372115587,6.283498530762329
ec2_cpu_utilization_ac20cd:2579:2595,0,rolling_64@0.99,1.955762372115587,6.283498530762329
ec2_cpu_utilization_ac20cd:2587:2603,0,rolling_64@0.99,3.1153513027862014,6.283498530762329
ec2_cpu_utilization_ac20cd:2595:2611,0,rolling_64@0.99,4.850898203631697,6.283498530762329
ec2_cpu_utilization_ac20cd:2603:2619,0,rolling_64@0.99,4.850898203631697,6.283498530762329
ec2_cpu_utilization_ac20cd:2611:2627,0,rolling_64@0.99,3.4712236566320027,6.283498530762329
ec2_cpu_utilization_ac20cd:2619:2635,0,rolling_64@0.99,3.4712236566320027,6.283498530762329
ec2_cpu_utilization_ac20cd:2627:2643,0,rolling_64@0.99,2.5922983093498266,6.283498530762329
ec2_cpu_utilization_ac20cd:2635:2651,0,rolling_64@0.99,2.6407190959020705,6.283498530762329
ec2_cpu_utilization_ac20cd:2643:2659,0,rolling_64@0.99,2.6407190959020705,6.283498530762329
ec2_cpu_utilization_ac20cd:2651:2667,0,rolling_64@0.99,2.5030773039220438,6.283498530762329
ec2_cpu_utilization_ac20cd:2659:2675,0,rolling_64@0.99,5.922837993393749,6.283498530762329
ec2_cpu_utilization_ac20cd:2667:2683,0,rolling_64@0.99,5.922837993393749,6.283498530762329
ec2_cpu_utilization_ac20cd:2675:2691,0,rolling_64@0.99,4.106329321119937,6.283498530762329
ec2_cpu_utilization_ac20cd:2683:2699,0,rolling_64@0.99,4.106329321119937,6.283498530762329
ec2_cpu_utilization_ac20cd:2691:2707,0,rolling_64@0.99,3.1764054708170795,6.283498530762329
ec2_cpu_utilization_ac20cd:2699:2715,0,rolling_64@0.99,3.1764054708170795,6.283498530762329
ec2_cpu_utilization_ac20cd:2707:2723,0,rolling_64@0.99,3.218548332620213,6.283498530762329
ec2_cpu_utilization_ac20cd:2715:2731,0,rolling_64@0.99,3.218548332620213,6.283498530762329
ec2_cpu_utilization_ac20cd:2723:2739,0,rolling_64@0.99,2.778247395087023,6.283498530762329
ec2_cpu_utilization_ac20cd:2731:2747,0,rolling_64@0.99,2.307169182913023,6.283498530762329
ec2_cpu_utilization_ac20cd:2739:2755,0,rolling_64@0.99,1.7160915337937745,6.283498530762329
ec2_cpu_utilization_ac20cd:2747:2763,0,rolling_64@0.99,1.7160915337937745,6.283498530762329
ec2_cpu_utilization_ac20cd:2755:2771,0,rolling_64@0.99,2.726460831002835,6.283498530762329
ec2_cpu_utilization_ac20cd:2763:2779,0,rolling_64@0.99,2.726460831002835,6.283498530762329
ec2_cpu_utilization_ac20cd:2771:2787,0,rolling_64@0.99,1.7293734897300495,6.283498530762329
ec2_cpu_utilization_ac20cd:2779:2795,0,rolling_64@0.99,1.6736573569814515,6.283498530762329
ec2_cpu_utilization_ac20cd:2787:2803,0,rolling_64@0.99,1.3075424117972458,6.283498530762329
ec2_cpu_utilization_ac20cd:2795:2811,0,rolling_64@0.99,1.6381424946487526,6.283498530762329
ec2_cpu_utilization_ac20cd:2803:2819,0,rolling_64@0.99,1.6798786349291257,6.283498530762329
ec2_cpu_utilization_ac20cd:2811:2827,0,rolling_64@0.99,2.8763149987138656,6.283498530762329
ec2_cpu_utilization_ac20cd:2819:2835,0,rolling_64@0.99,2.8763149987138656,6.283498530762329
ec2_cpu_utilization_ac20cd:2827:2843,0,rolling_64@0.99,2.7016669920668153,6.283498530762329
ec2_cpu_utilization_ac20cd:2835:2851,0,rolling_64@0.99,2.134329394970209,6.283498530762329
ec2_cpu_utilization_ac20cd:2843:2859,0,rolling_64@0.99,2.3225856821477677,6.283498530762329
ec2_cpu_utilization_ac20cd:2851:2867,0,rolling_64@0.99,2.3225856821477677,6.283498530762329
ec2_cpu_utilization_ac20cd:2859:2875,0,rolling_64@0.99,2.404458795685648,6.283498530762329
ec2_cpu_utilization_ac20cd:2867:2883,0,rolling_64@0.99,2.404458795685648,6.283498530762329
ec2_cpu_utilization_ac20cd:2875:2891,0,rolling_64@0.99,2.1228723421418123,6.283498530762329
ec2_cpu_utilization_ac20cd:2883:2899,0,rolling_64@0.99,1.590113768675305,6.283498530762329
ec2_cpu_utilization_ac20cd:2891:2907,0,rolling_64@0.99,1.433238520084333,6.283498530762329
ec2_cpu_utilization_ac20cd:2899:2915,0,rolling_64@0.99,1.8337585280775655,6.283498530762329
ec2_cpu_utilization_ac20cd:2907:2923,0,rolling_64@0.99,1.8337585280775655,6.283498530762329
ec2_cpu_utilization_ac20cd:2915:2931,0,rolling_64@0.99,3.3592161822078968,6.283498530762329
ec2_cpu_utilization_ac20cd:2923:2939,0,rolling_64@0.99,3.3592161822078968,6.283498530762329
ec2_cpu_utilization_ac20cd:2931:2947,0,rolling_64@0.99,3.0009647442536798,6.283498530762329
ec2_cpu_utilization_ac20cd:2939:2955,0,rolling_64@0.99,3.0009647442536798,6.283498530762329
ec2_cpu_utilization_ac20cd:2947:2963,0,rolling_64@0.99,3.7131070743493124,6.283498530762329
ec2_cpu_utilization_ac20cd:2955:2971,0,rolling_64@0.99,3.7131070743493124,6.283498530762329
ec2_cpu_utilization_ac20cd:2963:2979,0,rolling_64@0.99,2.110577528749771,6.283498530762329
ec2_cpu_utilization_ac20cd:2971:2987,0,rolling_64@0.99,2.9263893293713084,6.283498530762329
ec2_cpu_utilization_ac20cd:2979:2995,0,rolling_64@0.99,2.9263893293713084,6.283498530762329
ec2_cpu_utilization_ac20cd:2987:3003,0,rolling_64@0.99,2.6878115113264216,6.283498530762329
ec2_cpu_utilization_ac20cd:2995:3011,0,rolling_64@0.99,2.546753377679353,6.283498530762329
ec2_cpu_utilization_ac20cd:3003:3019,0,rolling_64@0.99,3.1770035920181634,6.283498530762329
ec2_cpu_utilization_ac20cd:3011:3027,0,rolling_64@0.99,3.1770035920181634,6.283498530762329
ec2_cpu_utilization_ac20cd:3019:3035,0,rolling_64@0.99,5.889934923718715,6.283498530762329
ec2_cpu_utilization_ac20cd:3027:3043,0,rolling_64@0.99,5.889934923718715,6.283498530762329
ec2_cpu_utilization_ac20cd:3035:3051,0,rolling_64@0.99,3.0001502504343076,6.283498530762329
ec2_cpu_utilization_ac20cd:3043:3059,0,rolling_64@0.99,1.8903070196625902,6.283498530762329
ec2_cpu_utilization_ac20cd:3051:3067,0,rolling_64@0.99,1.8903070196625902,6.283498530762329
ec2_cpu_utilization_ac20cd:3059:3075,0,rolling_64@0.99,2.137533103441523,6.283498530762329
ec2_cpu_utilization_ac20cd:3067:3083,0,rolling_64@0.99,2.5785488396317513,6.283498530762329
ec2_cpu_utilization_ac20cd:3075:3091,0,rolling_64@0.99,2.691115791461982,6.283498530762329
ec2_cpu_utilization_ac20cd:3083:3099,0,rolling_64@0.99,3.208622720773197,6.283498530762329
ec2_cpu_utilization_ac20cd:3091:3107,0,rolling_64@0.99,3.208622720773197,6.283498530762329
ec2_cpu_utilization_ac20cd:3099:3115,0,rolling_64@0.99,2.148444166113368,6.283498530762329
ec2_cpu_utilization_ac20cd:3107:3123,0,rolling_64@0.99,3.0501932595220906,6.283498530762329
ec2_cpu_utilization_ac20cd:3115:3131,0,rolling_64@0.99,3.0501932595220906,6.283498530762329
ec2_cpu_utilization_ac20cd:3123:3139,0,rolling_64@0.99,3.4406398677169645,6.283498530762329
ec2_cpu_utilization_ac20cd:3131:3147,0,rolling_64@0.99,3.4406398677169645,6.283498530762329
ec2_cpu_utilization_ac20cd:3139:3155,0,rolling_64@0.99,2.085088575143579,6.283498530762329
ec2_cpu_utilization_ac20cd:3147:3163,0,rolling_64@0.99,2.085088575143579,6.283498530762329
ec2_cpu_utilization_ac20cd:3155:3171,0,rolling_64@0.99,2.6749746514100425,6.283498530762329
ec2_cpu_utilization_ac20cd:3163:3179,0,rolling_64@0.99,2.6749746514100425,6.283498530762329
ec2_cpu_utilization_ac20cd:3171:3187,0,rolling_64@0.99,2.3884757381913375,6.283498530762329
ec2_cpu_utilization_ac20cd:3179:3195,0,rolling_64@0.99,3.489616565045521,6.283498530762329
ec2_cpu_utilization_ac20cd:3187:3203,0,rolling_64@0.99,3.489616565045521,6.283498530762329
ec2_cpu_utilization_ac20cd:3195:3211,0,rolling_64@0.99,2.709604353315757,6.283498530762329
ec2_cpu_utilization_ac20cd:3203:3219,0,rolling_64@0.99,2.709604353315757,6.283498530762329
ec2_cpu_utilization_ac20cd:2419:2435,0,rolling_128@0.95,4.984098388686077,4.422199150010312
ec2_cpu_utilization_ac20cd:2427:2443,0,rolling_128@0.95,5.571878068256534,4.422199150010312
ec2_cpu_utilization_ac20cd:2435:2451,0,rolling_128@0.95,5.571878068256534,4.422199150010312
ec2_cpu_utilization_ac20cd:2443:2459,0,rolling_128@0.95,3.8140881119546766,4.422199150010312
ec2_cpu_utilization_ac20cd:2451:2467,0,rolling_128@0.95,4.032194549278072,4.422199150010312
ec2_cpu_utilization_ac20cd:2459:2475,0,rolling_128@0.95,4.032194549278072,4.422199150010312
ec2_cpu_utilization_ac20cd:2467:2483,0,rolling_128@0.95,3.302095360311369,4.422199150010312
ec2_cpu_utilization_ac20cd:2475:2491,0,rolling_128@0.95,3.054413794440694,4.422199150010312
ec2_cpu_utilization_ac20cd:2483:2499,0,rolling_128@0.95,2.6477760483411803,4.422199150010312
ec2_cpu_utilization_ac20cd:2491:2507,0,rolling_128@0.95,2.6477760483411803,4.422199150010312
ec2_cpu_utilization_ac20cd:2499:2515,0,rolling_128@0.95,3.5867431927671554,4.422199150010312
ec2_cpu_utilization_ac20cd:2507:2523,0,rolling_128@0.95,3.5867431927671554,4.422199150010312
ec2_cpu_utilization_ac20cd:2515:2531,0,rolling_128@0.95,3.3232072976789673,4.422199150010312
ec2_cpu_utilization_ac20cd:2523:2539,0,rolling_128@0.95,3.7031734204843767,4.422199150010312
ec2_cpu_utilization_ac20cd:2531:2547,0,rolling_128@0.95,3.7031734204843767,4.422199150010312
ec2_cpu_utilization_ac20cd:2539:2555,0,rolling_128@0.95,3.5897635389419356,4.422199150010312
ec2_cpu_utilization_ac20cd:2547:2563,0,rolling_128@0.95,2.852672910285913,4.422199150010312
ec2_cpu_utilization_ac20cd:2555:2571,0,rolling_128@0.95,1.4131882167082594,4.422199150010312
ec2_cpu_utilization_ac20cd:2563:2579,0,rolling_128@0.95,1.8476243761457716,4.422199150010312
ec2_cpu_utilization_ac20cd:2571:2587,0,rolling_128@0.95,1.8843955863569597,4.422199150010312
ec2_cpu_utilization_ac20cd:2579:2595,0,rolling_128@0.95,1.9250546046578403,4.422199150010312
ec2_cpu_utilization_ac20cd:2587:2603,0,rolling_128@0.95,2.747898685312777,4.422199150010312
ec2_cpu_utilization_ac20cd:2595:2611,0,rolling_128@0.95,4.322450695595667,4.422199150010312
ec2_cpu_utilization_ac20cd:2603:2619,0,rolling_128@0.95,4.322450695595667,4.422199150010312
ec2_cpu_utilization_ac20cd:2611:2627,0,rolling_128@0.95,2.8920834402796496,4.422199150010312
ec2_cpu_utilization_ac20cd:2619:2635,0,rolling_128@0.95,2.8920834402796496,4.422199150010312
ec2_cpu_utilization_ac20cd:2627:2643,0,rolling_128@0.95,2.131236520252923,4.422199150010312
ec2_cpu_utilization_ac20cd:2635:2651,0,rolling_128@0.95,2.522123243849411,4.422199150010312
ec2_cpu_utilization_ac20cd:2643:2659,0,rolling_128@0.95,2.522123243849411,4.422199150010312
ec2_cpu_utilization_ac20cd:2651:2667,0,rolling_128@0.95,2.2731859952825126,4.422199150010312
ec2_cpu_utilization_ac20cd:2659:2675,0,rolling_128@0.95,5.153766059762139,4.422199150010312
ec2_cpu_utilization_ac20cd:2667:2683,0,rolling_128@0.95,5.153766059762139,4.422199150010312
ec2_cpu_utilization_ac20cd:2675:2691,0,rolling_128@0.95,3.4190217701287966,4.422199150010312
ec2_cpu_utilization_ac20cd:2683:2699,0,rolling_128@0.95,3.4190217701287966,4.422199150010312
ec2_cpu_utilization_ac20cd:2691:2707,0,rolling_128@0.95,2.677276353120512,4.422199150010312
ec2_cpu_utilization_ac20cd:2699:2715,0,rolling_128@0.95,2.677276353120512,4.422199150010312
ec2_cpu_utilization_ac20cd:2707:2723,0,rolling_128@0.95,2.9333506443905226,4.422199150010312
ec2_cpu_utilization_ac20cd:2715:2731,0,rolling_128@0.95,3.287960814659849,4.422199150010312
ec2_cpu_utilization_ac20cd:2723:2739,0,rolling_128@0.95,3.287960814659849,4.422199150010312
ec2_cpu_utilization_ac20cd:2731:2747,0,rolling_128@0.95,2.9232505054341744,4.422199150010312
ec2_cpu_utilization_ac20cd:2739:2755,0,rolling_128@0.95,1.9278387351479844,4.422199150010312
ec2_cpu_utilization_ac20cd:2747:2763,0,rolling_128@0.95,1.9278387351479844,4.422199150010312
ec2_cpu_utilization_ac20cd:2755:2771,0,rolling_128@0.95,2.7823494094663537,4.422199150010312
ec2_cpu_utilization_ac20cd:2763:2779,0,rolling_128@0.95,2.7823494094663537,4.422199150010312
ec2_cpu_utilization_ac20cd:2771:2787,0,rolling_128@0.95,2.055949762858955,4.422199150010312
ec2_cpu_utilization_ac20cd:2779:2795,0,rolling_128@0.95,1.918578070403338,4.422199150010312
ec2_cpu_utilization_ac20cd:2787:2803,0,rolling_128@0.95,1.481720427664028,4.422199150010312
ec2_cpu_utilization_ac20cd:2795:2811,0,rolling_128@0.95,1.681527167168369,4.422199150010312
ec2_cpu_utilization_ac20cd:2803:2819,0,rolling_128@0.95,1.794551946419407,4.422199150010312
ec2_cpu_utilization_ac20cd:2811:2827,0,rolling_128@0.95,2.490685921078553,4.422199150010312
ec2_cpu_utilization_ac20cd:2819:2835,0,rolling_128@0.95,2.628133162582343,4.422199150010312
ec2_cpu_utilization_ac20cd:2827:2843,0,rolling_128@0.95,2.628133162582343,4.422199150010312
ec2_cpu_utilization_ac20cd:2835:2851,0,rolling_128@0.95,2.317083398594484,4.422199150010312
ec2_cpu_utilization_ac20cd:2843:2859,0,rolling_128@0.95,2.7591188478384567,4.422199150010312
ec2_cpu_utilization_ac20cd:2851:2867,0,rolling_128@0.95,2.7591188478384567,4.422199150010312
ec2_cpu_utilization_ac20cd:2859:2875,0,rolling_128@0.95,2.160585150845161,4.422199150010312
ec2_cpu_utilization_ac20cd:2867:2883,0,rolling_128@0.95,2.4418769637066022,4.422199150010312
ec2_cpu_utilization_ac20cd:2875:2891,0,rolling_128@0.95,2.4418769637066022,4.422199150010312
ec2_cpu_utilization_ac20cd:2883:2899,0,rolling_128@0.95,1.803984863226624,4.422199150010312
ec2_cpu_utilization_ac20cd:2891:2907,0,rolling_128@0.95,1.494162343041654,4.422199150010312
ec2_cpu_utilization_ac20cd:2899:2915,0,rolling_128@0.95,1.804562929071074,4.422199150010312
ec2_cpu_utilization_ac20cd:2907:2923,0,rolling_128@0.95,1.804562929071074,4.422199150010312
ec2_cpu_utilization_ac20cd:2915:2931,0,rolling_128@0.95,2.6700372239177916,4.422199150010312
ec2_cpu_utilization_ac20cd:2923:2939,0,rolling_128@0.95,2.6700372239177916,4.422199150010312
ec2_cpu_utilization_ac20cd:2931:2947,0,rolling_128@0.95,2.811193771322046,4.422199150010312
ec2_cpu_utilization_ac20cd:2939:2955,0,rolling_128@0.95,2.811193771322046,4.422199150010312
ec2_cpu_utilization_ac20cd:2947:2963,0,rolling_128@0.95,2.9283462317982334,4.422199150010312
ec2_cpu_utilization_ac20cd:2955:2971,0,rolling_128@0.95,2.9283462317982334,4.422199150010312
ec2_cpu_utilization_ac20cd:2963:2979,0,rolling_128@0.95,2.0442184416191163,4.422199150010312
ec2_cpu_utilization_ac20cd:2971:2987,0,rolling_128@0.95,2.5831180505289173,4.422199150010312
ec2_cpu_utilization_ac20cd:2979:2995,0,rolling_128@0.95,2.5831180505289173,4.422199150010312
ec2_cpu_utilization_ac20cd:2987:3003,0,rolling_128@0.95,2.4289367388285807,4.422199150010312
ec2_cpu_utilization_ac20cd:2995:3011,0,rolling_128@0.95,2.5405015553354238,4.422199150010312
ec2_cpu_utilization_ac20cd:3003:3019,0,rolling_128@0.95,2.7511033569930157,4.422199150010312
ec2_cpu_utilization_ac20cd:3011:3027,0,rolling_128@0.95,2.7511033569930157,4.422199150010312
ec2_cpu_utilization_ac20cd:3019:3035,0,rolling_128@0.95,4.1173210067389485,4.422199150010312
ec2_cpu_utilization_ac20cd:3027:3043,0,rolling_128@0.95,4.1173210067389485,4.422199150010312
ec2_cpu_utilization_ac20cd:3035:3051,0,rolling_128@0.95,2.373418970927064,4.422199150010312
ec2_cpu_utilization_ac20cd:3043:3059,0,rolling_128@0.95,1.6658871042811092,4.422199150010312
ec2_cpu_utilization_ac20cd:3051:3067,0,rolling_128@0.95,1.6658871042811092,4.422199150010312
ec2_cpu_utilization_ac20cd:3059:3075,0,rolling_128@0.95,1.8049856183224318,4.422199150010312
ec2_cpu_utilization_ac20cd:3067:3083,0,rolling_128@0.95,2.264875486160302,4.422199150010312
ec2_cpu_utilization_ac20cd:3075:3091,0,rolling_128@0.95,2.300270308833001,4.422199150010312
ec2_cpu_utilization_ac20cd:3083:3099,0,rolling_128@0.95,3.3248336335480957,4.422199150010312
ec2_cpu_utilization_ac20cd:3091:3107,0,rolling_128@0.95,3.3248336335480957,4.422199150010312
ec2_cpu_utilization_ac20cd:3099:3115,0,rolling_128@0.95,2.273282259043483,4.422199150010312
ec2_cpu_utilization_ac20cd:3107:3123,0,rolling_128@0.95,3.473259017443342,4.422199150010312
ec2_cpu_utilization_ac20cd:3115:3131,0,rolling_128@0.95,3.473259017443342,4.422199150010312
ec2_cpu_utilization_ac20cd:3123:3139,0,rolling_128@0.95,3.7344616172650262,4.422199150010312
ec2_cpu_utilization_ac20cd:3131:3147,0,rolling_128@0.95,3.7344616172650262,4.422199150010312
ec2_cpu_utilization_ac20cd:3139:3155,0,rolling_128@0.95,2.086297683141425,4.422199150010312
ec2_cpu_utilization_ac20cd:3147:3163,0,rolling_128@0.95,2.086297683141425,4.422199150010312
ec2_cpu_utilization_ac20cd:3155:3171,0,rolling_128@0.95,2.816925846050894,4.422199150010312
ec2_cpu_utilization_ac20cd:3163:3179,0,rolling_128@0.95,2.816925846050894,4.422199150010312
ec2_cpu_utilization_ac20cd:3171:3187,0,rolling_128@0.95,2.160859298262068,4.422199150010312
ec2_cpu_utilization_ac20cd:3179:3195,0,rolling_128@0.95,2.96844220333449,4.422199150010312
ec2_cpu_utilization_ac20cd:3187:3203,0,rolling_128@0.95,2.96844220333449,4.422199150010312
ec2_cpu_utilization_ac20cd:3195:3211,0,rolling_128@0.95,2.5197583928895,4.422199150010312
ec2_cpu_utilization_ac20cd:3203:3219,0,rolling_128@0.95,2.5197583928895,4.422199150010312
ec2_cpu_utilization_ac20cd:2419:2435,0,rolling_128@0.975,4.984098388686077,4.562552731850733
ec2_cpu_utilization_ac20cd:2427:2443,0,rolling_128@0.975,5.571878068256534,4.562552731850733
ec2_cpu_utilization_ac20cd:2435:2451,0,rolling_128@0.975,5.571878068256534,4.562552731850733
ec2_cpu_utilization_ac20cd:2443:2459,0,rolling_128@0.975,3.8140881119546766,4.562552731850733
ec2_cpu_utilization_ac20cd:2451:2467,0,rolling_128@0.975,4.032194549278072,4.562552731850733
ec2_cpu_utilization_ac20cd:2459:2475,0,rolling_128@0.975,4.032194549278072,4.562552731850733
ec2_cpu_utilization_ac20cd:2467:2483,0,rolling_128@0.975,3.302095360311369,4.562552731850733
ec2_cpu_utilization_ac20cd:2475:2491,0,rolling_128@0.975,3.054413794440694,4.562552731850733
ec2_cpu_utilization_ac20cd:2483:2499,0,rolling_128@0.975,2.6477760483411803,4.562552731850733
ec2_cpu_utilization_ac20cd:2491:2507,0,rolling_128@0.975,2.6477760483411803,4.562552731850733
ec2_cpu_utilization_ac20cd:2499:2515,0,rolling_128@0.975,3.5867431927671554,4.562552731850733
ec2_cpu_utilization_ac20cd:2507:2523,0,rolling_128@0.975,3.5867431927671554,4.562552731850733
ec2_cpu_utilization_ac20cd:2515:2531,0,rolling_128@0.975,3.3232072976789673,4.562552731850733
ec2_cpu_utilization_ac20cd:2523:2539,0,rolling_128@0.975,3.7031734204843767,4.562552731850733
ec2_cpu_utilization_ac20cd:2531:2547,0,rolling_128@0.975,3.7031734204843767,4.562552731850733
ec2_cpu_utilization_ac20cd:2539:2555,0,rolling_128@0.975,3.5897635389419356,4.562552731850733
ec2_cpu_utilization_ac20cd:2547:2563,0,rolling_128@0.975,2.852672910285913,4.562552731850733
ec2_cpu_utilization_ac20cd:2555:2571,0,rolling_128@0.975,1.4131882167082594,4.562552731850733
ec2_cpu_utilization_ac20cd:2563:2579,0,rolling_128@0.975,1.8476243761457716,4.562552731850733
ec2_cpu_utilization_ac20cd:2571:2587,0,rolling_128@0.975,1.8843955863569597,4.562552731850733
ec2_cpu_utilization_ac20cd:2579:2595,0,rolling_128@0.975,1.9250546046578403,4.562552731850733
ec2_cpu_utilization_ac20cd:2587:2603,0,rolling_128@0.975,2.747898685312777,4.562552731850733
ec2_cpu_utilization_ac20cd:2595:2611,0,rolling_128@0.975,4.322450695595667,4.562552731850733
ec2_cpu_utilization_ac20cd:2603:2619,0,rolling_128@0.975,4.322450695595667,4.562552731850733
ec2_cpu_utilization_ac20cd:2611:2627,0,rolling_128@0.975,2.8920834402796496,4.562552731850733
ec2_cpu_utilization_ac20cd:2619:2635,0,rolling_128@0.975,2.8920834402796496,4.562552731850733
ec2_cpu_utilization_ac20cd:2627:2643,0,rolling_128@0.975,2.131236520252923,4.562552731850733
ec2_cpu_utilization_ac20cd:2635:2651,0,rolling_128@0.975,2.522123243849411,4.562552731850733
ec2_cpu_utilization_ac20cd:2643:2659,0,rolling_128@0.975,2.522123243849411,4.562552731850733
ec2_cpu_utilization_ac20cd:2651:2667,0,rolling_128@0.975,2.2731859952825126,4.562552731850733
ec2_cpu_utilization_ac20cd:2659:2675,0,rolling_128@0.975,5.153766059762139,4.562552731850733
ec2_cpu_utilization_ac20cd:2667:2683,0,rolling_128@0.975,5.153766059762139,4.562552731850733
ec2_cpu_utilization_ac20cd:2675:2691,0,rolling_128@0.975,3.4190217701287966,4.562552731850733
ec2_cpu_utilization_ac20cd:2683:2699,0,rolling_128@0.975,3.4190217701287966,4.562552731850733
ec2_cpu_utilization_ac20cd:2691:2707,0,rolling_128@0.975,2.677276353120512,4.562552731850733
ec2_cpu_utilization_ac20cd:2699:2715,0,rolling_128@0.975,2.677276353120512,4.562552731850733
ec2_cpu_utilization_ac20cd:2707:2723,0,rolling_128@0.975,2.9333506443905226,4.562552731850733
ec2_cpu_utilization_ac20cd:2715:2731,0,rolling_128@0.975,3.287960814659849,4.562552731850733
ec2_cpu_utilization_ac20cd:2723:2739,0,rolling_128@0.975,3.287960814659849,4.562552731850733
ec2_cpu_utilization_ac20cd:2731:2747,0,rolling_128@0.975,2.9232505054341744,4.562552731850733
ec2_cpu_utilization_ac20cd:2739:2755,0,rolling_128@0.975,1.9278387351479844,4.562552731850733
ec2_cpu_utilization_ac20cd:2747:2763,0,rolling_128@0.975,1.9278387351479844,4.562552731850733
ec2_cpu_utilization_ac20cd:2755:2771,0,rolling_128@0.975,2.7823494094663537,4.562552731850733
ec2_cpu_utilization_ac20cd:2763:2779,0,rolling_128@0.975,2.7823494094663537,4.562552731850733
ec2_cpu_utilization_ac20cd:2771:2787,0,rolling_128@0.975,2.055949762858955,4.562552731850733
ec2_cpu_utilization_ac20cd:2779:2795,0,rolling_128@0.975,1.918578070403338,4.562552731850733
ec2_cpu_utilization_ac20cd:2787:2803,0,rolling_128@0.975,1.481720427664028,4.562552731850733
ec2_cpu_utilization_ac20cd:2795:2811,0,rolling_128@0.975,1.681527167168369,4.562552731850733
ec2_cpu_utilization_ac20cd:2803:2819,0,rolling_128@0.975,1.794551946419407,4.562552731850733
ec2_cpu_utilization_ac20cd:2811:2827,0,rolling_128@0.975,2.490685921078553,4.562552731850733
ec2_cpu_utilization_ac20cd:2819:2835,0,rolling_128@0.975,2.628133162582343,4.562552731850733
ec2_cpu_utilization_ac20cd:2827:2843,0,rolling_128@0.975,2.628133162582343,4.562552731850733
ec2_cpu_utilization_ac20cd:2835:2851,0,rolling_128@0.975,2.317083398594484,4.562552731850733
ec2_cpu_utilization_ac20cd:2843:2859,0,rolling_128@0.975,2.7591188478384567,4.562552731850733
ec2_cpu_utilization_ac20cd:2851:2867,0,rolling_128@0.975,2.7591188478384567,4.562552731850733
ec2_cpu_utilization_ac20cd:2859:2875,0,rolling_128@0.975,2.160585150845161,4.562552731850733
ec2_cpu_utilization_ac20cd:2867:2883,0,rolling_128@0.975,2.4418769637066022,4.562552731850733
ec2_cpu_utilization_ac20cd:2875:2891,0,rolling_128@0.975,2.4418769637066022,4.562552731850733
ec2_cpu_utilization_ac20cd:2883:2899,0,rolling_128@0.975,1.803984863226624,4.562552731850733
ec2_cpu_utilization_ac20cd:2891:2907,0,rolling_128@0.975,1.494162343041654,4.562552731850733
ec2_cpu_utilization_ac20cd:2899:2915,0,rolling_128@0.975,1.804562929071074,4.562552731850733
ec2_cpu_utilization_ac20cd:2907:2923,0,rolling_128@0.975,1.804562929071074,4.562552731850733
ec2_cpu_utilization_ac20cd:2915:2931,0,rolling_128@0.975,2.6700372239177916,4.562552731850733
ec2_cpu_utilization_ac20cd:2923:2939,0,rolling_128@0.975,2.6700372239177916,4.562552731850733
ec2_cpu_utilization_ac20cd:2931:2947,0,rolling_128@0.975,2.811193771322046,4.562552731850733
ec2_cpu_utilization_ac20cd:2939:2955,0,rolling_128@0.975,2.811193771322046,4.562552731850733
ec2_cpu_utilization_ac20cd:2947:2963,0,rolling_128@0.975,2.9283462317982334,4.562552731850733
ec2_cpu_utilization_ac20cd:2955:2971,0,rolling_128@0.975,2.9283462317982334,4.562552731850733
ec2_cpu_utilization_ac20cd:2963:2979,0,rolling_128@0.975,2.0442184416191163,4.562552731850733
ec2_cpu_utilization_ac20cd:2971:2987,0,rolling_128@0.975,2.5831180505289173,4.562552731850733
ec2_cpu_utilization_ac20cd:2979:2995,0,rolling_128@0.975,2.5831180505289173,4.562552731850733
ec2_cpu_utilization_ac20cd:2987:3003,0,rolling_128@0.975,2.4289367388285807,4.562552731850733
ec2_cpu_utilization_ac20cd:2995:3011,0,rolling_128@0.975,2.5405015553354238,4.562552731850733
ec2_cpu_utilization_ac20cd:3003:3019,0,rolling_128@0.975,2.7511033569930157,4.562552731850733
ec2_cpu_utilization_ac20cd:3011:3027,0,rolling_128@0.975,2.7511033569930157,4.562552731850733
ec2_cpu_utilization_ac20cd:3019:3035,0,rolling_128@0.975,4.1173210067389485,4.562552731850733
ec2_cpu_utilization_ac20cd:3027:3043,0,rolling_128@0.975,4.1173210067389485,4.562552731850733
ec2_cpu_utilization_ac20cd:3035:3051,0,rolling_128@0.975,2.373418970927064,4.562552731850733
ec2_cpu_utilization_ac20cd:3043:3059,0,rolling_128@0.975,1.6658871042811092,4.562552731850733
ec2_cpu_utilization_ac20cd:3051:3067,0,rolling_128@0.975,1.6658871042811092,4.562552731850733
ec2_cpu_utilization_ac20cd:3059:3075,0,rolling_128@0.975,1.8049856183224318,4.562552731850733
ec2_cpu_utilization_ac20cd:3067:3083,0,rolling_128@0.975,2.264875486160302,4.562552731850733
ec2_cpu_utilization_ac20cd:3075:3091,0,rolling_128@0.975,2.300270308833001,4.562552731850733
ec2_cpu_utilization_ac20cd:3083:3099,0,rolling_128@0.975,3.3248336335480957,4.562552731850733
ec2_cpu_utilization_ac20cd:3091:3107,0,rolling_128@0.975,3.3248336335480957,4.562552731850733
ec2_cpu_utilization_ac20cd:3099:3115,0,rolling_128@0.975,2.273282259043483,4.562552731850733
ec2_cpu_utilization_ac20cd:3107:3123,0,rolling_128@0.975,3.473259017443342,4.562552731850733
ec2_cpu_utilization_ac20cd:3115:3131,0,rolling_128@0.975,3.473259017443342,4.562552731850733
ec2_cpu_utilization_ac20cd:3123:3139,0,rolling_128@0.975,3.7344616172650262,4.562552731850733
ec2_cpu_utilization_ac20cd:3131:3147,0,rolling_128@0.975,3.7344616172650262,4.562552731850733
ec2_cpu_utilization_ac20cd:3139:3155,0,rolling_128@0.975,2.086297683141425,4.562552731850733
ec2_cpu_utilization_ac20cd:3147:3163,0,rolling_128@0.975,2.086297683141425,4.562552731850733
ec2_cpu_utilization_ac20cd:3155:3171,0,rolling_128@0.975,2.816925846050894,4.562552731850733
ec2_cpu_utilization_ac20cd:3163:3179,0,rolling_128@0.975,2.816925846050894,4.562552731850733
ec2_cpu_utilization_ac20cd:3171:3187,0,rolling_128@0.975,2.160859298262068,4.562552731850733
ec2_cpu_utilization_ac20cd:3179:3195,0,rolling_128@0.975,2.96844220333449,4.562552731850733
ec2_cpu_utilization_ac20cd:3187:3203,0,rolling_128@0.975,2.96844220333449,4.562552731850733
ec2_cpu_utilization_ac20cd:3195:3211,0,rolling_128@0.975,2.5197583928895,4.562552731850733
ec2_cpu_utilization_ac20cd:3203:3219,0,rolling_128@0.975,2.5197583928895,4.562552731850733
ec2_cpu_utilization_ac20cd:2419:2435,0,rolling_128@0.99,4.984098388686077,6.283498530762329
ec2_cpu_utilization_ac20cd:2427:2443,0,rolling_128@0.99,5.571878068256534,6.283498530762329
ec2_cpu_utilization_ac20cd:2435:2451,0,rolling_128@0.99,5.571878068256534,6.283498530762329
ec2_cpu_utilization_ac20cd:2443:2459,0,rolling_128@0.99,3.8140881119546766,6.283498530762329
ec2_cpu_utilization_ac20cd:2451:2467,0,rolling_128@0.99,4.032194549278072,6.283498530762329
ec2_cpu_utilization_ac20cd:2459:2475,0,rolling_128@0.99,4.032194549278072,6.283498530762329
ec2_cpu_utilization_ac20cd:2467:2483,0,rolling_128@0.99,3.302095360311369,6.283498530762329
ec2_cpu_utilization_ac20cd:2475:2491,0,rolling_128@0.99,3.054413794440694,6.283498530762329
ec2_cpu_utilization_ac20cd:2483:2499,0,rolling_128@0.99,2.6477760483411803,6.283498530762329
ec2_cpu_utilization_ac20cd:2491:2507,0,rolling_128@0.99,2.6477760483411803,6.283498530762329
ec2_cpu_utilization_ac20cd:2499:2515,0,rolling_128@0.99,3.5867431927671554,6.283498530762329
ec2_cpu_utilization_ac20cd:2507:2523,0,rolling_128@0.99,3.5867431927671554,6.283498530762329
ec2_cpu_utilization_ac20cd:2515:2531,0,rolling_128@0.99,3.3232072976789673,6.283498530762329
ec2_cpu_utilization_ac20cd:2523:2539,0,rolling_128@0.99,3.7031734204843767,6.283498530762329
ec2_cpu_utilization_ac20cd:2531:2547,0,rolling_128@0.99,3.7031734204843767,6.283498530762329
ec2_cpu_utilization_ac20cd:2539:2555,0,rolling_128@0.99,3.5897635389419356,6.283498530762329
ec2_cpu_utilization_ac20cd:2547:2563,0,rolling_128@0.99,2.852672910285913,6.283498530762329
ec2_cpu_utilization_ac20cd:2555:2571,0,rolling_128@0.99,1.4131882167082594,6.283498530762329
ec2_cpu_utilization_ac20cd:2563:2579,0,rolling_128@0.99,1.8476243761457716,6.283498530762329
ec2_cpu_utilization_ac20cd:2571:2587,0,rolling_128@0.99,1.8843955863569597,6.283498530762329
ec2_cpu_utilization_ac20cd:2579:2595,0,rolling_128@0.99,1.9250546046578403,6.283498530762329
ec2_cpu_utilization_ac20cd:2587:2603,0,rolling_128@0.99,2.747898685312777,6.283498530762329
ec2_cpu_utilization_ac20cd:2595:2611,0,rolling_128@0.99,4.322450695595667,6.283498530762329
ec2_cpu_utilization_ac20cd:2603:2619,0,rolling_128@0.99,4.322450695595667,6.283498530762329
ec2_cpu_utilization_ac20cd:2611:2627,0,rolling_128@0.99,2.8920834402796496,6.283498530762329
ec2_cpu_utilization_ac20cd:2619:2635,0,rolling_128@0.99,2.8920834402796496,6.283498530762329
ec2_cpu_utilization_ac20cd:2627:2643,0,rolling_128@0.99,2.131236520252923,6.283498530762329
ec2_cpu_utilization_ac20cd:2635:2651,0,rolling_128@0.99,2.522123243849411,6.283498530762329
ec2_cpu_utilization_ac20cd:2643:2659,0,rolling_128@0.99,2.522123243849411,6.283498530762329
ec2_cpu_utilization_ac20cd:2651:2667,0,rolling_128@0.99,2.2731859952825126,6.283498530762329
ec2_cpu_utilization_ac20cd:2659:2675,0,rolling_128@0.99,5.153766059762139,6.283498530762329
ec2_cpu_utilization_ac20cd:2667:2683,0,rolling_128@0.99,5.153766059762139,6.283498530762329
ec2_cpu_utilization_ac20cd:2675:2691,0,rolling_128@0.99,3.4190217701287966,6.283498530762329
ec2_cpu_utilization_ac20cd:2683:2699,0,rolling_128@0.99,3.4190217701287966,6.283498530762329
ec2_cpu_utilization_ac20cd:2691:2707,0,rolling_128@0.99,2.677276353120512,6.283498530762329
ec2_cpu_utilization_ac20cd:2699:2715,0,rolling_128@0.99,2.677276353120512,6.283498530762329
ec2_cpu_utilization_ac20cd:2707:2723,0,rolling_128@0.99,2.9333506443905226,6.283498530762329
ec2_cpu_utilization_ac20cd:2715:2731,0,rolling_128@0.99,3.287960814659849,6.283498530762329
ec2_cpu_utilization_ac20cd:2723:2739,0,rolling_128@0.99,3.287960814659849,6.283498530762329
ec2_cpu_utilization_ac20cd:2731:2747,0,rolling_128@0.99,2.9232505054341744,6.283498530762329
ec2_cpu_utilization_ac20cd:2739:2755,0,rolling_128@0.99,1.9278387351479844,6.283498530762329
ec2_cpu_utilization_ac20cd:2747:2763,0,rolling_128@0.99,1.9278387351479844,6.283498530762329
ec2_cpu_utilization_ac20cd:2755:2771,0,rolling_128@0.99,2.7823494094663537,6.283498530762329
ec2_cpu_utilization_ac20cd:2763:2779,0,rolling_128@0.99,2.7823494094663537,6.283498530762329
ec2_cpu_utilization_ac20cd:2771:2787,0,rolling_128@0.99,2.055949762858955,6.283498530762329
ec2_cpu_utilization_ac20cd:2779:2795,0,rolling_128@0.99,1.918578070403338,6.283498530762329
ec2_cpu_utilization_ac20cd:2787:2803,0,rolling_128@0.99,1.481720427664028,6.283498530762329
ec2_cpu_utilization_ac20cd:2795:2811,0,rolling_128@0.99,1.681527167168369,6.283498530762329
ec2_cpu_utilization_ac20cd:2803:2819,0,rolling_128@0.99,1.794551946419407,6.283498530762329
ec2_cpu_utilization_ac20cd:2811:2827,0,rolling_128@0.99,2.490685921078553,6.283498530762329
ec2_cpu_utilization_ac20cd:2819:2835,0,rolling_128@0.99,2.628133162582343,6.283498530762329
ec2_cpu_utilization_ac20cd:2827:2843,0,rolling_128@0.99,2.628133162582343,6.283498530762329
ec2_cpu_utilization_ac20cd:2835:2851,0,rolling_128@0.99,2.317083398594484,6.283498530762329
ec2_cpu_utilization_ac20cd:2843:2859,0,rolling_128@0.99,2.7591188478384567,6.283498530762329
ec2_cpu_utilization_ac20cd:2851:2867,0,rolling_128@0.99,2.7591188478384567,6.283498530762329
ec2_cpu_utilization_ac20cd:2859:2875,0,rolling_128@0.99,2.160585150845161,6.283498530762329
ec2_cpu_utilization_ac20cd:2867:2883,0,rolling_128@0.99,2.4418769637066022,6.283498530762329
ec2_cpu_utilization_ac20cd:2875:2891,0,rolling_128@0.99,2.4418769637066022,6.283498530762329
ec2_cpu_utilization_ac20cd:2883:2899,0,rolling_128@0.99,1.803984863226624,6.283498530762329
ec2_cpu_utilization_ac20cd:2891:2907,0,rolling_128@0.99,1.494162343041654,6.283498530762329
ec2_cpu_utilization_ac20cd:2899:2915,0,rolling_128@0.99,1.804562929071074,6.283498530762329
ec2_cpu_utilization_ac20cd:2907:2923,0,rolling_128@0.99,1.804562929071074,6.283498530762329
ec2_cpu_utilization_ac20cd:2915:2931,0,rolling_128@0.99,2.6700372239177916,6.283498530762329
ec2_cpu_utilization_ac20cd:2923:2939,0,rolling_128@0.99,2.6700372239177916,6.283498530762329
ec2_cpu_utilization_ac20cd:2931:2947,0,rolling_128@0.99,2.811193771322046,6.283498530762329
ec2_cpu_utilization_ac20cd:2939:2955,0,rolling_128@0.99,2.811193771322046,6.283498530762329
ec2_cpu_utilization_ac20cd:2947:2963,0,rolling_128@0.99,2.9283462317982334,6.283498530762329
ec2_cpu_utilization_ac20cd:2955:2971,0,rolling_128@0.99,2.9283462317982334,6.283498530762329
ec2_cpu_utilization_ac20cd:2963:2979,0,rolling_128@0.99,2.0442184416191163,6.283498530762329
ec2_cpu_utilization_ac20cd:2971:2987,0,rolling_128@0.99,2.5831180505289173,6.283498530762329
ec2_cpu_utilization_ac20cd:2979:2995,0,rolling_128@0.99,2.5831180505289173,6.283498530762329
ec2_cpu_utilization_ac20cd:2987:3003,0,rolling_128@0.99,2.4289367388285807,6.283498530762329
ec2_cpu_utilization_ac20cd:2995:3011,0,rolling_128@0.99,2.5405015553354238,6.283498530762329
ec2_cpu_utilization_ac20cd:3003:3019,0,rolling_128@0.99,2.7511033569930157,6.283498530762329
ec2_cpu_utilization_ac20cd:3011:3027,0,rolling_128@0.99,2.7511033569930157,6.283498530762329
ec2_cpu_utilization_ac20cd:3019:3035,0,rolling_128@0.99,4.1173210067389485,6.283498530762329
ec2_cpu_utilization_ac20cd:3027:3043,0,rolling_128@0.99,4.1173210067389485,6.283498530762329
ec2_cpu_utilization_ac20cd:3035:3051,0,rolling_128@0.99,2.373418970927064,6.283498530762329
ec2_cpu_utilization_ac20cd:3043:3059,0,rolling_128@0.99,1.6658871042811092,6.283498530762329
ec2_cpu_utilization_ac20cd:3051:3067,0,rolling_128@0.99,1.6658871042811092,6.283498530762329
ec2_cpu_utilization_ac20cd:3059:3075,0,rolling_128@0.99,1.8049856183224318,6.283498530762329
ec2_cpu_utilization_ac20cd:3067:3083,0,rolling_128@0.99,2.264875486160302,6.283498530762329
ec2_cpu_utilization_ac20cd:3075:3091,0,rolling_128@0.99,2.300270308833001,6.283498530762329
ec2_cpu_utilization_ac20cd:3083:3099,0,rolling_128@0.99,3.3248336335480957,6.283498530762329
ec2_cpu_utilization_ac20cd:3091:3107,0,rolling_128@0.99,3.3248336335480957,6.283498530762329
ec2_cpu_utilization_ac20cd:3099:3115,0,rolling_128@0.99,2.273282259043483,6.283498530762329
ec2_cpu_utilization_ac20cd:3107:3123,0,rolling_128@0.99,3.473259017443342,6.283498530762329
ec2_cpu_utilization_ac20cd:3115:3131,0,rolling_128@0.99,3.473259017443342,6.283498530762329
ec2_cpu_utilization_ac20cd:3123:3139,0,rolling_128@0.99,3.7344616172650262,6.283498530762329
ec2_cpu_utilization_ac20cd:3131:3147,0,rolling_128@0.99,3.7344616172650262,6.283498530762329
ec2_cpu_utilization_ac20cd:3139:3155,0,rolling_128@0.99,2.086297683141425,6.283498530762329
ec2_cpu_utilization_ac20cd:3147:3163,0,rolling_128@0.99,2.086297683141425,6.283498530762329
ec2_cpu_utilization_ac20cd:3155:3171,0,rolling_128@0.99,2.816925846050894,6.283498530762329
ec2_cpu_utilization_ac20cd:3163:3179,0,rolling_128@0.99,2.816925846050894,6.283498530762329
ec2_cpu_utilization_ac20cd:3171:3187,0,rolling_128@0.99,2.160859298262068,6.283498530762329
ec2_cpu_utilization_ac20cd:3179:3195,0,rolling_128@0.99,2.96844220333449,6.283498530762329
ec2_cpu_utilization_ac20cd:3187:3203,0,rolling_128@0.99,2.96844220333449,6.283498530762329
ec2_cpu_utilization_ac20cd:3195:3211,0,rolling_128@0.99,2.5197583928895,6.283498530762329
ec2_cpu_utilization_ac20cd:3203:3219,0,rolling_128@0.99,2.5197583928895,6.283498530762329
