window_id,truth,detector,score,threshold
ec2_network_in_5abac7:2831:2847,0,autoencoder@0.95,0.0038007686,0.008015166036784649
ec2_network_in_5abac7:2839:2855,0,autoencoder@0.95,0.0038016576,0.008015166036784649
ec2_network_in_5abac7:2847:2863,0,autoencoder@0.95,0.003799695,0.008015166036784649
ec2_network_in_5abac7:2855:2871,0,autoencoder@0.95,0.0037993079,0.008015166036784649
ec2_network_in_5abac7:2863:2879,0,autoencoder@0.95,0.0038001558,0.008015166036784649
ec2_network_in_5abac7:2871:2887,0,autoencoder@0.95,0.07404966,0.008015166036784649
ec2_network_in_5abac7:2879:2895,0,autoencoder@0.95,0.054933783,0.008015166036784649
ec2_network_in_5abac7:2887:2903,0,autoencoder@0.95,0.0038011363,0.008015166036784649
ec2_network_in_5abac7:2895:2911,0,autoencoder@0.95,3.7765913,0.008015166036784649
ec2_network_in_5abac7:2903:2919,0,autoencoder@0.95,3.7387292,0.008015166036784649
ec2_network_in_5abac7:2911:2927,0,autoencoder@0.95,0.0038005824,0.008015166036784649
ec2_network_in_5abac7:2919:2935,0,autoencoder@0.95,0.003799923,0.008015166036784649
ec2_network_in_5abac7:2927:2943,0,autoencoder@0.95,0.0038000387,0.008015166036784649
ec2_network_in_5abac7:2935:2951,0,autoencoder@0.95,0.003799845,0.008015166036784649
ec2_network_in_5abac7:2943:2959,0,autoencoder@0.95,0.0038002615,0.008015166036784649
ec2_network_in_5abac7:2951:2967,0,autoencoder@0.95,0.0037998743,0.008015166036784649
ec2_network_in_5abac7:2959:2975,0,autoencoder@0.95,0.0037996392,0.008015166036784649
ec2_network_in_5abac7:2967:2983,0,autoencoder@0.95,0.0038010704,0.008015166036784649
ec2_network_in_5abac7:2975:2991,0,autoencoder@0.95,0.0038005437,0.008015166036784649
ec2_network_in_5abac7:2983:2999,0,autoencoder@0.95,0.0037992217,0.008015166036784649
ec2_network_in_5abac7:2991:3007,0,autoencoder@0.95,0.0038013242,0.008015166036784649
ec2_network_in_5abac7:2999:3015,0,autoencoder@0.95,0.0038008061,0.008015166036784649
ec2_network_in_5abac7:3007:3023,0,autoencoder@0.95,0.0037990948,0.008015166036784649
ec2_network_in_5abac7:3015:3031,0,autoencoder@0.95,1.9777404,0.008015166036784649
ec2_network_in_5abac7:3023:3039,0,autoencoder@0.95,2.6113336,0.008015166036784649
ec2_network_in_5abac7:3031:3047,0,autoencoder@0.95,0.0037981952,0.008015166036784649
ec2_network_in_5abac7:3039:3055,0,autoencoder@0.95,0.0038008615,0.008015166036784649
ec2_network_in_5abac7:3047:3063,0,autoencoder@0.95,0.0038006613,0.008015166036784649
ec2_network_in_5abac7:3055:3071,0,autoencoder@0.95,0.0037987789,0.008015166036784649
ec2_network_in_5abac7:3063:3079,0,autoencoder@0.95,0.0038008,0.008015166036784649
ec2_network_in_5abac7:3071:3087,1,autoencoder@0.95,0.0038004376,0.008015166036784649
ec2_network_in_5abac7:3079:3095,1,autoencoder@0.95,0.0037985856,0.008015166036784649
ec2_network_in_5abac7:3087:3103,1,autoencoder@0.95,0.0038010222,0.008015166036784649
ec2_network_in_5abac7:3095:3111,1,autoencoder@0.95,0.003801058,0.008015166036784649
ec2_network_in_5abac7:3103:3119,1,autoencoder@0.95,0.0037993449,0.008015166036784649
ec2_network_in_5abac7:3111:3127,1,autoencoder@0.95,0.0038007377,0.008015166036784649
ec2_network_in_5abac7:3119:3135,1,autoencoder@0.95,0.0038021016,0.008015166036784649
ec2_network_in_5abac7:3127:3143,1,autoencoder@0.95,0.0037978324,0.008015166036784649
ec2_network_in_5abac7:3135:3151,1,autoencoder@0.95,0.0038004122,0.008015166036784649
ec2_network_in_5abac7:3143:3159,1,autoencoder@0.95,3.1319504,0.008015166036784649
ec2_network_in_5abac7:3151:3167,1,autoencoder@0.95,3.025333,0.008015166036784649
ec2_network_in_5abac7:3159:3175,1,autoencoder@0.95,0.04478796,0.008015166036784649
ec2_network_in_5abac7:3167:3183,1,autoencoder@0.95,0.04521077,0.008015166036784649
ec2_network_in_5abac7:3175:3191,1,autoencoder@0.95,3.7823942,0.008015166036784649
ec2_network_in_5abac7:3183:3199,1,autoencoder@0.95,2.7005997,0.008015166036784649
ec2_network_in_5abac7:3191:3207,1,autoencoder@0.95,2.5890257,0.008015166036784649
ec2_network_in_5abac7:3199:3215,1,autoencoder@0.95,0.10411197,0.008015166036784649
ec2_network_in_5abac7:3207:3223,1,autoencoder@0.95,3.0421855,0.008015166036784649
ec2_network_in_5abac7:3215:3231,1,autoencoder@0.95,6.995421,0.008015166036784649
ec2_network_in_5abac7:3223:3239,1,autoencoder@0.95,2.695606,0.008015166036784649
ec2_network_in_5abac7:3231:3247,1,autoencoder@0.95,1.5896195,0.008015166036784649
ec2_network_in_5abac7:3239:3255,1,autoencoder@0.95,0.05187902,0.008015166036784649
ec2_network_in_5abac7:3247:3263,1,autoencoder@0.95,0.0038009216,0.008015166036784649
ec2_network_in_5abac7:3255:3271,1,autoencoder@0.95,3.1457202,0.008015166036784649
ec2_network_in_5abac7:3263:3279,1,autoencoder@0.95,3.0390463,0.008015166036784649
ec2_network_in_5abac7:3271:3287,1,autoencoder@0.95,0.003801269,0.008015166036784649
ec2_network_in_5abac7:3279:3295,1,autoencoder@0.95,0.0038006846,0.008015166036784649
ec2_network_in_5abac7:3287:3303,1,autoencoder@0.95,0.02043973,0.008015166036784649
ec2_network_in_5abac7:3295:3311,1,autoencoder@0.95,0.020925019,0.008015166036784649
ec2_network_in_5abac7:3303:3319,1,autoencoder@0.95,0.0038006231,0.008015166036784649
ec2_network_in_5abac7:3311:3327,1,autoencoder@0.95,0.0037984161,0.008015166036784649
ec2_network_in_5abac7:3319:3335,0,autoencoder@0.95,0.0038012415,0.008015166036784649
ec2_network_in_5abac7:3327:3343,0,autoencoder@0.95,0.0038004601,0.008015166036784649
ec2_network_in_5abac7:3335:3351,0,autoencoder@0.95,0.0037984983,0.008015166036784649
ec2_network_in_5abac7:3343:3359,0,autoencoder@0.95,0.0038005498,0.008015166036784649
ec2_network_in_5abac7:3351:3367,0,autoencoder@0.95,0.0038004392,0.008015166036784649
ec2_network_in_5abac7:3359:3375,0,autoencoder@0.95,0.0037986645,0.008015166036784649
ec2_network_in_5abac7:3367:3383,0,autoencoder@0.95,0.003801206,0.008015166036784649
ec2_network_in_5abac7:3375:3391,0,autoencoder@0.95,0.003799436,0.008015166036784649
ec2_network_in_5abac7:3383:3399,0,autoencoder@0.95,0.0037992788,0.008015166036784649
ec2_network_in_5abac7:3391:3407,0,autoencoder@0.95,0.00380104,0.008015166036784649
ec2_network_in_5abac7:3399:3415,0,autoencoder@0.95,0.003801521,0.008015166036784649
ec2_network_in_5abac7:3407:3423,0,autoencoder@0.95,5.343807,0.008015166036784649
ec2_network_in_5abac7:3415:3431,0,autoencoder@0.95,4.846066,0.008015166036784649
ec2_network_in_5abac7:3423:3439,0,autoencoder@0.95,0.048556104,0.008015166036784649
ec2_network_in_5abac7:3431:3447,0,autoencoder@0.95,0.0038001193,0.008015166036784649
ec2_network_in_5abac7:3439:3455,0,autoencoder@0.95,7.498004,0.008015166036784649
ec2_network_in_5abac7:3447:3463,0,autoencoder@0.95,8.067109,0.008015166036784649
ec2_network_in_5abac7:3455:3471,0,autoencoder@0.95,0.0038004383,0.008015166036784649
ec2_network_in_5abac7:3463:3479,0,autoencoder@0.95,0.0037999244,0.008015166036784649
ec2_network_in_5abac7:3471:3487,0,autoencoder@0.95,0.0038012697,0.008015166036784649
ec2_network_in_5abac7:3479:3495,0,autoencoder@0.95,0.0037999973,0.008015166036784649
ec2_network_in_5abac7:3487:3503,0,autoencoder@0.95,0.0037988664,0.008015166036784649
ec2_network_in_5abac7:3495:3511,0,autoencoder@0.95,0.0037845585,0.008015166036784649
ec2_network_in_5abac7:3503:3519,0,autoencoder@0.95,11.190244,0.008015166036784649
ec2_network_in_5abac7:3511:3527,0,autoencoder@0.95,7.0622473,0.008015166036784649
ec2_network_in_5abac7:3519:3535,0,autoencoder@0.95,3.812125,0.008015166036784649
ec2_network_in_5abac7:3527:3543,0,autoencoder@0.95,2.6154134,0.008015166036784649
ec2_network_in_5abac7:3535:3551,0,autoencoder@0.95,1.6746994,0.008015166036784649
ec2_network_in_5abac7:3543:3559,0,autoencoder@0.95,0.09363034,0.008015166036784649
ec2_network_in_5abac7:3551:3567,0,autoencoder@0.95,0.0038017961,0.008015166036784649
ec2_network_in_5abac7:3559:3575,0,autoencoder@0.95,0.0038009898,0.008015166036784649
ec2_network_in_5abac7:3567:3583,0,autoencoder@0.95,1.1962695,0.008015166036784649
ec2_network_in_5abac7:3575:3591,0,autoencoder@0.95,1.5190119,0.008015166036784649
ec2_network_in_5abac7:3583:3599,0,autoencoder@0.95,0.021662775,0.008015166036784649
ec2_network_in_5abac7:3591:3607,0,autoencoder@0.95,0.003798623,0.008015166036784649
ec2_network_in_5abac7:3599:3615,0,autoencoder@0.95,0.0038013002,0.008015166036784649
ec2_network_in_5abac7:3607:3623,0,autoencoder@0.95,0.003800183,0.008015166036784649
ec2_network_in_5abac7:3615:3631,0,autoencoder@0.95,7.6832647,0.008015166036784649
ec2_network_in_5abac7:3623:3639,0,autoencoder@0.95,8.135258,0.008015166036784649
ec2_network_in_5abac7:3631:3647,0,autoencoder@0.95,0.0038004103,0.008015166036784649
ec2_network_in_5abac7:3639:3655,0,autoencoder@0.95,0.0038038588,0.008015166036784649
ec2_network_in_5abac7:3647:3663,0,autoencoder@0.95,11.023433,0.008015166036784649
ec2_network_in_5abac7:3655:3671,0,autoencoder@0.95,6.954001,0.008015166036784649
ec2_network_in_5abac7:3663:3679,0,autoencoder@0.95,0.0037988783,0.008015166036784649
ec2_network_in_5abac7:3671:3687,0,autoencoder@0.95,0.0038009821,0.008015166036784649
ec2_network_in_5abac7:3679:3695,0,autoencoder@0.95,0.0038008783,0.008015166036784649
ec2_network_in_5abac7:3687:3703,0,autoencoder@0.95,0.003799482,0.008015166036784649
ec2_network_in_5abac7:3695:3711,0,autoencoder@0.95,0.003800542,0.008015166036784649
ec2_network_in_5abac7:3703:3719,0,autoencoder@0.95,3.439927,0.008015166036784649
ec2_network_in_5abac7:3711:3727,0,autoencoder@0.95,2.8301194,0.008015166036784649
ec2_network_in_5abac7:3719:3735,0,autoencoder@0.95,11.2428875,0.008015166036784649
ec2_network_in_5abac7:3727:3743,0,autoencoder@0.95,7.046927,0.008015166036784649
ec2_network_in_5abac7:3735:3751,0,autoencoder@0.95,11.014842,0.008015166036784649
ec2_network_in_5abac7:3743:3759,0,autoencoder@0.95,2.9007623,0.008015166036784649
ec2_network_in_5abac7:3751:3767,0,autoencoder@0.95,2.6131139,0.008015166036784649
ec2_network_in_5abac7:3759:3775,0,autoencoder@0.95,0.0038042525,0.008015166036784649
ec2_network_in_5abac7:2831:2847,0,autoencoder@0.975,0.0038007686,0.04414472356438637
ec2_network_in_5abac7:2839:2855,0,autoencoder@0.975,0.0038016576,0.04414472356438637
ec2_network_in_5abac7:2847:2863,0,autoencoder@0.975,0.003799695,0.04414472356438637
ec2_network_in_5abac7:2855:2871,0,autoencoder@0.975,0.0037993079,0.04414472356438637
ec2_network_in_5abac7:2863:2879,0,autoencoder@0.975,0.0038001558,0.04414472356438637
ec2_network_in_5abac7:2871:2887,0,autoencoder@0.975,0.07404966,0.04414472356438637
ec2_network_in_5abac7:2879:2895,0,autoencoder@0.975,0.054933783,0.04414472356438637
ec2_network_in_5abac7:2887:2903,0,autoencoder@0.975,0.0038011363,0.04414472356438637
ec2_network_in_5abac7:2895:2911,0,autoencoder@0.975,3.7765913,0.04414472356438637
ec2_network_in_5abac7:2903:2919,0,autoencoder@0.975,3.7387292,0.04414472356438637
ec2_network_in_5abac7:2911:2927,0,autoencoder@0.975,0.0038005824,0.04414472356438637
ec2_network_in_5abac7:2919:2935,0,autoencoder@0.975,0.003799923,0.04414472356438637
ec2_network_in_5abac7:2927:2943,0,autoencoder@0.975,0.0038000387,0.04414472356438637
ec2_network_in_5abac7:2935:2951,0,autoencoder@0.975,0.003799845,0.04414472356438637
ec2_network_in_5abac7:2943:2959,0,autoencoder@0.975,0.0038002615,0.04414472356438637
ec2_network_in_5abac7:2951:2967,0,autoencoder@0.975,0.0037998743,0.04414472356438637
ec2_network_in_5abac7:2959:2975,0,autoencoder@0.975,0.0037996392,0.04414472356438637
ec2_network_in_5abac7:2967:2983,0,autoencoder@0.975,0.0038010704,0.04414472356438637
ec2_network_in_5abac7:2975:2991,0,autoencoder@0.975,0.0038005437,0.04414472356438637
ec2_network_in_5abac7:2983:2999,0,autoencoder@0.975,0.0037992217,0.04414472356438637
ec2_network_in_5abac7:2991:3007,0,autoencoder@0.975,0.0038013242,0.04414472356438637
ec2_network_in_5abac7:2999:3015,0,autoencoder@0.975,0.0038008061,0.04414472356438637
ec2_network_in_5abac7:3007:3023,0,autoencoder@0.975,0.0037990948,0.04414472356438637
ec2_network_in_5abac7:3015:3031,0,autoencoder@0.975,1.9777404,0.04414472356438637
ec2_network_in_5abac7:3023:3039,0,autoencoder@0.975,2.6113336,0.04414472356438637
ec2_network_in_5abac7:3031:3047,0,autoencoder@0.975,0.0037981952,0.04414472356438637
ec2_network_in_5abac7:3039:3055,0,autoencoder@0.975,0.0038008615,0.04414472356438637
ec2_network_in_5abac7:3047:3063,0,autoencoder@0.975,0.0038006613,0.04414472356438637
ec2_network_in_5abac7:3055:3071,0,autoencoder@0.975,0.0037987789,0.04414472356438637
ec2_network_in_5abac7:3063:3079,0,autoencoder@0.975,0.0038008,0.04414472356438637
ec2_network_in_5abac7:3071:3087,1,autoencoder@0.975,0.0038004376,0.04414472356438637
ec2_network_in_5abac7:3079:3095,1,autoencoder@0.975,0.0037985856,0.04414472356438637
ec2_network_in_5abac7:3087:3103,1,autoencoder@0.975,0.0038010222,0.04414472356438637
ec2_network_in_5abac7:3095:3111,1,autoencoder@0.975,0.003801058,0.04414472356438637
ec2_network_in_5abac7:3103:3119,1,autoencoder@0.975,0.0037993449,0.04414472356438637
ec2_network_in_5abac7:3111:3127,1,autoencoder@0.975,0.0038007377,0.04414472356438637
ec2_network_in_5abac7:3119:3135,1,autoencoder@0.975,0.0038021016,0.04414472356438637
ec2_network_in_5abac7:3127:3143,1,autoencoder@0.975,0.0037978324,0.04414472356438637
ec2_network_in_5abac7:3135:3151,1,autoencoder@0.975,0.0038004122,0.04414472356438637
ec2_network_in_5abac7:3143:3159,1,autoencoder@0.975,3.1319504,0.04414472356438637
ec2_network_in_5abac7:3151:3167,1,autoencoder@0.975,3.025333,0.04414472356438637
ec2_network_in_5abac7:3159:3175,1,autoencoder@0.975,0.04478796,0.04414472356438637
ec2_network_in_5abac7:3167:3183,1,autoencoder@0.975,0.04521077,0.04414472356438637
ec2_network_in_5abac7:3175:3191,1,autoencoder@0.975,3.7823942,0.04414472356438637
ec2_network_in_5abac7:3183:3199,1,autoencoder@0.975,2.7005997,0.04414472356438637
ec2_network_in_5abac7:3191:3207,1,autoencoder@0.975,2.5890257,0.04414472356438637
ec2_network_in_5abac7:3199:3215,1,autoencoder@0.975,0.10411197,0.04414472356438637
ec2_network_in_5abac7:3207:3223,1,autoencoder@0.975,3.0421855,0.04414472356438637
ec2_network_in_5abac7:3215:3231,1,autoencoder@0.975,6.995421,0.04414472356438637
ec2_network_in_5abac7:3223:3239,1,autoencoder@0.975,2.695606,0.04414472356438637
ec2_network_in_5abac7:3231:3247,1,autoencoder@0.975,1.5896195,0.04414472356438637
ec2_network_in_5abac7:3239:3255,1,autoencoder@0.975,0.05187902,0.04414472356438637
ec2_network_in_5abac7:3247:3263,1,autoencoder@0.975,0.0038009216,0.04414472356438637
ec2_network_in_5abac7:3255:3271,1,autoencoder@0.975,3.1457202,0.04414472356438637
ec2_network_in_5abac7:3263:3279,1,autoencoder@0.975,3.0390463,0.04414472356438637
ec2_network_in_5abac7:3271:3287,1,autoencoder@0.975,0.003801269,0.04414472356438637
ec2_network_in_5abac7:3279:3295,1,autoencoder@0.975,0.0038006846,0.04414472356438637
ec2_network_in_5abac7:3287:3303,1,autoencoder@0.975,0.02043973,0.04414472356438637
ec2_network_in_5abac7:3295:3311,1,autoencoder@0.975,0.020925019,0.04414472356438637
ec2_network_in_5abac7:3303:3319,1,autoencoder@0.975,0.0038006231,0.04414472356438637
ec2_network_in_5abac7:3311:3327,1,autoencoder@0.975,0.0037984161,0.04414472356438637
ec2_network_in_5abac7:3319:3335,0,autoencoder@0.975,0.0038012415,0.04414472356438637
ec2_network_in_5abac7:3327:3343,0,autoencoder@0.975,0.0038004601,0.04414472356438637
ec2_network_in_5abac7:3335:3351,0,autoencoder@0.975,0.0037984983,0.04414472356438637
ec2_network_in_5abac7:3343:3359,0,autoencoder@0.975,0.0038005498,0.04414472356438637
ec2_network_in_5abac7:3351:3367,0,autoencoder@0.975,0.0038004392,0.04414472356438637
ec2_network_in_5abac7:3359:3375,0,autoencoder@0.975,0.0037986645,0.04414472356438637
ec2_network_in_5abac7:3367:3383,0,autoencoder@0.975,0.003801206,0.04414472356438637
ec2_network_in_5abac7:3375:3391,0,autoencoder@0.975,0.003799436,0.04414472356438637
ec2_network_in_5abac7:3383:3399,0,autoencoder@0.975,0.0037992788,0.04414472356438637
ec2_network_in_5abac7:3391:3407,0,autoencoder@0.975,0.00380104,0.04414472356438637
ec2_network_in_5abac7:3399:3415,0,autoencoder@0.975,0.003801521,0.04414472356438637
ec2_network_in_5abac7:3407:3423,0,autoencoder@0.975,5.343807,0.04414472356438637
ec2_network_in_5abac7:3415:3431,0,autoencoder@0.975,4.846066,0.04414472356438637
ec2_network_in_5abac7:3423:3439,0,autoencoder@0.975,0.048556104,0.04414472356438637
ec2_network_in_5abac7:3431:3447,0,autoencoder@0.975,0.0038001193,0.04414472356438637
ec2_network_in_5abac7:3439:3455,0,autoencoder@0.975,7.498004,0.04414472356438637
ec2_network_in_5abac7:3447:3463,0,autoencoder@0.975,8.067109,0.04414472356438637
ec2_network_in_5abac7:3455:3471,0,autoencoder@0.975,0.0038004383,0.04414472356438637
ec2_network_in_5abac7:3463:3479,0,autoencoder@0.975,0.0037999244,0.04414472356438637
ec2_network_in_5abac7:3471:3487,0,autoencoder@0.975,0.0038012697,0.04414472356438637
ec2_network_in_5abac7:3479:3495,0,autoencoder@0.975,0.0037999973,0.04414472356438637
ec2_network_in_5abac7:3487:3503,0,autoencoder@0.975,0.0037988664,0.04414472356438637
ec2_network_in_5abac7:3495:3511,0,autoencoder@0.975,0.0037845585,0.04414472356438637
ec2_network_in_5abac7:3503:3519,0,autoencoder@0.975,11.190244,0.04414472356438637
ec2_network_in_5abac7:3511:3527,0,autoencoder@0.975,7.0622473,0.04414472356438637
ec2_network_in_5abac7:3519:3535,0,autoencoder@0.975,3.812125,0.04414472356438637
ec2_network_in_5abac7:3527:3543,0,autoencoder@0.975,2.6154134,0.04414472356438637
ec2_network_in_5abac7:3535:3551,0,autoencoder@0.975,1.6746994,0.04414472356438637
ec2_network_in_5abac7:3543:3559,0,autoencoder@0.975,0.09363034,0.04414472356438637
ec2_network_in_5abac7:3551:3567,0,autoencoder@0.975,0.0038017961,0.04414472356438637
ec2_network_in_5abac7:3559:3575,0,autoencoder@0.975,0.0038009898,0.04414472356438637
ec2_network_in_5abac7:3567:3583,0,autoencoder@0.975,1.1962695,0.04414472356438637
ec2_network_in_5abac7:3575:3591,0,autoencoder@0.975,1.5190119,0.04414472356438637
ec2_network_in_5abac7:3583:3599,0,autoencoder@0.975,0.021662775,0.04414472356438637
ec2_network_in_5abac7:3591:3607,0,autoencoder@0.975,0.003798623,0.04414472356438637
ec2_network_in_5abac7:3599:3615,0,autoencoder@0.975,0.0038013002,0.04414472356438637
ec2_network_in_5abac7:3607:3623,0,autoencoder@0.975,0.003800183,0.04414472356438637
ec2_network_in_5abac7:3615:3631,0,autoencoder@0.975,7.6832647,0.04414472356438637
ec2_network_in_5abac7:3623:3639,0,autoencoder@0.975,8.135258,0.04414472356438637
ec2_network_in_5abac7:3631:3647,0,autoencoder@0.975,0.0038004103,0.04414472356438637
ec2_network_in_5abac7:3639:3655,0,autoencoder@0.975,0.0038038588,0.04414472356438637
ec2_network_in_5abac7:3647:3663,0,autoencoder@0.975,11.023433,0.04414472356438637
ec2_network_in_5abac7:3655:3671,0,autoencoder@0.975,6.954001,0.04414472356438637
ec2_network_in_5abac7:3663:3679,0,autoencoder@0.975,0.0037988783,0.04414472356438637
ec2_network_in_5abac7:3671:3687,0,autoencoder@0.975,0.0038009821,0.04414472356438637
ec2_network_in_5abac7:3679:3695,0,autoencoder@0.975,0.0038008783,0.04414472356438637
ec2_network_in_5abac7:3687:3703,0,autoencoder@0.975,0.003799482,0.04414472356438637
ec2_network_in_5abac7:3695:3711,0,autoencoder@0.975,0.003800542,0.04414472356438637
ec2_network_in_5abac7:3703:3719,0,autoencoder@0.975,3.439927,0.04414472356438637
ec2_network_in_5abac7:3711:3727,0,autoencoder@0.975,2.8301194,0.04414472356438637
ec2_network_in_5abac7:3719:3735,0,autoencoder@0.975,11.2428875,0.04414472356438637
ec2_network_in_5abac7:3727:3743,0,autoencoder@0.975,7.046927,0.04414472356438637
ec2_network_in_5abac7:3735:3751,0,autoencoder@0.975,11.014842,0.04414472356438637
ec2_network_in_5abac7:3743:3759,0,autoencoder@0.975,2.9007623,0.04414472356438637
ec2_network_in_5abac7:3751:3767,0,autoencoder@0.975,2.6131139,0.04414472356438637
ec2_network_in_5abac7:3759:3775,0,autoencoder@0.975,0.0038042525,0.04414472356438637
ec2_network_in_5abac7:2831:2847,0,autoencoder@0.99,0.0038007686,7.275463104248047
ec2_network_in_5abac7:2839:2855,0,autoencoder@0.99,0.0038016576,7.275463104248047
ec2_network_in_5abac7:2847:2863,0,autoencoder@0.99,0.003799695,7.275463104248047
ec2_network_in_5abac7:2855:2871,0,autoencoder@0.99,0.0037993079,7.275463104248047
ec2_network_in_5abac7:2863:2879,0,autoencoder@0.99,0.0038001558,7.275463104248047
ec2_network_in_5abac7:2871:2887,0,autoencoder@0.99,0.07404966,7.275463104248047
ec2_network_in_5abac7:2879:2895,0,autoencoder@0.99,0.054933783,7.275463104248047
ec2_network_in_5abac7:2887:2903,0,autoencoder@0.99,0.0038011363,7.275463104248047
ec2_network_in_5abac7:2895:2911,0,autoencoder@0.99,3.7765913,7.275463104248047
ec2_network_in_5abac7:2903:2919,0,autoencoder@0.99,3.7387292,7.275463104248047
ec2_network_in_5abac7:2911:2927,0,autoencoder@0.99,0.0038005824,7.275463104248047
ec2_network_in_5abac7:2919:2935,0,autoencoder@0.99,0.003799923,7.275463104248047
ec2_network_in_5abac7:2927:2943,0,autoencoder@0.99,0.0038000387,7.275463104248047
ec2_network_in_5abac7:2935:2951,0,autoencoder@0.99,0.003799845,7.275463104248047
ec2_network_in_5abac7:2943:2959,0,autoencoder@0.99,0.0038002615,7.275463104248047
ec2_network_in_5abac7:2951:2967,0,autoencoder@0.99,0.0037998743,7.275463104248047
ec2_network_in_5abac7:2959:2975,0,autoencoder@0.99,0.0037996392,7.275463104248047
ec2_network_in_5abac7:2967:2983,0,autoencoder@0.99,0.0038010704,7.275463104248047
ec2_network_in_5abac7:2975:2991,0,autoencoder@0.99,0.0038005437,7.275463104248047
ec2_network_in_5abac7:2983:2999,0,autoencoder@0.99,0.0037992217,7.275463104248047
ec2_network_in_5abac7:2991:3007,0,autoencoder@0.99,0.0038013242,7.275463104248047
ec2_network_in_5abac7:2999:3015,0,autoencoder@0.99,0.0038008061,7.275463104248047
ec2_network_in_5abac7:3007:3023,0,autoencoder@0.99,0.0037990948,7.275463104248047
ec2_network_in_5abac7:3015:3031,0,autoencoder@0.99,1.9777404,7.275463104248047
ec2_network_in_5abac7:3023:3039,0,autoencoder@0.99,2.6113336,7.275463104248047
ec2_network_in_5abac7:3031:3047,0,autoencoder@0.99,0.0037981952,7.275463104248047
ec2_network_in_5abac7:3039:3055,0,autoencoder@0.99,0.0038008615,7.275463104248047
ec2_network_in_5abac7:3047:3063,0,autoencoder@0.99,0.0038006613,7.275463104248047
ec2_network_in_5abac7:3055:3071,0,autoencoder@0.99,0.0037987789,7.275463104248047
ec2_network_in_5abac7:3063:3079,0,autoencoder@0.99,0.0038008,7.275463104248047
ec2_network_in_5abac7:3071:3087,1,autoencoder@0.99,0.0038004376,7.275463104248047
ec2_network_in_5abac7:3079:3095,1,autoencoder@0.99,0.0037985856,7.275463104248047
ec2_network_in_5abac7:3087:3103,1,autoencoder@0.99,0.0038010222,7.275463104248047
ec2_network_in_5abac7:3095:3111,1,autoencoder@0.99,0.003801058,7.275463104248047
ec2_network_in_5abac7:3103:3119,1,autoencoder@0.99,0.0037993449,7.275463104248047
ec2_network_in_5abac7:3111:3127,1,autoencoder@0.99,0.0038007377,7.275463104248047
ec2_network_in_5abac7:3119:3135,1,autoencoder@0.99,0.0038021016,7.275463104248047
ec2_network_in_5abac7:3127:3143,1,autoencoder@0.99,0.0037978324,7.275463104248047
ec2_network_in_5abac7:3135:3151,1,autoencoder@0.99,0.0038004122,7.275463104248047
ec2_network_in_5abac7:3143:3159,1,autoencoder@0.99,3.1319504,7.275463104248047
ec2_network_in_5abac7:3151:3167,1,autoencoder@0.99,3.025333,7.275463104248047
ec2_network_in_5abac7:3159:3175,1,autoencoder@0.99,0.04478796,7.275463104248047
ec2_network_in_5abac7:3167:3183,1,autoencoder@0.99,0.04521077,7.275463104248047
ec2_network_in_5abac7:3175:3191,1,autoencoder@0.99,3.7823942,7.275463104248047
ec2_network_in_5abac7:3183:3199,1,autoencoder@0.99,2.7005997,7.275463104248047
ec2_network_in_5abac7:3191:3207,1,autoencoder@0.99,2.5890257,7.275463104248047
ec2_network_in_5abac7:3199:3215,1,autoencoder@0.99,0.10411197,7.275463104248047
ec2_network_in_5abac7:3207:3223,1,autoencoder@0.99,3.0421855,7.275463104248047
ec2_network_in_5abac7:3215:3231,1,autoencoder@0.99,6.995421,7.275463104248047
ec2_network_in_5abac7:3223:3239,1,autoencoder@0.99,2.695606,7.275463104248047
ec2_network_in_5abac7:3231:3247,1,autoencoder@0.99,1.5896195,7.275463104248047
ec2_network_in_5abac7:3239:3255,1,autoencoder@0.99,0.05187902,7.275463104248047
ec2_network_in_5abac7:3247:3263,1,autoencoder@0.99,0.0038009216,7.275463104248047
ec2_network_in_5abac7:3255:3271,1,autoencoder@0.99,3.1457202,7.275463104248047
ec2_network_in_5abac7:3263:3279,1,autoencoder@0.99,3.0390463,7.275463104248047
ec2_network_in_5abac7:3271:3287,1,autoencoder@0.99,0.003801269,7.275463104248047
ec2_network_in_5abac7:3279:3295,1,autoencoder@0.99,0.0038006846,7.275463104248047
ec2_network_in_5abac7:3287:3303,1,autoencoder@0.99,0.02043973,7.275463104248047
ec2_network_in_5abac7:3295:3311,1,autoencoder@0.99,0.020925019,7.275463104248047
ec2_network_in_5abac7:3303:3319,1,autoencoder@0.99,0.0038006231,7.275463104248047
ec2_network_in_5abac7:3311:3327,1,autoencoder@0.99,0.0037984161,7.275463104248047
ec2_network_in_5abac7:3319:3335,0,autoencoder@0.99,0.0038012415,7.275463104248047
ec2_network_in_5abac7:3327:3343,0,autoencoder@0.99,0.0038004601,7.275463104248047
ec2_network_in_5abac7:3335:3351,0,autoencoder@0.99,0.0037984983,7.275463104248047
ec2_network_in_5abac7:3343:3359,0,autoencoder@0.99,0.0038005498,7.275463104248047
ec2_network_in_5abac7:3351:3367,0,autoencoder@0.99,0.0038004392,7.275463104248047
ec2_network_in_5abac7:3359:3375,0,autoencoder@0.99,0.0037986645,7.275463104248047
ec2_network_in_5abac7:3367:3383,0,autoencoder@0.99,0.003801206,7.275463104248047
ec2_network_in_5abac7:3375:3391,0,autoencoder@0.99,0.003799436,7.275463104248047
ec2_network_in_5abac7:3383:3399,0,autoencoder@0.99,0.0037992788,7.275463104248047
ec2_network_in_5abac7:3391:3407,0,autoencoder@0.99,0.00380104,7.275463104248047
ec2_network_in_5abac7:3399:3415,0,autoencoder@0.99,0.003801521,7.275463104248047
ec2_network_in_5abac7:3407:3423,0,autoencoder@0.99,5.343807,7.275463104248047
ec2_network_in_5abac7:3415:3431,0,autoencoder@0.99,4.846066,7.275463104248047
ec2_network_in_5abac7:3423:3439,0,autoencoder@0.99,0.048556104,7.275463104248047
ec2_network_in_5abac7:3431:3447,0,autoencoder@0.99,0.0038001193,7.275463104248047
ec2_network_in_5abac7:3439:3455,0,autoencoder@0.99,7.498004,7.275463104248047
ec2_network_in_5abac7:3447:3463,0,autoencoder@0.99,8.067109,7.275463104248047
ec2_network_in_5abac7:3455:3471,0,autoencoder@0.99,0.0038004383,7.275463104248047
ec2_network_in_5abac7:3463:3479,0,autoencoder@0.99,0.0037999244,7.275463104248047
ec2_network_in_5abac7:3471:3487,0,autoencoder@0.99,0.0038012697,7.275463104248047
ec2_network_in_5abac7:3479:3495,0,autoencoder@0.99,0.0037999973,7.275463104248047
ec2_network_in_5abac7:3487:3503,0,autoencoder@0.99,0.0037988664,7.275463104248047
ec2_network_in_5abac7:3495:3511,0,autoencoder@0.99,0.0037845585,7.275463104248047
ec2_network_in_5abac7:3503:3519,0,autoencoder@0.99,11.190244,7.275463104248047
ec2_network_in_5abac7:3511:3527,0,autoencoder@0.99,7.0622473,7.275463104248047
ec2_network_in_5abac7:3519:3535,0,autoencoder@0.99,3.812125,7.275463104248047
ec2_network_in_5abac7:3527:3543,0,autoencoder@0.99,2.6154134,7.275463104248047
ec2_network_in_5abac7:3535:3551,0,autoencoder@0.99,1.6746994,7.275463104248047
ec2_network_in_5abac7:3543:3559,0,autoencoder@0.99,0.09363034,7.275463104248047
ec2_network_in_5abac7:3551:3567,0,autoencoder@0.99,0.0038017961,7.275463104248047
ec2_network_in_5abac7:3559:3575,0,autoencoder@0.99,0.0038009898,7.275463104248047
ec2_network_in_5abac7:3567:3583,0,autoencoder@0.99,1.1962695,7.275463104248047
ec2_network_in_5abac7:3575:3591,0,autoencoder@0.99,1.5190119,7.275463104248047
ec2_network_in_5abac7:3583:3599,0,autoencoder@0.99,0.021662775,7.275463104248047
ec2_network_in_5abac7:3591:3607,0,autoencoder@0.99,0.003798623,7.275463104248047
ec2_network_in_5abac7:3599:3615,0,autoencoder@0.99,0.0038013002,7.275463104248047
ec2_network_in_5abac7:3607:3623,0,autoencoder@0.99,0.003800183,7.275463104248047
ec2_network_in_5abac7:3615:3631,0,autoencoder@0.99,7.6832647,7.275463104248047
ec2_network_in_5abac7:3623:3639,0,autoencoder@0.99,8.135258,7.275463104248047
ec2_network_in_5abac7:3631:3647,0,autoencoder@0.99,0.0038004103,7.275463104248047
ec2_network_in_5abac7:3639:3655,0,autoencoder@0.99,0.0038038588,7.275463104248047
ec2_network_in_5abac7:3647:3663,0,autoencoder@0.99,11.023433,7.275463104248047
ec2_network_in_5abac7:3655:3671,0,autoencoder@0.99,6.954001,7.275463104248047
ec2_network_in_5abac7:3663:3679,0,autoencoder@0.99,0.0037988783,7.275463104248047
ec2_network_in_5abac7:3671:3687,0,autoencoder@0.99,0.0038009821,7.275463104248047
ec2_network_in_5abac7:3679:3695,0,autoencoder@0.99,0.0038008783,7.275463104248047
ec2_network_in_5abac7:3687:3703,0,autoencoder@0.99,0.003799482,7.275463104248047
ec2_network_in_5abac7:3695:3711,0,autoencoder@0.99,0.003800542,7.275463104248047
ec2_network_in_5abac7:3703:3719,0,autoencoder@0.99,3.439927,7.275463104248047
ec2_network_in_5abac7:3711:3727,0,autoencoder@0.99,2.8301194,7.275463104248047
ec2_network_in_5abac7:3719:3735,0,autoencoder@0.99,11.2428875,7.275463104248047
ec2_network_in_5abac7:3727:3743,0,autoencoder@0.99,7.046927,7.275463104248047
ec2_network_in_5abac7:3735:3751,0,autoencoder@0.99,11.014842,7.275463104248047
ec2_network_in_5abac7:3743:3759,0,autoencoder@0.99,2.9007623,7.275463104248047
ec2_network_in_5abac7:3751:3767,0,autoencoder@0.99,2.6131139,7.275463104248047
ec2_network_in_5abac7:3759:3775,0,autoencoder@0.99,0.0038042525,7.275463104248047
ec2_network_in_5abac7:2831:2847,0,max_abs_z@0.95,0.22025445,0.2202807515859604
ec2_network_in_5abac7:2839:2855,0,max_abs_z@0.95,0.22028075,0.2202807515859604
ec2_network_in_5abac7:2847:2863,0,max_abs_z@0.95,0.2202804,0.2202807515859604
ec2_network_in_5abac7:2855:2871,0,max_abs_z@0.95,0.22025445,0.2202807515859604
ec2_network_in_5abac7:2863:2879,0,max_abs_z@0.95,0.22028075,0.2202807515859604
ec2_network_in_5abac7:2871:2887,0,max_abs_z@0.95,0.76367867,0.2202807515859604
ec2_network_in_5abac7:2879:2895,0,max_abs_z@0.95,0.76367855,0.2202807515859604
ec2_network_in_5abac7:2887:2903,0,max_abs_z@0.95,0.22028075,0.2202807515859604
ec2_network_in_5abac7:2895:2911,0,max_abs_z@0.95,9.298215,0.2202807515859604
ec2_network_in_5abac7:2903:2919,0,max_abs_z@0.95,9.298214,0.2202807515859604
ec2_network_in_5abac7:2911:2927,0,max_abs_z@0.95,0.22028075,0.2202807515859604
ec2_network_in_5abac7:2919:2935,0,max_abs_z@0.95,0.2202804,0.2202807515859604
ec2_network_in_5abac7:2927:2943,0,max_abs_z@0.95,0.22025445,0.2202807515859604
ec2_network_in_5abac7:2935:2951,0,max_abs_z@0.95,0.22028075,0.2202807515859604
ec2_network_in_5abac7:2943:2959,0,max_abs_z@0.95,0.2202804,0.2202807515859604
ec2_network_in_5abac7:2951:2967,0,max_abs_z@0.95,0.22025445,0.2202807515859604
ec2_network_in_5abac7:2959:2975,0,max_abs_z@0.95,0.22025445,0.2202807515859604
ec2_network_in_5abac7:2967:2983,0,max_abs_z@0.95,0.22025445,0.2202807515859604
ec2_network_in_5abac7:2975:2991,0,max_abs_z@0.95,0.2202541,0.2202807515859604
ec2_network_in_5abac7:2983:2999,0,max_abs_z@0.95,0.22025445,0.2202807515859604
ec2_network_in_5abac7:2991:3007,0,max_abs_z@0.95,0.22025445,0.2202807515859604
ec2_network_in_5abac7:2999:3015,0,max_abs_z@0.95,0.22025445,0.2202807515859604
ec2_network_in_5abac7:3007:3023,0,max_abs_z@0.95,0.2202541,0.2202807515859604
ec2_network_in_5abac7:3015:3031,0,max_abs_z@0.95,7.077382,0.2202807515859604
ec2_network_in_5abac7:3023:3039,0,max_abs_z@0.95,7.077382,0.2202807515859604
ec2_network_in_5abac7:3031:3047,0,max_abs_z@0.95,0.2202541,0.2202807515859604
ec2_network_in_5abac7:3039:3055,0,max_abs_z@0.95,0.22028075,0.2202807515859604
ec2_network_in_5abac7:3047:3063,0,max_abs_z@0.95,0.2202804,0.2202807515859604
ec2_network_in_5abac7:3055:3071,0,max_abs_z@0.95,0.2202541,0.2202807515859604
ec2_network_in_5abac7:3063:3079,0,max_abs_z@0.95,0.22028075,0.2202807515859604
ec2_network_in_5abac7:3071:3087,1,max_abs_z@0.95,0.22028075,0.2202807515859604
ec2_network_in_5abac7:3079:3095,1,max_abs_z@0.95,0.2202804,0.2202807515859604
ec2_network_in_5abac7:3087:3103,1,max_abs_z@0.95,0.22028075,0.2202807515859604
ec2_network_in_5abac7:3095:3111,1,max_abs_z@0.95,0.22028075,0.2202807515859604
ec2_network_in_5abac7:3103:3119,1,max_abs_z@0.95,0.2202804,0.2202807515859604
ec2_network_in_5abac7:3111:3127,1,max_abs_z@0.95,0.22025445,0.2202807515859604
ec2_network_in_5abac7:3119:3135,1,max_abs_z@0.95,0.22028075,0.2202807515859604
ec2_network_in_5abac7:3127:3143,1,max_abs_z@0.95,0.2202804,0.2202807515859604
ec2_network_in_5abac7:3135:3151,1,max_abs_z@0.95,0.22025445,0.2202807515859604
ec2_network_in_5abac7:3143:3159,1,max_abs_z@0.95,8.348251,0.2202807515859604
ec2_network_in_5abac7:3151:3167,1,max_abs_z@0.95,8.348252,0.2202807515859604
ec2_network_in_5abac7:3159:3175,1,max_abs_z@0.95,0.85884184,0.2202807515859604
ec2_network_in_5abac7:3167:3183,1,max_abs_z@0.95,0.8588423,0.2202807515859604
ec2_network_in_5abac7:3175:3191,1,max_abs_z@0.95,9.304174,0.2202807515859604
ec2_network_in_5abac7:3183:3199,1,max_abs_z@0.95,9.304174,0.2202807515859604
ec2_network_in_5abac7:3191:3207,1,max_abs_z@0.95,8.031212,0.2202807515859604
ec2_network_in_5abac7:3199:3215,1,max_abs_z@0.95,1.2216663,0.2202807515859604
ec2_network_in_5abac7:3207:3223,1,max_abs_z@0.95,8.181124,0.2202807515859604
ec2_network_in_5abac7:3215:3231,1,max_abs_z@0.95,9.394725,0.2202807515859604
ec2_network_in_5abac7:3223:3239,1,max_abs_z@0.95,9.394725,0.2202807515859604
ec2_network_in_5abac7:3231:3247,1,max_abs_z@0.95,6.2751837,0.2202807515859604
ec2_network_in_5abac7:3239:3255,1,max_abs_z@0.95,0.83189297,0.2202807515859604
ec2_network_in_5abac7:3247:3263,1,max_abs_z@0.95,0.2202804,0.2202807515859604
ec2_network_in_5abac7:3255:3271,1,max_abs_z@0.95,8.369817,0.2202807515859604
ec2_network_in_5abac7:3263:3279,1,max_abs_z@0.95,8.369818,0.2202807515859604
ec2_network_in_5abac7:3271:3287,1,max_abs_z@0.95,0.22025445,0.2202807515859604
ec2_network_in_5abac7:3279:3295,1,max_abs_z@0.95,0.22025445,0.2202807515859604
ec2_network_in_5abac7:3287:3303,1,max_abs_z@0.95,0.48442465,0.2202807515859604
ec2_network_in_5abac7:3295:3311,1,max_abs_z@0.95,0.48442498,0.2202807515859604
ec2_network_in_5abac7:3303:3319,1,max_abs_z@0.95,0.22025445,0.2202807515859604
ec2_network_in_5abac7:3311:3327,1,max_abs_z@0.95,0.2202541,0.2202807515859604
ec2_network_in_5abac7:3319:3335,0,max_abs_z@0.95,0.22025445,0.2202807515859604
ec2_network_in_5abac7:3327:3343,0,max_abs_z@0.95,0.22025445,0.2202807515859604
ec2_network_in_5abac7:3335:3351,0,max_abs_z@0.95,0.2202541,0.2202807515859604
ec2_network_in_5abac7:3343:3359,0,max_abs_z@0.95,0.22028075,0.2202807515859604
ec2_network_in_5abac7:3351:3367,0,max_abs_z@0.95,0.2202804,0.2202807515859604
ec2_network_in_5abac7:3359:3375,0,max_abs_z@0.95,0.2202541,0.2202807515859604
ec2_network_in_5abac7:3367:3383,0,max_abs_z@0.95,0.22028075,0.2202807515859604
ec2_network_in_5abac7:3375:3391,0,max_abs_z@0.95,0.2202804,0.2202807515859604
ec2_network_in_5abac7:3383:3399,0,max_abs_z@0.95,0.22027202,0.2202807515859604
ec2_network_in_5abac7:3391:3407,0,max_abs_z@0.95,0.22025445,0.2202807515859604
ec2_network_in_5abac7:3399:3415,0,max_abs_z@0.95,0.22028075,0.2202807515859604
ec2_network_in_5abac7:3407:3423,0,max_abs_z@0.95,10.505297,0.2202807515859604
ec2_network_in_5abac7:3415:3431,0,max_abs_z@0.95,10.505297,0.2202807515859604
ec2_network_in_5abac7:3423:3439,0,max_abs_z@0.95,0.71601105,0.2202807515859604
ec2_network_in_5abac7:3431:3447,0,max_abs_z@0.95,0.2202804,0.2202807515859604
ec2_network_in_5abac7:3439:3455,0,max_abs_z@0.95,13.295844,0.2202807515859604
ec2_network_in_5abac7:3447:3463,0,max_abs_z@0.95,13.295844,0.2202807515859604
ec2_network_in_5abac7:3455:3471,0,max_abs_z@0.95,0.2202804,0.2202807515859604
ec2_network_in_5abac7:3463:3479,0,max_abs_z@0.95,0.22025445,0.2202807515859604
ec2_network_in_5abac7:3471:3487,0,max_abs_z@0.95,0.22028075,0.2202807515859604
ec2_network_in_5abac7:3479:3495,0,max_abs_z@0.95,0.2202804,0.2202807515859604
ec2_network_in_5abac7:3487:3503,0,max_abs_z@0.95,0.2202015,0.2202807515859604
ec2_network_in_5abac7:3495:3511,0,max_abs_z@0.95,0.2175737,0.2202807515859604
ec2_network_in_5abac7:3503:3519,0,max_abs_z@0.95,15.21401,0.2202807515859604
ec2_network_in_5abac7:3511:3527,0,max_abs_z@0.95,15.21401,0.2202807515859604
ec2_network_in_5abac7:3519:3535,0,max_abs_z@0.95,9.339507,0.2202807515859604
ec2_network_in_5abac7:3527:3543,0,max_abs_z@0.95,9.339507,0.2202807515859604
ec2_network_in_5abac7:3535:3551,0,max_abs_z@0.95,6.2384944,0.2202807515859604
ec2_network_in_5abac7:3543:3559,0,max_abs_z@0.95,1.2457341,0.2202807515859604
ec2_network_in_5abac7:3551:3567,0,max_abs_z@0.95,0.22025445,0.2202807515859604
ec2_network_in_5abac7:3559:3575,0,max_abs_z@0.95,0.22025445,0.2202807515859604
ec2_network_in_5abac7:3567:3583,0,max_abs_z@0.95,6.225119,0.2202807515859604
ec2_network_in_5abac7:3575:3591,0,max_abs_z@0.95,6.225119,0.2202807515859604
ec2_network_in_5abac7:3583:3599,0,max_abs_z@0.95,0.376649,0.2202807515859604
ec2_network_in_5abac7:3591:3607,0,max_abs_z@0.95,0.2202541,0.2202807515859604
ec2_network_in_5abac7:3599:3615,0,max_abs_z@0.95,0.22025445,0.2202807515859604
ec2_network_in_5abac7:3607:3623,0,max_abs_z@0.95,0.22025445,0.2202807515859604
ec2_network_in_5abac7:3615:3631,0,max_abs_z@0.95,13.409701,0.2202807515859604
ec2_network_in_5abac7:3623:3639,0,max_abs_z@0.95,13.409701,0.2202807515859604
ec2_network_in_5abac7:3631:3647,0,max_abs_z@0.95,0.2202804,0.2202807515859604
ec2_network_in_5abac7:3639:3655,0,max_abs_z@0.95,0.2202541,0.2202807515859604
ec2_network_in_5abac7:3647:3663,0,max_abs_z@0.95,15.101037,0.2202807515859604
ec2_network_in_5abac7:3655:3671,0,max_abs_z@0.95,15.101037,0.2202807515859604
ec2_network_in_5abac7:3663:3679,0,max_abs_z@0.95,0.2202804,0.2202807515859604
ec2_network_in_5abac7:3671:3687,0,max_abs_z@0.95,0.22028075,0.2202807515859604
ec2_network_in_5abac7:3679:3695,0,max_abs_z@0.95,0.22028075,0.2202807515859604
ec2_network_in_5abac7:3687:3703,0,max_abs_z@0.95,0.2202804,0.2202807515859604
ec2_network_in_5abac7:3695:3711,0,max_abs_z@0.95,0.22025445,0.2202807515859604
ec2_network_in_5abac7:3703:3719,0,max_abs_z@0.95,8.428154,0.2202807515859604
ec2_network_in_5abac7:3711:3727,0,max_abs_z@0.95,8.428154,0.2202807515859604
ec2_network_in_5abac7:3719:3735,0,max_abs_z@0.95,15.201252,0.2202807515859604
ec2_network_in_5abac7:3727:3743,0,max_abs_z@0.95,15.201252,0.2202807515859604
ec2_network_in_5abac7:3735:3751,0,max_abs_z@0.95,15.093776,0.2202807515859604
ec2_network_in_5abac7:3743:3759,0,max_abs_z@0.95,15.093776,0.2202807515859604
ec2_network_in_5abac7:3751:3767,0,max_abs_z@0.95,7.0693407,0.2202807515859604
ec2_network_in_5abac7:3759:3775,0,max_abs_z@0.95,0.2202804,0.2202807515859604
ec2_network_in_5abac7:2831:2847,0,max_abs_z@0.975,0.22025445,0.8440485596656799
ec2_network_in_5abac7:2839:2855,0,max_abs_z@0.975,0.22028075,0.8440485596656799
ec2_network_in_5abac7:2847:2863,0,max_abs_z@0.975,0.2202804,0.8440485596656799
ec2_network_in_5abac7:2855:2871,0,max_abs_z@0.975,0.22025445,0.8440485596656799
ec2_network_in_5abac7:2863:2879,0,max_abs_z@0.975,0.22028075,0.8440485596656799
ec2_network_in_5abac7:2871:2887,0,max_abs_z@0.975,0.76367867,0.8440485596656799
ec2_network_in_5abac7:2879:2895,0,max_abs_z@0.975,0.76367855,0.8440485596656799
ec2_network_in_5abac7:2887:2903,0,max_abs_z@0.975,0.22028075,0.8440485596656799
ec2_network_in_5abac7:2895:2911,0,max_abs_z@0.975,9.298215,0.8440485596656799
ec2_network_in_5abac7:2903:2919,0,max_abs_z@0.975,9.298214,0.8440485596656799
ec2_network_in_5abac7:2911:2927,0,max_abs_z@0.975,0.22028075,0.8440485596656799
ec2_network_in_5abac7:2919:2935,0,max_abs_z@0.975,0.2202804,0.8440485596656799
ec2_network_in_5abac7:2927:2943,0,max_abs_z@0.975,0.22025445,0.8440485596656799
ec2_network_in_5abac7:2935:2951,0,max_abs_z@0.975,0.22028075,0.8440485596656799
ec2_network_in_5abac7:2943:2959,0,max_abs_z@0.975,0.2202804,0.8440485596656799
ec2_network_in_5abac7:2951:2967,0,max_abs_z@0.975,0.22025445,0.8440485596656799
ec2_network_in_5abac7:2959:2975,0,max_abs_z@0.975,0.22025445,0.8440485596656799
ec2_network_in_5abac7:2967:2983,0,max_abs_z@0.975,0.22025445,0.8440485596656799
ec2_network_in_5abac7:2975:2991,0,max_abs_z@0.975,0.2202541,0.8440485596656799
ec2_network_in_5abac7:2983:2999,0,max_abs_z@0.975,0.22025445,0.8440485596656799
ec2_network_in_5abac7:2991:3007,0,max_abs_z@0.975,0.22025445,0.8440485596656799
ec2_network_in_5abac7:2999:3015,0,max_abs_z@0.975,0.22025445,0.8440485596656799
ec2_network_in_5abac7:3007:3023,0,max_abs_z@0.975,0.2202541,0.8440485596656799
ec2_network_in_5abac7:3015:3031,0,max_abs_z@0.975,7.077382,0.8440485596656799
ec2_network_in_5abac7:3023:3039,0,max_abs_z@0.975,7.077382,0.8440485596656799
ec2_network_in_5abac7:3031:3047,0,max_abs_z@0.975,0.2202541,0.8440485596656799
ec2_network_in_5abac7:3039:3055,0,max_abs_z@0.975,0.22028075,0.8440485596656799
ec2_network_in_5abac7:3047:3063,0,max_abs_z@0.975,0.2202804,0.8440485596656799
ec2_network_in_5abac7:3055:3071,0,max_abs_z@0.975,0.2202541,0.8440485596656799
ec2_network_in_5abac7:3063:3079,0,max_abs_z@0.975,0.22028075,0.8440485596656799
ec2_network_in_5abac7:3071:3087,1,max_abs_z@0.975,0.22028075,0.8440485596656799
ec2_network_in_5abac7:3079:3095,1,max_abs_z@0.975,0.2202804,0.8440485596656799
ec2_network_in_5abac7:3087:3103,1,max_abs_z@0.975,0.22028075,0.8440485596656799
ec2_network_in_5abac7:3095:3111,1,max_abs_z@0.975,0.22028075,0.8440485596656799
ec2_network_in_5abac7:3103:3119,1,max_abs_z@0.975,0.2202804,0.8440485596656799
ec2_network_in_5abac7:3111:3127,1,max_abs_z@0.975,0.22025445,0.8440485596656799
ec2_network_in_5abac7:3119:3135,1,max_abs_z@0.975,0.22028075,0.8440485596656799
ec2_network_in_5abac7:3127:3143,1,max_abs_z@0.975,0.2202804,0.8440485596656799
ec2_network_in_5abac7:3135:3151,1,max_abs_z@0.975,0.22025445,0.8440485596656799
ec2_network_in_5abac7:3143:3159,1,max_abs_z@0.975,8.348251,0.8440485596656799
ec2_network_in_5abac7:3151:3167,1,max_abs_z@0.975,8.348252,0.8440485596656799
ec2_network_in_5abac7:3159:3175,1,max_abs_z@0.975,0.85884184,0.8440485596656799
ec2_network_in_5abac7:3167:3183,1,max_abs_z@0.975,0.8588423,0.8440485596656799
ec2_network_in_5abac7:3175:3191,1,max_abs_z@0.975,9.304174,0.8440485596656799
ec2_network_in_5abac7:3183:3199,1,max_abs_z@0.975,9.304174,0.8440485596656799
ec2_network_in_5abac7:3191:3207,1,max_abs_z@0.975,8.031212,0.8440485596656799
ec2_network_in_5abac7:3199:3215,1,max_abs_z@0.975,1.2216663,0.8440485596656799
ec2_network_in_5abac7:3207:3223,1,max_abs_z@0.975,8.181124,0.8440485596656799
ec2_network_in_5abac7:3215:3231,1,max_abs_z@0.975,9.394725,0.8440485596656799
ec2_network_in_5abac7:3223:3239,1,max_abs_z@0.975,9.394725,0.8440485596656799
ec2_network_in_5abac7:3231:3247,1,max_abs_z@0.975,6.2751837,0.8440485596656799
ec2_network_in_5abac7:3239:3255,1,max_abs_z@0.975,0.83189297,0.8440485596656799
ec2_network_in_5abac7:3247:3263,1,max_abs_z@0.975,0.2202804,0.8440485596656799
ec2_network_in_5abac7:3255:3271,1,max_abs_z@0.975,8.369817,0.8440485596656799
ec2_network_in_5abac7:3263:3279,1,max_abs_z@0.975,8.369818,0.8440485596656799
ec2_network_in_5abac7:3271:3287,1,max_abs_z@0.975,0.22025445,0.8440485596656799
ec2_network_in_5abac7:3279:3295,1,max_abs_z@0.975,0.22025445,0.8440485596656799
ec2_network_in_5abac7:3287:3303,1,max_abs_z@0.975,0.48442465,0.8440485596656799
ec2_network_in_5abac7:3295:3311,1,max_abs_z@0.975,0.48442498,0.8440485596656799
ec2_network_in_5abac7:3303:3319,1,max_abs_z@0.975,0.22025445,0.8440485596656799
ec2_network_in_5abac7:3311:3327,1,max_abs_z@0.975,0.2202541,0.8440485596656799
ec2_network_in_5abac7:3319:3335,0,max_abs_z@0.975,0.22025445,0.8440485596656799
ec2_network_in_5abac7:3327:3343,0,max_abs_z@0.975,0.22025445,0.8440485596656799
ec2_network_in_5abac7:3335:3351,0,max_abs_z@0.975,0.2202541,0.8440485596656799
ec2_network_in_5abac7:3343:3359,0,max_abs_z@0.975,0.22028075,0.8440485596656799
ec2_network_in_5abac7:3351:3367,0,max_abs_z@0.975,0.2202804,0.8440485596656799
ec2_network_in_5abac7:3359:3375,0,max_abs_z@0.975,0.2202541,0.8440485596656799
ec2_network_in_5abac7:3367:3383,0,max_abs_z@0.975,0.22028075,0.8440485596656799
ec2_network_in_5abac7:3375:3391,0,max_abs_z@0.975,0.2202804,0.8440485596656799
ec2_network_in_5abac7:3383:3399,0,max_abs_z@0.975,0.22027202,0.8440485596656799
ec2_network_in_5abac7:3391:3407,0,max_abs_z@0.975,0.22025445,0.8440485596656799
ec2_network_in_5abac7:3399:3415,0,max_abs_z@0.975,0.22028075,0.8440485596656799
ec2_network_in_5abac7:3407:3423,0,max_abs_z@0.975,10.505297,0.8440485596656799
ec2_network_in_5abac7:3415:3431,0,max_abs_z@0.975,10.505297,0.8440485596656799
ec2_network_in_5abac7:3423:3439,0,max_abs_z@0.975,0.71601105,0.8440485596656799
ec2_network_in_5abac7:3431:3447,0,max_abs_z@0.975,0.2202804,0.8440485596656799
ec2_network_in_5abac7:3439:3455,0,max_abs_z@0.975,13.295844,0.8440485596656799
ec2_network_in_5abac7:3447:3463,0,max_abs_z@0.975,13.295844,0.8440485596656799
ec2_network_in_5abac7:3455:3471,0,max_abs_z@0.975,0.2202804,0.8440485596656799
ec2_network_in_5abac7:3463:3479,0,max_abs_z@0.975,0.22025445,0.8440485596656799
ec2_network_in_5abac7:3471:3487,0,max_abs_z@0.975,0.22028075,0.8440485596656799
ec2_network_in_5abac7:3479:3495,0,max_abs_z@0.975,0.2202804,0.8440485596656799
ec2_network_in_5abac7:3487:3503,0,max_abs_z@0.975,0.2202015,0.8440485596656799
ec2_network_in_5abac7:3495:3511,0,max_abs_z@0.975,0.2175737,0.8440485596656799
ec2_network_in_5abac7:3503:3519,0,max_abs_z@0.975,15.21401,0.8440485596656799
ec2_network_in_5abac7:3511:3527,0,max_abs_z@0.975,15.21401,0.8440485596656799
ec2_network_in_5abac7:3519:3535,0,max_abs_z@0.975,9.339507,0.8440485596656799
ec2_network_in_5abac7:3527:3543,0,max_abs_z@0.975,9.339507,0.8440485596656799
ec2_network_in_5abac7:3535:3551,0,max_abs_z@0.975,6.2384944,0.8440485596656799
ec2_network_in_5abac7:3543:3559,0,max_abs_z@0.975,1.2457341,0.8440485596656799
ec2_network_in_5abac7:3551:3567,0,max_abs_z@0.975,0.22025445,0.8440485596656799
ec2_network_in_5abac7:3559:3575,0,max_abs_z@0.975,0.22025445,0.8440485596656799
ec2_network_in_5abac7:3567:3583,0,max_abs_z@0.975,6.225119,0.8440485596656799
ec2_network_in_5abac7:3575:3591,0,max_abs_z@0.975,6.225119,0.8440485596656799
ec2_network_in_5abac7:3583:3599,0,max_abs_z@0.975,0.376649,0.8440485596656799
ec2_network_in_5abac7:3591:3607,0,max_abs_z@0.975,0.2202541,0.8440485596656799
ec2_network_in_5abac7:3599:3615,0,max_abs_z@0.975,0.22025445,0.8440485596656799
ec2_network_in_5abac7:3607:3623,0,max_abs_z@0.975,0.22025445,0.8440485596656799
ec2_network_in_5abac7:3615:3631,0,max_abs_z@0.975,13.409701,0.8440485596656799
ec2_network_in_5abac7:3623:3639,0,max_abs_z@0.975,13.409701,0.8440485596656799
ec2_network_in_5abac7:3631:3647,0,max_abs_z@0.975,0.2202804,0.8440485596656799
ec2_network_in_5abac7:3639:3655,0,max_abs_z@0.975,0.2202541,0.8440485596656799
ec2_network_in_5abac7:3647:3663,0,max_abs_z@0.975,15.101037,0.8440485596656799
ec2_network_in_5abac7:3655:3671,0,max_abs_z@0.975,15.101037,0.8440485596656799
ec2_network_in_5abac7:3663:3679,0,max_abs_z@0.975,0.2202804,0.8440485596656799
ec2_network_in_5abac7:3671:3687,0,max_abs_z@0.975,0.22028075,0.8440485596656799
ec2_network_in_5abac7:3679:3695,0,max_abs_z@0.975,0.22028075,0.8440485596656799
ec2_network_in_5abac7:3687:3703,0,max_abs_z@0.975,0.2202804,0.8440485596656799
ec2_network_in_5abac7:3695:3711,0,max_abs_z@0.975,0.22025445,0.8440485596656799
ec2_network_in_5abac7:3703:3719,0,max_abs_z@0.975,8.428154,0.8440485596656799
ec2_network_in_5abac7:3711:3727,0,max_abs_z@0.975,8.428154,0.8440485596656799
ec2_network_in_5abac7:3719:3735,0,max_abs_z@0.975,15.201252,0.8440485596656799
ec2_network_in_5abac7:3727:3743,0,max_abs_z@0.975,15.201252,0.8440485596656799
ec2_network_in_5abac7:3735:3751,0,max_abs_z@0.975,15.093776,0.8440485596656799
ec2_network_in_5abac7:3743:3759,0,max_abs_z@0.975,15.093776,0.8440485596656799
ec2_network_in_5abac7:3751:3767,0,max_abs_z@0.975,7.0693407,0.8440485596656799
ec2_network_in_5abac7:3759:3775,0,max_abs_z@0.975,0.2202804,0.8440485596656799
ec2_network_in_5abac7:2831:2847,0,max_abs_z@0.99,0.22025445,12.2802152633667
ec2_network_in_5abac7:2839:2855,0,max_abs_z@0.99,0.22028075,12.2802152633667
ec2_network_in_5abac7:2847:2863,0,max_abs_z@0.99,0.2202804,12.2802152633667
ec2_network_in_5abac7:2855:2871,0,max_abs_z@0.99,0.22025445,12.2802152633667
ec2_network_in_5abac7:2863:2879,0,max_abs_z@0.99,0.22028075,12.2802152633667
ec2_network_in_5abac7:2871:2887,0,max_abs_z@0.99,0.76367867,12.2802152633667
ec2_network_in_5abac7:2879:2895,0,max_abs_z@0.99,0.76367855,12.2802152633667
ec2_network_in_5abac7:2887:2903,0,max_abs_z@0.99,0.22028075,12.2802152633667
ec2_network_in_5abac7:2895:2911,0,max_abs_z@0.99,9.298215,12.2802152633667
ec2_network_in_5abac7:2903:2919,0,max_abs_z@0.99,9.298214,12.2802152633667
ec2_network_in_5abac7:2911:2927,0,max_abs_z@0.99,0.22028075,12.2802152633667
ec2_network_in_5abac7:2919:2935,0,max_abs_z@0.99,0.2202804,12.2802152633667
ec2_network_in_5abac7:2927:2943,0,max_abs_z@0.99,0.22025445,12.2802152633667
ec2_network_in_5abac7:2935:2951,0,max_abs_z@0.99,0.22028075,12.2802152633667
ec2_network_in_5abac7:2943:2959,0,max_abs_z@0.99,0.2202804,12.2802152633667
ec2_network_in_5abac7:2951:2967,0,max_abs_z@0.99,0.22025445,12.2802152633667
ec2_network_in_5abac7:2959:2975,0,max_abs_z@0.99,0.22025445,12.2802152633667
ec2_network_in_5abac7:2967:2983,0,max_abs_z@0.99,0.22025445,12.2802152633667
ec2_network_in_5abac7:2975:2991,0,max_abs_z@0.99,0.2202541,12.2802152633667
ec2_network_in_5abac7:2983:2999,0,max_abs_z@0.99,0.22025445,12.2802152633667
ec2_network_in_5abac7:2991:3007,0,max_abs_z@0.99,0.22025445,12.2802152633667
ec2_network_in_5abac7:2999:3015,0,max_abs_z@0.99,0.22025445,12.2802152633667
ec2_network_in_5abac7:3007:3023,0,max_abs_z@0.99,0.2202541,12.2802152633667
ec2_network_in_5abac7:3015:3031,0,max_abs_z@0.99,7.077382,12.2802152633667
ec2_network_in_5abac7:3023:3039,0,max_abs_z@0.99,7.077382,12.2802152633667
ec2_network_in_5abac7:3031:3047,0,max_abs_z@0.99,0.2202541,12.2802152633667
ec2_network_in_5abac7:3039:3055,0,max_abs_z@0.99,0.22028075,12.2802152633667
ec2_network_in_5abac7:3047:3063,0,max_abs_z@0.99,0.2202804,12.2802152633667
ec2_network_in_5abac7:3055:3071,0,max_abs_z@0.99,0.2202541,12.2802152633667
ec2_network_in_5abac7:3063:3079,0,max_abs_z@0.99,0.22028075,12.2802152633667
ec2_network_in_5abac7:3071:3087,1,max_abs_z@0.99,0.22028075,12.2802152633667
ec2_network_in_5abac7:3079:3095,1,max_abs_z@0.99,0.2202804,12.2802152633667
ec2_network_in_5abac7:3087:3103,1,max_abs_z@0.99,0.22028075,12.2802152633667
ec2_network_in_5abac7:3095:3111,1,max_abs_z@0.99,0.22028075,12.2802152633667
ec2_network_in_5abac7:3103:3119,1,max_abs_z@0.99,0.2202804,12.2802152633667
ec2_network_in_5abac7:3111:3127,1,max_abs_z@0.99,0.22025445,12.2802152633667
ec2_network_in_5abac7:3119:3135,1,max_abs_z@0.99,0.22028075,12.2802152633667
ec2_network_in_5abac7:3127:3143,1,max_abs_z@0.99,0.2202804,12.2802152633667
ec2_network_in_5abac7:3135:3151,1,max_abs_z@0.99,0.22025445,12.2802152633667
ec2_network_in_5abac7:3143:3159,1,max_abs_z@0.99,8.348251,12.2802152633667
ec2_network_in_5abac7:3151:3167,1,max_abs_z@0.99,8.348252,12.2802152633667
ec2_network_in_5abac7:3159:3175,1,max_abs_z@0.99,0.85884184,12.2802152633667
ec2_network_in_5abac7:3167:3183,1,max_abs_z@0.99,0.8588423,12.2802152633667
ec2_network_in_5abac7:3175:3191,1,max_abs_z@0.99,9.304174,12.2802152633667
ec2_network_in_5abac7:3183:3199,1,max_abs_z@0.99,9.304174,12.2802152633667
ec2_network_in_5abac7:3191:3207,1,max_abs_z@0.99,8.031212,12.2802152633667
ec2_network_in_5abac7:3199:3215,1,max_abs_z@0.99,1.2216663,12.2802152633667
ec2_network_in_5abac7:3207:3223,1,max_abs_z@0.99,8.181124,12.2802152633667
ec2_network_in_5abac7:3215:3231,1,max_abs_z@0.99,9.394725,12.2802152633667
ec2_network_in_5abac7:3223:3239,1,max_abs_z@0.99,9.394725,12.2802152633667
ec2_network_in_5abac7:3231:3247,1,max_abs_z@0.99,6.2751837,12.2802152633667
ec2_network_in_5abac7:3239:3255,1,max_abs_z@0.99,0.83189297,12.2802152633667
ec2_network_in_5abac7:3247:3263,1,max_abs_z@0.99,0.2202804,12.2802152633667
ec2_network_in_5abac7:3255:3271,1,max_abs_z@0.99,8.369817,12.2802152633667
ec2_network_in_5abac7:3263:3279,1,max_abs_z@0.99,8.369818,12.2802152633667
ec2_network_in_5abac7:3271:3287,1,max_abs_z@0.99,0.22025445,12.2802152633667
ec2_network_in_5abac7:3279:3295,1,max_abs_z@0.99,0.22025445,12.2802152633667
ec2_network_in_5abac7:3287:3303,1,max_abs_z@0.99,0.48442465,12.2802152633667
ec2_network_in_5abac7:3295:3311,1,max_abs_z@0.99,0.48442498,12.2802152633667
ec2_network_in_5abac7:3303:3319,1,max_abs_z@0.99,0.22025445,12.2802152633667
ec2_network_in_5abac7:3311:3327,1,max_abs_z@0.99,0.2202541,12.2802152633667
ec2_network_in_5abac7:3319:3335,0,max_abs_z@0.99,0.22025445,12.2802152633667
ec2_network_in_5abac7:3327:3343,0,max_abs_z@0.99,0.22025445,12.2802152633667
ec2_network_in_5abac7:3335:3351,0,max_abs_z@0.99,0.2202541,12.2802152633667
ec2_network_in_5abac7:3343:3359,0,max_abs_z@0.99,0.22028075,12.2802152633667
ec2_network_in_5abac7:3351:3367,0,max_abs_z@0.99,0.2202804,12.2802152633667
ec2_network_in_5abac7:3359:3375,0,max_abs_z@0.99,0.2202541,12.2802152633667
ec2_network_in_5abac7:3367:3383,0,max_abs_z@0.99,0.22028075,12.2802152633667
ec2_network_in_5abac7:3375:3391,0,max_abs_z@0.99,0.2202804,12.2802152633667
ec2_network_in_5abac7:3383:3399,0,max_abs_z@0.99,0.22027202,12.2802152633667
ec2_network_in_5abac7:3391:3407,0,max_abs_z@0.99,0.22025445,12.2802152633667
ec2_network_in_5abac7:3399:3415,0,max_abs_z@0.99,0.22028075,12.2802152633667
ec2_network_in_5abac7:3407:3423,0,max_abs_z@0.99,10.505297,12.2802152633667
ec2_network_in_5abac7:3415:3431,0,max_abs_z@0.99,10.505297,12.2802152633667
ec2_network_in_5abac7:3423:3439,0,max_abs_z@0.99,0.71601105,12.2802152633667
ec2_network_in_5abac7:3431:3447,0,max_abs_z@0.99,0.2202804,12.2802152633667
ec2_network_in_5abac7:3439:3455,0,max_abs_z@0.99,13.295844,12.2802152633667
ec2_network_in_5abac7:3447:3463,0,max_abs_z@0.99,13.295844,12.2802152633667
ec2_network_in_5abac7:3455:3471,0,max_abs_z@0.99,0.2202804,12.2802152633667
ec2_network_in_5abac7:3463:3479,0,max_abs_z@0.99,0.22025445,12.2802152633667
ec2_network_in_5abac7:3471:3487,0,max_abs_z@0.99,0.22028075,12.2802152633667
ec2_network_in_5abac7:3479:3495,0,max_abs_z@0.99,0.2202804,12.2802152633667
ec2_network_in_5abac7:3487:3503,0,max_abs_z@0.99,0.2202015,12.2802152633667
ec2_network_in_5abac7:3495:3511,0,max_abs_z@0.99,0.2175737,12.2802152633667
ec2_network_in_5abac7:3503:3519,0,max_abs_z@0.99,15.21401,12.2802152633667
ec2_network_in_5abac7:3511:3527,0,max_abs_z@0.99,15.21401,12.2802152633667
ec2_network_in_5abac7:3519:3535,0,max_abs_z@0.99,9.339507,12.2802152633667
ec2_network_in_5abac7:3527:3543,0,max_abs_z@0.99,9.339507,12.2802152633667
ec2_network_in_5abac7:3535:3551,0,max_abs_z@0.99,6.2384944,12.2802152633667
ec2_network_in_5abac7:3543:3559,0,max_abs_z@0.99,1.2457341,12.2802152633667
ec2_network_in_5abac7:3551:3567,0,max_abs_z@0.99,0.22025445,12.2802152633667
ec2_network_in_5abac7:3559:3575,0,max_abs_z@0.99,0.22025445,12.2802152633667
ec2_network_in_5abac7:3567:3583,0,max_abs_z@0.99,6.225119,12.2802152633667
ec2_network_in_5abac7:3575:3591,0,max_abs_z@0.99,6.225119,12.2802152633667
ec2_network_in_5abac7:3583:3599,0,max_abs_z@0.99,0.376649,12.2802152633667
ec2_network_in_5abac7:3591:3607,0,max_abs_z@0.99,0.2202541,12.2802152633667
ec2_network_in_5abac7:3599:3615,0,max_abs_z@0.99,0.22025445,12.2802152633667
ec2_network_in_5abac7:3607:3623,0,max_abs_z@0.99,0.22025445,12.2802152633667
ec2_network_in_5abac7:3615:3631,0,max_abs_z@0.99,13.409701,12.2802152633667
ec2_network_in_5abac7:3623:3639,0,max_abs_z@0.99,13.409701,12.2802152633667
ec2_network_in_5abac7:3631:3647,0,max_abs_z@0.99,0.2202804,12.2802152633667
ec2_network_in_5abac7:3639:3655,0,max_abs_z@0.99,0.2202541,12.2802152633667
ec2_network_in_5abac7:3647:3663,0,max_abs_z@0.99,15.101037,12.2802152633667
ec2_network_in_5abac7:3655:3671,0,max_abs_z@0.99,15.101037,12.2802152633667
ec2_network_in_5abac7:3663:3679,0,max_abs_z@0.99,0.2202804,12.2802152633667
ec2_network_in_5abac7:3671:3687,0,max_abs_z@0.99,0.22028075,12.2802152633667
ec2_network_in_5abac7:3679:3695,0,max_abs_z@0.99,0.22028075,12.2802152633667
ec2_network_in_5abac7:3687:3703,0,max_abs_z@0.99,0.2202804,12.2802152633667
ec2_network_in_5abac7:3695:3711,0,max_abs_z@0.99,0.22025445,12.2802152633667
ec2_network_in_5abac7:3703:3719,0,max_abs_z@0.99,8.428154,12.2802152633667
ec2_network_in_5abac7:3711:3727,0,max_abs_z@0.99,8.428154,12.2802152633667
ec2_network_in_5abac7:3719:3735,0,max_abs_z@0.99,15.201252,12.2802152633667
ec2_network_in_5abac7:3727:3743,0,max_abs_z@0.99,15.201252,12.2802152633667
ec2_network_in_5abac7:3735:3751,0,max_abs_z@0.99,15.093776,12.2802152633667
ec2_network_in_5abac7:3743:3759,0,max_abs_z@0.99,15.093776,12.2802152633667
ec2_network_in_5abac7:3751:3767,0,max_abs_z@0.99,7.0693407,12.2802152633667
ec2_network_in_5abac7:3759:3775,0,max_abs_z@0.99,0.2202804,12.2802152633667
ec2_network_in_5abac7:2831:2847,0,rolling_32@0.95,0.0007254393934386822,2.5567838850559608
ec2_network_in_5abac7:2839:2855,0,rolling_32@0.95,0.00047813048787075405,2.5567838850559608
ec2_network_in_5abac7:2847:2863,0,rolling_32@0.95,0.0007254393934386822,2.5567838850559608
ec2_network_in_5abac7:2855:2871,0,rolling_32@0.95,0.001129377398320779,2.5567838850559608
ec2_network_in_5abac7:2863:2879,0,rolling_32@0.95,0.001129377398320779,2.5567838850559608
ec2_network_in_5abac7:2871:2887,0,rolling_32@0.95,11.756853784170243,2.5567838850559608
ec2_network_in_5abac7:2879:2895,0,rolling_32@0.95,11.756853784170243,2.5567838850559608
ec2_network_in_5abac7:2887:2903,0,rolling_32@0.95,0.0007254393934386822,2.5567838850559608
ec2_network_in_5abac7:2895:2911,0,rolling_32@0.95,88.71151253008225,2.5567838850559608
ec2_network_in_5abac7:2903:2919,0,rolling_32@0.95,88.71151253008225,2.5567838850559608
ec2_network_in_5abac7:2911:2927,0,rolling_32@0.95,0.0006100286546988585,2.5567838850559608
ec2_network_in_5abac7:2919:2935,0,rolling_32@0.95,0.0007254393934386822,2.5567838850559608
ec2_network_in_5abac7:2927:2943,0,rolling_32@0.95,0.0007254393934386822,2.5567838850559608
ec2_network_in_5abac7:2935:2951,0,rolling_32@0.95,0.0007254393934386822,2.5567838850559608
ec2_network_in_5abac7:2943:2959,0,rolling_32@0.95,0.0007254393934386822,2.5567838850559608
ec2_network_in_5abac7:2951:2967,0,rolling_32@0.95,0.0007254393934386822,2.5567838850559608
ec2_network_in_5abac7:2959:2975,0,rolling_32@0.95,0.0006100286546988585,2.5567838850559608
ec2_network_in_5abac7:2967:2983,0,rolling_32@0.95,0.0007254393934386822,2.5567838850559608
ec2_network_in_5abac7:2975:2991,0,rolling_32@0.95,0.001129377398320779,2.5567838850559608
ec2_network_in_5abac7:2983:2999,0,rolling_32@0.95,0.001129377398320779,2.5567838850559608
ec2_network_in_5abac7:2991:3007,0,rolling_32@0.95,0.0007254393934386822,2.5567838850559608
ec2_network_in_5abac7:2999:3015,0,rolling_32@0.95,0.0008408503418248628,2.5567838850559608
ec2_network_in_5abac7:3007:3023,0,rolling_32@0.95,0.0008408503418248628,2.5567838850559608
ec2_network_in_5abac7:3015:3031,0,rolling_32@0.95,89.42884575006566,2.5567838850559608
ec2_network_in_5abac7:3023:3039,0,rolling_32@0.95,89.42884575006566,2.5567838850559608
ec2_network_in_5abac7:3031:3047,0,rolling_32@0.95,0.0007254393934386822,2.5567838850559608
ec2_network_in_5abac7:3039:3055,0,rolling_32@0.95,0.0007254393934386822,2.5567838850559608
ec2_network_in_5abac7:3047:3063,0,rolling_32@0.95,0.0007254393934386822,2.5567838850559608
ec2_network_in_5abac7:3055:3071,0,rolling_32@0.95,0.0007254393934386822,2.5567838850559608
ec2_network_in_5abac7:3063:3079,0,rolling_32@0.95,0.0007254393934386822,2.5567838850559608
ec2_network_in_5abac7:3071:3087,1,rolling_32@0.95,0.0007254393934386822,2.5567838850559608
ec2_network_in_5abac7:3079:3095,1,rolling_32@0.95,0.0007254393934386822,2.5567838850559608
ec2_network_in_5abac7:3087:3103,1,rolling_32@0.95,0.0007254393934386822,2.5567838850559608
ec2_network_in_5abac7:3095:3111,1,rolling_32@0.95,0.0006100286546988585,2.5567838850559608
ec2_network_in_5abac7:3103:3119,1,rolling_32@0.95,0.0006100286546988585,2.5567838850559608
ec2_network_in_5abac7:3111:3127,1,rolling_32@0.95,0.0006100286546988585,2.5567838850559608
ec2_network_in_5abac7:3119:3135,1,rolling_32@0.95,0.001129377398320779,2.5567838850559608
ec2_network_in_5abac7:3127:3143,1,rolling_32@0.95,0.001129377398320779,2.5567838850559608
ec2_network_in_5abac7:3135:3151,1,rolling_32@0.95,0.0007254393934386822,2.5567838850559608
ec2_network_in_5abac7:3143:3159,1,rolling_32@0.95,89.47267438388575,2.5567838850559608
ec2_network_in_5abac7:3151:3167,1,rolling_32@0.95,89.47267438388575,2.5567838850559608
ec2_network_in_5abac7:3159:3175,1,rolling_32@0.95,5.841348417438185,2.5567838850559608
ec2_network_in_5abac7:3167:3183,1,rolling_32@0.95,5.841348417438185,2.5567838850559608
ec2_network_in_5abac7:3175:3191,1,rolling_32@0.95,88.76743182150787,2.5567838850559608
ec2_network_in_5abac7:3183:3199,1,rolling_32@0.95,113.834956512704,2.5567838850559608
ec2_network_in_5abac7:3191:3207,1,rolling_32@0.95,113.834956512704,2.5567838850559608
ec2_network_in_5abac7:3199:3215,1,rolling_32@0.95,9.12131300423974,2.5567838850559608
ec2_network_in_5abac7:3207:3223,1,rolling_32@0.95,87.3468537455492,2.5567838850559608
ec2_network_in_5abac7:3215:3231,1,rolling_32@0.95,89.38009979354429,2.5567838850559608
ec2_network_in_5abac7:3223:3239,1,rolling_32@0.95,89.6090432623136,2.5567838850559608
ec2_network_in_5abac7:3231:3247,1,rolling_32@0.95,89.6090432623136,2.5567838850559608
ec2_network_in_5abac7:3239:3255,1,rolling_32@0.95,6.529452472010299,2.5567838850559608
ec2_network_in_5abac7:3247:3263,1,rolling_32@0.95,0.08429112200207722,2.5567838850559608
ec2_network_in_5abac7:3255:3271,1,rolling_32@0.95,89.69882463864398,2.5567838850559608
ec2_network_in_5abac7:3263:3279,1,rolling_32@0.95,89.69882463864398,2.5567838850559608
ec2_network_in_5abac7:3271:3287,1,rolling_32@0.95,0.0007254393934386822,2.5567838850559608
ec2_network_in_5abac7:3279:3295,1,rolling_32@0.95,0.0006100286546988585,2.5567838850559608
ec2_network_in_5abac7:3287:3303,1,rolling_32@0.95,6.011125981110568,2.5567838850559608
ec2_network_in_5abac7:3295:3311,1,rolling_32@0.95,6.011125981110568,2.5567838850559608
ec2_network_in_5abac7:3303:3319,1,rolling_32@0.95,0.0007254393934386822,2.5567838850559608
ec2_network_in_5abac7:3311:3327,1,rolling_32@0.95,0.0007254393934386822,2.5567838850559608
ec2_network_in_5abac7:3319:3335,0,rolling_32@0.95,0.0006100286546988585,2.5567838850559608
ec2_network_in_5abac7:3327:3343,0,rolling_32@0.95,0.0006100286546988585,2.5567838850559608
ec2_network_in_5abac7:3335:3351,0,rolling_32@0.95,0.0006100286546988585,2.5567838850559608
ec2_network_in_5abac7:3343:3359,0,rolling_32@0.95,0.0007254393934386822,2.5567838850559608
ec2_network_in_5abac7:3351:3367,0,rolling_32@0.95,0.0007254393934386822,2.5567838850559608
ec2_network_in_5abac7:3359:3375,0,rolling_32@0.95,0.0007254393934386822,2.5567838850559608
ec2_network_in_5abac7:3367:3383,0,rolling_32@0.95,0.0014920970426285309,2.5567838850559608
ec2_network_in_5abac7:3375:3391,0,rolling_32@0.95,0.0014920970426285309,2.5567838850559608
ec2_network_in_5abac7:3383:3399,0,rolling_32@0.95,0.0006100286546988585,2.5567838850559608
ec2_network_in_5abac7:3391:3407,0,rolling_32@0.95,0.0006100286546988585,2.5567838850559608
ec2_network_in_5abac7:3399:3415,0,rolling_32@0.95,0.0006100286546988585,2.5567838850559608
ec2_network_in_5abac7:3407:3423,0,rolling_32@0.95,89.1767280602228,2.5567838850559608
ec2_network_in_5abac7:3415:3431,0,rolling_32@0.95,89.1767280602228,2.5567838850559608
ec2_network_in_5abac7:3423:3439,0,rolling_32@0.95,9.436601632131941,2.5567838850559608
ec2_network_in_5abac7:3431:3447,0,rolling_32@0.95,0.0006100286546988585,2.5567838850559608
ec2_network_in_5abac7:3439:3455,0,rolling_32@0.95,88.96706506583577,2.5567838850559608
ec2_network_in_5abac7:3447:3463,0,rolling_32@0.95,88.96706506583577,2.5567838850559608
ec2_network_in_5abac7:3455:3471,0,rolling_32@0.95,0.0006100286546988585,2.5567838850559608
ec2_network_in_5abac7:3463:3479,0,rolling_32@0.95,0.0006100286546988585,2.5567838850559608
ec2_network_in_5abac7:3471:3487,0,rolling_32@0.95,0.0006100286546988585,2.5567838850559608
ec2_network_in_5abac7:3479:3495,0,rolling_32@0.95,0.0007254393934386822,2.5567838850559608
ec2_network_in_5abac7:3487:3503,0,rolling_32@0.95,0.03697817778576603,2.5567838850559608
ec2_network_in_5abac7:3495:3511,0,rolling_32@0.95,0.24048593836391072,2.5567838850559608
ec2_network_in_5abac7:3503:3519,0,rolling_32@0.95,89.78002439597212,2.5567838850559608
ec2_network_in_5abac7:3511:3527,0,rolling_32@0.95,89.78002439597212,2.5567838850559608
ec2_network_in_5abac7:3519:3535,0,rolling_32@0.95,89.09890544338354,2.5567838850559608
ec2_network_in_5abac7:3527:3543,0,rolling_32@0.95,89.10337898672904,2.5567838850559608
ec2_network_in_5abac7:3535:3551,0,rolling_32@0.95,89.10337898672904,2.5567838850559608
ec2_network_in_5abac7:3543:3559,0,rolling_32@0.95,9.280939911234995,2.5567838850559608
ec2_network_in_5abac7:3551:3567,0,rolling_32@0.95,0.0006100286546988585,2.5567838850559608
ec2_network_in_5abac7:3559:3575,0,rolling_32@0.95,0.0006100286546988585,2.5567838850559608
ec2_network_in_5abac7:3567:3583,0,rolling_32@0.95,88.91911461692287,2.5567838850559608
ec2_network_in_5abac7:3575:3591,0,rolling_32@0.95,88.91911461692287,2.5567838850559608
ec2_network_in_5abac7:3583:3599,0,rolling_32@0.95,6.995566558490991,2.5567838850559608
ec2_network_in_5abac7:3591:3607,0,rolling_32@0.95,0.0006100286546988585,2.5567838850559608
ec2_network_in_5abac7:3599:3615,0,rolling_32@0.95,0.0004946178111358563,2.5567838850559608
ec2_network_in_5abac7:3607:3623,0,rolling_32@0.95,0.0007666575443666702,2.5567838850559608
ec2_network_in_5abac7:3615:3631,0,rolling_32@0.95,89.71998328945368,2.5567838850559608
ec2_network_in_5abac7:3623:3639,0,rolling_32@0.95,89.71998328945368,2.5567838850559608
ec2_network_in_5abac7:3631:3647,0,rolling_32@0.95,0.0007254393934386822,2.5567838850559608
ec2_network_in_5abac7:3639:3655,0,rolling_32@0.95,0.22734282250355264,2.5567838850559608
ec2_network_in_5abac7:3647:3663,0,rolling_32@0.95,89.1194348304329,2.5567838850559608
ec2_network_in_5abac7:3655:3671,0,rolling_32@0.95,89.1194348304329,2.5567838850559608
ec2_network_in_5abac7:3663:3679,0,rolling_32@0.95,0.0007254393934386822,2.5567838850559608
ec2_network_in_5abac7:3671:3687,0,rolling_32@0.95,0.0006100286546988585,2.5567838850559608
ec2_network_in_5abac7:3679:3695,0,rolling_32@0.95,0.0007254393934386822,2.5567838850559608
ec2_network_in_5abac7:3687:3703,0,rolling_32@0.95,0.0007254393934386822,2.5567838850559608
ec2_network_in_5abac7:3695:3711,0,rolling_32@0.95,0.0007254393934386822,2.5567838850559608
ec2_network_in_5abac7:3703:3719,0,rolling_32@0.95,89.5879478126477,2.5567838850559608
ec2_network_in_5abac7:3711:3727,0,rolling_32@0.95,89.5879478126477,2.5567838850559608
ec2_network_in_5abac7:3719:3735,0,rolling_32@0.95,89.70541954279246,2.5567838850559608
ec2_network_in_5abac7:3727:3743,0,rolling_32@0.95,89.70541954279246,2.5567838850559608
ec2_network_in_5abac7:3735:3751,0,rolling_32@0.95,89.07667512064971,2.5567838850559608
ec2_network_in_5abac7:3743:3759,0,rolling_32@0.95,89.32936986460557,2.5567838850559608
ec2_network_in_5abac7:3751:3767,0,rolling_32@0.95,89.32936986460557,2.5567838850559608
ec2_network_in_5abac7:3759:3775,0,rolling_32@0.95,0.010106690743812796,2.5567838850559608
ec2_network_in_5abac7:2831:2847,0,rolling_32@0.975,0.0007254393934386822,5.754845258023981
ec2_network_in_5abac7:2839:2855,0,rolling_32@0.975,0.00047813048787075405,5.754845258023981
ec2_network_in_5abac7:2847:2863,0,rolling_32@0.975,0.0007254393934386822,5.754845258023981
ec2_network_in_5abac7:2855:2871,0,rolling_32@0.975,0.001129377398320779,5.754845258023981
ec2_network_in_5abac7:2863:2879,0,rolling_32@0.975,0.001129377398320779,5.754845258023981
ec2_network_in_5abac7:2871:2887,0,rolling_32@0.975,11.756853784170243,5.754845258023981
ec2_network_in_5abac7:2879:2895,0,rolling_32@0.975,11.756853784170243,5.754845258023981
ec2_network_in_5abac7:2887:2903,0,rolling_32@0.975,0.0007254393934386822,5.754845258023981
ec2_network_in_5abac7:2895:2911,0,rolling_32@0.975,88.71151253008225,5.754845258023981
ec2_network_in_5abac7:2903:2919,0,rolling_32@0.975,88.71151253008225,5.754845258023981
ec2_network_in_5abac7:2911:2927,0,rolling_32@0.975,0.0006100286546988585,5.754845258023981
ec2_network_in_5abac7:2919:2935,0,rolling_32@0.975,0.0007254393934386822,5.754845258023981
ec2_network_in_5abac7:2927:2943,0,rolling_32@0.975,0.0007254393934386822,5.754845258023981
ec2_network_in_5abac7:2935:2951,0,rolling_32@0.975,0.0007254393934386822,5.754845258023981
ec2_network_in_5abac7:2943:2959,0,rolling_32@0.975,0.0007254393934386822,5.754845258023981
ec2_network_in_5abac7:2951:2967,0,rolling_32@0.975,0.0007254393934386822,5.754845258023981
ec2_network_in_5abac7:2959:2975,0,rolling_32@0.975,0.0006100286546988585,5.754845258023981
ec2_network_in_5abac7:2967:2983,0,rolling_32@0.975,0.0007254393934386822,5.754845258023981
ec2_network_in_5abac7:2975:2991,0,rolling_32@0.975,0.001129377398320779,5.754845258023981
ec2_network_in_5abac7:2983:2999,0,rolling_32@0.975,0.001129377398320779,5.754845258023981
ec2_network_in_5abac7:2991:3007,0,rolling_32@0.975,0.0007254393934386822,5.754845258023981
ec2_network_in_5abac7:2999:3015,0,rolling_32@0.975,0.0008408503418248628,5.754845258023981
ec2_network_in_5abac7:3007:3023,0,rolling_32@0.975,0.0008408503418248628,5.754845258023981
ec2_network_in_5abac7:3015:3031,0,rolling_32@0.975,89.42884575006566,5.754845258023981
ec2_network_in_5abac7:3023:3039,0,rolling_32@0.975,89.42884575006566,5.754845258023981
ec2_network_in_5abac7:3031:3047,0,rolling_32@0.975,0.0007254393934386822,5.754845258023981
ec2_network_in_5abac7:3039:3055,0,rolling_32@0.975,0.0007254393934386822,5.754845258023981
ec2_network_in_5abac7:3047:3063,0,rolling_32@0.975,0.0007254393934386822,5.754845258023981
ec2_network_in_5abac7:3055:3071,0,rolling_32@0.975,0.0007254393934386822,5.754845258023981
ec2_network_in_5abac7:3063:3079,0,rolling_32@0.975,0.0007254393934386822,5.754845258023981
ec2_network_in_5abac7:3071:3087,1,rolling_32@0.975,0.0007254393934386822,5.754845258023981
ec2_network_in_5abac7:3079:3095,1,rolling_32@0.975,0.0007254393934386822,5.754845258023981
ec2_network_in_5abac7:3087:3103,1,rolling_32@0.975,0.0007254393934386822,5.754845258023981
ec2_network_in_5abac7:3095:3111,1,rolling_32@0.975,0.0006100286546988585,5.754845258023981
ec2_network_in_5abac7:3103:3119,1,rolling_32@0.975,0.0006100286546988585,5.754845258023981
ec2_network_in_5abac7:3111:3127,1,rolling_32@0.975,0.0006100286546988585,5.754845258023981
ec2_network_in_5abac7:3119:3135,1,rolling_32@0.975,0.001129377398320779,5.754845258023981
ec2_network_in_5abac7:3127:3143,1,rolling_32@0.975,0.001129377398320779,5.754845258023981
ec2_network_in_5abac7:3135:3151,1,rolling_32@0.975,0.0007254393934386822,5.754845258023981
ec2_network_in_5abac7:3143:3159,1,rolling_32@0.975,89.47267438388575,5.754845258023981
ec2_network_in_5abac7:3151:3167,1,rolling_32@0.975,89.47267438388575,5.754845258023981
ec2_network_in_5abac7:3159:3175,1,rolling_32@0.975,5.841348417438185,5.754845258023981
ec2_network_in_5abac7:3167:3183,1,rolling_32@0.975,5.841348417438185,5.754845258023981
ec2_network_in_5abac7:3175:3191,1,rolling_32@0.975,88.76743182150787,5.754845258023981
ec2_network_in_5abac7:3183:3199,1,rolling_32@0.975,113.834956512704,5.754845258023981
ec2_network_in_5abac7:3191:3207,1,rolling_32@0.975,113.834956512704,5.754845258023981
ec2_network_in_5abac7:3199:3215,1,rolling_32@0.975,9.12131300423974,5.754845258023981
ec2_network_in_5abac7:3207:3223,1,rolling_32@0.975,87.3468537455492,5.754845258023981
ec2_network_in_5abac7:3215:3231,1,rolling_32@0.975,89.38009979354429,5.754845258023981
ec2_network_in_5abac7:3223:3239,1,rolling_32@0.975,89.6090432623136,5.754845258023981
ec2_network_in_5abac7:3231:3247,1,rolling_32@0.975,89.6090432623136,5.754845258023981
ec2_network_in_5abac7:3239:3255,1,rolling_32@0.975,6.529452472010299,5.754845258023981
ec2_network_in_5abac7:3247:3263,1,rolling_32@0.975,0.08429112200207722,5.754845258023981
ec2_network_in_5abac7:3255:3271,1,rolling_32@0.975,89.69882463864398,5.754845258023981
ec2_network_in_5abac7:3263:3279,1,rolling_32@0.975,89.69882463864398,5.754845258023981
ec2_network_in_5abac7:3271:3287,1,rolling_32@0.975,0.0007254393934386822,5.754845258023981
ec2_network_in_5abac7:3279:3295,1,rolling_32@0.975,0.0006100286546988585,5.754845258023981
ec2_network_in_5abac7:3287:3303,1,rolling_32@0.975,6.011125981110568,5.754845258023981
ec2_network_in_5abac7:3295:3311,1,rolling_32@0.975,6.011125981110568,5.754845258023981
ec2_network_in_5abac7:3303:3319,1,rolling_32@0.975,0.0007254393934386822,5.754845258023981
ec2_network_in_5abac7:3311:3327,1,rolling_32@0.975,0.0007254393934386822,5.754845258023981
ec2_network_in_5abac7:3319:3335,0,rolling_32@0.975,0.0006100286546988585,5.754845258023981
ec2_network_in_5abac7:3327:3343,0,rolling_32@0.975,0.0006100286546988585,5.754845258023981
ec2_network_in_5abac7:3335:3351,0,rolling_32@0.975,0.0006100286546988585,5.754845258023981
ec2_network_in_5abac7:3343:3359,0,rolling_32@0.975,0.0007254393934386822,5.754845258023981
ec2_network_in_5abac7:3351:3367,0,rolling_32@0.975,0.0007254393934386822,5.754845258023981
ec2_network_in_5abac7:3359:3375,0,rolling_32@0.975,0.0007254393934386822,5.754845258023981
ec2_network_in_5abac7:3367:3383,0,rolling_32@0.975,0.0014920970426285309,5.754845258023981
ec2_network_in_5abac7:3375:3391,0,rolling_32@0.975,0.0014920970426285309,5.754845258023981
ec2_network_in_5abac7:3383:3399,0,rolling_32@0.975,0.0006100286546988585,5.754845258023981
ec2_network_in_5abac7:3391:3407,0,rolling_32@0.975,0.0006100286546988585,5.754845258023981
ec2_network_in_5abac7:3399:3415,0,rolling_32@0.975,0.0006100286546988585,5.754845258023981
ec2_network_in_5abac7:3407:3423,0,rolling_32@0.975,89.1767280602228,5.754845258023981
ec2_network_in_5abac7:3415:3431,0,rolling_32@0.975,89.1767280602228,5.754845258023981
ec2_network_in_5abac7:3423:3439,0,rolling_32@0.975,9.436601632131941,5.754845258023981
ec2_network_in_5abac7:3431:3447,0,rolling_32@0.975,0.0006100286546988585,5.754845258023981
ec2_network_in_5abac7:3439:3455,0,rolling_32@0.975,88.96706506583577,5.754845258023981
ec2_network_in_5abac7:3447:3463,0,rolling_32@0.975,88.96706506583577,5.754845258023981
ec2_network_in_5abac7:3455:3471,0,rolling_32@0.975,0.0006100286546988585,5.754845258023981
ec2_network_in_5abac7:3463:3479,0,rolling_32@0.975,0.0006100286546988585,5.754845258023981
ec2_network_in_5abac7:3471:3487,0,rolling_32@0.975,0.0006100286546988585,5.754845258023981
ec2_network_in_5abac7:3479:3495,0,rolling_32@0.975,0.0007254393934386822,5.754845258023981
ec2_network_in_5abac7:3487:3503,0,rolling_32@0.975,0.03697817778576603,5.754845258023981
ec2_network_in_5abac7:3495:3511,0,rolling_32@0.975,0.24048593836391072,5.754845258023981
ec2_network_in_5abac7:3503:3519,0,rolling_32@0.975,89.78002439597212,5.754845258023981
ec2_network_in_5abac7:3511:3527,0,rolling_32@0.975,89.78002439597212,5.754845258023981
ec2_network_in_5abac7:3519:3535,0,rolling_32@0.975,89.09890544338354,5.754845258023981
ec2_network_in_5abac7:3527:3543,0,rolling_32@0.975,89.10337898672904,5.754845258023981
ec2_network_in_5abac7:3535:3551,0,rolling_32@0.975,89.10337898672904,5.754845258023981
ec2_network_in_5abac7:3543:3559,0,rolling_32@0.975,9.280939911234995,5.754845258023981
ec2_network_in_5abac7:3551:3567,0,rolling_32@0.975,0.0006100286546988585,5.754845258023981
ec2_network_in_5abac7:3559:3575,0,rolling_32@0.975,0.0006100286546988585,5.754845258023981
ec2_network_in_5abac7:3567:3583,0,rolling_32@0.975,88.91911461692287,5.754845258023981
ec2_network_in_5abac7:3575:3591,0,rolling_32@0.975,88.91911461692287,5.754845258023981
ec2_network_in_5abac7:3583:3599,0,rolling_32@0.975,6.995566558490991,5.754845258023981
ec2_network_in_5abac7:3591:3607,0,rolling_32@0.975,0.0006100286546988585,5.754845258023981
ec2_network_in_5abac7:3599:3615,0,rolling_32@0.975,0.0004946178111358563,5.754845258023981
ec2_network_in_5abac7:3607:3623,0,rolling_32@0.975,0.0007666575443666702,5.754845258023981
ec2_network_in_5abac7:3615:3631,0,rolling_32@0.975,89.71998328945368,5.754845258023981
ec2_network_in_5abac7:3623:3639,0,rolling_32@0.975,89.71998328945368,5.754845258023981
ec2_network_in_5abac7:3631:3647,0,rolling_32@0.975,0.0007254393934386822,5.754845258023981
ec2_network_in_5abac7:3639:3655,0,rolling_32@0.975,0.22734282250355264,5.754845258023981
ec2_network_in_5abac7:3647:3663,0,rolling_32@0.975,89.1194348304329,5.754845258023981
ec2_network_in_5abac7:3655:3671,0,rolling_32@0.975,89.1194348304329,5.754845258023981
ec2_network_in_5abac7:3663:3679,0,rolling_32@0.975,0.0007254393934386822,5.754845258023981
ec2_network_in_5abac7:3671:3687,0,rolling_32@0.975,0.0006100286546988585,5.754845258023981
ec2_network_in_5abac7:3679:3695,0,rolling_32@0.975,0.0007254393934386822,5.754845258023981
ec2_network_in_5abac7:3687:3703,0,rolling_32@0.975,0.0007254393934386822,5.754845258023981
ec2_network_in_5abac7:3695:3711,0,rolling_32@0.975,0.0007254393934386822,5.754845258023981
ec2_network_in_5abac7:3703:3719,0,rolling_32@0.975,89.5879478126477,5.754845258023981
ec2_network_in_5abac7:3711:3727,0,rolling_32@0.975,89.5879478126477,5.754845258023981
ec2_network_in_5abac7:3719:3735,0,rolling_32@0.975,89.70541954279246,5.754845258023981
ec2_network_in_5abac7:3727:3743,0,rolling_32@0.975,89.70541954279246,5.754845258023981
ec2_network_in_5abac7:3735:3751,0,rolling_32@0.975,89.07667512064971,5.754845258023981
ec2_network_in_5abac7:3743:3759,0,rolling_32@0.975,89.32936986460557,5.754845258023981
ec2_network_in_5abac7:3751:3767,0,rolling_32@0.975,89.32936986460557,5.754845258023981
ec2_network_in_5abac7:3759:3775,0,rolling_32@0.975,0.010106690743812796,5.754845258023981
ec2_network_in_5abac7:2831:2847,0,rolling_32@0.99,0.0007254393934386822,72.62530476741635
ec2_network_in_5abac7:2839:2855,0,rolling_32@0.99,0.00047813048787075405,72.62530476741635
ec2_network_in_5abac7:2847:2863,0,rolling_32@0.99,0.0007254393934386822,72.62530476741635
ec2_network_in_5abac7:2855:2871,0,rolling_32@0.99,0.001129377398320779,72.62530476741635
ec2_network_in_5abac7:2863:2879,0,rolling_32@0.99,0.001129377398320779,72.62530476741635
ec2_network_in_5abac7:2871:2887,0,rolling_32@0.99,11.756853784170243,72.62530476741635
ec2_network_in_5abac7:2879:2895,0,rolling_32@0.99,11.756853784170243,72.62530476741635
ec2_network_in_5abac7:2887:2903,0,rolling_32@0.99,0.0007254393934386822,72.62530476741635
ec2_network_in_5abac7:2895:2911,0,rolling_32@0.99,88.71151253008225,72.62530476741635
ec2_network_in_5abac7:2903:2919,0,rolling_32@0.99,88.71151253008225,72.62530476741635
ec2_network_in_5abac7:2911:2927,0,rolling_32@0.99,0.0006100286546988585,72.62530476741635
ec2_network_in_5abac7:2919:2935,0,rolling_32@0.99,0.0007254393934386822,72.62530476741635
ec2_network_in_5abac7:2927:2943,0,rolling_32@0.99,0.0007254393934386822,72.62530476741635
ec2_network_in_5abac7:2935:2951,0,rolling_32@0.99,0.0007254393934386822,72.62530476741635
ec2_network_in_5abac7:2943:2959,0,rolling_32@0.99,0.0007254393934386822,72.62530476741635
ec2_network_in_5abac7:2951:2967,0,rolling_32@0.99,0.0007254393934386822,72.62530476741635
ec2_network_in_5abac7:2959:2975,0,rolling_32@0.99,0.0006100286546988585,72.62530476741635
ec2_network_in_5abac7:2967:2983,0,rolling_32@0.99,0.0007254393934386822,72.62530476741635
ec2_network_in_5abac7:2975:2991,0,rolling_32@0.99,0.001129377398320779,72.62530476741635
ec2_network_in_5abac7:2983:2999,0,rolling_32@0.99,0.001129377398320779,72.62530476741635
ec2_network_in_5abac7:2991:3007,0,rolling_32@0.99,0.0007254393934386822,72.62530476741635
ec2_network_in_5abac7:2999:3015,0,rolling_32@0.99,0.0008408503418248628,72.62530476741635
ec2_network_in_5abac7:3007:3023,0,rolling_32@0.99,0.0008408503418248628,72.62530476741635
ec2_network_in_5abac7:3015:3031,0,rolling_32@0.99,89.42884575006566,72.62530476741635
ec2_network_in_5abac7:3023:3039,0,rolling_32@0.99,89.42884575006566,72.62530476741635
ec2_network_in_5abac7:3031:3047,0,rolling_32@0.99,0.0007254393934386822,72.62530476741635
ec2_network_in_5abac7:3039:3055,0,rolling_32@0.99,0.0007254393934386822,72.62530476741635
ec2_network_in_5abac7:3047:3063,0,rolling_32@0.99,0.0007254393934386822,72.62530476741635
ec2_network_in_5abac7:3055:3071,0,rolling_32@0.99,0.0007254393934386822,72.62530476741635
ec2_network_in_5abac7:3063:3079,0,rolling_32@0.99,0.0007254393934386822,72.62530476741635
ec2_network_in_5abac7:3071:3087,1,rolling_32@0.99,0.0007254393934386822,72.62530476741635
ec2_network_in_5abac7:3079:3095,1,rolling_32@0.99,0.0007254393934386822,72.62530476741635
ec2_network_in_5abac7:3087:3103,1,rolling_32@0.99,0.0007254393934386822,72.62530476741635
ec2_network_in_5abac7:3095:3111,1,rolling_32@0.99,0.0006100286546988585,72.62530476741635
ec2_network_in_5abac7:3103:3119,1,rolling_32@0.99,0.0006100286546988585,72.62530476741635
ec2_network_in_5abac7:3111:3127,1,rolling_32@0.99,0.0006100286546988585,72.62530476741635
ec2_network_in_5abac7:3119:3135,1,rolling_32@0.99,0.001129377398320779,72.62530476741635
ec2_network_in_5abac7:3127:3143,1,rolling_32@0.99,0.001129377398320779,72.62530476741635
ec2_network_in_5abac7:3135:3151,1,rolling_32@0.99,0.0007254393934386822,72.62530476741635
ec2_network_in_5abac7:3143:3159,1,rolling_32@0.99,89.47267438388575,72.62530476741635
ec2_network_in_5abac7:3151:3167,1,rolling_32@0.99,89.47267438388575,72.62530476741635
ec2_network_in_5abac7:3159:3175,1,rolling_32@0.99,5.841348417438185,72.62530476741635
ec2_network_in_5abac7:3167:3183,1,rolling_32@0.99,5.841348417438185,72.62530476741635
ec2_network_in_5abac7:3175:3191,1,rolling_32@0.99,88.76743182150787,72.62530476741635
ec2_network_in_5abac7:3183:3199,1,rolling_32@0.99,113.834956512704,72.62530476741635
ec2_network_in_5abac7:3191:3207,1,rolling_32@0.99,113.834956512704,72.62530476741635
ec2_network_in_5abac7:3199:3215,1,rolling_32@0.99,9.12131300423974,72.62530476741635
ec2_network_in_5abac7:3207:3223,1,rolling_32@0.99,87.3468537455492,72.62530476741635
ec2_network_in_5abac7:3215:3231,1,rolling_32@0.99,89.38009979354429,72.62530476741635
ec2_network_in_5abac7:3223:3239,1,rolling_32@0.99,89.6090432623136,72.62530476741635
ec2_network_in_5abac7:3231:3247,1,rolling_32@0.99,89.6090432623136,72.62530476741635
ec2_network_in_5abac7:3239:3255,1,rolling_32@0.99,6.529452472010299,72.62530476741635
ec2_network_in_5abac7:3247:3263,1,rolling_32@0.99,0.08429112200207722,72.62530476741635
ec2_network_in_5abac7:3255:3271,1,rolling_32@0.99,89.69882463864398,72.62530476741635
ec2_network_in_5abac7:3263:3279,1,rolling_32@0.99,89.69882463864398,72.62530476741635
ec2_network_in_5abac7:3271:3287,1,rolling_32@0.99,0.0007254393934386822,72.62530476741635
ec2_network_in_5abac7:3279:3295,1,rolling_32@0.99,0.0006100286546988585,72.62530476741635
ec2_network_in_5abac7:3287:3303,1,rolling_32@0.99,6.011125981110568,72.62530476741635
ec2_network_in_5abac7:3295:3311,1,rolling_32@0.99,6.011125981110568,72.62530476741635
ec2_network_in_5abac7:3303:3319,1,rolling_32@0.99,0.0007254393934386822,72.62530476741635
ec2_network_in_5abac7:3311:3327,1,rolling_32@0.99,0.0007254393934386822,72.62530476741635
ec2_network_in_5abac7:3319:3335,0,rolling_32@0.99,0.0006100286546988585,72.62530476741635
ec2_network_in_5abac7:3327:3343,0,rolling_32@0.99,0.0006100286546988585,72.62530476741635
ec2_network_in_5abac7:3335:3351,0,rolling_32@0.99,0.0006100286546988585,72.62530476741635
ec2_network_in_5abac7:3343:3359,0,rolling_32@0.99,0.0007254393934386822,72.62530476741635
ec2_network_in_5abac7:3351:3367,0,rolling_32@0.99,0.0007254393934386822,72.62530476741635
ec2_network_in_5abac7:3359:3375,0,rolling_32@0.99,0.0007254393934386822,72.62530476741635
ec2_network_in_5abac7:3367:3383,0,rolling_32@0.99,0.0014920970426285309,72.62530476741635
ec2_network_in_5abac7:3375:3391,0,rolling_32@0.99,0.0014920970426285309,72.62530476741635
ec2_network_in_5abac7:3383:3399,0,rolling_32@0.99,0.0006100286546988585,72.62530476741635
ec2_network_in_5abac7:3391:3407,0,rolling_32@0.99,0.0006100286546988585,72.62530476741635
ec2_network_in_5abac7:3399:3415,0,rolling_32@0.99,0.0006100286546988585,72.62530476741635
ec2_network_in_5abac7:3407:3423,0,rolling_32@0.99,89.1767280602228,72.62530476741635
ec2_network_in_5abac7:3415:3431,0,rolling_32@0.99,89.1767280602228,72.62530476741635
ec2_network_in_5abac7:3423:3439,0,rolling_32@0.99,9.436601632131941,72.62530476741635
ec2_network_in_5abac7:3431:3447,0,rolling_32@0.99,0.0006100286546988585,72.62530476741635
ec2_network_in_5abac7:3439:3455,0,rolling_32@0.99,88.96706506583577,72.62530476741635
ec2_network_in_5abac7:3447:3463,0,rolling_32@0.99,88.96706506583577,72.62530476741635
ec2_network_in_5abac7:3455:3471,0,rolling_32@0.99,0.0006100286546988585,72.62530476741635
ec2_network_in_5abac7:3463:3479,0,rolling_32@0.99,0.0006100286546988585,72.62530476741635
ec2_network_in_5abac7:3471:3487,0,rolling_32@0.99,0.0006100286546988585,72.62530476741635
ec2_network_in_5abac7:3479:3495,0,rolling_32@0.99,0.0007254393934386822,72.62530476741635
ec2_network_in_5abac7:3487:3503,0,rolling_32@0.99,0.03697817778576603,72.62530476741635
ec2_network_in_5abac7:3495:3511,0,rolling_32@0.99,0.24048593836391072,72.62530476741635
ec2_network_in_5abac7:3503:3519,0,rolling_32@0.99,89.78002439597212,72.62530476741635
ec2_network_in_5abac7:3511:3527,0,rolling_32@0.99,89.78002439597212,72.62530476741635
ec2_network_in_5abac7:3519:3535,0,rolling_32@0.99,89.09890544338354,72.62530476741635
ec2_network_in_5abac7:3527:3543,0,rolling_32@0.99,89.10337898672904,72.62530476741635
ec2_network_in_5abac7:3535:3551,0,rolling_32@0.99,89.10337898672904,72.62530476741635
ec2_network_in_5abac7:3543:3559,0,rolling_32@0.99,9.280939911234995,72.62530476741635
ec2_network_in_5abac7:3551:3567,0,rolling_32@0.99,0.0006100286546988585,72.62530476741635
ec2_network_in_5abac7:3559:3575,0,rolling_32@0.99,0.0006100286546988585,72.62530476741635
ec2_network_in_5abac7:3567:3583,0,rolling_32@0.99,88.91911461692287,72.62530476741635
ec2_network_in_5abac7:3575:3591,0,rolling_32@0.99,88.91911461692287,72.62530476741635
ec2_network_in_5abac7:3583:3599,0,rolling_32@0.99,6.995566558490991,72.62530476741635
ec2_network_in_5abac7:3591:3607,0,rolling_32@0.99,0.0006100286546988585,72.62530476741635
ec2_network_in_5abac7:3599:3615,0,rolling_32@0.99,0.0004946178111358563,72.62530476741635
ec2_network_in_5abac7:3607:3623,0,rolling_32@0.99,0.0007666575443666702,72.62530476741635
ec2_network_in_5abac7:3615:3631,0,rolling_32@0.99,89.71998328945368,72.62530476741635
ec2_network_in_5abac7:3623:3639,0,rolling_32@0.99,89.71998328945368,72.62530476741635
ec2_network_in_5abac7:3631:3647,0,rolling_32@0.99,0.0007254393934386822,72.62530476741635
ec2_network_in_5abac7:3639:3655,0,rolling_32@0.99,0.22734282250355264,72.62530476741635
ec2_network_in_5abac7:3647:3663,0,rolling_32@0.99,89.1194348304329,72.62530476741635
ec2_network_in_5abac7:3655:3671,0,rolling_32@0.99,89.1194348304329,72.62530476741635
ec2_network_in_5abac7:3663:3679,0,rolling_32@0.99,0.0007254393934386822,72.62530476741635
ec2_network_in_5abac7:3671:3687,0,rolling_32@0.99,0.0006100286546988585,72.62530476741635
ec2_network_in_5abac7:3679:3695,0,rolling_32@0.99,0.0007254393934386822,72.62530476741635
ec2_network_in_5abac7:3687:3703,0,rolling_32@0.99,0.0007254393934386822,72.62530476741635
ec2_network_in_5abac7:3695:3711,0,rolling_32@0.99,0.0007254393934386822,72.62530476741635
ec2_network_in_5abac7:3703:3719,0,rolling_32@0.99,89.5879478126477,72.62530476741635
ec2_network_in_5abac7:3711:3727,0,rolling_32@0.99,89.5879478126477,72.62530476741635
ec2_network_in_5abac7:3719:3735,0,rolling_32@0.99,89.70541954279246,72.62530476741635
ec2_network_in_5abac7:3727:3743,0,rolling_32@0.99,89.70541954279246,72.62530476741635
ec2_network_in_5abac7:3735:3751,0,rolling_32@0.99,89.07667512064971,72.62530476741635
ec2_network_in_5abac7:3743:3759,0,rolling_32@0.99,89.32936986460557,72.62530476741635
ec2_network_in_5abac7:3751:3767,0,rolling_32@0.99,89.32936986460557,72.62530476741635
ec2_network_in_5abac7:3759:3775,0,rolling_32@0.99,0.010106690743812796,72.62530476741635
ec2_network_in_5abac7:2831:2847,0,rolling_64@0.95,0.0007254393934386822,2.5567838850559608
ec2_network_in_5abac7:2839:2855,0,rolling_64@0.95,0.00047813048787075405,2.5567838850559608
ec2_network_in_5abac7:2847:2863,0,rolling_64@0.95,0.0007254393934386822,2.5567838850559608
ec2_network_in_5abac7:2855:2871,0,rolling_64@0.95,0.001129377398320779,2.5567838850559608
ec2_network_in_5abac7:2863:2879,0,rolling_64@0.95,0.001129377398320779,2.5567838850559608
ec2_network_in_5abac7:2871:2887,0,rolling_64@0.95,11.756853784170243,2.5567838850559608
ec2_network_in_5abac7:2879:2895,0,rolling_64@0.95,11.756853784170243,2.5567838850559608
ec2_network_in_5abac7:2887:2903,0,rolling_64@0.95,0.0007254393934386822,2.5567838850559608
ec2_network_in_5abac7:2895:2911,0,rolling_64@0.95,88.71151253008225,2.5567838850559608
ec2_network_in_5abac7:2903:2919,0,rolling_64@0.95,88.71151253008225,2.5567838850559608
ec2_network_in_5abac7:2911:2927,0,rolling_64@0.95,0.0006100286546988585,2.5567838850559608
ec2_network_in_5abac7:2919:2935,0,rolling_64@0.95,0.0007254393934386822,2.5567838850559608
ec2_network_in_5abac7:2927:2943,0,rolling_64@0.95,0.0007254393934386822,2.5567838850559608
ec2_network_in_5abac7:2935:2951,0,rolling_64@0.95,0.0007254393934386822,2.5567838850559608
ec2_network_in_5abac7:2943:2959,0,rolling_64@0.95,0.0007254393934386822,2.5567838850559608
ec2_network_in_5abac7:2951:2967,0,rolling_64@0.95,0.0007254393934386822,2.5567838850559608
ec2_network_in_5abac7:2959:2975,0,rolling_64@0.95,0.0006100286546988585,2.5567838850559608
ec2_network_in_5abac7:2967:2983,0,rolling_64@0.95,0.0007254393934386822,2.5567838850559608
ec2_network_in_5abac7:2975:2991,0,rolling_64@0.95,0.001129377398320779,2.5567838850559608
ec2_network_in_5abac7:2983:2999,0,rolling_64@0.95,0.001129377398320779,2.5567838850559608
ec2_network_in_5abac7:2991:3007,0,rolling_64@0.95,0.0007254393934386822,2.5567838850559608
ec2_network_in_5abac7:2999:3015,0,rolling_64@0.95,0.0008408503418248628,2.5567838850559608
ec2_network_in_5abac7:3007:3023,0,rolling_64@0.95,0.0008408503418248628,2.5567838850559608
ec2_network_in_5abac7:3015:3031,0,rolling_64@0.95,89.42884575006566,2.5567838850559608
ec2_network_in_5abac7:3023:3039,0,rolling_64@0.95,89.42884575006566,2.5567838850559608
ec2_network_in_5abac7:3031:3047,0,rolling_64@0.95,0.0007254393934386822,2.5567838850559608
ec2_network_in_5abac7:3039:3055,0,rolling_64@0.95,0.0007254393934386822,2.5567838850559608
ec2_network_in_5abac7:3047:3063,0,rolling_64@0.95,0.0007254393934386822,2.5567838850559608
ec2_network_in_5abac7:3055:3071,0,rolling_64@0.95,0.0007254393934386822,2.5567838850559608
ec2_network_in_5abac7:3063:3079,0,rolling_64@0.95,0.0007254393934386822,2.5567838850559608
ec2_network_in_5abac7:3071:3087,1,rolling_64@0.95,0.0007254393934386822,2.5567838850559608
ec2_network_in_5abac7:3079:3095,1,rolling_64@0.95,0.0007254393934386822,2.5567838850559608
ec2_network_in_5abac7:3087:3103,1,rolling_64@0.95,0.0007254393934386822,2.5567838850559608
ec2_network_in_5abac7:3095:3111,1,rolling_64@0.95,0.0006100286546988585,2.5567838850559608
ec2_network_in_5abac7:3103:3119,1,rolling_64@0.95,0.0006100286546988585,2.5567838850559608
ec2_network_in_5abac7:3111:3127,1,rolling_64@0.95,0.0006100286546988585,2.5567838850559608
ec2_network_in_5abac7:3119:3135,1,rolling_64@0.95,0.001129377398320779,2.5567838850559608
ec2_network_in_5abac7:3127:3143,1,rolling_64@0.95,0.001129377398320779,2.5567838850559608
ec2_network_in_5abac7:3135:3151,1,rolling_64@0.95,0.0007254393934386822,2.5567838850559608
ec2_network_in_5abac7:3143:3159,1,rolling_64@0.95,89.47267438388575,2.5567838850559608
ec2_network_in_5abac7:3151:3167,1,rolling_64@0.95,89.47267438388575,2.5567838850559608
ec2_network_in_5abac7:3159:3175,1,rolling_64@0.95,5.841348417438185,2.5567838850559608
ec2_network_in_5abac7:3167:3183,1,rolling_64@0.95,5.841348417438185,2.5567838850559608
ec2_network_in_5abac7:3175:3191,1,rolling_64@0.95,88.76743182150787,2.5567838850559608
ec2_network_in_5abac7:3183:3199,1,rolling_64@0.95,113.8355088358845,2.5567838850559608
ec2_network_in_5abac7:3191:3207,1,rolling_64@0.95,113.8355088358845,2.5567838850559608
ec2_network_in_5abac7:3199:3215,1,rolling_64@0.95,9.12179113472761,2.5567838850559608
ec2_network_in_5abac7:3207:3223,1,rolling_64@0.95,87.719468577773,2.5567838850559608
ec2_network_in_5abac7:3215:3231,1,rolling_64@0.95,89.6163498665767,2.5567838850559608
ec2_network_in_5abac7:3223:3239,1,rolling_64@0.95,89.6163498665767,2.5567838850559608
ec2_network_in_5abac7:3231:3247,1,rolling_64@0.95,89.47438081267167,2.5567838850559608
ec2_network_in_5abac7:3239:3255,1,rolling_64@0.95,6.402124106027682,2.5567838850559608
ec2_network_in_5abac7:3247:3263,1,rolling_64@0.95,0.1774276565098273,2.5567838850559608
ec2_network_in_5abac7:3255:3271,1,rolling_64@0.95,89.69829704629113,2.5567838850559608
ec2_network_in_5abac7:3263:3279,1,rolling_64@0.95,89.69829704629113,2.5567838850559608
ec2_network_in_5abac7:3271:3287,1,rolling_64@0.95,0.0007666576491898487,2.5567838850559608
ec2_network_in_5abac7:3279:3295,1,rolling_64@0.95,0.0006677340764803596,2.5567838850559608
ec2_network_in_5abac7:3287:3303,1,rolling_64@0.95,6.011125981110568,2.5567838850559608
ec2_network_in_5abac7:3295:3311,1,rolling_64@0.95,6.011125981110568,2.5567838850559608
ec2_network_in_5abac7:3303:3319,1,rolling_64@0.95,0.0007254393934386822,2.5567838850559608
ec2_network_in_5abac7:3311:3327,1,rolling_64@0.95,0.0007254393934386822,2.5567838850559608
ec2_network_in_5abac7:3319:3335,0,rolling_64@0.95,0.0006100286546988585,2.5567838850559608
ec2_network_in_5abac7:3327:3343,0,rolling_64@0.95,0.0006100286546988585,2.5567838850559608
ec2_network_in_5abac7:3335:3351,0,rolling_64@0.95,0.0006100286546988585,2.5567838850559608
ec2_network_in_5abac7:3343:3359,0,rolling_64@0.95,0.0007254393934386822,2.5567838850559608
ec2_network_in_5abac7:3351:3367,0,rolling_64@0.95,0.0007254393934386822,2.5567838850559608
ec2_network_in_5abac7:3359:3375,0,rolling_64@0.95,0.0007254393934386822,2.5567838850559608
ec2_network_in_5abac7:3367:3383,0,rolling_64@0.95,0.0014920970426285309,2.5567838850559608
ec2_network_in_5abac7:3375:3391,0,rolling_64@0.95,0.0014920970426285309,2.5567838850559608
ec2_network_in_5abac7:3383:3399,0,rolling_64@0.95,0.0006100286546988585,2.5567838850559608
ec2_network_in_5abac7:3391:3407,0,rolling_64@0.95,0.0006100286546988585,2.5567838850559608
ec2_network_in_5abac7:3399:3415,0,rolling_64@0.95,0.0006100286546988585,2.5567838850559608
ec2_network_in_5abac7:3407:3423,0,rolling_64@0.95,89.1767280602228,2.5567838850559608
ec2_network_in_5abac7:3415:3431,0,rolling_64@0.95,89.1767280602228,2.5567838850559608
ec2_network_in_5abac7:3423:3439,0,rolling_64@0.95,9.436601632131941,2.5567838850559608
ec2_network_in_5abac7:3431:3447,0,rolling_64@0.95,0.0006100286546988585,2.5567838850559608
ec2_network_in_5abac7:3439:3455,0,rolling_64@0.95,88.96706506583577,2.5567838850559608
ec2_network_in_5abac7:3447:3463,0,rolling_64@0.95,88.96706506583577,2.5567838850559608
ec2_network_in_5abac7:3455:3471,0,rolling_64@0.95,0.0006100286546988585,2.5567838850559608
ec2_network_in_5abac7:3463:3479,0,rolling_64@0.95,0.0006100286546988585,2.5567838850559608
ec2_network_in_5abac7:3471:3487,0,rolling_64@0.95,0.0006100286546988585,2.5567838850559608
ec2_network_in_5abac7:3479:3495,0,rolling_64@0.95,0.0007254393934386822,2.5567838850559608
ec2_network_in_5abac7:3487:3503,0,rolling_64@0.95,0.03697817778576603,2.5567838850559608
ec2_network_in_5abac7:3495:3511,0,rolling_64@0.95,0.24048593836391072,2.5567838850559608
ec2_network_in_5abac7:3503:3519,0,rolling_64@0.95,89.78002439597212,2.5567838850559608
ec2_network_in_5abac7:3511:3527,0,rolling_64@0.95,89.78002439597212,2.5567838850559608
ec2_network_in_5abac7:3519:3535,0,rolling_64@0.95,89.09896314880532,2.5567838850559608
ec2_network_in_5abac7:3527:3543,0,rolling_64@0.95,89.10363453924383,2.5567838850559608
ec2_network_in_5abac7:3535:3551,0,rolling_64@0.95,89.10363453924383,2.5567838850559608
ec2_network_in_5abac7:3543:3559,0,rolling_64@0.95,9.281195463749784,2.5567838850559608
ec2_network_in_5abac7:3551:3567,0,rolling_64@0.95,0.0006100286546988585,2.5567838850559608
ec2_network_in_5abac7:3559:3575,0,rolling_64@0.95,0.0006100286546988585,2.5567838850559608
ec2_network_in_5abac7:3567:3583,0,rolling_64@0.95,88.91911461692287,2.5567838850559608
ec2_network_in_5abac7:3575:3591,0,rolling_64@0.95,88.91911461692287,2.5567838850559608
ec2_network_in_5abac7:3583:3599,0,rolling_64@0.95,6.995566558490991,2.5567838850559608
ec2_network_in_5abac7:3591:3607,0,rolling_64@0.95,0.0006100286546988585,2.5567838850559608
ec2_network_in_5abac7:3599:3615,0,rolling_64@0.95,0.0004946178111358563,2.5567838850559608
ec2_network_in_5abac7:3607:3623,0,rolling_64@0.95,0.0007666575443666702,2.5567838850559608
ec2_network_in_5abac7:3615:3631,0,rolling_64@0.95,89.71998328945368,2.5567838850559608
ec2_network_in_5abac7:3623:3639,0,rolling_64@0.95,89.71998328945368,2.5567838850559608
ec2_network_in_5abac7:3631:3647,0,rolling_64@0.95,0.0007254393934386822,2.5567838850559608
ec2_network_in_5abac7:3639:3655,0,rolling_64@0.95,0.22734282250355264,2.5567838850559608
ec2_network_in_5abac7:3647:3663,0,rolling_64@0.95,89.1194348304329,2.5567838850559608
ec2_network_in_5abac7:3655:3671,0,rolling_64@0.95,89.1194348304329,2.5567838850559608
ec2_network_in_5abac7:3663:3679,0,rolling_64@0.95,0.0007254393934386822,2.5567838850559608
ec2_network_in_5abac7:3671:3687,0,rolling_64@0.95,0.0006100286546988585,2.5567838850559608
ec2_network_in_5abac7:3679:3695,0,rolling_64@0.95,0.0007254393934386822,2.5567838850559608
ec2_network_in_5abac7:3687:3703,0,rolling_64@0.95,0.0007254393934386822,2.5567838850559608
ec2_network_in_5abac7:3695:3711,0,rolling_64@0.95,0.0007254393934386822,2.5567838850559608
ec2_network_in_5abac7:3703:3719,0,rolling_64@0.95,89.5879478126477,2.5567838850559608
ec2_network_in_5abac7:3711:3727,0,rolling_64@0.95,89.5879478126477,2.5567838850559608
ec2_network_in_5abac7:3719:3735,0,rolling_64@0.95,89.70541954279246,2.5567838850559608
ec2_network_in_5abac7:3727:3743,0,rolling_64@0.95,89.70541954279246,2.5567838850559608
ec2_network_in_5abac7:3735:3751,0,rolling_64@0.95,89.07698013497706,2.5567838850559608
ec2_network_in_5abac7:3743:3759,0,rolling_64@0.95,89.32986448241671,2.5567838850559608
ec2_network_in_5abac7:3751:3767,0,rolling_64@0.95,89.32986448241671,2.5567838850559608
ec2_network_in_5abac7:3759:3775,0,rolling_64@0.95,0.010353999649380724,2.5567838850559608
ec2_network_in_5abac7:2831:2847,0,rolling_64@0.975,0.0007254393934386822,5.754845258023981
ec2_network_in_5abac7:2839:2855,0,rolling_64@0.975,0.00047813048787075405,5.754845258023981
ec2_network_in_5abac7:2847:2863,0,rolling_64@0.975,0.0007254393934386822,5.754845258023981
ec2_network_in_5abac7:2855:2871,0,rolling_64@0.975,0.001129377398320779,5.754845258023981
ec2_network_in_5abac7:2863:2879,0,rolling_64@0.975,0.001129377398320779,5.754845258023981
ec2_network_in_5abac7:2871:2887,0,rolling_64@0.975,11.756853784170243,5.754845258023981
ec2_network_in_5abac7:2879:2895,0,rolling_64@0.975,11.756853784170243,5.754845258023981
ec2_network_in_5abac7:2887:2903,0,rolling_64@0.975,0.0007254393934386822,5.754845258023981
ec2_network_in_5abac7:2895:2911,0,rolling_64@0.975,88.71151253008225,5.754845258023981
ec2_network_in_5abac7:2903:2919,0,rolling_64@0.975,88.71151253008225,5.754845258023981
ec2_network_in_5abac7:2911:2927,0,rolling_64@0.975,0.0006100286546988585,5.754845258023981
ec2_network_in_5abac7:2919:2935,0,rolling_64@0.975,0.0007254393934386822,5.754845258023981
ec2_network_in_5abac7:2927:2943,0,rolling_64@0.975,0.0007254393934386822,5.754845258023981
ec2_network_in_5abac7:2935:2951,0,rolling_64@0.975,0.0007254393934386822,5.754845258023981
ec2_network_in_5abac7:2943:2959,0,rolling_64@0.975,0.0007254393934386822,5.754845258023981
ec2_network_in_5abac7:2951:2967,0,rolling_64@0.975,0.0007254393934386822,5.754845258023981
ec2_network_in_5abac7:2959:2975,0,rolling_64@0.975,0.0006100286546988585,5.754845258023981
ec2_network_in_5abac7:2967:2983,0,rolling_64@0.975,0.0007254393934386822,5.754845258023981
ec2_network_in_5abac7:2975:2991,0,rolling_64@0.975,0.001129377398320779,5.754845258023981
ec2_network_in_5abac7:2983:2999,0,rolling_64@0.975,0.001129377398320779,5.754845258023981
ec2_network_in_5abac7:2991:3007,0,rolling_64@0.975,0.0007254393934386822,5.754845258023981
ec2_network_in_5abac7:2999:3015,0,rolling_64@0.975,0.0008408503418248628,5.754845258023981
ec2_network_in_5abac7:3007:3023,0,rolling_64@0.975,0.0008408503418248628,5.754845258023981
ec2_network_in_5abac7:3015:3031,0,rolling_64@0.975,89.42884575006566,5.754845258023981
ec2_network_in_5abac7:3023:3039,0,rolling_64@0.975,89.42884575006566,5.754845258023981
ec2_network_in_5abac7:3031:3047,0,rolling_64@0.975,0.0007254393934386822,5.754845258023981
ec2_network_in_5abac7:3039:3055,0,rolling_64@0.975,0.0007254393934386822,5.754845258023981
ec2_network_in_5abac7:3047:3063,0,rolling_64@0.975,0.0007254393934386822,5.754845258023981
ec2_network_in_5abac7:3055:3071,0,rolling_64@0.975,0.0007254393934386822,5.754845258023981
ec2_network_in_5abac7:3063:3079,0,rolling_64@0.975,0.0007254393934386822,5.754845258023981
ec2_network_in_5abac7:3071:3087,1,rolling_64@0.975,0.0007254393934386822,5.754845258023981
ec2_network_in_5abac7:3079:3095,1,rolling_64@0.975,0.0007254393934386822,5.754845258023981
ec2_network_in_5abac7:3087:3103,1,rolling_64@0.975,0.0007254393934386822,5.754845258023981
ec2_network_in_5abac7:3095:3111,1,rolling_64@0.975,0.0006100286546988585,5.754845258023981
ec2_network_in_5abac7:3103:3119,1,rolling_64@0.975,0.0006100286546988585,5.754845258023981
ec2_network_in_5abac7:3111:3127,1,rolling_64@0.975,0.0006100286546988585,5.754845258023981
ec2_network_in_5abac7:3119:3135,1,rolling_64@0.975,0.001129377398320779,5.754845258023981
ec2_network_in_5abac7:3127:3143,1,rolling_64@0.975,0.001129377398320779,5.754845258023981
ec2_network_in_5abac7:3135:3151,1,rolling_64@0.975,0.0007254393934386822,5.754845258023981
ec2_network_in_5abac7:3143:3159,1,rolling_64@0.975,89.47267438388575,5.754845258023981
ec2_network_in_5abac7:3151:3167,1,rolling_64@0.975,89.47267438388575,5.754845258023981
ec2_network_in_5abac7:3159:3175,1,rolling_64@0.975,5.841348417438185,5.754845258023981
ec2_network_in_5abac7:3167:3183,1,rolling_64@0.975,5.841348417438185,5.754845258023981
ec2_network_in_5abac7:3175:3191,1,rolling_64@0.975,88.76743182150787,5.754845258023981
ec2_network_in_5abac7:3183:3199,1,rolling_64@0.975,113.8355088358845,5.754845258023981
ec2_network_in_5abac7:3191:3207,1,rolling_64@0.975,113.8355088358845,5.754845258023981
ec2_network_in_5abac7:3199:3215,1,rolling_64@0.975,9.12179113472761,5.754845258023981
ec2_network_in_5abac7:3207:3223,1,rolling_64@0.975,87.719468577773,5.754845258023981
ec2_network_in_5abac7:3215:3231,1,rolling_64@0.975,89.6163498665767,5.754845258023981
ec2_network_in_5abac7:3223:3239,1,rolling_64@0.975,89.6163498665767,5.754845258023981
ec2_network_in_5abac7:3231:3247,1,rolling_64@0.975,89.47438081267167,5.754845258023981
ec2_network_in_5abac7:3239:3255,1,rolling_64@0.975,6.402124106027682,5.754845258023981
ec2_network_in_5abac7:3247:3263,1,rolling_64@0.975,0.1774276565098273,5.754845258023981
ec2_network_in_5abac7:3255:3271,1,rolling_64@0.975,89.69829704629113,5.754845258023981
ec2_network_in_5abac7:3263:3279,1,rolling_64@0.975,89.69829704629113,5.754845258023981
ec2_network_in_5abac7:3271:3287,1,rolling_64@0.975,0.0007666576491898487,5.754845258023981
ec2_network_in_5abac7:3279:3295,1,rolling_64@0.975,0.0006677340764803596,5.754845258023981
ec2_network_in_5abac7:3287:3303,1,rolling_64@0.975,6.011125981110568,5.754845258023981
ec2_network_in_5abac7:3295:3311,1,rolling_64@0.975,6.011125981110568,5.754845258023981
ec2_network_in_5abac7:3303:3319,1,rolling_64@0.975,0.0007254393934386822,5.754845258023981
ec2_network_in_5abac7:3311:3327,1,rolling_64@0.975,0.0007254393934386822,5.754845258023981
ec2_network_in_5abac7:3319:3335,0,rolling_64@0.975,0.0006100286546988585,5.754845258023981
ec2_network_in_5abac7:3327:3343,0,rolling_64@0.975,0.0006100286546988585,5.754845258023981
ec2_network_in_5abac7:3335:3351,0,rolling_64@0.975,0.0006100286546988585,5.754845258023981
ec2_network_in_5abac7:3343:3359,0,rolling_64@0.975,0.0007254393934386822,5.754845258023981
ec2_network_in_5abac7:3351:3367,0,rolling_64@0.975,0.0007254393934386822,5.754845258023981
ec2_network_in_5abac7:3359:3375,0,rolling_64@0.975,0.0007254393934386822,5.754845258023981
ec2_network_in_5abac7:3367:3383,0,rolling_64@0.975,0.0014920970426285309,5.754845258023981
ec2_network_in_5abac7:3375:3391,0,rolling_64@0.975,0.0014920970426285309,5.754845258023981
ec2_network_in_5abac7:3383:3399,0,rolling_64@0.975,0.0006100286546988585,5.754845258023981
ec2_network_in_5abac7:3391:3407,0,rolling_64@0.975,0.0006100286546988585,5.754845258023981
ec2_network_in_5abac7:3399:3415,0,rolling_64@0.975,0.0006100286546988585,5.754845258023981
ec2_network_in_5abac7:3407:3423,0,rolling_64@0.975,89.1767280602228,5.754845258023981
ec2_network_in_5abac7:3415:3431,0,rolling_64@0.975,89.1767280602228,5.754845258023981
ec2_network_in_5abac7:3423:3439,0,rolling_64@0.975,9.436601632131941,5.754845258023981
ec2_network_in_5abac7:3431:3447,0,rolling_64@0.975,0.0006100286546988585,5.754845258023981
ec2_network_in_5abac7:3439:3455,0,rolling_64@0.975,88.96706506583577,5.754845258023981
ec2_network_in_5abac7:3447:3463,0,rolling_64@0.975,88.96706506583577,5.754845258023981
ec2_network_in_5abac7:3455:3471,0,rolling_64@0.975,0.0006100286546988585,5.754845258023981
ec2_network_in_5abac7:3463:3479,0,rolling_64@0.975,0.0006100286546988585,5.754845258023981
ec2_network_in_5abac7:3471:3487,0,rolling_64@0.975,0.0006100286546988585,5.754845258023981
ec2_network_in_5abac7:3479:3495,0,rolling_64@0.975,0.0007254393934386822,5.754845258023981
ec2_network_in_5abac7:3487:3503,0,rolling_64@0.975,0.03697817778576603,5.754845258023981
ec2_network_in_5abac7:3495:3511,0,rolling_64@0.975,0.24048593836391072,5.754845258023981
ec2_network_in_5abac7:3503:3519,0,rolling_64@0.975,89.78002439597212,5.754845258023981
ec2_network_in_5abac7:3511:3527,0,rolling_64@0.975,89.78002439597212,5.754845258023981
ec2_network_in_5abac7:3519:3535,0,rolling_64@0.975,89.09896314880532,5.754845258023981
ec2_network_in_5abac7:3527:3543,0,rolling_64@0.975,89.10363453924383,5.754845258023981
ec2_network_in_5abac7:3535:3551,0,rolling_64@0.975,89.10363453924383,5.754845258023981
ec2_network_in_5abac7:3543:3559,0,rolling_64@0.975,9.281195463749784,5.754845258023981
ec2_network_in_5abac7:3551:3567,0,rolling_64@0.975,0.0006100286546988585,5.754845258023981
ec2_network_in_5abac7:3559:3575,0,rolling_64@0.975,0.0006100286546988585,5.754845258023981
ec2_network_in_5abac7:3567:3583,0,rolling_64@0.975,88.91911461692287,5.754845258023981
ec2_network_in_5abac7:3575:3591,0,rolling_64@0.975,88.91911461692287,5.754845258023981
ec2_network_in_5abac7:3583:3599,0,rolling_64@0.975,6.995566558490991,5.754845258023981
ec2_network_in_5abac7:3591:3607,0,rolling_64@0.975,0.0006100286546988585,5.754845258023981
ec2_network_in_5abac7:3599:3615,0,rolling_64@0.975,0.0004946178111358563,5.754845258023981
ec2_network_in_5abac7:3607:3623,0,rolling_64@0.975,0.0007666575443666702,5.754845258023981
ec2_network_in_5abac7:3615:3631,0,rolling_64@0.975,89.71998328945368,5.754845258023981
ec2_network_in_5abac7:3623:3639,0,rolling_64@0.975,89.71998328945368,5.754845258023981
ec2_network_in_5abac7:3631:3647,0,rolling_64@0.975,0.0007254393934386822,5.754845258023981
ec2_network_in_5abac7:3639:3655,0,rolling_64@0.975,0.22734282250355264,5.754845258023981
ec2_network_in_5abac7:3647:3663,0,rolling_64@0.975,89.1194348304329,5.754845258023981
ec2_network_in_5abac7:3655:3671,0,rolling_64@0.975,89.1194348304329,5.754845258023981
ec2_network_in_5abac7:3663:3679,0,rolling_64@0.975,0.0007254393934386822,5.754845258023981
ec2_network_in_5abac7:3671:3687,0,rolling_64@0.975,0.0006100286546988585,5.754845258023981
ec2_network_in_5abac7:3679:3695,0,rolling_64@0.975,0.0007254393934386822,5.754845258023981
ec2_network_in_5abac7:3687:3703,0,rolling_64@0.975,0.0007254393934386822,5.754845258023981
ec2_network_in_5abac7:3695:3711,0,rolling_64@0.975,0.0007254393934386822,5.754845258023981
ec2_network_in_5abac7:3703:3719,0,rolling_64@0.975,89.5879478126477,5.754845258023981
ec2_network_in_5abac7:3711:3727,0,rolling_64@0.975,89.5879478126477,5.754845258023981
ec2_network_in_5abac7:3719:3735,0,rolling_64@0.975,89.70541954279246,5.754845258023981
ec2_network_in_5abac7:3727:3743,0,rolling_64@0.975,89.70541954279246,5.754845258023981
ec2_network_in_5abac7:3735:3751,0,rolling_64@0.975,89.07698013497706,5.754845258023981
ec2_network_in_5abac7:3743:3759,0,rolling_64@0.975,89.32986448241671,5.754845258023981
ec2_network_in_5abac7:3751:3767,0,rolling_64@0.975,89.32986448241671,5.754845258023981
ec2_network_in_5abac7:3759:3775,0,rolling_64@0.975,0.010353999649380724,5.754845258023981
ec2_network_in_5abac7:2831:2847,0,rolling_64@0.99,0.0007254393934386822,72.62530476741635
ec2_network_in_5abac7:2839:2855,0,rolling_64@0.99,0.00047813048787075405,72.62530476741635
ec2_network_in_5abac7:2847:2863,0,rolling_64@0.99,0.0007254393934386822,72.62530476741635
ec2_network_in_5abac7:2855:2871,0,rolling_64@0.99,0.001129377398320779,72.62530476741635
ec2_network_in_5abac7:2863:2879,0,rolling_64@0.99,0.001129377398320779,72.62530476741635
ec2_network_in_5abac7:2871:2887,0,rolling_64@0.99,11.756853784170243,72.62530476741635
ec2_network_in_5abac7:2879:2895,0,rolling_64@0.99,11.756853784170243,72.62530476741635
ec2_network_in_5abac7:2887:2903,0,rolling_64@0.99,0.0007254393934386822,72.62530476741635
ec2_network_in_5abac7:2895:2911,0,rolling_64@0.99,88.71151253008225,72.62530476741635
ec2_network_in_5abac7:2903:2919,0,rolling_64@0.99,88.71151253008225,72.62530476741635
ec2_network_in_5abac7:2911:2927,0,rolling_64@0.99,0.0006100286546988585,72.62530476741635
ec2_network_in_5abac7:2919:2935,0,rolling_64@0.99,0.0007254393934386822,72.62530476741635
ec2_network_in_5abac7:2927:2943,0,rolling_64@0.99,0.0007254393934386822,72.62530476741635
ec2_network_in_5abac7:2935:2951,0,rolling_64@0.99,0.0007254393934386822,72.62530476741635
ec2_network_in_5abac7:2943:2959,0,rolling_64@0.99,0.0007254393934386822,72.62530476741635
ec2_network_in_5abac7:2951:2967,0,rolling_64@0.99,0.0007254393934386822,72.62530476741635
ec2_network_in_5abac7:2959:2975,0,rolling_64@0.99,0.0006100286546988585,72.62530476741635
ec2_network_in_5abac7:2967:2983,0,rolling_64@0.99,0.0007254393934386822,72.62530476741635
ec2_network_in_5abac7:2975:2991,0,rolling_64@0.99,0.001129377398320779,72.62530476741635
ec2_network_in_5abac7:2983:2999,0,rolling_64@0.99,0.001129377398320779,72.62530476741635
ec2_network_in_5abac7:2991:3007,0,rolling_64@0.99,0.0007254393934386822,72.62530476741635
ec2_network_in_5abac7:2999:3015,0,rolling_64@0.99,0.0008408503418248628,72.62530476741635
ec2_network_in_5abac7:3007:3023,0,rolling_64@0.99,0.0008408503418248628,72.62530476741635
ec2_network_in_5abac7:3015:3031,0,rolling_64@0.99,89.42884575006566,72.62530476741635
ec2_network_in_5abac7:3023:3039,0,rolling_64@0.99,89.42884575006566,72.62530476741635
ec2_network_in_5abac7:3031:3047,0,rolling_64@0.99,0.0007254393934386822,72.62530476741635
ec2_network_in_5abac7:3039:3055,0,rolling_64@0.99,0.0007254393934386822,72.62530476741635
ec2_network_in_5abac7:3047:3063,0,rolling_64@0.99,0.0007254393934386822,72.62530476741635
ec2_network_in_5abac7:3055:3071,0,rolling_64@0.99,0.0007254393934386822,72.62530476741635
ec2_network_in_5abac7:3063:3079,0,rolling_64@0.99,0.0007254393934386822,72.62530476741635
ec2_network_in_5abac7:3071:3087,1,rolling_64@0.99,0.0007254393934386822,72.62530476741635
ec2_network_in_5abac7:3079:3095,1,rolling_64@0.99,0.0007254393934386822,72.62530476741635
ec2_network_in_5abac7:3087:3103,1,rolling_64@0.99,0.0007254393934386822,72.62530476741635
ec2_network_in_5abac7:3095:3111,1,rolling_64@0.99,0.0006100286546988585,72.62530476741635
ec2_network_in_5abac7:3103:3119,1,rolling_64@0.99,0.0006100286546988585,72.62530476741635
ec2_network_in_5abac7:3111:3127,1,rolling_64@0.99,0.0006100286546988585,72.62530476741635
ec2_network_in_5abac7:3119:3135,1,rolling_64@0.99,0.001129377398320779,72.62530476741635
ec2_network_in_5abac7:3127:3143,1,rolling_64@0.99,0.001129377398320779,72.62530476741635
ec2_network_in_5abac7:3135:3151,1,rolling_64@0.99,0.0007254393934386822,72.62530476741635
ec2_network_in_5abac7:3143:3159,1,rolling_64@0.99,89.47267438388575,72.62530476741635
ec2_network_in_5abac7:3151:3167,1,rolling_64@0.99,89.47267438388575,72.62530476741635
ec2_network_in_5abac7:3159:3175,1,rolling_64@0.99,5.841348417438185,72.62530476741635
ec2_network_in_5abac7:3167:3183,1,rolling_64@0.99,5.841348417438185,72.62530476741635
ec2_network_in_5abac7:3175:3191,1,rolling_64@0.99,88.76743182150787,72.62530476741635
ec2_network_in_5abac7:3183:3199,1,rolling_64@0.99,113.8355088358845,72.62530476741635
ec2_network_in_5abac7:3191:3207,1,rolling_64@0.99,113.8355088358845,72.62530476741635
ec2_network_in_5abac7:3199:3215,1,rolling_64@0.99,9.12179113472761,72.62530476741635
ec2_network_in_5abac7:3207:3223,1,rolling_64@0.99,87.719468577773,72.62530476741635
ec2_network_in_5abac7:3215:3231,1,rolling_64@0.99,89.6163498665767,72.62530476741635
ec2_network_in_5abac7:3223:3239,1,rolling_64@0.99,89.6163498665767,72.62530476741635
ec2_network_in_5abac7:3231:3247,1,rolling_64@0.99,89.47438081267167,72.62530476741635
ec2_network_in_5abac7:3239:3255,1,rolling_64@0.99,6.402124106027682,72.62530476741635
ec2_network_in_5abac7:3247:3263,1,rolling_64@0.99,0.1774276565098273,72.62530476741635
ec2_network_in_5abac7:3255:3271,1,rolling_64@0.99,89.69829704629113,72.62530476741635
ec2_network_in_5abac7:3263:3279,1,rolling_64@0.99,89.69829704629113,72.62530476741635
ec2_network_in_5abac7:3271:3287,1,rolling_64@0.99,0.0007666576491898487,72.62530476741635
ec2_network_in_5abac7:3279:3295,1,rolling_64@0.99,0.0006677340764803596,72.62530476741635
ec2_network_in_5abac7:3287:3303,1,rolling_64@0.99,6.011125981110568,72.62530476741635
ec2_network_in_5abac7:3295:3311,1,rolling_64@0.99,6.011125981110568,72.62530476741635
ec2_network_in_5abac7:3303:3319,1,rolling_64@0.99,0.0007254393934386822,72.62530476741635
ec2_network_in_5abac7:3311:3327,1,rolling_64@0.99,0.0007254393934386822,72.62530476741635
ec2_network_in_5abac7:3319:3335,0,rolling_64@0.99,0.0006100286546988585,72.62530476741635
ec2_network_in_5abac7:3327:3343,0,rolling_64@0.99,0.0006100286546988585,72.62530476741635
ec2_network_in_5abac7:3335:3351,0,rolling_64@0.99,0.0006100286546988585,72.62530476741635
ec2_network_in_5abac7:3343:3359,0,rolling_64@0.99,0.0007254393934386822,72.62530476741635
ec2_network_in_5abac7:3351:3367,0,rolling_64@0.99,0.0007254393934386822,72.62530476741635
ec2_network_in_5abac7:3359:3375,0,rolling_64@0.99,0.0007254393934386822,72.62530476741635
ec2_network_in_5abac7:3367:3383,0,rolling_64@0.99,0.0014920970426285309,72.62530476741635
ec2_network_in_5abac7:3375:3391,0,rolling_64@0.99,0.0014920970426285309,72.62530476741635
ec2_network_in_5abac7:3383:3399,0,rolling_64@0.99,0.0006100286546988585,72.62530476741635
ec2_network_in_5abac7:3391:3407,0,rolling_64@0.99,0.0006100286546988585,72.62530476741635
ec2_network_in_5abac7:3399:3415,0,rolling_64@0.99,0.0006100286546988585,72.62530476741635
ec2_network_in_5abac7:3407:3423,0,rolling_64@0.99,89.1767280602228,72.62530476741635
ec2_network_in_5abac7:3415:3431,0,rolling_64@0.99,89.1767280602228,72.62530476741635
ec2_network_in_5abac7:3423:3439,0,rolling_64@0.99,9.436601632131941,72.62530476741635
ec2_network_in_5abac7:3431:3447,0,rolling_64@0.99,0.0006100286546988585,72.62530476741635
ec2_network_in_5abac7:3439:3455,0,rolling_64@0.99,88.96706506583577,72.62530476741635
ec2_network_in_5abac7:3447:3463,0,rolling_64@0.99,88.96706506583577,72.62530476741635
ec2_network_in_5abac7:3455:3471,0,rolling_64@0.99,0.0006100286546988585,72.62530476741635
ec2_network_in_5abac7:3463:3479,0,rolling_64@0.99,0.0006100286546988585,72.62530476741635
ec2_network_in_5abac7:3471:3487,0,rolling_64@0.99,0.0006100286546988585,72.62530476741635
ec2_network_in_5abac7:3479:3495,0,rolling_64@0.99,0.0007254393934386822,72.62530476741635
ec2_network_in_5abac7:3487:3503,0,rolling_64@0.99,0.03697817778576603,72.62530476741635
ec2_network_in_5abac7:3495:3511,0,rolling_64@0.99,0.24048593836391072,72.62530476741635
ec2_network_in_5abac7:3503:3519,0,rolling_64@0.99,89.78002439597212,72.62530476741635
ec2_network_in_5abac7:3511:3527,0,rolling_64@0.99,89.78002439597212,72.62530476741635
ec2_network_in_5abac7:3519:3535,0,rolling_64@0.99,89.09896314880532,72.62530476741635
ec2_network_in_5abac7:3527:3543,0,rolling_64@0.99,89.10363453924383,72.62530476741635
ec2_network_in_5abac7:3535:3551,0,rolling_64@0.99,89.10363453924383,72.62530476741635
ec2_network_in_5abac7:3543:3559,0,rolling_64@0.99,9.281195463749784,72.62530476741635
ec2_network_in_5abac7:3551:3567,0,rolling_64@0.99,0.0006100286546988585,72.62530476741635
ec2_network_in_5abac7:3559:3575,0,rolling_64@0.99,0.0006100286546988585,72.62530476741635
ec2_network_in_5abac7:3567:3583,0,rolling_64@0.99,88.91911461692287,72.62530476741635
ec2_network_in_5abac7:3575:3591,0,rolling_64@0.99,88.91911461692287,72.62530476741635
ec2_network_in_5abac7:3583:3599,0,rolling_64@0.99,6.995566558490991,72.62530476741635
ec2_network_in_5abac7:3591:3607,0,rolling_64@0.99,0.0006100286546988585,72.62530476741635
ec2_network_in_5abac7:3599:3615,0,rolling_64@0.99,0.0004946178111358563,72.62530476741635
ec2_network_in_5abac7:3607:3623,0,rolling_64@0.99,0.0007666575443666702,72.62530476741635
ec2_network_in_5abac7:3615:3631,0,rolling_64@0.99,89.71998328945368,72.62530476741635
ec2_network_in_5abac7:3623:3639,0,rolling_64@0.99,89.71998328945368,72.62530476741635
ec2_network_in_5abac7:3631:3647,0,rolling_64@0.99,0.0007254393934386822,72.62530476741635
ec2_network_in_5abac7:3639:3655,0,rolling_64@0.99,0.22734282250355264,72.62530476741635
ec2_network_in_5abac7:3647:3663,0,rolling_64@0.99,89.1194348304329,72.62530476741635
ec2_network_in_5abac7:3655:3671,0,rolling_64@0.99,89.1194348304329,72.62530476741635
ec2_network_in_5abac7:3663:3679,0,rolling_64@0.99,0.0007254393934386822,72.62530476741635
ec2_network_in_5abac7:3671:3687,0,rolling_64@0.99,0.0006100286546988585,72.62530476741635
ec2_network_in_5abac7:3679:3695,0,rolling_64@0.99,0.0007254393934386822,72.62530476741635
ec2_network_in_5abac7:3687:3703,0,rolling_64@0.99,0.0007254393934386822,72.62530476741635
ec2_network_in_5abac7:3695:3711,0,rolling_64@0.99,0.0007254393934386822,72.62530476741635
ec2_network_in_5abac7:3703:3719,0,rolling_64@0.99,89.5879478126477,72.62530476741635
ec2_network_in_5abac7:3711:3727,0,rolling_64@0.99,89.5879478126477,72.62530476741635
ec2_network_in_5abac7:3719:3735,0,rolling_64@0.99,89.70541954279246,72.62530476741635
ec2_network_in_5abac7:3727:3743,0,rolling_64@0.99,89.70541954279246,72.62530476741635
ec2_network_in_5abac7:3735:3751,0,rolling_64@0.99,89.07698013497706,72.62530476741635
ec2_network_in_5abac7:3743:3759,0,rolling_64@0.99,89.32986448241671,72.62530476741635
ec2_network_in_5abac7:3751:3767,0,rolling_64@0.99,89.32986448241671,72.62530476741635
ec2_network_in_5abac7:3759:3775,0,rolling_64@0.99,0.010353999649380724,72.62530476741635
ec2_network_in_5abac7:2831:2847,0,rolling_128@0.95,0.0007254393934386822,2.5567838850559608
ec2_network_in_5abac7:2839:2855,0,rolling_128@0.95,0.00047813048787075405,2.5567838850559608
ec2_network_in_5abac7:2847:2863,0,rolling_128@0.95,0.0007254393934386822,2.5567838850559608
ec2_network_in_5abac7:2855:2871,0,rolling_128@0.95,0.001129377398320779,2.5567838850559608
ec2_network_in_5abac7:2863:2879,0,rolling_128@0.95,0.001129377398320779,2.5567838850559608
ec2_network_in_5abac7:2871:2887,0,rolling_128@0.95,11.756853784170243,2.5567838850559608
ec2_network_in_5abac7:2879:2895,0,rolling_128@0.95,11.756853784170243,2.5567838850559608
ec2_network_in_5abac7:2887:2903,0,rolling_128@0.95,0.0007254393934386822,2.5567838850559608
ec2_network_in_5abac7:2895:2911,0,rolling_128@0.95,88.71151253008225,2.5567838850559608
ec2_network_in_5abac7:2903:2919,0,rolling_128@0.95,88.71151253008225,2.5567838850559608
ec2_network_in_5abac7:2911:2927,0,rolling_128@0.95,0.0006100286546988585,2.5567838850559608
ec2_network_in_5abac7:2919:2935,0,rolling_128@0.95,0.0007254393934386822,2.5567838850559608
ec2_network_in_5abac7:2927:2943,0,rolling_128@0.95,0.0007254393934386822,2.5567838850559608
ec2_network_in_5abac7:2935:2951,0,rolling_128@0.95,0.0007254393934386822,2.5567838850559608
ec2_network_in_5abac7:2943:2959,0,rolling_128@0.95,0.0007254393934386822,2.5567838850559608
ec2_network_in_5abac7:2951:2967,0,rolling_128@0.95,0.0007254393934386822,2.5567838850559608
ec2_network_in_5abac7:2959:2975,0,rolling_128@0.95,0.0006100286546988585,2.5567838850559608
ec2_network_in_5abac7:2967:2983,0,rolling_128@0.95,0.0007254393934386822,2.5567838850559608
ec2_network_in_5abac7:2975:2991,0,rolling_128@0.95,0.001129377398320779,2.5567838850559608
ec2_network_in_5abac7:2983:2999,0,rolling_128@0.95,0.001129377398320779,2.5567838850559608
ec2_network_in_5abac7:2991:3007,0,rolling_128@0.95,0.0007254393934386822,2.5567838850559608
ec2_network_in_5abac7:2999:3015,0,rolling_128@0.95,0.0008408503418248628,2.5567838850559608
ec2_network_in_5abac7:3007:3023,0,rolling_128@0.95,0.0008408503418248628,2.5567838850559608
ec2_network_in_5abac7:3015:3031,0,rolling_128@0.95,89.42884575006566,2.5567838850559608
ec2_network_in_5abac7:3023:3039,0,rolling_128@0.95,89.42884575006566,2.5567838850559608
ec2_network_in_5abac7:3031:3047,0,rolling_128@0.95,0.0007254393934386822,2.5567838850559608
ec2_network_in_5abac7:3039:3055,0,rolling_128@0.95,0.0007254393934386822,2.5567838850559608
ec2_network_in_5abac7:3047:3063,0,rolling_128@0.95,0.0007254393934386822,2.5567838850559608
ec2_network_in_5abac7:3055:3071,0,rolling_128@0.95,0.0007254393934386822,2.5567838850559608
ec2_network_in_5abac7:3063:3079,0,rolling_128@0.95,0.0007254393934386822,2.5567838850559608
ec2_network_in_5abac7:3071:3087,1,rolling_128@0.95,0.0007254393934386822,2.5567838850559608
ec2_network_in_5abac7:3079:3095,1,rolling_128@0.95,0.0007254393934386822,2.5567838850559608
ec2_network_in_5abac7:3087:3103,1,rolling_128@0.95,0.0007254393934386822,2.5567838850559608
ec2_network_in_5abac7:3095:3111,1,rolling_128@0.95,0.0006100286546988585,2.5567838850559608
ec2_network_in_5abac7:3103:3119,1,rolling_128@0.95,0.0006100286546988585,2.5567838850559608
ec2_network_in_5abac7:3111:3127,1,rolling_128@0.95,0.0006100286546988585,2.5567838850559608
ec2_network_in_5abac7:3119:3135,1,rolling_128@0.95,0.001129377398320779,2.5567838850559608
ec2_network_in_5abac7:3127:3143,1,rolling_128@0.95,0.001129377398320779,2.5567838850559608
ec2_network_in_5abac7:3135:3151,1,rolling_128@0.95,0.0007254393934386822,2.5567838850559608
ec2_network_in_5abac7:3143:3159,1,rolling_128@0.95,89.47267438388575,2.5567838850559608
ec2_network_in_5abac7:3151:3167,1,rolling_128@0.95,89.47267438388575,2.5567838850559608
ec2_network_in_5abac7:3159:3175,1,rolling_128@0.95,5.841348417438185,2.5567838850559608
ec2_network_in_5abac7:3167:3183,1,rolling_128@0.95,5.841348417438185,2.5567838850559608
ec2_network_in_5abac7:3175:3191,1,rolling_128@0.95,88.76743182150787,2.5567838850559608
ec2_network_in_5abac7:3183:3199,1,rolling_128@0.95,113.83562424672806,2.5567838850559608
ec2_network_in_5abac7:3191:3207,1,rolling_128@0.95,113.83562424672806,2.5567838850559608
ec2_network_in_5abac7:3199:3215,1,rolling_128@0.95,9.12203844363318,2.5567838850559608
ec2_network_in_5abac7:3207:3223,1,rolling_128@0.95,87.7200786064277,2.5567838850559608
ec2_network_in_5abac7:3215:3231,1,rolling_128@0.95,89.61695989512657,2.5567838850559608
ec2_network_in_5abac7:3223:3239,1,rolling_128@0.95,89.61695989512657,2.5567838850559608
ec2_network_in_5abac7:3231:3247,1,rolling_128@0.95,89.60954612373396,2.5567838850559608
ec2_network_in_5abac7:3239:3255,1,rolling_128@0.95,6.544211318558669,2.5567838850559608
ec2_network_in_5abac7:3247:3263,1,rolling_128@0.95,0.0006677340764803596,2.5567838850559608
ec2_network_in_5abac7:3255:3271,1,rolling_128@0.95,89.69851962431663,2.5567838850559608
ec2_network_in_5abac7:3263:3279,1,rolling_128@0.95,89.69851962431663,2.5567838850559608
ec2_network_in_5abac7:3271:3287,1,rolling_128@0.95,0.0008903121019738127,2.5567838850559608
ec2_network_in_5abac7:3279:3295,1,rolling_128@0.95,0.0007254394982618606,2.5567838850559608
ec2_network_in_5abac7:3287:3303,1,rolling_128@0.95,6.010820966783219,2.5567838850559608
ec2_network_in_5abac7:3295:3311,1,rolling_128@0.95,6.010820966783219,2.5567838850559608
ec2_network_in_5abac7:3303:3319,1,rolling_128@0.95,0.0006677340764803596,2.5567838850559608
ec2_network_in_5abac7:3311:3327,1,rolling_128@0.95,0.0006100286546988585,2.5567838850559608
ec2_network_in_5abac7:3319:3335,0,rolling_128@0.95,0.0006100286546988585,2.5567838850559608
ec2_network_in_5abac7:3327:3343,0,rolling_128@0.95,0.0006100286546988585,2.5567838850559608
ec2_network_in_5abac7:3335:3351,0,rolling_128@0.95,0.0006100286546988585,2.5567838850559608
ec2_network_in_5abac7:3343:3359,0,rolling_128@0.95,0.0007254393934386822,2.5567838850559608
ec2_network_in_5abac7:3351:3367,0,rolling_128@0.95,0.0007254393934386822,2.5567838850559608
ec2_network_in_5abac7:3359:3375,0,rolling_128@0.95,0.0007254393934386822,2.5567838850559608
ec2_network_in_5abac7:3367:3383,0,rolling_128@0.95,0.0014920970426285309,2.5567838850559608
ec2_network_in_5abac7:3375:3391,0,rolling_128@0.95,0.0014920970426285309,2.5567838850559608
ec2_network_in_5abac7:3383:3399,0,rolling_128@0.95,0.0006100286546988585,2.5567838850559608
ec2_network_in_5abac7:3391:3407,0,rolling_128@0.95,0.0006100286546988585,2.5567838850559608
ec2_network_in_5abac7:3399:3415,0,rolling_128@0.95,0.0006100286546988585,2.5567838850559608
ec2_network_in_5abac7:3407:3423,0,rolling_128@0.95,89.1767280602228,2.5567838850559608
ec2_network_in_5abac7:3415:3431,0,rolling_128@0.95,89.1767280602228,2.5567838850559608
ec2_network_in_5abac7:3423:3439,0,rolling_128@0.95,9.436601632131941,2.5567838850559608
ec2_network_in_5abac7:3431:3447,0,rolling_128@0.95,0.0006100286546988585,2.5567838850559608
ec2_network_in_5abac7:3439:3455,0,rolling_128@0.95,88.96706506583577,2.5567838850559608
ec2_network_in_5abac7:3447:3463,0,rolling_128@0.95,88.96706506583577,2.5567838850559608
ec2_network_in_5abac7:3455:3471,0,rolling_128@0.95,0.0006100286546988585,2.5567838850559608
ec2_network_in_5abac7:3463:3479,0,rolling_128@0.95,0.0006100286546988585,2.5567838850559608
ec2_network_in_5abac7:3471:3487,0,rolling_128@0.95,0.0006100286546988585,2.5567838850559608
ec2_network_in_5abac7:3479:3495,0,rolling_128@0.95,0.0007254393934386822,2.5567838850559608
ec2_network_in_5abac7:3487:3503,0,rolling_128@0.95,0.03697817778576603,2.5567838850559608
ec2_network_in_5abac7:3495:3511,0,rolling_128@0.95,0.24048593836391072,2.5567838850559608
ec2_network_in_5abac7:3503:3519,0,rolling_128@0.95,89.78002439597212,2.5567838850559608
ec2_network_in_5abac7:3511:3527,0,rolling_128@0.95,89.78002439597212,2.5567838850559608
ec2_network_in_5abac7:3519:3535,0,rolling_128@0.95,89.09896314880532,2.5567838850559608
ec2_network_in_5abac7:3527:3543,0,rolling_128@0.95,89.10363453924383,2.5567838850559608
ec2_network_in_5abac7:3535:3551,0,rolling_128@0.95,89.10363453924383,2.5567838850559608
ec2_network_in_5abac7:3543:3559,0,rolling_128@0.95,9.281195463749784,2.5567838850559608
ec2_network_in_5abac7:3551:3567,0,rolling_128@0.95,0.0006100286546988585,2.5567838850559608
ec2_network_in_5abac7:3559:3575,0,rolling_128@0.95,0.0006100286546988585,2.5567838850559608
ec2_network_in_5abac7:3567:3583,0,rolling_128@0.95,88.91911461692287,2.5567838850559608
ec2_network_in_5abac7:3575:3591,0,rolling_128@0.95,88.91911461692287,2.5567838850559608
ec2_network_in_5abac7:3583:3599,0,rolling_128@0.95,6.995566558490991,2.5567838850559608
ec2_network_in_5abac7:3591:3607,0,rolling_128@0.95,0.0006100286546988585,2.5567838850559608
ec2_network_in_5abac7:3599:3615,0,rolling_128@0.95,0.0004946178111358563,2.5567838850559608
ec2_network_in_5abac7:3607:3623,0,rolling_128@0.95,0.0007666575443666702,2.5567838850559608
ec2_network_in_5abac7:3615:3631,0,rolling_128@0.95,89.71998328945368,2.5567838850559608
ec2_network_in_5abac7:3623:3639,0,rolling_128@0.95,89.71998328945368,2.5567838850559608
ec2_network_in_5abac7:3631:3647,0,rolling_128@0.95,0.0007254393934386822,2.5567838850559608
ec2_network_in_5abac7:3639:3655,0,rolling_128@0.95,0.22734282250355264,2.5567838850559608
ec2_network_in_5abac7:3647:3663,0,rolling_128@0.95,89.1194348304329,2.5567838850559608
ec2_network_in_5abac7:3655:3671,0,rolling_128@0.95,89.1194348304329,2.5567838850559608
ec2_network_in_5abac7:3663:3679,0,rolling_128@0.95,0.0007254393934386822,2.5567838850559608
ec2_network_in_5abac7:3671:3687,0,rolling_128@0.95,0.0006100286546988585,2.5567838850559608
ec2_network_in_5abac7:3679:3695,0,rolling_128@0.95,0.0007254393934386822,2.5567838850559608
ec2_network_in_5abac7:3687:3703,0,rolling_128@0.95,0.0007254393934386822,2.5567838850559608
ec2_network_in_5abac7:3695:3711,0,rolling_128@0.95,0.0007254393934386822,2.5567838850559608
ec2_network_in_5abac7:3703:3719,0,rolling_128@0.95,89.5879478126477,2.5567838850559608
ec2_network_in_5abac7:3711:3727,0,rolling_128@0.95,89.5879478126477,2.5567838850559608
ec2_network_in_5abac7:3719:3735,0,rolling_128@0.95,89.70541954279246,2.5567838850559608
ec2_network_in_5abac7:3727:3743,0,rolling_128@0.95,89.70541954279246,2.5567838850559608
ec2_network_in_5abac7:3735:3751,0,rolling_128@0.95,89.07698013497706,2.5567838850559608
ec2_network_in_5abac7:3743:3759,0,rolling_128@0.95,89.32992218783849,2.5567838850559608
ec2_network_in_5abac7:3751:3767,0,rolling_128@0.95,89.32992218783849,2.5567838850559608
ec2_network_in_5abac7:3759:3775,0,rolling_128@0.95,0.010659013976730154,2.5567838850559608
ec2_network_in_5abac7:2831:2847,0,rolling_128@0.975,0.0007254393934386822,5.754845258023981
ec2_network_in_5abac7:2839:2855,0,rolling_128@0.975,0.00047813048787075405,5.754845258023981
ec2_network_in_5abac7:2847:2863,0,rolling_128@0.975,0.0007254393934386822,5.754845258023981
ec2_network_in_5abac7:2855:2871,0,rolling_128@0.975,0.001129377398320779,5.754845258023981
ec2_network_in_5abac7:2863:2879,0,rolling_128@0.975,0.001129377398320779,5.754845258023981
ec2_network_in_5abac7:2871:2887,0,rolling_128@0.975,11.756853784170243,5.754845258023981
ec2_network_in_5abac7:2879:2895,0,rolling_128@0.975,11.756853784170243,5.754845258023981
ec2_network_in_5abac7:2887:2903,0,rolling_128@0.975,0.0007254393934386822,5.754845258023981
ec2_network_in_5abac7:2895:2911,0,rolling_128@0.975,88.71151253008225,5.754845258023981
ec2_network_in_5abac7:2903:2919,0,rolling_128@0.975,88.71151253008225,5.754845258023981
ec2_network_in_5abac7:2911:2927,0,rolling_128@0.975,0.0006100286546988585,5.754845258023981
ec2_network_in_5abac7:2919:2935,0,rolling_128@0.975,0.0007254393934386822,5.754845258023981
ec2_network_in_5abac7:2927:2943,0,rolling_128@0.975,0.0007254393934386822,5.754845258023981
ec2_network_in_5abac7:2935:2951,0,rolling_128@0.975,0.0007254393934386822,5.754845258023981
ec2_network_in_5abac7:2943:2959,0,rolling_128@0.975,0.0007254393934386822,5.754845258023981
ec2_network_in_5abac7:2951:2967,0,rolling_128@0.975,0.0007254393934386822,5.754845258023981
ec2_network_in_5abac7:2959:2975,0,rolling_128@0.975,0.0006100286546988585,5.754845258023981
ec2_network_in_5abac7:2967:2983,0,rolling_128@0.975,0.0007254393934386822,5.754845258023981
ec2_network_in_5abac7:2975:2991,0,rolling_128@0.975,0.001129377398320779,5.754845258023981
ec2_network_in_5abac7:2983:2999,0,rolling_128@0.975,0.001129377398320779,5.754845258023981
ec2_network_in_5abac7:2991:3007,0,rolling_128@0.975,0.0007254393934386822,5.754845258023981
ec2_network_in_5abac7:2999:3015,0,rolling_128@0.975,0.0008408503418248628,5.754845258023981
ec2_network_in_5abac7:3007:3023,0,rolling_128@0.975,0.0008408503418248628,5.754845258023981
ec2_network_in_5abac7:3015:3031,0,rolling_128@0.975,89.42884575006566,5.754845258023981
ec2_network_in_5abac7:3023:3039,0,rolling_128@0.975,89.42884575006566,5.754845258023981
ec2_network_in_5abac7:3031:3047,0,rolling_128@0.975,0.0007254393934386822,5.754845258023981
ec2_network_in_5abac7:3039:3055,0,rolling_128@0.975,0.0007254393934386822,5.754845258023981
ec2_network_in_5abac7:3047:3063,0,rolling_128@0.975,0.0007254393934386822,5.754845258023981
ec2_network_in_5abac7:3055:3071,0,rolling_128@0.975,0.0007254393934386822,5.754845258023981
ec2_network_in_5abac7:3063:3079,0,rolling_128@0.975,0.0007254393934386822,5.754845258023981
ec2_network_in_5abac7:3071:3087,1,rolling_128@0.975,0.0007254393934386822,5.754845258023981
ec2_network_in_5abac7:3079:3095,1,rolling_128@0.975,0.0007254393934386822,5.754845258023981
ec2_network_in_5abac7:3087:3103,1,rolling_128@0.975,0.0007254393934386822,5.754845258023981
ec2_network_in_5abac7:3095:3111,1,rolling_128@0.975,0.0006100286546988585,5.754845258023981
ec2_network_in_5abac7:3103:3119,1,rolling_128@0.975,0.0006100286546988585,5.754845258023981
ec2_network_in_5abac7:3111:3127,1,rolling_128@0.975,0.0006100286546988585,5.754845258023981
ec2_network_in_5abac7:3119:3135,1,rolling_128@0.975,0.001129377398320779,5.754845258023981
ec2_network_in_5abac7:3127:3143,1,rolling_128@0.975,0.001129377398320779,5.754845258023981
ec2_network_in_5abac7:3135:3151,1,rolling_128@0.975,0.0007254393934386822,5.754845258023981
ec2_network_in_5abac7:3143:3159,1,rolling_128@0.975,89.47267438388575,5.754845258023981
ec2_network_in_5abac7:3151:3167,1,rolling_128@0.975,89.47267438388575,5.754845258023981
ec2_network_in_5abac7:3159:3175,1,rolling_128@0.975,5.841348417438185,5.754845258023981
ec2_network_in_5abac7:3167:3183,1,rolling_128@0.975,5.841348417438185,5.754845258023981
ec2_network_in_5abac7:3175:3191,1,rolling_128@0.975,88.76743182150787,5.754845258023981
ec2_network_in_5abac7:3183:3199,1,rolling_128@0.975,113.83562424672806,5.754845258023981
ec2_network_in_5abac7:3191:3207,1,rolling_128@0.975,113.83562424672806,5.754845258023981
ec2_network_in_5abac7:3199:3215,1,rolling_128@0.975,9.12203844363318,5.754845258023981
ec2_network_in_5abac7:3207:3223,1,rolling_128@0.975,87.7200786064277,5.754845258023981
ec2_network_in_5abac7:3215:3231,1,rolling_128@0.975,89.61695989512657,5.754845258023981
ec2_network_in_5abac7:3223:3239,1,rolling_128@0.975,89.61695989512657,5.754845258023981
ec2_network_in_5abac7:3231:3247,1,rolling_128@0.975,89.60954612373396,5.754845258023981
ec2_network_in_5abac7:3239:3255,1,rolling_128@0.975,6.544211318558669,5.754845258023981
ec2_network_in_5abac7:3247:3263,1,rolling_128@0.975,0.0006677340764803596,5.754845258023981
ec2_network_in_5abac7:3255:3271,1,rolling_128@0.975,89.69851962431663,5.754845258023981
ec2_network_in_5abac7:3263:3279,1,rolling_128@0.975,89.69851962431663,5.754845258023981
ec2_network_in_5abac7:3271:3287,1,rolling_128@0.975,0.0008903121019738127,5.754845258023981
ec2_network_in_5abac7:3279:3295,1,rolling_128@0.975,0.0007254394982618606,5.754845258023981
ec2_network_in_5abac7:3287:3303,1,rolling_128@0.975,6.010820966783219,5.754845258023981
ec2_network_in_5abac7:3295:3311,1,rolling_128@0.975,6.010820966783219,5.754845258023981
ec2_network_in_5abac7:3303:3319,1,rolling_128@0.975,0.0006677340764803596,5.754845258023981
ec2_network_in_5abac7:3311:3327,1,rolling_128@0.975,0.0006100286546988585,5.754845258023981
ec2_network_in_5abac7:3319:3335,0,rolling_128@0.975,0.0006100286546988585,5.754845258023981
ec2_network_in_5abac7:3327:3343,0,rolling_128@0.975,0.0006100286546988585,5.754845258023981
ec2_network_in_5abac7:3335:3351,0,rolling_128@0.975,0.0006100286546988585,5.754845258023981
ec2_network_in_5abac7:3343:3359,0,rolling_128@0.975,0.0007254393934386822,5.754845258023981
ec2_network_in_5abac7:3351:3367,0,rolling_128@0.975,0.0007254393934386822,5.754845258023981
ec2_network_in_5abac7:3359:3375,0,rolling_128@0.975,0.0007254393934386822,5.754845258023981
ec2_network_in_5abac7:3367:3383,0,rolling_128@0.975,0.0014920970426285309,5.754845258023981
ec2_network_in_5abac7:3375:3391,0,rolling_128@0.975,0.0014920970426285309,5.754845258023981
ec2_network_in_5abac7:3383:3399,0,rolling_128@0.975,0.0006100286546988585,5.754845258023981
ec2_network_in_5abac7:3391:3407,0,rolling_128@0.975,0.0006100286546988585,5.754845258023981
ec2_network_in_5abac7:3399:3415,0,rolling_128@0.975,0.0006100286546988585,5.754845258023981
ec2_network_in_5abac7:3407:3423,0,rolling_128@0.975,89.1767280602228,5.754845258023981
ec2_network_in_5abac7:3415:3431,0,rolling_128@0.975,89.1767280602228,5.754845258023981
ec2_network_in_5abac7:3423:3439,0,rolling_128@0.975,9.436601632131941,5.754845258023981
ec2_network_in_5abac7:3431:3447,0,rolling_128@0.975,0.0006100286546988585,5.754845258023981
ec2_network_in_5abac7:3439:3455,0,rolling_128@0.975,88.96706506583577,5.754845258023981
ec2_network_in_5abac7:3447:3463,0,rolling_128@0.975,88.96706506583577,5.754845258023981
ec2_network_in_5abac7:3455:3471,0,rolling_128@0.975,0.0006100286546988585,5.754845258023981
ec2_network_in_5abac7:3463:3479,0,rolling_128@0.975,0.0006100286546988585,5.754845258023981
ec2_network_in_5abac7:3471:3487,0,rolling_128@0.975,0.0006100286546988585,5.754845258023981
ec2_network_in_5abac7:3479:3495,0,rolling_128@0.975,0.0007254393934386822,5.754845258023981
ec2_network_in_5abac7:3487:3503,0,rolling_128@0.975,0.03697817778576603,5.754845258023981
ec2_network_in_5abac7:3495:3511,0,rolling_128@0.975,0.24048593836391072,5.754845258023981
ec2_network_in_5abac7:3503:3519,0,rolling_128@0.975,89.78002439597212,5.754845258023981
ec2_network_in_5abac7:3511:3527,0,rolling_128@0.975,89.78002439597212,5.754845258023981
ec2_network_in_5abac7:3519:3535,0,rolling_128@0.975,89.09896314880532,5.754845258023981
ec2_network_in_5abac7:3527:3543,0,rolling_128@0.975,89.10363453924383,5.754845258023981
ec2_network_in_5abac7:3535:3551,0,rolling_128@0.975,89.10363453924383,5.754845258023981
ec2_network_in_5abac7:3543:3559,0,rolling_128@0.975,9.281195463749784,5.754845258023981
ec2_network_in_5abac7:3551:3567,0,rolling_128@0.975,0.0006100286546988585,5.754845258023981
ec2_network_in_5abac7:3559:3575,0,rolling_128@0.975,0.0006100286546988585,5.754845258023981
ec2_network_in_5abac7:3567:3583,0,rolling_128@0.975,88.91911461692287,5.754845258023981
ec2_network_in_5abac7:3575:3591,0,rolling_128@0.975,88.91911461692287,5.754845258023981
ec2_network_in_5abac7:3583:3599,0,rolling_128@0.975,6.995566558490991,5.754845258023981
ec2_network_in_5abac7:3591:3607,0,rolling_128@0.975,0.0006100286546988585,5.754845258023981
ec2_network_in_5abac7:3599:3615,0,rolling_128@0.975,0.0004946178111358563,5.754845258023981
ec2_network_in_5abac7:3607:3623,0,rolling_128@0.975,0.0007666575443666702,5.754845258023981
ec2_network_in_5abac7:3615:3631,0,rolling_128@0.975,89.71998328945368,5.754845258023981
ec2_network_in_5abac7:3623:3639,0,rolling_128@0.975,89.71998328945368,5.754845258023981
ec2_network_in_5abac7:3631:3647,0,rolling_128@0.975,0.0007254393934386822,5.754845258023981
ec2_network_in_5abac7:3639:3655,0,rolling_128@0.975,0.22734282250355264,5.754845258023981
ec2_network_in_5abac7:3647:3663,0,rolling_128@0.975,89.1194348304329,5.754845258023981
ec2_network_in_5abac7:3655:3671,0,rolling_128@0.975,89.1194348304329,5.754845258023981
ec2_network_in_5abac7:3663:3679,0,rolling_128@0.975,0.0007254393934386822,5.754845258023981
ec2_network_in_5abac7:3671:3687,0,rolling_128@0.975,0.0006100286546988585,5.754845258023981
ec2_network_in_5abac7:3679:3695,0,rolling_128@0.975,0.0007254393934386822,5.754845258023981
ec2_network_in_5abac7:3687:3703,0,rolling_128@0.975,0.0007254393934386822,5.754845258023981
ec2_network_in_5abac7:3695:3711,0,rolling_128@0.975,0.0007254393934386822,5.754845258023981
ec2_network_in_5abac7:3703:3719,0,rolling_128@0.975,89.5879478126477,5.754845258023981
ec2_network_in_5abac7:3711:3727,0,rolling_128@0.975,89.5879478126477,5.754845258023981
ec2_network_in_5abac7:3719:3735,0,rolling_128@0.975,89.70541954279246,5.754845258023981
ec2_network_in_5abac7:3727:3743,0,rolling_128@0.975,89.70541954279246,5.754845258023981
ec2_network_in_5abac7:3735:3751,0,rolling_128@0.975,89.07698013497706,5.754845258023981
ec2_network_in_5abac7:3743:3759,0,rolling_128@0.975,89.32992218783849,5.754845258023981
ec2_network_in_5abac7:3751:3767,0,rolling_128@0.975,89.32992218783849,5.754845258023981
ec2_network_in_5abac7:3759:3775,0,rolling_128@0.975,0.010659013976730154,5.754845258023981
ec2_network_in_5abac7:2831:2847,0,rolling_128@0.99,0.0007254393934386822,72.62530476741635
ec2_network_in_5abac7:2839:2855,0,rolling_128@0.99,0.00047813048787075405,72.62530476741635
ec2_network_in_5abac7:2847:2863,0,rolling_128@0.99,0.0007254393934386822,72.62530476741635
ec2_network_in_5abac7:2855:2871,0,rolling_128@0.99,0.001129377398320779,72.62530476741635
ec2_network_in_5abac7:2863:2879,0,rolling_128@0.99,0.001129377398320779,72.62530476741635
ec2_network_in_5abac7:2871:2887,0,rolling_128@0.99,11.756853784170243,72.62530476741635
ec2_network_in_5abac7:2879:2895,0,rolling_128@0.99,11.756853784170243,72.62530476741635
ec2_network_in_5abac7:2887:2903,0,rolling_128@0.99,0.0007254393934386822,72.62530476741635
ec2_network_in_5abac7:2895:2911,0,rolling_128@0.99,88.71151253008225,72.62530476741635
ec2_network_in_5abac7:2903:2919,0,rolling_128@0.99,88.71151253008225,72.62530476741635
ec2_network_in_5abac7:2911:2927,0,rolling_128@0.99,0.0006100286546988585,72.62530476741635
ec2_network_in_5abac7:2919:2935,0,rolling_128@0.99,0.0007254393934386822,72.62530476741635
ec2_network_in_5abac7:2927:2943,0,rolling_128@0.99,0.0007254393934386822,72.62530476741635
ec2_network_in_5abac7:2935:2951,0,rolling_128@0.99,0.0007254393934386822,72.62530476741635
ec2_network_in_5abac7:2943:2959,0,rolling_128@0.99,0.0007254393934386822,72.62530476741635
ec2_network_in_5abac7:2951:2967,0,rolling_128@0.99,0.0007254393934386822,72.62530476741635
ec2_network_in_5abac7:2959:2975,0,rolling_128@0.99,0.0006100286546988585,72.62530476741635
ec2_network_in_5abac7:2967:2983,0,rolling_128@0.99,0.0007254393934386822,72.62530476741635
ec2_network_in_5abac7:2975:2991,0,rolling_128@0.99,0.001129377398320779,72.62530476741635
ec2_network_in_5abac7:2983:2999,0,rolling_128@0.99,0.001129377398320779,72.62530476741635
ec2_network_in_5abac7:2991:3007,0,rolling_128@0.99,0.0007254393934386822,72.62530476741635
ec2_network_in_5abac7:2999:3015,0,rolling_128@0.99,0.0008408503418248628,72.62530476741635
ec2_network_in_5abac7:3007:3023,0,rolling_128@0.99,0.0008408503418248628,72.62530476741635
ec2_network_in_5abac7:3015:3031,0,rolling_128@0.99,89.42884575006566,72.62530476741635
ec2_network_in_5abac7:3023:3039,0,rolling_128@0.99,89.42884575006566,72.62530476741635
ec2_network_in_5abac7:3031:3047,0,rolling_128@0.99,0.0007254393934386822,72.62530476741635
ec2_network_in_5abac7:3039:3055,0,rolling_128@0.99,0.0007254393934386822,72.62530476741635
ec2_network_in_5abac7:3047:3063,0,rolling_128@0.99,0.0007254393934386822,72.62530476741635
ec2_network_in_5abac7:3055:3071,0,rolling_128@0.99,0.0007254393934386822,72.62530476741635
ec2_network_in_5abac7:3063:3079,0,rolling_128@0.99,0.0007254393934386822,72.62530476741635
ec2_network_in_5abac7:3071:3087,1,rolling_128@0.99,0.0007254393934386822,72.62530476741635
ec2_network_in_5abac7:3079:3095,1,rolling_128@0.99,0.0007254393934386822,72.62530476741635
ec2_network_in_5abac7:3087:3103,1,rolling_128@0.99,0.0007254393934386822,72.62530476741635
ec2_network_in_5abac7:3095:3111,1,rolling_128@0.99,0.0006100286546988585,72.62530476741635
ec2_network_in_5abac7:3103:3119,1,rolling_128@0.99,0.0006100286546988585,72.62530476741635
ec2_network_in_5abac7:3111:3127,1,rolling_128@0.99,0.0006100286546988585,72.62530476741635
ec2_network_in_5abac7:3119:3135,1,rolling_128@0.99,0.001129377398320779,72.62530476741635
ec2_network_in_5abac7:3127:3143,1,rolling_128@0.99,0.001129377398320779,72.62530476741635
ec2_network_in_5abac7:3135:3151,1,rolling_128@0.99,0.0007254393934386822,72.62530476741635
ec2_network_in_5abac7:3143:3159,1,rolling_128@0.99,89.47267438388575,72.62530476741635
ec2_network_in_5abac7:3151:3167,1,rolling_128@0.99,89.47267438388575,72.62530476741635
ec2_network_in_5abac7:3159:3175,1,rolling_128@0.99,5.841348417438185,72.62530476741635
ec2_network_in_5abac7:3167:3183,1,rolling_128@0.99,5.841348417438185,72.62530476741635
ec2_network_in_5abac7:3175:3191,1,rolling_128@0.99,88.76743182150787,72.62530476741635
ec2_network_in_5abac7:3183:3199,1,rolling_128@0.99,113.83562424672806,72.62530476741635
ec2_network_in_5abac7:3191:3207,1,rolling_128@0.99,113.83562424672806,72.62530476741635
ec2_network_in_5abac7:3199:3215,1,rolling_128@0.99,9.12203844363318,72.62530476741635
ec2_network_in_5abac7:3207:3223,1,rolling_128@0.99,87.7200786064277,72.62530476741635
ec2_network_in_5abac7:3215:3231,1,rolling_128@0.99,89.61695989512657,72.62530476741635
ec2_network_in_5abac7:3223:3239,1,rolling_128@0.99,89.61695989512657,72.62530476741635
ec2_network_in_5abac7:3231:3247,1,rolling_128@0.99,89.60954612373396,72.62530476741635
ec2_network_in_5abac7:3239:3255,1,rolling_128@0.99,6.544211318558669,72.62530476741635
ec2_network_in_5abac7:3247:3263,1,rolling_128@0.99,0.0006677340764803596,72.62530476741635
ec2_network_in_5abac7:3255:3271,1,rolling_128@0.99,89.69851962431663,72.62530476741635
ec2_network_in_5abac7:3263:3279,1,rolling_128@0.99,89.69851962431663,72.62530476741635
ec2_network_in_5abac7:3271:3287,1,rolling_128@0.99,0.0008903121019738127,72.62530476741635
ec2_network_in_5abac7:3279:3295,1,rolling_128@0.99,0.0007254394982618606,72.62530476741635
ec2_network_in_5abac7:3287:3303,1,rolling_128@0.99,6.010820966783219,72.62530476741635
ec2_network_in_5abac7:3295:3311,1,rolling_128@0.99,6.010820966783219,72.62530476741635
ec2_network_in_5abac7:3303:3319,1,rolling_128@0.99,0.0006677340764803596,72.62530476741635
ec2_network_in_5abac7:3311:3327,1,rolling_128@0.99,0.0006100286546988585,72.62530476741635
ec2_network_in_5abac7:3319:3335,0,rolling_128@0.99,0.0006100286546988585,72.62530476741635
ec2_network_in_5abac7:3327:3343,0,rolling_128@0.99,0.0006100286546988585,72.62530476741635
ec2_network_in_5abac7:3335:3351,0,rolling_128@0.99,0.0006100286546988585,72.62530476741635
ec2_network_in_5abac7:3343:3359,0,rolling_128@0.99,0.0007254393934386822,72.62530476741635
ec2_network_in_5abac7:3351:3367,0,rolling_128@0.99,0.0007254393934386822,72.62530476741635
ec2_network_in_5abac7:3359:3375,0,rolling_128@0.99,0.0007254393934386822,72.62530476741635
ec2_network_in_5abac7:3367:3383,0,rolling_128@0.99,0.0014920970426285309,72.62530476741635
ec2_network_in_5abac7:3375:3391,0,rolling_128@0.99,0.0014920970426285309,72.62530476741635
ec2_network_in_5abac7:3383:3399,0,rolling_128@0.99,0.0006100286546988585,72.62530476741635
ec2_network_in_5abac7:3391:3407,0,rolling_128@0.99,0.0006100286546988585,72.62530476741635
ec2_network_in_5abac7:3399:3415,0,rolling_128@0.99,0.0006100286546988585,72.62530476741635
ec2_network_in_5abac7:3407:3423,0,rolling_128@0.99,89.1767280602228,72.62530476741635
ec2_network_in_5abac7:3415:3431,0,rolling_128@0.99,89.1767280602228,72.62530476741635
ec2_network_in_5abac7:3423:3439,0,rolling_128@0.99,9.436601632131941,72.62530476741635
ec2_network_in_5abac7:3431:3447,0,rolling_128@0.99,0.0006100286546988585,72.62530476741635
ec2_network_in_5abac7:3439:3455,0,rolling_128@0.99,88.96706506583577,72.62530476741635
ec2_network_in_5abac7:3447:3463,0,rolling_128@0.99,88.96706506583577,72.62530476741635
ec2_network_in_5abac7:3455:3471,0,rolling_128@0.99,0.0006100286546988585,72.62530476741635
ec2_network_in_5abac7:3463:3479,0,rolling_128@0.99,0.0006100286546988585,72.62530476741635
ec2_network_in_5abac7:3471:3487,0,rolling_128@0.99,0.0006100286546988585,72.62530476741635
ec2_network_in_5abac7:3479:3495,0,rolling_128@0.99,0.0007254393934386822,72.62530476741635
ec2_network_in_5abac7:3487:3503,0,rolling_128@0.99,0.03697817778576603,72.62530476741635
ec2_network_in_5abac7:3495:3511,0,rolling_128@0.99,0.24048593836391072,72.62530476741635
ec2_network_in_5abac7:3503:3519,0,rolling_128@0.99,89.78002439597212,72.62530476741635
ec2_network_in_5abac7:3511:3527,0,rolling_128@0.99,89.78002439597212,72.62530476741635
ec2_network_in_5abac7:3519:3535,0,rolling_128@0.99,89.09896314880532,72.62530476741635
ec2_network_in_5abac7:3527:3543,0,rolling_128@0.99,89.10363453924383,72.62530476741635
ec2_network_in_5abac7:3535:3551,0,rolling_128@0.99,89.10363453924383,72.62530476741635
ec2_network_in_5abac7:3543:3559,0,rolling_128@0.99,9.281195463749784,72.62530476741635
ec2_network_in_5abac7:3551:3567,0,rolling_128@0.99,0.0006100286546988585,72.62530476741635
ec2_network_in_5abac7:3559:3575,0,rolling_128@0.99,0.0006100286546988585,72.62530476741635
ec2_network_in_5abac7:3567:3583,0,rolling_128@0.99,88.91911461692287,72.62530476741635
ec2_network_in_5abac7:3575:3591,0,rolling_128@0.99,88.91911461692287,72.62530476741635
ec2_network_in_5abac7:3583:3599,0,rolling_128@0.99,6.995566558490991,72.62530476741635
ec2_network_in_5abac7:3591:3607,0,rolling_128@0.99,0.0006100286546988585,72.62530476741635
ec2_network_in_5abac7:3599:3615,0,rolling_128@0.99,0.0004946178111358563,72.62530476741635
ec2_network_in_5abac7:3607:3623,0,rolling_128@0.99,0.0007666575443666702,72.62530476741635
ec2_network_in_5abac7:3615:3631,0,rolling_128@0.99,89.71998328945368,72.62530476741635
ec2_network_in_5abac7:3623:3639,0,rolling_128@0.99,89.71998328945368,72.62530476741635
ec2_network_in_5abac7:3631:3647,0,rolling_128@0.99,0.0007254393934386822,72.62530476741635
ec2_network_in_5abac7:3639:3655,0,rolling_128@0.99,0.22734282250355264,72.62530476741635
ec2_network_in_5abac7:3647:3663,0,rolling_128@0.99,89.1194348304329,72.62530476741635
ec2_network_in_5abac7:3655:3671,0,rolling_128@0.99,89.1194348304329,72.62530476741635
ec2_network_in_5abac7:3663:3679,0,rolling_128@0.99,0.0007254393934386822,72.62530476741635
ec2_network_in_5abac7:3671:3687,0,rolling_128@0.99,0.0006100286546988585,72.62530476741635
ec2_network_in_5abac7:3679:3695,0,rolling_128@0.99,0.0007254393934386822,72.62530476741635
ec2_network_in_5abac7:3687:3703,0,rolling_128@0.99,0.0007254393934386822,72.62530476741635
ec2_network_in_5abac7:3695:3711,0,rolling_128@0.99,0.0007254393934386822,72.62530476741635
ec2_network_in_5abac7:3703:3719,0,rolling_128@0.99,89.5879478126477,72.62530476741635
ec2_network_in_5abac7:3711:3727,0,rolling_128@0.99,89.5879478126477,72.62530476741635
ec2_network_in_5abac7:3719:3735,0,rolling_128@0.99,89.70541954279246,72.62530476741635
ec2_network_in_5abac7:3727:3743,0,rolling_128@0.99,89.70541954279246,72.62530476741635
ec2_network_in_5abac7:3735:3751,0,rolling_128@0.99,89.07698013497706,72.62530476741635
ec2_network_in_5abac7:3743:3759,0,rolling_128@0.99,89.32992218783849,72.62530476741635
ec2_network_in_5abac7:3751:3767,0,rolling_128@0.99,89.32992218783849,72.62530476741635
ec2_network_in_5abac7:3759:3775,0,rolling_128@0.99,0.010659013976730154,72.62530476741635
