window_id,truth,detector,score,threshold
ec2_cpu_utilization_fe7f93:2419:2435,0,autoencoder@0.95,0.0026215343,5.046046733856201
ec2_cpu_utilization_fe7f93:2427:2443,0,autoencoder@0.95,0.002606176,5.046046733856201
ec2_cpu_utilization_fe7f93:2435:2451,0,autoencoder@0.95,0.0034608052,5.046046733856201
ec2_cpu_utilization_fe7f93:2443:2459,0,autoencoder@0.95,0.0021335823,5.046046733856201
ec2_cpu_utilization_fe7f93:2451:2467,0,autoencoder@0.95,0.0019731685,5.046046733856201
ec2_cpu_utilization_fe7f93:2459:2475,0,autoencoder@0.95,0.0036394745,5.046046733856201
ec2_cpu_utilization_fe7f93:2467:2483,0,autoencoder@0.95,0.0025797412,5.046046733856201
ec2_cpu_utilization_fe7f93:2475:2491,0,autoencoder@0.95,0.0025593655,5.046046733856201
ec2_cpu_utilization_fe7f93:2483:2499,0,autoencoder@0.95,0.0032365231,5.046046733856201
ec2_cpu_utilization_fe7f93:2491:2507,0,autoencoder@0.95,0.0044278037,5.046046733856201
ec2_cpu_utilization_fe7f93:2499:2515,0,autoencoder@0.95,0.002622284,5.046046733856201
ec2_cpu_utilization_fe7f93:2507:2523,0,autoencoder@0.95,0.0034954115,5.046046733856201
ec2_cpu_utilization_fe7f93:2515:2531,0,autoencoder@0.95,0.0034523357,5.046046733856201
ec2_cpu_utilization_fe7f93:2523:2539,1,autoencoder@0.95,0.003006088,5.046046733856201
ec2_cpu_utilization_fe7f93:2531:2547,1,autoencoder@0.95,0.0036442075,5.046046733856201
ec2_cpu_utilization_fe7f93:2539:2555,1,autoencoder@0.95,0.002566069,5.046046733856201
ec2_cpu_utilization_fe7f93:2547:2563,1,autoencoder@0.95,0.0017664791,5.046046733856201
ec2_cpu_utilization_fe7f93:2555:2571,1,autoencoder@0.95,0.004135748,5.046046733856201
ec2_cpu_utilization_fe7f93:2563:2579,1,autoencoder@0.95,0.0045709494,5.046046733856201
ec2_cpu_utilization_fe7f93:2571:2587,1,autoencoder@0.95,0.0019119189,5.046046733856201
ec2_cpu_utilization_fe7f93:2579:2595,1,autoencoder@0.95,0.004447157,5.046046733856201
ec2_cpu_utilization_fe7f93:2587:2603,1,autoencoder@0.95,0.0033900728,5.046046733856201
ec2_cpu_utilization_fe7f93:2595:2611,1,autoencoder@0.95,0.0027292813,5.046046733856201
ec2_cpu_utilization_fe7f93:2603:2619,1,autoencoder@0.95,0.0037331532,5.046046733856201
ec2_cpu_utilization_fe7f93:2611:2627,1,autoencoder@0.95,0.0026292324,5.046046733856201
ec2_cpu_utilization_fe7f93:2619:2635,1,autoencoder@0.95,0.0027178186,5.046046733856201
ec2_cpu_utilization_fe7f93:2627:2643,1,autoencoder@0.95,0.002794226,5.046046733856201
ec2_cpu_utilization_fe7f93:2635:2651,1,autoencoder@0.95,0.0023585798,5.046046733856201
ec2_cpu_utilization_fe7f93:2643:2659,1,autoencoder@0.95,0.0025968554,5.046046733856201
ec2_cpu_utilization_fe7f93:2651:2667,1,autoencoder@0.95,0.0035942837,5.046046733856201
ec2_cpu_utilization_fe7f93:2659:2675,1,autoencoder@0.95,0.0025108827,5.046046733856201
ec2_cpu_utilization_fe7f93:2667:2683,1,autoencoder@0.95,0.0033472977,5.046046733856201
ec2_cpu_utilization_fe7f93:2675:2691,0,autoencoder@0.95,0.0043942407,5.046046733856201
ec2_cpu_utilization_fe7f93:2683:2699,0,autoencoder@0.95,0.0043064286,5.046046733856201
ec2_cpu_utilization_fe7f93:2691:2707,0,autoencoder@0.95,0.0023916163,5.046046733856201
ec2_cpu_utilization_fe7f93:2699:2715,0,autoencoder@0.95,0.0031507781,5.046046733856201
ec2_cpu_utilization_fe7f93:2707:2723,0,autoencoder@0.95,0.0041215215,5.046046733856201
ec2_cpu_utilization_fe7f93:2715:2731,0,autoencoder@0.95,0.0024830792,5.046046733856201
ec2_cpu_utilization_fe7f93:2723:2739,0,autoencoder@0.95,0.0032124543,5.046046733856201
ec2_cpu_utilization_fe7f93:2731:2747,0,autoencoder@0.95,0.0046067075,5.046046733856201
ec2_cpu_utilization_fe7f93:2739:2755,0,autoencoder@0.95,0.0026534442,5.046046733856201
ec2_cpu_utilization_fe7f93:2747:2763,0,autoencoder@0.95,0.0035249654,5.046046733856201
ec2_cpu_utilization_fe7f93:2755:2771,0,autoencoder@0.95,0.0048290826,5.046046733856201
ec2_cpu_utilization_fe7f93:2763:2779,0,autoencoder@0.95,0.0071266457,5.046046733856201
ec2_cpu_utilization_fe7f93:2771:2787,0,autoencoder@0.95,0.0071885283,5.046046733856201
ec2_cpu_utilization_fe7f93:2779:2795,0,autoencoder@0.95,0.009894624,5.046046733856201
ec2_cpu_utilization_fe7f93:2787:2803,0,autoencoder@0.95,0.0055026975,5.046046733856201
ec2_cpu_utilization_fe7f93:2795:2811,0,autoencoder@0.95,0.004732155,5.046046733856201
ec2_cpu_utilization_fe7f93:2803:2819,0,autoencoder@0.95,0.006970411,5.046046733856201
ec2_cpu_utilization_fe7f93:2811:2827,0,autoencoder@0.95,0.0023948157,5.046046733856201
ec2_cpu_utilization_fe7f93:2819:2835,0,autoencoder@0.95,0.003385107,5.046046733856201
ec2_cpu_utilization_fe7f93:2827:2843,0,autoencoder@0.95,0.004651607,5.046046733856201
ec2_cpu_utilization_fe7f93:2835:2851,0,autoencoder@0.95,0.0026675626,5.046046733856201
ec2_cpu_utilization_fe7f93:2843:2859,0,autoencoder@0.95,0.003457587,5.046046733856201
ec2_cpu_utilization_fe7f93:2851:2867,0,autoencoder@0.95,0.003412287,5.046046733856201
ec2_cpu_utilization_fe7f93:2859:2875,0,autoencoder@0.95,0.002548827,5.046046733856201
ec2_cpu_utilization_fe7f93:2867:2883,0,autoencoder@0.95,0.0037429659,5.046046733856201
ec2_cpu_utilization_fe7f93:2875:2891,0,autoencoder@0.95,0.015731893,5.046046733856201
ec2_cpu_utilization_fe7f93:2883:2899,0,autoencoder@0.95,0.014815952,5.046046733856201
ec2_cpu_utilization_fe7f93:2891:2907,0,autoencoder@0.95,0.0035667424,5.046046733856201
ec2_cpu_utilization_fe7f93:2899:2915,0,autoencoder@0.95,0.0032427302,5.046046733856201
ec2_cpu_utilization_fe7f93:2907:2923,0,autoencoder@0.95,0.0025011287,5.046046733856201
ec2_cpu_utilization_fe7f93:2915:2931,0,autoencoder@0.95,1.390187,5.046046733856201
ec2_cpu_utilization_fe7f93:2923:2939,0,autoencoder@0.95,0.8592611,5.046046733856201
ec2_cpu_utilization_fe7f93:2931:2947,0,autoencoder@0.95,3.9021547,5.046046733856201
ec2_cpu_utilization_fe7f93:2939:2955,0,autoencoder@0.95,5.591324,5.046046733856201
ec2_cpu_utilization_fe7f93:2947:2963,0,autoencoder@0.95,3.0944648,5.046046733856201
ec2_cpu_utilization_fe7f93:2955:2971,0,autoencoder@0.95,0.034612633,5.046046733856201
ec2_cpu_utilization_fe7f93:2963:2979,0,autoencoder@0.95,0.029142782,5.046046733856201
ec2_cpu_utilization_fe7f93:2971:2987,0,autoencoder@0.95,1.0217263,5.046046733856201
ec2_cpu_utilization_fe7f93:2979:2995,0,autoencoder@0.95,1.5286168,5.046046733856201
ec2_cpu_utilization_fe7f93:2987:3003,0,autoencoder@0.95,1.8720138,5.046046733856201
ec2_cpu_utilization_fe7f93:2995:3011,0,autoencoder@0.95,4.052022,5.046046733856201
ec2_cpu_utilization_fe7f93:3003:3019,0,autoencoder@0.95,7.479017,5.046046733856201
ec2_cpu_utilization_fe7f93:3011:3027,0,autoencoder@0.95,4.2161617,5.046046733856201
ec2_cpu_utilization_fe7f93:3019:3035,0,autoencoder@0.95,1.5753453,5.046046733856201
ec2_cpu_utilization_fe7f93:3027:3043,0,autoencoder@0.95,1.9631362,5.046046733856201
ec2_cpu_utilization_fe7f93:3035:3051,0,autoencoder@0.95,0.015200485,5.046046733856201
ec2_cpu_utilization_fe7f93:3043:3059,0,autoencoder@0.95,0.0043241545,5.046046733856201
ec2_cpu_utilization_fe7f93:3051:3067,0,autoencoder@0.95,0.002505453,5.046046733856201
ec2_cpu_utilization_fe7f93:3059:3075,0,autoencoder@0.95,0.014139261,5.046046733856201
ec2_cpu_utilization_fe7f93:3067:3083,0,autoencoder@0.95,0.020819291,5.046046733856201
ec2_cpu_utilization_fe7f93:3075:3091,0,autoencoder@0.95,0.010836878,5.046046733856201
ec2_cpu_utilization_fe7f93:3083:3099,0,autoencoder@0.95,0.0036676647,5.046046733856201
ec2_cpu_utilization_fe7f93:3091:3107,0,autoencoder@0.95,0.0027449457,5.046046733856201
ec2_cpu_utilization_fe7f93:3099:3115,0,autoencoder@0.95,0.004309052,5.046046733856201
ec2_cpu_utilization_fe7f93:3107:3123,0,autoencoder@0.95,0.00870241,5.046046733856201
ec2_cpu_utilization_fe7f93:3115:3131,0,autoencoder@0.95,0.005548198,5.046046733856201
ec2_cpu_utilization_fe7f93:3123:3139,0,autoencoder@0.95,0.0026476341,5.046046733856201
ec2_cpu_utilization_fe7f93:3131:3147,0,autoencoder@0.95,0.0036910889,5.046046733856201
ec2_cpu_utilization_fe7f93:3139:3155,0,autoencoder@0.95,0.0028520224,5.046046733856201
ec2_cpu_utilization_fe7f93:3147:3163,0,autoencoder@0.95,0.0026163997,5.046046733856201
ec2_cpu_utilization_fe7f93:3155:3171,0,autoencoder@0.95,0.010727736,5.046046733856201
ec2_cpu_utilization_fe7f93:3163:3179,0,autoencoder@0.95,0.01008419,5.046046733856201
ec2_cpu_utilization_fe7f93:3171:3187,0,autoencoder@0.95,0.0023741918,5.046046733856201
ec2_cpu_utilization_fe7f93:3179:3195,0,autoencoder@0.95,0.0035009268,5.046046733856201
ec2_cpu_utilization_fe7f93:3187:3203,0,autoencoder@0.95,0.0020442423,5.046046733856201
ec2_cpu_utilization_fe7f93:3195:3211,0,autoencoder@0.95,0.0019331228,5.046046733856201
ec2_cpu_utilization_fe7f93:3203:3219,0,autoencoder@0.95,0.012843002,5.046046733856201
ec2_cpu_utilization_fe7f93:2419:2435,0,autoencoder@0.975,0.0026215343,5.800817012786865
ec2_cpu_utilization_fe7f93:2427:2443,0,autoencoder@0.975,0.002606176,5.800817012786865
ec2_cpu_utilization_fe7f93:2435:2451,0,autoencoder@0.975,0.0034608052,5.800817012786865
ec2_cpu_utilization_fe7f93:2443:2459,0,autoencoder@0.975,0.0021335823,5.800817012786865
ec2_cpu_utilization_fe7f93:2451:2467,0,autoencoder@0.975,0.0019731685,5.800817012786865
ec2_cpu_utilization_fe7f93:2459:2475,0,autoencoder@0.975,0.0036394745,5.800817012786865
ec2_cpu_utilization_fe7f93:2467:2483,0,autoencoder@0.975,0.0025797412,5.800817012786865
ec2_cpu_utilization_fe7f93:2475:2491,0,autoencoder@0.975,0.0025593655,5.800817012786865
ec2_cpu_utilization_fe7f93:2483:2499,0,autoencoder@0.975,0.0032365231,5.800817012786865
ec2_cpu_utilization_fe7f93:2491:2507,0,autoencoder@0.975,0.0044278037,5.800817012786865
ec2_cpu_utilization_fe7f93:2499:2515,0,autoencoder@0.975,0.002622284,5.800817012786865
ec2_cpu_utilization_fe7f93:2507:2523,0,autoencoder@0.975,0.0034954115,5.800817012786865
ec2_cpu_utilization_fe7f93:2515:2531,0,autoencoder@0.975,0.0034523357,5.800817012786865
ec2_cpu_utilization_fe7f93:2523:2539,1,autoencoder@0.975,0.003006088,5.800817012786865
ec2_cpu_utilization_fe7f93:2531:2547,1,autoencoder@0.975,0.0036442075,5.800817012786865
ec2_cpu_utilization_fe7f93:2539:2555,1,autoencoder@0.975,0.002566069,5.800817012786865
ec2_cpu_utilization_fe7f93:2547:2563,1,autoencoder@0.975,0.0017664791,5.800817012786865
ec2_cpu_utilization_fe7f93:2555:2571,1,autoencoder@0.975,0.004135748,5.800817012786865
ec2_cpu_utilization_fe7f93:2563:2579,1,autoencoder@0.975,0.0045709494,5.800817012786865
ec2_cpu_utilization_fe7f93:2571:2587,1,autoencoder@0.975,0.0019119189,5.800817012786865
ec2_cpu_utilization_fe7f93:2579:2595,1,autoencoder@0.975,0.004447157,5.800817012786865
ec2_cpu_utilization_fe7f93:2587:2603,1,autoencoder@0.975,0.0033900728,5.800817012786865
ec2_cpu_utilization_fe7f93:2595:2611,1,autoencoder@0.975,0.0027292813,5.800817012786865
ec2_cpu_utilization_fe7f93:2603:2619,1,autoencoder@0.975,0.0037331532,5.800817012786865
ec2_cpu_utilization_fe7f93:2611:2627,1,autoencoder@0.975,0.0026292324,5.800817012786865
ec2_cpu_utilization_fe7f93:2619:2635,1,autoencoder@0.975,0.0027178186,5.800817012786865
ec2_cpu_utilization_fe7f93:2627:2643,1,autoencoder@0.975,0.002794226,5.800817012786865
ec2_cpu_utilization_fe7f93:2635:2651,1,autoencoder@0.975,0.0023585798,5.800817012786865
ec2_cpu_utilization_fe7f93:2643:2659,1,autoencoder@0.975,0.0025968554,5.800817012786865
ec2_cpu_utilization_fe7f93:2651:2667,1,autoencoder@0.975,0.0035942837,5.800817012786865
ec2_cpu_utilization_fe7f93:2659:2675,1,autoencoder@0.975,0.0025108827,5.800817012786865
ec2_cpu_utilization_fe7f93:2667:2683,1,autoencoder@0.975,0.0033472977,5.800817012786865
ec2_cpu_utilization_fe7f93:2675:2691,0,autoencoder@0.975,0.0043942407,5.800817012786865
ec2_cpu_utilization_fe7f93:2683:2699,0,autoencoder@0.975,0.0043064286,5.800817012786865
ec2_cpu_utilization_fe7f93:2691:2707,0,autoencoder@0.975,0.0023916163,5.800817012786865
ec2_cpu_utilization_fe7f93:2699:2715,0,autoencoder@0.975,0.0031507781,5.800817012786865
ec2_cpu_utilization_fe7f93:2707:2723,0,autoencoder@0.975,0.0041215215,5.800817012786865
ec2_cpu_utilization_fe7f93:2715:2731,0,autoencoder@0.975,0.0024830792,5.800817012786865
ec2_cpu_utilization_fe7f93:2723:2739,0,autoencoder@0.975,0.0032124543,5.800817012786865
ec2_cpu_utilization_fe7f93:2731:2747,0,autoencoder@0.975,0.0046067075,5.800817012786865
ec2_cpu_utilization_fe7f93:2739:2755,0,autoencoder@0.975,0.0026534442,5.800817012786865
ec2_cpu_utilization_fe7f93:2747:2763,0,autoencoder@0.975,0.0035249654,5.800817012786865
ec2_cpu_utilization_fe7f93:2755:2771,0,autoencoder@0.975,0.0048290826,5.800817012786865
ec2_cpu_utilization_fe7f93:2763:2779,0,autoencoder@0.975,0.0071266457,5.800817012786865
ec2_cpu_utilization_fe7f93:2771:2787,0,autoencoder@0.975,0.0071885283,5.800817012786865
ec2_cpu_utilization_fe7f93:2779:2795,0,autoencoder@0.975,0.009894624,5.800817012786865
ec2_cpu_utilization_fe7f93:2787:2803,0,autoencoder@0.975,0.0055026975,5.800817012786865
ec2_cpu_utilization_fe7f93:2795:2811,0,autoencoder@0.975,0.004732155,5.800817012786865
ec2_cpu_utilization_fe7f93:2803:2819,0,autoencoder@0.975,0.006970411,5.800817012786865
ec2_cpu_utilization_fe7f93:2811:2827,0,autoencoder@0.975,0.0023948157,5.800817012786865
ec2_cpu_utilization_fe7f93:2819:2835,0,autoencoder@0.975,0.003385107,5.800817012786865
ec2_cpu_utilization_fe7f93:2827:2843,0,autoencoder@0.975,0.004651607,5.800817012786865
ec2_cpu_utilization_fe7f93:2835:2851,0,autoencoder@0.975,0.0026675626,5.800817012786865
ec2_cpu_utilization_fe7f93:2843:2859,0,autoencoder@0.975,0.003457587,5.800817012786865
ec2_cpu_utilization_fe7f93:2851:2867,0,autoencoder@0.975,0.003412287,5.800817012786865
ec2_cpu_utilization_fe7f93:2859:2875,0,autoencoder@0.975,0.002548827,5.800817012786865
ec2_cpu_utilization_fe7f93:2867:2883,0,autoencoder@0.975,0.0037429659,5.800817012786865
ec2_cpu_utilization_fe7f93:2875:2891,0,autoencoder@0.975,0.015731893,5.800817012786865
ec2_cpu_utilization_fe7f93:2883:2899,0,autoencoder@0.975,0.014815952,5.800817012786865
ec2_cpu_utilization_fe7f93:2891:2907,0,autoencoder@0.975,0.0035667424,5.800817012786865
ec2_cpu_utilization_fe7f93:2899:2915,0,autoencoder@0.975,0.0032427302,5.800817012786865
ec2_cpu_utilization_fe7f93:2907:2923,0,autoencoder@0.975,0.0025011287,5.800817012786865
ec2_cpu_utilization_fe7f93:2915:2931,0,autoencoder@0.975,1.390187,5.800817012786865
ec2_cpu_utilization_fe7f93:2923:2939,0,autoencoder@0.975,0.8592611,5.800817012786865
ec2_cpu_utilization_fe7f93:2931:2947,0,autoencoder@0.975,3.9021547,5.800817012786865
ec2_cpu_utilization_fe7f93:2939:2955,0,autoencoder@0.975,5.591324,5.800817012786865
ec2_cpu_utilization_fe7f93:2947:2963,0,autoencoder@0.975,3.0944648,5.800817012786865
ec2_cpu_utilization_fe7f93:2955:2971,0,autoencoder@0.975,0.034612633,5.800817012786865
ec2_cpu_utilization_fe7f93:2963:2979,0,autoencoder@0.975,0.029142782,5.800817012786865
ec2_cpu_utilization_fe7f93:2971:2987,0,autoencoder@0.975,1.0217263,5.800817012786865
ec2_cpu_utilization_fe7f93:2979:2995,0,autoencoder@0.975,1.5286168,5.800817012786865
ec2_cpu_utilization_fe7f93:2987:3003,0,autoencoder@0.975,1.8720138,5.800817012786865
ec2_cpu_utilization_fe7f93:2995:3011,0,autoencoder@0.975,4.052022,5.800817012786865
ec2_cpu_utilization_fe7f93:3003:3019,0,autoencoder@0.975,7.479017,5.800817012786865
ec2_cpu_utilization_fe7f93:3011:3027,0,autoencoder@0.975,4.2161617,5.800817012786865
ec2_cpu_utilization_fe7f93:3019:3035,0,autoencoder@0.975,1.5753453,5.800817012786865
ec2_cpu_utilization_fe7f93:3027:3043,0,autoencoder@0.975,1.9631362,5.800817012786865
ec2_cpu_utilization_fe7f93:3035:3051,0,autoencoder@0.975,0.015200485,5.800817012786865
ec2_cpu_utilization_fe7f93:3043:3059,0,autoencoder@0.975,0.0043241545,5.800817012786865
ec2_cpu_utilization_fe7f93:3051:3067,0,autoencoder@0.975,0.002505453,5.800817012786865
ec2_cpu_utilization_fe7f93:3059:3075,0,autoencoder@0.975,0.014139261,5.800817012786865
ec2_cpu_utilization_fe7f93:3067:3083,0,autoencoder@0.975,0.020819291,5.800817012786865
ec2_cpu_utilization_fe7f93:3075:3091,0,autoencoder@0.975,0.010836878,5.800817012786865
ec2_cpu_utilization_fe7f93:3083:3099,0,autoencoder@0.975,0.0036676647,5.800817012786865
ec2_cpu_utilization_fe7f93:3091:3107,0,autoencoder@0.975,0.0027449457,5.800817012786865
ec2_cpu_utilization_fe7f93:3099:3115,0,autoencoder@0.975,0.004309052,5.800817012786865
ec2_cpu_utilization_fe7f93:3107:3123,0,autoencoder@0.975,0.00870241,5.800817012786865
ec2_cpu_utilization_fe7f93:3115:3131,0,autoencoder@0.975,0.005548198,5.800817012786865
ec2_cpu_utilization_fe7f93:3123:3139,0,autoencoder@0.975,0.0026476341,5.800817012786865
ec2_cpu_utilization_fe7f93:3131:3147,0,autoencoder@0.975,0.0036910889,5.800817012786865
ec2_cpu_utilization_fe7f93:3139:3155,0,autoencoder@0.975,0.0028520224,5.800817012786865
ec2_cpu_utilization_fe7f93:3147:3163,0,autoencoder@0.975,0.0026163997,5.800817012786865
ec2_cpu_utilization_fe7f93:3155:3171,0,autoencoder@0.975,0.010727736,5.800817012786865
ec2_cpu_utilization_fe7f93:3163:3179,0,autoencoder@0.975,0.01008419,5.800817012786865
ec2_cpu_utilization_fe7f93:3171:3187,0,autoencoder@0.975,0.0023741918,5.800817012786865
ec2_cpu_utilization_fe7f93:3179:3195,0,autoencoder@0.975,0.0035009268,5.800817012786865
ec2_cpu_utilization_fe7f93:3187:3203,0,autoencoder@0.975,0.0020442423,5.800817012786865
ec2_cpu_utilization_fe7f93:3195:3211,0,autoencoder@0.975,0.0019331228,5.800817012786865
ec2_cpu_utilization_fe7f93:3203:3219,0,autoencoder@0.975,0.012843002,5.800817012786865
ec2_cpu_utilization_fe7f93:2419:2435,0,autoencoder@0.99,0.0026215343,5.874057292938232
ec2_cpu_utilization_fe7f93:2427:2443,0,autoencoder@0.99,0.002606176,5.874057292938232
ec2_cpu_utilization_fe7f93:2435:2451,0,autoencoder@0.99,0.0034608052,5.874057292938232
ec2_cpu_utilization_fe7f93:2443:2459,0,autoencoder@0.99,0.0021335823,5.874057292938232
ec2_cpu_utilization_fe7f93:2451:2467,0,autoencoder@0.99,0.0019731685,5.874057292938232
ec2_cpu_utilization_fe7f93:2459:2475,0,autoencoder@0.99,0.0036394745,5.874057292938232
ec2_cpu_utilization_fe7f93:2467:2483,0,autoencoder@0.99,0.0025797412,5.874057292938232
ec2_cpu_utilization_fe7f93:2475:2491,0,autoencoder@0.99,0.0025593655,5.874057292938232
ec2_cpu_utilization_fe7f93:2483:2499,0,autoencoder@0.99,0.0032365231,5.874057292938232
ec2_cpu_utilization_fe7f93:2491:2507,0,autoencoder@0.99,0.0044278037,5.874057292938232
ec2_cpu_utilization_fe7f93:2499:2515,0,autoencoder@0.99,0.002622284,5.874057292938232
ec2_cpu_utilization_fe7f93:2507:2523,0,autoencoder@0.99,0.0034954115,5.874057292938232
ec2_cpu_utilization_fe7f93:2515:2531,0,autoencoder@0.99,0.0034523357,5.874057292938232
ec2_cpu_utilization_fe7f93:2523:2539,1,autoencoder@0.99,0.003006088,5.874057292938232
ec2_cpu_utilization_fe7f93:2531:2547,1,autoencoder@0.99,0.0036442075,5.874057292938232
ec2_cpu_utilization_fe7f93:2539:2555,1,autoencoder@0.99,0.002566069,5.874057292938232
ec2_cpu_utilization_fe7f93:2547:2563,1,autoencoder@0.99,0.0017664791,5.874057292938232
ec2_cpu_utilization_fe7f93:2555:2571,1,autoencoder@0.99,0.004135748,5.874057292938232
ec2_cpu_utilization_fe7f93:2563:2579,1,autoencoder@0.99,0.0045709494,5.874057292938232
ec2_cpu_utilization_fe7f93:2571:2587,1,autoencoder@0.99,0.0019119189,5.874057292938232
ec2_cpu_utilization_fe7f93:2579:2595,1,autoencoder@0.99,0.004447157,5.874057292938232
ec2_cpu_utilization_fe7f93:2587:2603,1,autoencoder@0.99,0.0033900728,5.874057292938232
ec2_cpu_utilization_fe7f93:2595:2611,1,autoencoder@0.99,0.0027292813,5.874057292938232
ec2_cpu_utilization_fe7f93:2603:2619,1,autoencoder@0.99,0.0037331532,5.874057292938232
ec2_cpu_utilization_fe7f93:2611:2627,1,autoencoder@0.99,0.0026292324,5.874057292938232
ec2_cpu_utilization_fe7f93:2619:2635,1,autoencoder@0.99,0.0027178186,5.874057292938232
ec2_cpu_utilization_fe7f93:2627:2643,1,autoencoder@0.99,0.002794226,5.874057292938232
ec2_cpu_utilization_fe7f93:2635:2651,1,autoencoder@0.99,0.0023585798,5.874057292938232
ec2_cpu_utilization_fe7f93:2643:2659,1,autoencoder@0.99,0.0025968554,5.874057292938232
ec2_cpu_utilization_fe7f93:2651:2667,1,autoencoder@0.99,0.0035942837,5.874057292938232
ec2_cpu_utilization_fe7f93:2659:2675,1,autoencoder@0.99,0.0025108827,5.874057292938232
ec2_cpu_utilization_fe7f93:2667:2683,1,autoencoder@0.99,0.0033472977,5.874057292938232
ec2_cpu_utilization_fe7f93:2675:2691,0,autoencoder@0.99,0.0043942407,5.874057292938232
ec2_cpu_utilization_fe7f93:2683:2699,0,autoencoder@0.99,0.0043064286,5.874057292938232
ec2_cpu_utilization_fe7f93:2691:2707,0,autoencoder@0.99,0.0023916163,5.874057292938232
ec2_cpu_utilization_fe7f93:2699:2715,0,autoencoder@0.99,0.0031507781,5.874057292938232
ec2_cpu_utilization_fe7f93:2707:2723,0,autoencoder@0.99,0.0041215215,5.874057292938232
ec2_cpu_utilization_fe7f93:2715:2731,0,autoencoder@0.99,0.0024830792,5.874057292938232
ec2_cpu_utilization_fe7f93:2723:2739,0,autoencoder@0.99,0.0032124543,5.874057292938232
ec2_cpu_utilization_fe7f93:2731:2747,0,autoencoder@0.99,0.0046067075,5.874057292938232
ec2_cpu_utilization_fe7f93:2739:2755,0,autoencoder@0.99,0.0026534442,5.874057292938232
ec2_cpu_utilization_fe7f93:2747:2763,0,autoencoder@0.99,0.0035249654,5.874057292938232
ec2_cpu_utilization_fe7f93:2755:2771,0,autoencoder@0.99,0.0048290826,5.874057292938232
ec2_cpu_utilization_fe7f93:2763:2779,0,autoencoder@0.99,0.0071266457,5.874057292938232
ec2_cpu_utilization_fe7f93:2771:2787,0,autoencoder@0.99,0.0071885283,5.874057292938232
ec2_cpu_utilization_fe7f93:2779:2795,0,autoencoder@0.99,0.009894624,5.874057292938232
ec2_cpu_utilization_fe7f93:2787:2803,0,autoencoder@0.99,0.0055026975,5.874057292938232
ec2_cpu_utilization_fe7f93:2795:2811,0,autoencoder@0.99,0.004732155,5.874057292938232
ec2_cpu_utilization_fe7f93:2803:2819,0,autoencoder@0.99,0.006970411,5.874057292938232
ec2_cpu_utilization_fe7f93:2811:2827,0,autoencoder@0.99,0.0023948157,5.874057292938232
ec2_cpu_utilization_fe7f93:2819:2835,0,autoencoder@0.99,0.003385107,5.874057292938232
ec2_cpu_utilization_fe7f93:2827:2843,0,autoencoder@0.99,0.004651607,5.874057292938232
ec2_cpu_utilization_fe7f93:2835:2851,0,autoencoder@0.99,0.0026675626,5.874057292938232
ec2_cpu_utilization_fe7f93:2843:2859,0,autoencoder@0.99,0.003457587,5.874057292938232
ec2_cpu_utilization_fe7f93:2851:2867,0,autoencoder@0.99,0.003412287,5.874057292938232
ec2_cpu_utilization_fe7f93:2859:2875,0,autoencoder@0.99,0.002548827,5.874057292938232
ec2_cpu_utilization_fe7f93:2867:2883,0,autoencoder@0.99,0.0037429659,5.874057292938232
ec2_cpu_utilization_fe7f93:2875:2891,0,autoencoder@0.99,0.015731893,5.874057292938232
ec2_cpu_utilization_fe7f93:2883:2899,0,autoencoder@0.99,0.014815952,5.874057292938232
ec2_cpu_utilization_fe7f93:2891:2907,0,autoencoder@0.99,0.0035667424,5.874057292938232
ec2_cpu_utilization_fe7f93:2899:2915,0,autoencoder@0.99,0.0032427302,5.874057292938232
ec2_cpu_utilization_fe7f93:2907:2923,0,autoencoder@0.99,0.0025011287,5.874057292938232
ec2_cpu_utilization_fe7f93:2915:2931,0,autoencoder@0.99,1.390187,5.874057292938232
ec2_cpu_utilization_fe7f93:2923:2939,0,autoencoder@0.99,0.8592611,5.874057292938232
ec2_cpu_utilization_fe7f93:2931:2947,0,autoencoder@0.99,3.9021547,5.874057292938232
ec2_cpu_utilization_fe7f93:2939:2955,0,autoencoder@0.99,5.591324,5.874057292938232
ec2_cpu_utilization_fe7f93:2947:2963,0,autoencoder@0.99,3.0944648,5.874057292938232
ec2_cpu_utilization_fe7f93:2955:2971,0,autoencoder@0.99,0.034612633,5.874057292938232
ec2_cpu_utilization_fe7f93:2963:2979,0,autoencoder@0.99,0.029142782,5.874057292938232
ec2_cpu_utilization_fe7f93:2971:2987,0,autoencoder@0.99,1.0217263,5.874057292938232
ec2_cpu_utilization_fe7f93:2979:2995,0,autoencoder@0.99,1.5286168,5.874057292938232
ec2_cpu_utilization_fe7f93:2987:3003,0,autoencoder@0.99,1.8720138,5.874057292938232
ec2_cpu_utilization_fe7f93:2995:3011,0,autoencoder@0.99,4.052022,5.874057292938232
ec2_cpu_utilization_fe7f93:3003:3019,0,autoencoder@0.99,7.479017,5.874057292938232
ec2_cpu_utilization_fe7f93:3011:3027,0,autoencoder@0.99,4.2161617,5.874057292938232
ec2_cpu_utilization_fe7f93:3019:3035,0,autoencoder@0.99,1.5753453,5.874057292938232
ec2_cpu_utilization_fe7f93:3027:3043,0,autoencoder@0.99,1.9631362,5.874057292938232
ec2_cpu_utilization_fe7f93:3035:3051,0,autoencoder@0.99,0.015200485,5.874057292938232
ec2_cpu_utilization_fe7f93:3043:3059,0,autoencoder@0.99,0.0043241545,5.874057292938232
ec2_cpu_utilization_fe7f93:3051:3067,0,autoencoder@0.99,0.002505453,5.874057292938232
ec2_cpu_utilization_fe7f93:3059:3075,0,autoencoder@0.99,0.014139261,5.874057292938232
ec2_cpu_utilization_fe7f93:3067:3083,0,autoencoder@0.99,0.020819291,5.874057292938232
ec2_cpu_utilization_fe7f93:3075:3091,0,autoencoder@0.99,0.010836878,5.874057292938232
ec2_cpu_utilization_fe7f93:3083:3099,0,autoencoder@0.99,0.0036676647,5.874057292938232
ec2_cpu_utilization_fe7f93:3091:3107,0,autoencoder@0.99,0.0027449457,5.874057292938232
ec2_cpu_utilization_fe7f93:3099:3115,0,autoencoder@0.99,0.004309052,5.874057292938232
ec2_cpu_utilization_fe7f93:3107:3123,0,autoencoder@0.99,0.00870241,5.874057292938232
ec2_cpu_utilization_fe7f93:3115:3131,0,autoencoder@0.99,0.005548198,5.874057292938232
ec2_cpu_utilization_fe7f93:3123:3139,0,autoencoder@0.99,0.0026476341,5.874057292938232
ec2_cpu_utilization_fe7f93:3131:3147,0,autoencoder@0.99,0.0036910889,5.874057292938232
ec2_cpu_utilization_fe7f93:3139:3155,0,autoencoder@0.99,0.0028520224,5.874057292938232
ec2_cpu_utilization_fe7f93:3147:3163,0,autoencoder@0.99,0.0026163997,5.874057292938232
ec2_cpu_utilization_fe7f93:3155:3171,0,autoencoder@0.99,0.010727736,5.874057292938232
ec2_cpu_utilization_fe7f93:3163:3179,0,autoencoder@0.99,0.01008419,5.874057292938232
ec2_cpu_utilization_fe7f93:3171:3187,0,autoencoder@0.99,0.0023741918,5.874057292938232
ec2_cpu_utilization_fe7f93:3179:3195,0,autoencoder@0.99,0.0035009268,5.874057292938232
ec2_cpu_utilization_fe7f93:3187:3203,0,autoencoder@0.99,0.0020442423,5.874057292938232
ec2_cpu_utilization_fe7f93:3195:3211,0,autoencoder@0.99,0.0019331228,5.874057292938232
ec2_cpu_utilization_fe7f93:3203:3219,0,autoencoder@0.99,0.012843002,5.874057292938232
ec2_cpu_utilization_fe7f93:2419:2435,0,max_abs_z@0.95,0.35723513,9.5708646774292
ec2_cpu_utilization_fe7f93:2427:2443,0,max_abs_z@0.95,0.35543057,9.5708646774292
ec2_cpu_utilization_fe7f93:2435:2451,0,max_abs_z@0.95,0.35106948,9.5708646774292
ec2_cpu_utilization_fe7f93:2443:2459,0,max_abs_z@0.95,0.35957134,9.5708646774292
ec2_cpu_utilization_fe7f93:2451:2467,0,max_abs_z@0.95,0.36009237,9.5708646774292
ec2_cpu_utilization_fe7f93:2459:2475,0,max_abs_z@0.95,0.35475984,9.5708646774292
ec2_cpu_utilization_fe7f93:2467:2483,0,max_abs_z@0.95,0.35912025,9.5708646774292
ec2_cpu_utilization_fe7f93:2475:2491,0,max_abs_z@0.95,0.35964122,9.5708646774292
ec2_cpu_utilization_fe7f93:2483:2499,0,max_abs_z@0.95,0.35686484,9.5708646774292
ec2_cpu_utilization_fe7f93:2491:2507,0,max_abs_z@0.95,0.35738555,9.5708646774292
ec2_cpu_utilization_fe7f93:2499:2515,0,max_abs_z@0.95,0.35912025,9.5708646774292
ec2_cpu_utilization_fe7f93:2507:2523,0,max_abs_z@0.95,0.36287922,9.5708646774292
ec2_cpu_utilization_fe7f93:2515:2531,0,max_abs_z@0.95,0.3634008,9.5708646774292
ec2_cpu_utilization_fe7f93:2523:2539,1,max_abs_z@0.95,0.35866916,9.5708646774292
ec2_cpu_utilization_fe7f93:2531:2547,1,max_abs_z@0.95,0.35919008,9.5708646774292
ec2_cpu_utilization_fe7f93:2539:2555,1,max_abs_z@0.95,0.35798702,9.5708646774292
ec2_cpu_utilization_fe7f93:2547:2563,1,max_abs_z@0.95,0.35491017,9.5708646774292
ec2_cpu_utilization_fe7f93:2555:2571,1,max_abs_z@0.95,0.36333033,9.5708646774292
ec2_cpu_utilization_fe7f93:2563:2579,1,max_abs_z@0.95,0.3696454,9.5708646774292
ec2_cpu_utilization_fe7f93:2571:2587,1,max_abs_z@0.95,0.3701679,9.5708646774292
ec2_cpu_utilization_fe7f93:2579:2595,1,max_abs_z@0.95,0.34996244,9.5708646774292
ec2_cpu_utilization_fe7f93:2587:2603,1,max_abs_z@0.95,0.34966284,9.5708646774292
ec2_cpu_utilization_fe7f93:2595:2611,1,max_abs_z@0.95,0.35205334,9.5708646774292
ec2_cpu_utilization_fe7f93:2603:2619,1,max_abs_z@0.95,0.36272886,9.5708646774292
ec2_cpu_utilization_fe7f93:2611:2627,1,max_abs_z@0.95,0.36784106,9.5708646774292
ec2_cpu_utilization_fe7f93:2619:2635,1,max_abs_z@0.95,0.36836335,9.5708646774292
ec2_cpu_utilization_fe7f93:2627:2643,1,max_abs_z@0.95,0.35919008,9.5708646774292
ec2_cpu_utilization_fe7f93:2635:2651,1,max_abs_z@0.95,0.35452828,9.5708646774292
ec2_cpu_utilization_fe7f93:2643:2659,1,max_abs_z@0.95,0.3559627,9.5708646774292
ec2_cpu_utilization_fe7f93:2651:2667,1,max_abs_z@0.95,0.35648325,9.5708646774292
ec2_cpu_utilization_fe7f93:2659:2675,1,max_abs_z@0.95,0.36122528,9.5708646774292
ec2_cpu_utilization_fe7f93:2667:2683,1,max_abs_z@0.95,0.36174655,9.5708646774292
ec2_cpu_utilization_fe7f93:2675:2691,0,max_abs_z@0.95,0.3552109,9.5708646774292
ec2_cpu_utilization_fe7f93:2683:2699,0,max_abs_z@0.95,0.36272886,9.5708646774292
ec2_cpu_utilization_fe7f93:2691:2707,0,max_abs_z@0.95,0.36325037,9.5708646774292
ec2_cpu_utilization_fe7f93:2699:2715,0,max_abs_z@0.95,0.35280517,9.5708646774292
ec2_cpu_utilization_fe7f93:2707:2723,0,max_abs_z@0.95,0.36242816,9.5708646774292
ec2_cpu_utilization_fe7f93:2715:2731,0,max_abs_z@0.95,0.3629496,9.5708646774292
ec2_cpu_utilization_fe7f93:2723:2739,0,max_abs_z@0.95,0.3612954,9.5708646774292
ec2_cpu_utilization_fe7f93:2731:2747,0,max_abs_z@0.95,0.35618246,9.5708646774292
ec2_cpu_utilization_fe7f93:2739:2755,0,max_abs_z@0.95,0.34844476,9.5708646774292
ec2_cpu_utilization_fe7f93:2747:2763,0,max_abs_z@0.95,0.35957134,9.5708646774292
ec2_cpu_utilization_fe7f93:2755:2771,0,max_abs_z@0.95,0.36009237,9.5708646774292
ec2_cpu_utilization_fe7f93:2763:2779,0,max_abs_z@0.95,0.34049866,9.5708646774292
ec2_cpu_utilization_fe7f93:2771:2787,0,max_abs_z@0.95,0.3406932,9.5708646774292
ec2_cpu_utilization_fe7f93:2779:2795,0,max_abs_z@0.95,0.3221085,9.5708646774292
ec2_cpu_utilization_fe7f93:2787:2803,0,max_abs_z@0.95,0.32887304,9.5708646774292
ec2_cpu_utilization_fe7f93:2795:2811,0,max_abs_z@0.95,0.351903,9.5708646774292
ec2_cpu_utilization_fe7f93:2803:2819,0,max_abs_z@0.95,0.35242295,9.5708646774292
ec2_cpu_utilization_fe7f93:2811:2827,0,max_abs_z@0.95,0.3537073,9.5708646774292
ec2_cpu_utilization_fe7f93:2819:2835,0,max_abs_z@0.95,0.36212745,9.5708646774292
ec2_cpu_utilization_fe7f93:2827:2843,0,max_abs_z@0.95,0.36264884,9.5708646774292
ec2_cpu_utilization_fe7f93:2835:2851,0,max_abs_z@0.95,0.35776702,9.5708646774292
ec2_cpu_utilization_fe7f93:2843:2859,0,max_abs_z@0.95,0.35942098,9.5708646774292
ec2_cpu_utilization_fe7f93:2851:2867,0,max_abs_z@0.95,0.359942,9.5708646774292
ec2_cpu_utilization_fe7f93:2859:2875,0,max_abs_z@0.95,0.35491017,9.5708646774292
ec2_cpu_utilization_fe7f93:2867:2883,0,max_abs_z@0.95,0.3570152,9.5708646774292
ec2_cpu_utilization_fe7f93:2875:2891,0,max_abs_z@0.95,0.3575359,9.5708646774292
ec2_cpu_utilization_fe7f93:2883:2899,0,max_abs_z@0.95,0.34424478,9.5708646774292
ec2_cpu_utilization_fe7f93:2891:2907,0,max_abs_z@0.95,0.34219697,9.5708646774292
ec2_cpu_utilization_fe7f93:2899:2915,0,max_abs_z@0.95,0.34219697,9.5708646774292
ec2_cpu_utilization_fe7f93:2907:2923,0,max_abs_z@0.95,0.3582181,9.5708646774292
ec2_cpu_utilization_fe7f93:2915:2931,0,max_abs_z@0.95,5.384883,9.5708646774292
ec2_cpu_utilization_fe7f93:2923:2939,0,max_abs_z@0.95,5.3850183,9.5708646774292
ec2_cpu_utilization_fe7f93:2931:2947,0,max_abs_z@0.95,8.646454,9.5708646774292
ec2_cpu_utilization_fe7f93:2939:2955,0,max_abs_z@0.95,8.647411,9.5708646774292
ec2_cpu_utilization_fe7f93:2947:2963,0,max_abs_z@0.95,6.691712,9.5708646774292
ec2_cpu_utilization_fe7f93:2955:2971,0,max_abs_z@0.95,0.45683774,9.5708646774292
ec2_cpu_utilization_fe7f93:2963:2979,0,max_abs_z@0.95,0.4564073,9.5708646774292
ec2_cpu_utilization_fe7f93:2971:2987,0,max_abs_z@0.95,4.9709826,9.5708646774292
ec2_cpu_utilization_fe7f93:2979:2995,0,max_abs_z@0.95,4.971028,9.5708646774292
ec2_cpu_utilization_fe7f93:2987:3003,0,max_abs_z@0.95,6.0625863,9.5708646774292
ec2_cpu_utilization_fe7f93:2995:3011,0,max_abs_z@0.95,7.526948,9.5708646774292
ec2_cpu_utilization_fe7f93:3003:3019,0,max_abs_z@0.95,8.206113,9.5708646774292
ec2_cpu_utilization_fe7f93:3011:3027,0,max_abs_z@0.95,8.206977,9.5708646774292
ec2_cpu_utilization_fe7f93:3019:3035,0,max_abs_z@0.95,4.874014,9.5708646774292
ec2_cpu_utilization_fe7f93:3027:3043,0,max_abs_z@0.95,4.874297,9.5708646774292
ec2_cpu_utilization_fe7f93:3035:3051,0,max_abs_z@0.95,0.3607742,9.5708646774292
ec2_cpu_utilization_fe7f93:3043:3059,0,max_abs_z@0.95,0.3612954,9.5708646774292
ec2_cpu_utilization_fe7f93:3051:3067,0,max_abs_z@0.95,0.3574663,9.5708646774292
ec2_cpu_utilization_fe7f93:3059:3075,0,max_abs_z@0.95,0.35798702,9.5708646774292
ec2_cpu_utilization_fe7f93:3067:3083,0,max_abs_z@0.95,0.35088566,9.5708646774292
ec2_cpu_utilization_fe7f93:3075:3091,0,max_abs_z@0.95,0.34964764,9.5708646774292
ec2_cpu_utilization_fe7f93:3083:3099,0,max_abs_z@0.95,0.3516023,9.5708646774292
ec2_cpu_utilization_fe7f93:3091:3107,0,max_abs_z@0.95,0.35212216,9.5708646774292
ec2_cpu_utilization_fe7f93:3099:3115,0,max_abs_z@0.95,0.3343945,9.5708646774292
ec2_cpu_utilization_fe7f93:3107:3123,0,max_abs_z@0.95,0.36212745,9.5708646774292
ec2_cpu_utilization_fe7f93:3115:3131,0,max_abs_z@0.95,0.36264884,9.5708646774292
ec2_cpu_utilization_fe7f93:3123:3139,0,max_abs_z@0.95,0.36212745,9.5708646774292
ec2_cpu_utilization_fe7f93:3131:3147,0,max_abs_z@0.95,0.3645332,9.5708646774292
ec2_cpu_utilization_fe7f93:3139:3155,0,max_abs_z@0.95,0.36505497,9.5708646774292
ec2_cpu_utilization_fe7f93:3147:3163,0,max_abs_z@0.95,0.3583685,9.5708646774292
ec2_cpu_utilization_fe7f93:3155:3171,0,max_abs_z@0.95,0.3588893,9.5708646774292
ec2_cpu_utilization_fe7f93:3163:3179,0,max_abs_z@0.95,0.34799096,9.5708646774292
ec2_cpu_utilization_fe7f93:3171:3187,0,max_abs_z@0.95,0.34724188,9.5708646774292
ec2_cpu_utilization_fe7f93:3179:3195,0,max_abs_z@0.95,0.3541584,9.5708646774292
ec2_cpu_utilization_fe7f93:3187:3203,0,max_abs_z@0.95,0.3719008,9.5708646774292
ec2_cpu_utilization_fe7f93:3195:3211,0,max_abs_z@0.95,0.37242365,9.5708646774292
ec2_cpu_utilization_fe7f93:3203:3219,0,max_abs_z@0.95,0.36093214,9.5708646774292
ec2_cpu_utilization_fe7f93:2419:2435,0,max_abs_z@0.975,0.35723513,9.804490089416504
ec2_cpu_utilization_fe7f93:2427:2443,0,max_abs_z@0.975,0.35543057,9.804490089416504
ec2_cpu_utilization_fe7f93:2435:2451,0,max_abs_z@0.975,0.35106948,9.804490089416504
ec2_cpu_utilization_fe7f93:2443:2459,0,max_abs_z@0.975,0.35957134,9.804490089416504
ec2_cpu_utilization_fe7f93:2451:2467,0,max_abs_z@0.975,0.36009237,9.804490089416504
ec2_cpu_utilization_fe7f93:2459:2475,0,max_abs_z@0.975,0.35475984,9.804490089416504
ec2_cpu_utilization_fe7f93:2467:2483,0,max_abs_z@0.975,0.35912025,9.804490089416504
ec2_cpu_utilization_fe7f93:2475:2491,0,max_abs_z@0.975,0.35964122,9.804490089416504
ec2_cpu_utilization_fe7f93:2483:2499,0,max_abs_z@0.975,0.35686484,9.804490089416504
ec2_cpu_utilization_fe7f93:2491:2507,0,max_abs_z@0.975,0.35738555,9.804490089416504
ec2_cpu_utilization_fe7f93:2499:2515,0,max_abs_z@0.975,0.35912025,9.804490089416504
ec2_cpu_utilization_fe7f93:2507:2523,0,max_abs_z@0.975,0.36287922,9.804490089416504
ec2_cpu_utilization_fe7f93:2515:2531,0,max_abs_z@0.975,0.3634008,9.804490089416504
ec2_cpu_utilization_fe7f93:2523:2539,1,max_abs_z@0.975,0.35866916,9.804490089416504
ec2_cpu_utilization_fe7f93:2531:2547,1,max_abs_z@0.975,0.35919008,9.804490089416504
ec2_cpu_utilization_fe7f93:2539:2555,1,max_abs_z@0.975,0.35798702,9.804490089416504
ec2_cpu_utilization_fe7f93:2547:2563,1,max_abs_z@0.975,0.35491017,9.804490089416504
ec2_cpu_utilization_fe7f93:2555:2571,1,max_abs_z@0.975,0.36333033,9.804490089416504
ec2_cpu_utilization_fe7f93:2563:2579,1,max_abs_z@0.975,0.3696454,9.804490089416504
ec2_cpu_utilization_fe7f93:2571:2587,1,max_abs_z@0.975,0.3701679,9.804490089416504
ec2_cpu_utilization_fe7f93:2579:2595,1,max_abs_z@0.975,0.34996244,9.804490089416504
ec2_cpu_utilization_fe7f93:2587:2603,1,max_abs_z@0.975,0.34966284,9.804490089416504
ec2_cpu_utilization_fe7f93:2595:2611,1,max_abs_z@0.975,0.35205334,9.804490089416504
ec2_cpu_utilization_fe7f93:2603:2619,1,max_abs_z@0.975,0.36272886,9.804490089416504
ec2_cpu_utilization_fe7f93:2611:2627,1,max_abs_z@0.975,0.36784106,9.804490089416504
ec2_cpu_utilization_fe7f93:2619:2635,1,max_abs_z@0.975,0.36836335,9.804490089416504
ec2_cpu_utilization_fe7f93:2627:2643,1,max_abs_z@0.975,0.35919008,9.804490089416504
ec2_cpu_utilization_fe7f93:2635:2651,1,max_abs_z@0.975,0.35452828,9.804490089416504
ec2_cpu_utilization_fe7f93:2643:2659,1,max_abs_z@0.975,0.3559627,9.804490089416504
ec2_cpu_utilization_fe7f93:2651:2667,1,max_abs_z@0.975,0.35648325,9.804490089416504
ec2_cpu_utilization_fe7f93:2659:2675,1,max_abs_z@0.975,0.36122528,9.804490089416504
ec2_cpu_utilization_fe7f93:2667:2683,1,max_abs_z@0.975,0.36174655,9.804490089416504
ec2_cpu_utilization_fe7f93:2675:2691,0,max_abs_z@0.975,0.3552109,9.804490089416504
ec2_cpu_utilization_fe7f93:2683:2699,0,max_abs_z@0.975,0.36272886,9.804490089416504
ec2_cpu_utilization_fe7f93:2691:2707,0,max_abs_z@0.975,0.36325037,9.804490089416504
ec2_cpu_utilization_fe7f93:2699:2715,0,max_abs_z@0.975,0.35280517,9.804490089416504
ec2_cpu_utilization_fe7f93:2707:2723,0,max_abs_z@0.975,0.36242816,9.804490089416504
ec2_cpu_utilization_fe7f93:2715:2731,0,max_abs_z@0.975,0.3629496,9.804490089416504
ec2_cpu_utilization_fe7f93:2723:2739,0,max_abs_z@0.975,0.3612954,9.804490089416504
ec2_cpu_utilization_fe7f93:2731:2747,0,max_abs_z@0.975,0.35618246,9.804490089416504
ec2_cpu_utilization_fe7f93:2739:2755,0,max_abs_z@0.975,0.34844476,9.804490089416504
ec2_cpu_utilization_fe7f93:2747:2763,0,max_abs_z@0.975,0.35957134,9.804490089416504
ec2_cpu_utilization_fe7f93:2755:2771,0,max_abs_z@0.975,0.36009237,9.804490089416504
ec2_cpu_utilization_fe7f93:2763:2779,0,max_abs_z@0.975,0.34049866,9.804490089416504
ec2_cpu_utilization_fe7f93:2771:2787,0,max_abs_z@0.975,0.3406932,9.804490089416504
ec2_cpu_utilization_fe7f93:2779:2795,0,max_abs_z@0.975,0.3221085,9.804490089416504
ec2_cpu_utilization_fe7f93:2787:2803,0,max_abs_z@0.975,0.32887304,9.804490089416504
ec2_cpu_utilization_fe7f93:2795:2811,0,max_abs_z@0.975,0.351903,9.804490089416504
ec2_cpu_utilization_fe7f93:2803:2819,0,max_abs_z@0.975,0.35242295,9.804490089416504
ec2_cpu_utilization_fe7f93:2811:2827,0,max_abs_z@0.975,0.3537073,9.804490089416504
ec2_cpu_utilization_fe7f93:2819:2835,0,max_abs_z@0.975,0.36212745,9.804490089416504
ec2_cpu_utilization_fe7f93:2827:2843,0,max_abs_z@0.975,0.36264884,9.804490089416504
ec2_cpu_utilization_fe7f93:2835:2851,0,max_abs_z@0.975,0.35776702,9.804490089416504
ec2_cpu_utilization_fe7f93:2843:2859,0,max_abs_z@0.975,0.35942098,9.804490089416504
ec2_cpu_utilization_fe7f93:2851:2867,0,max_abs_z@0.975,0.359942,9.804490089416504
ec2_cpu_utilization_fe7f93:2859:2875,0,max_abs_z@0.975,0.35491017,9.804490089416504
ec2_cpu_utilization_fe7f93:2867:2883,0,max_abs_z@0.975,0.3570152,9.804490089416504
ec2_cpu_utilization_fe7f93:2875:2891,0,max_abs_z@0.975,0.3575359,9.804490089416504
ec2_cpu_utilization_fe7f93:2883:2899,0,max_abs_z@0.975,0.34424478,9.804490089416504
ec2_cpu_utilization_fe7f93:2891:2907,0,max_abs_z@0.975,0.34219697,9.804490089416504
ec2_cpu_utilization_fe7f93:2899:2915,0,max_abs_z@0.975,0.34219697,9.804490089416504
ec2_cpu_utilization_fe7f93:2907:2923,0,max_abs_z@0.975,0.3582181,9.804490089416504
ec2_cpu_utilization_fe7f93:2915:2931,0,max_abs_z@0.975,5.384883,9.804490089416504
ec2_cpu_utilization_fe7f93:2923:2939,0,max_abs_z@0.975,5.3850183,9.804490089416504
ec2_cpu_utilization_fe7f93:2931:2947,0,max_abs_z@0.975,8.646454,9.804490089416504
ec2_cpu_utilization_fe7f93:2939:2955,0,max_abs_z@0.975,8.647411,9.804490089416504
ec2_cpu_utilization_fe7f93:2947:2963,0,max_abs_z@0.975,6.691712,9.804490089416504
ec2_cpu_utilization_fe7f93:2955:2971,0,max_abs_z@0.975,0.45683774,9.804490089416504
ec2_cpu_utilization_fe7f93:2963:2979,0,max_abs_z@0.975,0.4564073,9.804490089416504
ec2_cpu_utilization_fe7f93:2971:2987,0,max_abs_z@0.975,4.9709826,9.804490089416504
ec2_cpu_utilization_fe7f93:2979:2995,0,max_abs_z@0.975,4.971028,9.804490089416504
ec2_cpu_utilization_fe7f93:2987:3003,0,max_abs_z@0.975,6.0625863,9.804490089416504
ec2_cpu_utilization_fe7f93:2995:3011,0,max_abs_z@0.975,7.526948,9.804490089416504
ec2_cpu_utilization_fe7f93:3003:3019,0,max_abs_z@0.975,8.206113,9.804490089416504
ec2_cpu_utilization_fe7f93:3011:3027,0,max_abs_z@0.975,8.206977,9.804490089416504
ec2_cpu_utilization_fe7f93:3019:3035,0,max_abs_z@0.975,4.874014,9.804490089416504
ec2_cpu_utilization_fe7f93:3027:3043,0,max_abs_z@0.975,4.874297,9.804490089416504
ec2_cpu_utilization_fe7f93:3035:3051,0,max_abs_z@0.975,0.3607742,9.804490089416504
ec2_cpu_utilization_fe7f93:3043:3059,0,max_abs_z@0.975,0.3612954,9.804490089416504
ec2_cpu_utilization_fe7f93:3051:3067,0,max_abs_z@0.975,0.3574663,9.804490089416504
ec2_cpu_utilization_fe7f93:3059:3075,0,max_abs_z@0.975,0.35798702,9.804490089416504
ec2_cpu_utilization_fe7f93:3067:3083,0,max_abs_z@0.975,0.35088566,9.804490089416504
ec2_cpu_utilization_fe7f93:3075:3091,0,max_abs_z@0.975,0.34964764,9.804490089416504
ec2_cpu_utilization_fe7f93:3083:3099,0,max_abs_z@0.975,0.3516023,9.804490089416504
ec2_cpu_utilization_fe7f93:3091:3107,0,max_abs_z@0.975,0.35212216,9.804490089416504
ec2_cpu_utilization_fe7f93:3099:3115,0,max_abs_z@0.975,0.3343945,9.804490089416504
ec2_cpu_utilization_fe7f93:3107:3123,0,max_abs_z@0.975,0.36212745,9.804490089416504
ec2_cpu_utilization_fe7f93:3115:3131,0,max_abs_z@0.975,0.36264884,9.804490089416504
ec2_cpu_utilization_fe7f93:3123:3139,0,max_abs_z@0.975,0.36212745,9.804490089416504
ec2_cpu_utilization_fe7f93:3131:3147,0,max_abs_z@0.975,0.3645332,9.804490089416504
ec2_cpu_utilization_fe7f93:3139:3155,0,max_abs_z@0.975,0.36505497,9.804490089416504
ec2_cpu_utilization_fe7f93:3147:3163,0,max_abs_z@0.975,0.3583685,9.804490089416504
ec2_cpu_utilization_fe7f93:3155:3171,0,max_abs_z@0.975,0.3588893,9.804490089416504
ec2_cpu_utilization_fe7f93:3163:3179,0,max_abs_z@0.975,0.34799096,9.804490089416504
ec2_cpu_utilization_fe7f93:3171:3187,0,max_abs_z@0.975,0.34724188,9.804490089416504
ec2_cpu_utilization_fe7f93:3179:3195,0,max_abs_z@0.975,0.3541584,9.804490089416504
ec2_cpu_utilization_fe7f93:3187:3203,0,max_abs_z@0.975,0.3719008,9.804490089416504
ec2_cpu_utilization_fe7f93:3195:3211,0,max_abs_z@0.975,0.37242365,9.804490089416504
ec2_cpu_utilization_fe7f93:3203:3219,0,max_abs_z@0.975,0.36093214,9.804490089416504
ec2_cpu_utilization_fe7f93:2419:2435,0,max_abs_z@0.99,0.35723513,9.805691719055176
ec2_cpu_utilization_fe7f93:2427:2443,0,max_abs_z@0.99,0.35543057,9.805691719055176
ec2_cpu_utilization_fe7f93:2435:2451,0,max_abs_z@0.99,0.35106948,9.805691719055176
ec2_cpu_utilization_fe7f93:2443:2459,0,max_abs_z@0.99,0.35957134,9.805691719055176
ec2_cpu_utilization_fe7f93:2451:2467,0,max_abs_z@0.99,0.36009237,9.805691719055176
ec2_cpu_utilization_fe7f93:2459:2475,0,max_abs_z@0.99,0.35475984,9.805691719055176
ec2_cpu_utilization_fe7f93:2467:2483,0,max_abs_z@0.99,0.35912025,9.805691719055176
ec2_cpu_utilization_fe7f93:2475:2491,0,max_abs_z@0.99,0.35964122,9.805691719055176
ec2_cpu_utilization_fe7f93:2483:2499,0,max_abs_z@0.99,0.35686484,9.805691719055176
ec2_cpu_utilization_fe7f93:2491:2507,0,max_abs_z@0.99,0.35738555,9.805691719055176
ec2_cpu_utilization_fe7f93:2499:2515,0,max_abs_z@0.99,0.35912025,9.805691719055176
ec2_cpu_utilization_fe7f93:2507:2523,0,max_abs_z@0.99,0.36287922,9.805691719055176
ec2_cpu_utilization_fe7f93:2515:2531,0,max_abs_z@0.99,0.3634008,9.805691719055176
ec2_cpu_utilization_fe7f93:2523:2539,1,max_abs_z@0.99,0.35866916,9.805691719055176
ec2_cpu_utilization_fe7f93:2531:2547,1,max_abs_z@0.99,0.35919008,9.805691719055176
ec2_cpu_utilization_fe7f93:2539:2555,1,max_abs_z@0.99,0.35798702,9.805691719055176
ec2_cpu_utilization_fe7f93:2547:2563,1,max_abs_z@0.99,0.35491017,9.805691719055176
ec2_cpu_utilization_fe7f93:2555:2571,1,max_abs_z@0.99,0.36333033,9.805691719055176
ec2_cpu_utilization_fe7f93:2563:2579,1,max_abs_z@0.99,0.3696454,9.805691719055176
ec2_cpu_utilization_fe7f93:2571:2587,1,max_abs_z@0.99,0.3701679,9.805691719055176
ec2_cpu_utilization_fe7f93:2579:2595,1,max_abs_z@0.99,0.34996244,9.805691719055176
ec2_cpu_utilization_fe7f93:2587:2603,1,max_abs_z@0.99,0.34966284,9.805691719055176
ec2_cpu_utilization_fe7f93:2595:2611,1,max_abs_z@0.99,0.35205334,9.805691719055176
ec2_cpu_utilization_fe7f93:2603:2619,1,max_abs_z@0.99,0.36272886,9.805691719055176
ec2_cpu_utilization_fe7f93:2611:2627,1,max_abs_z@0.99,0.36784106,9.805691719055176
ec2_cpu_utilization_fe7f93:2619:2635,1,max_abs_z@0.99,0.36836335,9.805691719055176
ec2_cpu_utilization_fe7f93:2627:2643,1,max_abs_z@0.99,0.35919008,9.805691719055176
ec2_cpu_utilization_fe7f93:2635:2651,1,max_abs_z@0.99,0.35452828,9.805691719055176
ec2_cpu_utilization_fe7f93:2643:2659,1,max_abs_z@0.99,0.3559627,9.805691719055176
ec2_cpu_utilization_fe7f93:2651:2667,1,max_abs_z@0.99,0.35648325,9.805691719055176
ec2_cpu_utilization_fe7f93:2659:2675,1,max_abs_z@0.99,0.36122528,9.805691719055176
ec2_cpu_utilization_fe7f93:2667:2683,1,max_abs_z@0.99,0.36174655,9.805691719055176
ec2_cpu_utilization_fe7f93:2675:2691,0,max_abs_z@0.99,0.3552109,9.805691719055176
ec2_cpu_utilization_fe7f93:2683:2699,0,max_abs_z@0.99,0.36272886,9.805691719055176
ec2_cpu_utilization_fe7f93:2691:2707,0,max_abs_z@0.99,0.36325037,9.805691719055176
ec2_cpu_utilization_fe7f93:2699:2715,0,max_abs_z@0.99,0.35280517,9.805691719055176
ec2_cpu_utilization_fe7f93:2707:2723,0,max_abs_z@0.99,0.36242816,9.805691719055176
ec2_cpu_utilization_fe7f93:2715:2731,0,max_abs_z@0.99,0.3629496,9.805691719055176
ec2_cpu_utilization_fe7f93:2723:2739,0,max_abs_z@0.99,0.3612954,9.805691719055176
ec2_cpu_utilization_fe7f93:2731:2747,0,max_abs_z@0.99,0.35618246,9.805691719055176
ec2_cpu_utilization_fe7f93:2739:2755,0,max_abs_z@0.99,0.34844476,9.805691719055176
ec2_cpu_utilization_fe7f93:2747:2763,0,max_abs_z@0.99,0.35957134,9.805691719055176
ec2_cpu_utilization_fe7f93:2755:2771,0,max_abs_z@0.99,0.36009237,9.805691719055176
ec2_cpu_utilization_fe7f93:2763:2779,0,max_abs_z@0.99,0.34049866,9.805691719055176
ec2_cpu_utilization_fe7f93:2771:2787,0,max_abs_z@0.99,0.3406932,9.805691719055176
ec2_cpu_utilization_fe7f93:2779:2795,0,max_abs_z@0.99,0.3221085,9.805691719055176
ec2_cpu_utilization_fe7f93:2787:2803,0,max_abs_z@0.99,0.32887304,9.805691719055176
ec2_cpu_utilization_fe7f93:2795:2811,0,max_abs_z@0.99,0.351903,9.805691719055176
ec2_cpu_utilization_fe7f93:2803:2819,0,max_abs_z@0.99,0.35242295,9.805691719055176
ec2_cpu_utilization_fe7f93:2811:2827,0,max_abs_z@0.99,0.3537073,9.805691719055176
ec2_cpu_utilization_fe7f93:2819:2835,0,max_abs_z@0.99,0.36212745,9.805691719055176
ec2_cpu_utilization_fe7f93:2827:2843,0,max_abs_z@0.99,0.36264884,9.805691719055176
ec2_cpu_utilization_fe7f93:2835:2851,0,max_abs_z@0.99,0.35776702,9.805691719055176
ec2_cpu_utilization_fe7f93:2843:2859,0,max_abs_z@0.99,0.35942098,9.805691719055176
ec2_cpu_utilization_fe7f93:2851:2867,0,max_abs_z@0.99,0.359942,9.805691719055176
ec2_cpu_utilization_fe7f93:2859:2875,0,max_abs_z@0.99,0.35491017,9.805691719055176
ec2_cpu_utilization_fe7f93:2867:2883,0,max_abs_z@0.99,0.3570152,9.805691719055176
ec2_cpu_utilization_fe7f93:2875:2891,0,max_abs_z@0.99,0.3575359,9.805691719055176
ec2_cpu_utilization_fe7f93:2883:2899,0,max_abs_z@0.99,0.34424478,9.805691719055176
ec2_cpu_utilization_fe7f93:2891:2907,0,max_abs_z@0.99,0.34219697,9.805691719055176
ec2_cpu_utilization_fe7f93:2899:2915,0,max_abs_z@0.99,0.34219697,9.805691719055176
ec2_cpu_utilization_fe7f93:2907:2923,0,max_abs_z@0.99,0.3582181,9.805691719055176
ec2_cpu_utilization_fe7f93:2915:2931,0,max_abs_z@0.99,5.384883,9.805691719055176
ec2_cpu_utilization_fe7f93:2923:2939,0,max_abs_z@0.99,5.3850183,9.805691719055176
ec2_cpu_utilization_fe7f93:2931:2947,0,max_abs_z@0.99,8.646454,9.805691719055176
ec2_cpu_utilization_fe7f93:2939:2955,0,max_abs_z@0.99,8.647411,9.805691719055176
ec2_cpu_utilization_fe7f93:2947:2963,0,max_abs_z@0.99,6.691712,9.805691719055176
ec2_cpu_utilization_fe7f93:2955:2971,0,max_abs_z@0.99,0.45683774,9.805691719055176
ec2_cpu_utilization_fe7f93:2963:2979,0,max_abs_z@0.99,0.4564073,9.805691719055176
ec2_cpu_utilization_fe7f93:2971:2987,0,max_abs_z@0.99,4.9709826,9.805691719055176
ec2_cpu_utilization_fe7f93:2979:2995,0,max_abs_z@0.99,4.971028,9.805691719055176
ec2_cpu_utilization_fe7f93:2987:3003,0,max_abs_z@0.99,6.0625863,9.805691719055176
ec2_cpu_utilization_fe7f93:2995:3011,0,max_abs_z@0.99,7.526948,9.805691719055176
ec2_cpu_utilization_fe7f93:3003:3019,0,max_abs_z@0.99,8.206113,9.805691719055176
ec2_cpu_utilization_fe7f93:3011:3027,0,max_abs_z@0.99,8.206977,9.805691719055176
ec2_cpu_utilization_fe7f93:3019:3035,0,max_abs_z@0.99,4.874014,9.805691719055176
ec2_cpu_utilization_fe7f93:3027:3043,0,max_abs_z@0.99,4.874297,9.805691719055176
ec2_cpu_utilization_fe7f93:3035:3051,0,max_abs_z@0.99,0.3607742,9.805691719055176
ec2_cpu_utilization_fe7f93:3043:3059,0,max_abs_z@0.99,0.3612954,9.805691719055176
ec2_cpu_utilization_fe7f93:3051:3067,0,max_abs_z@0.99,0.3574663,9.805691719055176
ec2_cpu_utilization_fe7f93:3059:3075,0,max_abs_z@0.99,0.35798702,9.805691719055176
ec2_cpu_utilization_fe7f93:3067:3083,0,max_abs_z@0.99,0.35088566,9.805691719055176
ec2_cpu_utilization_fe7f93:3075:3091,0,max_abs_z@0.99,0.34964764,9.805691719055176
ec2_cpu_utilization_fe7f93:3083:3099,0,max_abs_z@0.99,0.3516023,9.805691719055176
ec2_cpu_utilization_fe7f93:3091:3107,0,max_abs_z@0.99,0.35212216,9.805691719055176
ec2_cpu_utilization_fe7f93:3099:3115,0,max_abs_z@0.99,0.3343945,9.805691719055176
ec2_cpu_utilization_fe7f93:3107:3123,0,max_abs_z@0.99,0.36212745,9.805691719055176
ec2_cpu_utilization_fe7f93:3115:3131,0,max_abs_z@0.99,0.36264884,9.805691719055176
ec2_cpu_utilization_fe7f93:3123:3139,0,max_abs_z@0.99,0.36212745,9.805691719055176
ec2_cpu_utilization_fe7f93:3131:3147,0,max_abs_z@0.99,0.3645332,9.805691719055176
ec2_cpu_utilization_fe7f93:3139:3155,0,max_abs_z@0.99,0.36505497,9.805691719055176
ec2_cpu_utilization_fe7f93:3147:3163,0,max_abs_z@0.99,0.3583685,9.805691719055176
ec2_cpu_utilization_fe7f93:3155:3171,0,max_abs_z@0.99,0.3588893,9.805691719055176
ec2_cpu_utilization_fe7f93:3163:3179,0,max_abs_z@0.99,0.34799096,9.805691719055176
ec2_cpu_utilization_fe7f93:3171:3187,0,max_abs_z@0.99,0.34724188,9.805691719055176
ec2_cpu_utilization_fe7f93:3179:3195,0,max_abs_z@0.99,0.3541584,9.805691719055176
ec2_cpu_utilization_fe7f93:3187:3203,0,max_abs_z@0.99,0.3719008,9.805691719055176
ec2_cpu_utilization_fe7f93:3195:3211,0,max_abs_z@0.99,0.37242365,9.805691719055176
ec2_cpu_utilization_fe7f93:3203:3219,0,max_abs_z@0.99,0.36093214,9.805691719055176
ec2_cpu_utilization_fe7f93:2419:2435,0,rolling_32@0.95,0.8081472476624688,61.014639014658684
ec2_cpu_utilization_fe7f93:2427:2443,0,rolling_32@0.95,0.8081472476624688,61.014639014658684
ec2_cpu_utilization_fe7f93:2435:2451,0,rolling_32@0.95,1.3124080877192061,61.014639014658684
ec2_cpu_utilization_fe7f93:2443:2459,0,rolling_32@0.95,1.3124080877192061,61.014639014658684
ec2_cpu_utilization_fe7f93:2451:2467,0,rolling_32@0.95,1.0303639504434883,61.014639014658684
ec2_cpu_utilization_fe7f93:2459:2475,0,rolling_32@0.95,1.0161191884133152,61.014639014658684
ec2_cpu_utilization_fe7f93:2467:2483,0,rolling_32@0.95,1.304811032244988,61.014639014658684
ec2_cpu_utilization_fe7f93:2475:2491,0,rolling_32@0.95,1.304811032244988,61.014639014658684
ec2_cpu_utilization_fe7f93:2483:2499,0,rolling_32@0.95,1.2763217345974534,61.014639014658684
ec2_cpu_utilization_fe7f93:2491:2507,0,rolling_32@0.95,1.2763217345974534,61.014639014658684
ec2_cpu_utilization_fe7f93:2499:2515,0,rolling_32@0.95,1.1205801728670872,61.014639014658684
ec2_cpu_utilization_fe7f93:2507:2523,0,rolling_32@0.95,0.9325504461328601,61.014639014658684
ec2_cpu_utilization_fe7f93:2515:2531,0,rolling_32@0.95,1.3418471871106266,61.014639014658684
ec2_cpu_utilization_fe7f93:2523:2539,1,rolling_32@0.95,1.3418471871106266,61.014639014658684
ec2_cpu_utilization_fe7f93:2531:2547,1,rolling_32@0.95,1.0474575516732902,61.014639014658684
ec2_cpu_utilization_fe7f93:2539:2555,1,rolling_32@0.95,1.0474575516732902,61.014639014658684
ec2_cpu_utilization_fe7f93:2547:2563,1,rolling_32@0.95,1.3950273678749925,61.014639014658684
ec2_cpu_utilization_fe7f93:2555:2571,1,rolling_32@0.95,1.3950273678749925,61.014639014658684
ec2_cpu_utilization_fe7f93:2563:2579,1,rolling_32@0.95,1.3152571533316464,61.014639014658684
ec2_cpu_utilization_fe7f93:2571:2587,1,rolling_32@0.95,1.4054732625488395,61.014639014658684
ec2_cpu_utilization_fe7f93:2579:2595,1,rolling_32@0.95,1.4054732625488395,61.014639014658684
ec2_cpu_utilization_fe7f93:2587:2603,1,rolling_32@0.95,1.1405227265029236,61.014639014658684
ec2_cpu_utilization_fe7f93:2595:2611,1,rolling_32@0.95,1.0692992559712755,61.014639014658684
ec2_cpu_utilization_fe7f93:2603:2619,1,rolling_32@0.95,1.0455582878047358,61.014639014658684
ec2_cpu_utilization_fe7f93:2611:2627,1,rolling_32@0.95,1.254480030299468,61.014639014658684
ec2_cpu_utilization_fe7f93:2619:2635,1,rolling_32@0.95,1.254480030299468,61.014639014658684
ec2_cpu_utilization_fe7f93:2627:2643,1,rolling_32@0.95,1.0977885536188103,61.014639014658684
ec2_cpu_utilization_fe7f93:2635:2651,1,rolling_32@0.95,1.0977885536188103,61.014639014658684
ec2_cpu_utilization_fe7f93:2643:2659,1,rolling_32@0.95,1.0522057679478793,61.014639014658684
ec2_cpu_utilization_fe7f93:2651:2667,1,rolling_32@0.95,1.4035739986802849,61.014639014658684
ec2_cpu_utilization_fe7f93:2659:2675,1,rolling_32@0.95,1.4035739986802849,61.014639014658684
ec2_cpu_utilization_fe7f93:2667:2683,1,rolling_32@0.95,1.2801202623345624,61.014639014658684
ec2_cpu_utilization_fe7f93:2675:2691,0,rolling_32@0.95,1.3219047466811957,61.014639014658684
ec2_cpu_utilization_fe7f93:2683:2699,0,rolling_32@0.95,1.3219047466811957,61.014639014658684
ec2_cpu_utilization_fe7f93:2691:2707,0,rolling_32@0.95,1.301012504507879,61.014639014658684
ec2_cpu_utilization_fe7f93:2699:2715,0,rolling_32@0.95,1.3067102961135426,61.014639014658684
ec2_cpu_utilization_fe7f93:2707:2723,0,rolling_32@0.95,1.3067102961135426,61.014639014658684
ec2_cpu_utilization_fe7f93:2715:2731,0,rolling_32@0.95,1.2354870519947059,61.014639014658684
ec2_cpu_utilization_fe7f93:2723:2739,0,rolling_32@0.95,1.301012504507879,61.014639014658684
ec2_cpu_utilization_fe7f93:2731:2747,0,rolling_32@0.95,1.3817321811758938,61.014639014658684
ec2_cpu_utilization_fe7f93:2739:2755,0,rolling_32@0.95,1.3817321811758938,61.014639014658684
ec2_cpu_utilization_fe7f93:2747:2763,0,rolling_32@0.95,1.0531553432789538,61.014639014658684
ec2_cpu_utilization_fe7f93:2755:2771,0,rolling_32@0.95,2.915407735964262,61.014639014658684
ec2_cpu_utilization_fe7f93:2763:2779,0,rolling_32@0.95,2.915407735964262,61.014639014658684
ec2_cpu_utilization_fe7f93:2771:2787,0,rolling_32@0.95,3.57635971308244,61.014639014658684
ec2_cpu_utilization_fe7f93:2779:2795,0,rolling_32@0.95,3.57635971308244,61.014639014658684
ec2_cpu_utilization_fe7f93:2787:2803,0,rolling_32@0.95,1.717906074547052,61.014639014658684
ec2_cpu_utilization_fe7f93:2795:2811,0,rolling_32@0.95,2.1243540895315953,61.014639014658684
ec2_cpu_utilization_fe7f93:2803:2819,0,rolling_32@0.95,2.1243540895315953,61.014639014658684
ec2_cpu_utilization_fe7f93:2811:2827,0,rolling_32@0.95,0.8062478705875086,61.014639014658684
ec2_cpu_utilization_fe7f93:2819:2835,0,rolling_32@0.95,1.2506813893559534,61.014639014658684
ec2_cpu_utilization_fe7f93:2827:2843,0,rolling_32@0.95,1.2506813893559534,61.014639014658684
ec2_cpu_utilization_fe7f93:2835:2851,0,rolling_32@0.95,1.053155230072548,61.014639014658684
ec2_cpu_utilization_fe7f93:2843:2859,0,rolling_32@0.95,1.0132703492136863,61.014639014658684
ec2_cpu_utilization_fe7f93:2851:2867,0,rolling_32@0.95,1.0617022004970575,61.014639014658684
ec2_cpu_utilization_fe7f93:2859:2875,0,rolling_32@0.95,1.0617022004970575,61.014639014658684
ec2_cpu_utilization_fe7f93:2867:2883,0,rolling_32@0.95,1.1177311072546467,61.014639014658684
ec2_cpu_utilization_fe7f93:2875:2891,0,rolling_32@0.95,2.680845195402407,61.014639014658684
ec2_cpu_utilization_fe7f93:2883:2899,0,rolling_32@0.95,2.680845195402407,61.014639014658684
ec2_cpu_utilization_fe7f93:2891:2907,0,rolling_32@0.95,1.2107962820842801,61.014639014658684
ec2_cpu_utilization_fe7f93:2899:2915,0,rolling_32@0.95,1.2107962820842801,61.014639014658684
ec2_cpu_utilization_fe7f93:2907:2923,0,rolling_32@0.95,0.9031114599478454,61.014639014658684
ec2_cpu_utilization_fe7f93:2915:2931,0,rolling_32@0.95,59.66329392331561,61.014639014658684
ec2_cpu_utilization_fe7f93:2923:2939,0,rolling_32@0.95,59.66329392331561,61.014639014658684
ec2_cpu_utilization_fe7f93:2931:2947,0,rolling_32@0.95,48.684458925002836,61.014639014658684
ec2_cpu_utilization_fe7f93:2939:2955,0,rolling_32@0.95,32.35643005673991,61.014639014658684
ec2_cpu_utilization_fe7f93:2947:2963,0,rolling_32@0.95,18.838049799896982,61.014639014658684
ec2_cpu_utilization_fe7f93:2955:2971,0,rolling_32@0.95,2.897341034753137,61.014639014658684
ec2_cpu_utilization_fe7f93:2963:2979,0,rolling_32@0.95,2.897341034753137,61.014639014658684
ec2_cpu_utilization_fe7f93:2971:2987,0,rolling_32@0.95,53.629255745768475,61.014639014658684
ec2_cpu_utilization_fe7f93:2979:2995,0,rolling_32@0.95,53.629255745768475,61.014639014658684
ec2_cpu_utilization_fe7f93:2987:3003,0,rolling_32@0.95,57.131168819694906,61.014639014658684
ec2_cpu_utilization_fe7f93:2995:3011,0,rolling_32@0.95,57.131168819694906,61.014639014658684
ec2_cpu_utilization_fe7f93:3003:3019,0,rolling_32@0.95,38.702716279487575,61.014639014658684
ec2_cpu_utilization_fe7f93:3011:3027,0,rolling_32@0.95,24.69193022517774,61.014639014658684
ec2_cpu_utilization_fe7f93:3019:3035,0,rolling_32@0.95,28.63895666130995,61.014639014658684
ec2_cpu_utilization_fe7f93:3027:3043,0,rolling_32@0.95,28.63895666130995,61.014639014658684
ec2_cpu_utilization_fe7f93:3035:3051,0,rolling_32@0.95,1.3077243776387732,61.014639014658684
ec2_cpu_utilization_fe7f93:3043:3059,0,rolling_32@0.95,1.3077243776387732,61.014639014658684
ec2_cpu_utilization_fe7f93:3051:3067,0,rolling_32@0.95,0.9799923371504632,61.014639014658684
ec2_cpu_utilization_fe7f93:3059:3075,0,rolling_32@0.95,4.172736605463359,61.014639014658684
ec2_cpu_utilization_fe7f93:3067:3083,0,rolling_32@0.95,4.172736605463359,61.014639014658684
ec2_cpu_utilization_fe7f93:3075:3091,0,rolling_32@0.95,3.0730486747695887,61.014639014658684
ec2_cpu_utilization_fe7f93:3083:3099,0,rolling_32@0.95,1.2791708002098936,61.014639014658684
ec2_cpu_utilization_fe7f93:3091:3107,0,rolling_32@0.95,1.2791708002098936,61.014639014658684
ec2_cpu_utilization_fe7f93:3099:3115,0,rolling_32@0.95,3.0151202777306336,61.014639014658684
ec2_cpu_utilization_fe7f93:3107:3123,0,rolling_32@0.95,3.0151202777306336,61.014639014658684
ec2_cpu_utilization_fe7f93:3115:3131,0,rolling_32@0.95,1.5070852945965767,61.014639014658684
ec2_cpu_utilization_fe7f93:3123:3139,0,rolling_32@0.95,1.2782209984660078,61.014639014658684
ec2_cpu_utilization_fe7f93:3131:3147,0,rolling_32@0.95,0.9923781070403698,61.014639014658684
ec2_cpu_utilization_fe7f93:3139:3155,0,rolling_32@0.95,1.2117458574153546,61.014639014658684
ec2_cpu_utilization_fe7f93:3147:3163,0,rolling_32@0.95,1.2117458574153546,61.014639014658684
ec2_cpu_utilization_fe7f93:3155:3171,0,rolling_32@0.95,3.365538819925559,61.014639014658684
ec2_cpu_utilization_fe7f93:3163:3179,0,rolling_32@0.95,3.365538819925559,61.014639014658684
ec2_cpu_utilization_fe7f93:3171:3187,0,rolling_32@0.95,1.176609192831082,61.014639014658684
ec2_cpu_utilization_fe7f93:3179:3195,0,rolling_32@0.95,1.233587901332557,61.014639014658684
ec2_cpu_utilization_fe7f93:3187:3203,0,rolling_32@0.95,1.233587901332557,61.014639014658684
ec2_cpu_utilization_fe7f93:3195:3211,0,rolling_32@0.95,0.7967515512447361,61.014639014658684
ec2_cpu_utilization_fe7f93:3203:3219,0,rolling_32@0.95,5.207848545768625,61.014639014658684
ec2_cpu_utilization_fe7f93:2419:2435,0,rolling_32@0.975,0.8081472476624688,62.29380947524936
ec2_cpu_utilization_fe7f93:2427:2443,0,rolling_32@0.975,0.8081472476624688,62.29380947524936
ec2_cpu_utilization_fe7f93:2435:2451,0,rolling_32@0.975,1.3124080877192061,62.29380947524936
ec2_cpu_utilization_fe7f93:2443:2459,0,rolling_32@0.975,1.3124080877192061,62.29380947524936
ec2_cpu_utilization_fe7f93:2451:2467,0,rolling_32@0.975,1.0303639504434883,62.29380947524936
ec2_cpu_utilization_fe7f93:2459:2475,0,rolling_32@0.975,1.0161191884133152,62.29380947524936
ec2_cpu_utilization_fe7f93:2467:2483,0,rolling_32@0.975,1.304811032244988,62.29380947524936
ec2_cpu_utilization_fe7f93:2475:2491,0,rolling_32@0.975,1.304811032244988,62.29380947524936
ec2_cpu_utilization_fe7f93:2483:2499,0,rolling_32@0.975,1.2763217345974534,62.29380947524936
ec2_cpu_utilization_fe7f93:2491:2507,0,rolling_32@0.975,1.2763217345974534,62.29380947524936
ec2_cpu_utilization_fe7f93:2499:2515,0,rolling_32@0.975,1.1205801728670872,62.29380947524936
ec2_cpu_utilization_fe7f93:2507:2523,0,rolling_32@0.975,0.9325504461328601,62.29380947524936
ec2_cpu_utilization_fe7f93:2515:2531,0,rolling_32@0.975,1.3418471871106266,62.29380947524936
ec2_cpu_utilization_fe7f93:2523:2539,1,rolling_32@0.975,1.3418471871106266,62.29380947524936
ec2_cpu_utilization_fe7f93:2531:2547,1,rolling_32@0.975,1.0474575516732902,62.29380947524936
ec2_cpu_utilization_fe7f93:2539:2555,1,rolling_32@0.975,1.0474575516732902,62.29380947524936
ec2_cpu_utilization_fe7f93:2547:2563,1,rolling_32@0.975,1.3950273678749925,62.29380947524936
ec2_cpu_utilization_fe7f93:2555:2571,1,rolling_32@0.975,1.3950273678749925,62.29380947524936
ec2_cpu_utilization_fe7f93:2563:2579,1,rolling_32@0.975,1.3152571533316464,62.29380947524936
ec2_cpu_utilization_fe7f93:2571:2587,1,rolling_32@0.975,1.4054732625488395,62.29380947524936
ec2_cpu_utilization_fe7f93:2579:2595,1,rolling_32@0.975,1.4054732625488395,62.29380947524936
ec2_cpu_utilization_fe7f93:2587:2603,1,rolling_32@0.975,1.1405227265029236,62.29380947524936
ec2_cpu_utilization_fe7f93:2595:2611,1,rolling_32@0.975,1.0692992559712755,62.29380947524936
ec2_cpu_utilization_fe7f93:2603:2619,1,rolling_32@0.975,1.0455582878047358,62.29380947524936
ec2_cpu_utilization_fe7f93:2611:2627,1,rolling_32@0.975,1.254480030299468,62.29380947524936
ec2_cpu_utilization_fe7f93:2619:2635,1,rolling_32@0.975,1.254480030299468,62.29380947524936
ec2_cpu_utilization_fe7f93:2627:2643,1,rolling_32@0.975,1.0977885536188103,62.29380947524936
ec2_cpu_utilization_fe7f93:2635:2651,1,rolling_32@0.975,1.0977885536188103,62.29380947524936
ec2_cpu_utilization_fe7f93:2643:2659,1,rolling_32@0.975,1.0522057679478793,62.29380947524936
ec2_cpu_utilization_fe7f93:2651:2667,1,rolling_32@0.975,1.4035739986802849,62.29380947524936
ec2_cpu_utilization_fe7f93:2659:2675,1,rolling_32@0.975,1.4035739986802849,62.29380947524936
ec2_cpu_utilization_fe7f93:2667:2683,1,rolling_32@0.975,1.2801202623345624,62.29380947524936
ec2_cpu_utilization_fe7f93:2675:2691,0,rolling_32@0.975,1.3219047466811957,62.29380947524936
ec2_cpu_utilization_fe7f93:2683:2699,0,rolling_32@0.975,1.3219047466811957,62.29380947524936
ec2_cpu_utilization_fe7f93:2691:2707,0,rolling_32@0.975,1.301012504507879,62.29380947524936
ec2_cpu_utilization_fe7f93:2699:2715,0,rolling_32@0.975,1.3067102961135426,62.29380947524936
ec2_cpu_utilization_fe7f93:2707:2723,0,rolling_32@0.975,1.3067102961135426,62.29380947524936
ec2_cpu_utilization_fe7f93:2715:2731,0,rolling_32@0.975,1.2354870519947059,62.29380947524936
ec2_cpu_utilization_fe7f93:2723:2739,0,rolling_32@0.975,1.301012504507879,62.29380947524936
ec2_cpu_utilization_fe7f93:2731:2747,0,rolling_32@0.975,1.3817321811758938,62.29380947524936
ec2_cpu_utilization_fe7f93:2739:2755,0,rolling_32@0.975,1.3817321811758938,62.29380947524936
ec2_cpu_utilization_fe7f93:2747:2763,0,rolling_32@0.975,1.0531553432789538,62.29380947524936
ec2_cpu_utilization_fe7f93:2755:2771,0,rolling_32@0.975,2.915407735964262,62.29380947524936
ec2_cpu_utilization_fe7f93:2763:2779,0,rolling_32@0.975,2.915407735964262,62.29380947524936
ec2_cpu_utilization_fe7f93:2771:2787,0,rolling_32@0.975,3.57635971308244,62.29380947524936
ec2_cpu_utilization_fe7f93:2779:2795,0,rolling_32@0.975,3.57635971308244,62.29380947524936
ec2_cpu_utilization_fe7f93:2787:2803,0,rolling_32@0.975,1.717906074547052,62.29380947524936
ec2_cpu_utilization_fe7f93:2795:2811,0,rolling_32@0.975,2.1243540895315953,62.29380947524936
ec2_cpu_utilization_fe7f93:2803:2819,0,rolling_32@0.975,2.1243540895315953,62.29380947524936
ec2_cpu_utilization_fe7f93:2811:2827,0,rolling_32@0.975,0.8062478705875086,62.29380947524936
ec2_cpu_utilization_fe7f93:2819:2835,0,rolling_32@0.975,1.2506813893559534,62.29380947524936
ec2_cpu_utilization_fe7f93:2827:2843,0,rolling_32@0.975,1.2506813893559534,62.29380947524936
ec2_cpu_utilization_fe7f93:2835:2851,0,rolling_32@0.975,1.053155230072548,62.29380947524936
ec2_cpu_utilization_fe7f93:2843:2859,0,rolling_32@0.975,1.0132703492136863,62.29380947524936
ec2_cpu_utilization_fe7f93:2851:2867,0,rolling_32@0.975,1.0617022004970575,62.29380947524936
ec2_cpu_utilization_fe7f93:2859:2875,0,rolling_32@0.975,1.0617022004970575,62.29380947524936
ec2_cpu_utilization_fe7f93:2867:2883,0,rolling_32@0.975,1.1177311072546467,62.29380947524936
ec2_cpu_utilization_fe7f93:2875:2891,0,rolling_32@0.975,2.680845195402407,62.29380947524936
ec2_cpu_utilization_fe7f93:2883:2899,0,rolling_32@0.975,2.680845195402407,62.29380947524936
ec2_cpu_utilization_fe7f93:2891:2907,0,rolling_32@0.975,1.2107962820842801,62.29380947524936
ec2_cpu_utilization_fe7f93:2899:2915,0,rolling_32@0.975,1.2107962820842801,62.29380947524936
ec2_cpu_utilization_fe7f93:2907:2923,0,rolling_32@0.975,0.9031114599478454,62.29380947524936
ec2_cpu_utilization_fe7f93:2915:2931,0,rolling_32@0.975,59.66329392331561,62.29380947524936
ec2_cpu_utilization_fe7f93:2923:2939,0,rolling_32@0.975,59.66329392331561,62.29380947524936
ec2_cpu_utilization_fe7f93:2931:2947,0,rolling_32@0.975,48.684458925002836,62.29380947524936
ec2_cpu_utilization_fe7f93:2939:2955,0,rolling_32@0.975,32.35643005673991,62.29380947524936
ec2_cpu_utilization_fe7f93:2947:2963,0,rolling_32@0.975,18.838049799896982,62.29380947524936
ec2_cpu_utilization_fe7f93:2955:2971,0,rolling_32@0.975,2.897341034753137,62.29380947524936
ec2_cpu_utilization_fe7f93:2963:2979,0,rolling_32@0.975,2.897341034753137,62.29380947524936
ec2_cpu_utilization_fe7f93:2971:2987,0,rolling_32@0.975,53.629255745768475,62.29380947524936
ec2_cpu_utilization_fe7f93:2979:2995,0,rolling_32@0.975,53.629255745768475,62.29380947524936
ec2_cpu_utilization_fe7f93:2987:3003,0,rolling_32@0.975,57.131168819694906,62.29380947524936
ec2_cpu_utilization_fe7f93:2995:3011,0,rolling_32@0.975,57.131168819694906,62.29380947524936
ec2_cpu_utilization_fe7f93:3003:3019,0,rolling_32@0.975,38.702716279487575,62.29380947524936
ec2_cpu_utilization_fe7f93:3011:3027,0,rolling_32@0.975,24.69193022517774,62.29380947524936
ec2_cpu_utilization_fe7f93:3019:3035,0,rolling_32@0.975,28.63895666130995,62.29380947524936
ec2_cpu_utilization_fe7f93:3027:3043,0,rolling_32@0.975,28.63895666130995,62.29380947524936
ec2_cpu_utilization_fe7f93:3035:3051,0,rolling_32@0.975,1.3077243776387732,62.29380947524936
ec2_cpu_utilization_fe7f93:3043:3059,0,rolling_32@0.975,1.3077243776387732,62.29380947524936
ec2_cpu_utilization_fe7f93:3051:3067,0,rolling_32@0.975,0.9799923371504632,62.29380947524936
ec2_cpu_utilization_fe7f93:3059:3075,0,rolling_32@0.975,4.172736605463359,62.29380947524936
ec2_cpu_utilization_fe7f93:3067:3083,0,rolling_32@0.975,4.172736605463359,62.29380947524936
ec2_cpu_utilization_fe7f93:3075:3091,0,rolling_32@0.975,3.0730486747695887,62.29380947524936
ec2_cpu_utilization_fe7f93:3083:3099,0,rolling_32@0.975,1.2791708002098936,62.29380947524936
ec2_cpu_utilization_fe7f93:3091:3107,0,rolling_32@0.975,1.2791708002098936,62.29380947524936
ec2_cpu_utilization_fe7f93:3099:3115,0,rolling_32@0.975,3.0151202777306336,62.29380947524936
ec2_cpu_utilization_fe7f93:3107:3123,0,rolling_32@0.975,3.0151202777306336,62.29380947524936
ec2_cpu_utilization_fe7f93:3115:3131,0,rolling_32@0.975,1.5070852945965767,62.29380947524936
ec2_cpu_utilization_fe7f93:3123:3139,0,rolling_32@0.975,1.2782209984660078,62.29380947524936
ec2_cpu_utilization_fe7f93:3131:3147,0,rolling_32@0.975,0.9923781070403698,62.29380947524936
ec2_cpu_utilization_fe7f93:3139:3155,0,rolling_32@0.975,1.2117458574153546,62.29380947524936
ec2_cpu_utilization_fe7f93:3147:3163,0,rolling_32@0.975,1.2117458574153546,62.29380947524936
ec2_cpu_utilization_fe7f93:3155:3171,0,rolling_32@0.975,3.365538819925559,62.29380947524936
ec2_cpu_utilization_fe7f93:3163:3179,0,rolling_32@0.975,3.365538819925559,62.29380947524936
ec2_cpu_utilization_fe7f93:3171:3187,0,rolling_32@0.975,1.176609192831082,62.29380947524936
ec2_cpu_utilization_fe7f93:3179:3195,0,rolling_32@0.975,1.233587901332557,62.29380947524936
ec2_cpu_utilization_fe7f93:3187:3203,0,rolling_32@0.975,1.233587901332557,62.29380947524936
ec2_cpu_utilization_fe7f93:3195:3211,0,rolling_32@0.975,0.7967515512447361,62.29380947524936
ec2_cpu_utilization_fe7f93:3203:3219,0,rolling_32@0.975,5.207848545768625,62.29380947524936
ec2_cpu_utilization_fe7f93:2419:2435,0,rolling_32@0.99,0.8081472476624688,62.29380947524936
ec2_cpu_utilization_fe7f93:2427:2443,0,rolling_32@0.99,0.8081472476624688,62.29380947524936
ec2_cpu_utilization_fe7f93:2435:2451,0,rolling_32@0.99,1.3124080877192061,62.29380947524936
ec2_cpu_utilization_fe7f93:2443:2459,0,rolling_32@0.99,1.3124080877192061,62.29380947524936
ec2_cpu_utilization_fe7f93:2451:2467,0,rolling_32@0.99,1.0303639504434883,62.29380947524936
ec2_cpu_utilization_fe7f93:2459:2475,0,rolling_32@0.99,1.0161191884133152,62.29380947524936
ec2_cpu_utilization_fe7f93:2467:2483,0,rolling_32@0.99,1.304811032244988,62.29380947524936
ec2_cpu_utilization_fe7f93:2475:2491,0,rolling_32@0.99,1.304811032244988,62.29380947524936
ec2_cpu_utilization_fe7f93:2483:2499,0,rolling_32@0.99,1.2763217345974534,62.29380947524936
ec2_cpu_utilization_fe7f93:2491:2507,0,rolling_32@0.99,1.2763217345974534,62.29380947524936
ec2_cpu_utilization_fe7f93:2499:2515,0,rolling_32@0.99,1.1205801728670872,62.29380947524936
ec2_cpu_utilization_fe7f93:2507:2523,0,rolling_32@0.99,0.9325504461328601,62.29380947524936
ec2_cpu_utilization_fe7f93:2515:2531,0,rolling_32@0.99,1.3418471871106266,62.29380947524936
ec2_cpu_utilization_fe7f93:2523:2539,1,rolling_32@0.99,1.3418471871106266,62.29380947524936
ec2_cpu_utilization_fe7f93:2531:2547,1,rolling_32@0.99,1.0474575516732902,62.29380947524936
ec2_cpu_utilization_fe7f93:2539:2555,1,rolling_32@0.99,1.0474575516732902,62.29380947524936
ec2_cpu_utilization_fe7f93:2547:2563,1,rolling_32@0.99,1.3950273678749925,62.29380947524936
ec2_cpu_utilization_fe7f93:2555:2571,1,rolling_32@0.99,1.3950273678749925,62.29380947524936
ec2_cpu_utilization_fe7f93:2563:2579,1,rolling_32@0.99,1.3152571533316464,62.29380947524936
ec2_cpu_utilization_fe7f93:2571:2587,1,rolling_32@0.99,1.4054732625488395,62.29380947524936
ec2_cpu_utilization_fe7f93:2579:2595,1,rolling_32@0.99,1.4054732625488395,62.29380947524936
ec2_cpu_utilization_fe7f93:2587:2603,1,rolling_32@0.99,1.1405227265029236,62.29380947524936
ec2_cpu_utilization_fe7f93:2595:2611,1,rolling_32@0.99,1.0692992559712755,62.29380947524936
ec2_cpu_utilization_fe7f93:2603:2619,1,rolling_32@0.99,1.0455582878047358,62.29380947524936
ec2_cpu_utilization_fe7f93:2611:2627,1,rolling_32@0.99,1.254480030299468,62.29380947524936
ec2_cpu_utilization_fe7f93:2619:2635,1,rolling_32@0.99,1.254480030299468,62.29380947524936
ec2_cpu_utilization_fe7f93:2627:2643,1,rolling_32@0.99,1.0977885536188103,62.29380947524936
ec2_cpu_utilization_fe7f93:2635:2651,1,rolling_32@0.99,1.0977885536188103,62.29380947524936
ec2_cpu_utilization_fe7f93:2643:2659,1,rolling_32@0.99,1.0522057679478793,62.29380947524936
ec2_cpu_utilization_fe7f93:2651:2667,1,rolling_32@0.99,1.4035739986802849,62.29380947524936
ec2_cpu_utilization_fe7f93:2659:2675,1,rolling_32@0.99,1.4035739986802849,62.29380947524936
ec2_cpu_utilization_fe7f93:2667:2683,1,rolling_32@0.99,1.2801202623345624,62.29380947524936
ec2_cpu_utilization_fe7f93:2675:2691,0,rolling_32@0.99,1.3219047466811957,62.29380947524936
ec2_cpu_utilization_fe7f93:2683:2699,0,rolling_32@0.99,1.3219047466811957,62.29380947524936
ec2_cpu_utilization_fe7f93:2691:2707,0,rolling_32@0.99,1.301012504507879,62.29380947524936
ec2_cpu_utilization_fe7f93:2699:2715,0,rolling_32@0.99,1.3067102961135426,62.29380947524936
ec2_cpu_utilization_fe7f93:2707:2723,0,rolling_32@0.99,1.3067102961135426,62.29380947524936
ec2_cpu_utilization_fe7f93:2715:2731,0,rolling_32@0.99,1.2354870519947059,62.29380947524936
ec2_cpu_utilization_fe7f93:2723:2739,0,rolling_32@0.99,1.301012504507879,62.29380947524936
ec2_cpu_utilization_fe7f93:2731:2747,0,rolling_32@0.99,1.3817321811758938,62.29380947524936
ec2_cpu_utilization_fe7f93:2739:2755,0,rolling_32@0.99,1.3817321811758938,62.29380947524936
ec2_cpu_utilization_fe7f93:2747:2763,0,rolling_32@0.99,1.0531553432789538,62.29380947524936
ec2_cpu_utilization_fe7f93:2755:2771,0,rolling_32@0.99,2.915407735964262,62.29380947524936
ec2_cpu_utilization_fe7f93:2763:2779,0,rolling_32@0.99,2.915407735964262,62.29380947524936
ec2_cpu_utilization_fe7f93:2771:2787,0,rolling_32@0.99,3.57635971308244,62.29380947524936
ec2_cpu_utilization_fe7f93:2779:2795,0,rolling_32@0.99,3.57635971308244,62.29380947524936
ec2_cpu_utilization_fe7f93:2787:2803,0,rolling_32@0.99,1.717906074547052,62.29380947524936
ec2_cpu_utilization_fe7f93:2795:2811,0,rolling_32@0.99,2.1243540895315953,62.29380947524936
ec2_cpu_utilization_fe7f93:2803:2819,0,rolling_32@0.99,2.1243540895315953,62.29380947524936
ec2_cpu_utilization_fe7f93:2811:2827,0,rolling_32@0.99,0.8062478705875086,62.29380947524936
ec2_cpu_utilization_fe7f93:2819:2835,0,rolling_32@0.99,1.2506813893559534,62.29380947524936
ec2_cpu_utilization_fe7f93:2827:2843,0,rolling_32@0.99,1.2506813893559534,62.29380947524936
ec2_cpu_utilization_fe7f93:2835:2851,0,rolling_32@0.99,1.053155230072548,62.29380947524936
ec2_cpu_utilization_fe7f93:2843:2859,0,rolling_32@0.99,1.0132703492136863,62.29380947524936
ec2_cpu_utilization_fe7f93:2851:2867,0,rolling_32@0.99,1.0617022004970575,62.29380947524936
ec2_cpu_utilization_fe7f93:2859:2875,0,rolling_32@0.99,1.0617022004970575,62.29380947524936
ec2_cpu_utilization_fe7f93:2867:2883,0,rolling_32@0.99,1.1177311072546467,62.29380947524936
ec2_cpu_utilization_fe7f93:2875:2891,0,rolling_32@0.99,2.680845195402407,62.29380947524936
ec2_cpu_utilization_fe7f93:2883:2899,0,rolling_32@0.99,2.680845195402407,62.29380947524936
ec2_cpu_utilization_fe7f93:2891:2907,0,rolling_32@0.99,1.2107962820842801,62.29380947524936
ec2_cpu_utilization_fe7f93:2899:2915,0,rolling_32@0.99,1.2107962820842801,62.29380947524936
ec2_cpu_utilization_fe7f93:2907:2923,0,rolling_32@0.99,0.9031114599478454,62.29380947524936
ec2_cpu_utilization_fe7f93:2915:2931,0,rolling_32@0.99,59.66329392331561,62.29380947524936
ec2_cpu_utilization_fe7f93:2923:2939,0,rolling_32@0.99,59.66329392331561,62.29380947524936
ec2_cpu_utilization_fe7f93:2931:2947,0,rolling_32@0.99,48.684458925002836,62.29380947524936
ec2_cpu_utilization_fe7f93:2939:2955,0,rolling_32@0.99,32.35643005673991,62.29380947524936
ec2_cpu_utilization_fe7f93:2947:2963,0,rolling_32@0.99,18.838049799896982,62.29380947524936
ec2_cpu_utilization_fe7f93:2955:2971,0,rolling_32@0.99,2.897341034753137,62.29380947524936
ec2_cpu_utilization_fe7f93:2963:2979,0,rolling_32@0.99,2.897341034753137,62.29380947524936
ec2_cpu_utilization_fe7f93:2971:2987,0,rolling_32@0.99,53.629255745768475,62.29380947524936
ec2_cpu_utilization_fe7f93:2979:2995,0,rolling_32@0.99,53.629255745768475,62.29380947524936
ec2_cpu_utilization_fe7f93:2987:3003,0,rolling_32@0.99,57.131168819694906,62.29380947524936
ec2_cpu_utilization_fe7f93:2995:3011,0,rolling_32@0.99,57.131168819694906,62.29380947524936
ec2_cpu_utilization_fe7f93:3003:3019,0,rolling_32@0.99,38.702716279487575,62.29380947524936
ec2_cpu_utilization_fe7f93:3011:3027,0,rolling_32@0.99,24.69193022517774,62.29380947524936
ec2_cpu_utilization_fe7f93:3019:3035,0,rolling_32@0.99,28.63895666130995,62.29380947524936
ec2_cpu_utilization_fe7f93:3027:3043,0,rolling_32@0.99,28.63895666130995,62.29380947524936
ec2_cpu_utilization_fe7f93:3035:3051,0,rolling_32@0.99,1.3077243776387732,62.29380947524936
ec2_cpu_utilization_fe7f93:3043:3059,0,rolling_32@0.99,1.3077243776387732,62.29380947524936
ec2_cpu_utilization_fe7f93:3051:3067,0,rolling_32@0.99,0.9799923371504632,62.29380947524936
ec2_cpu_utilization_fe7f93:3059:3075,0,rolling_32@0.99,4.172736605463359,62.29380947524936
ec2_cpu_utilization_fe7f93:3067:3083,0,rolling_32@0.99,4.172736605463359,62.29380947524936
ec2_cpu_utilization_fe7f93:3075:3091,0,rolling_32@0.99,3.0730486747695887,62.29380947524936
ec2_cpu_utilization_fe7f93:3083:3099,0,rolling_32@0.99,1.2791708002098936,62.29380947524936
ec2_cpu_utilization_fe7f93:3091:3107,0,rolling_32@0.99,1.2791708002098936,62.29380947524936
ec2_cpu_utilization_fe7f93:3099:3115,0,rolling_32@0.99,3.0151202777306336,62.29380947524936
ec2_cpu_utilization_fe7f93:3107:3123,0,rolling_32@0.99,3.0151202777306336,62.29380947524936
ec2_cpu_utilization_fe7f93:3115:3131,0,rolling_32@0.99,1.5070852945965767,62.29380947524936
ec2_cpu_utilization_fe7f93:3123:3139,0,rolling_32@0.99,1.2782209984660078,62.29380947524936
ec2_cpu_utilization_fe7f93:3131:3147,0,rolling_32@0.99,0.9923781070403698,62.29380947524936
ec2_cpu_utilization_fe7f93:3139:3155,0,rolling_32@0.99,1.2117458574153546,62.29380947524936
ec2_cpu_utilization_fe7f93:3147:3163,0,rolling_32@0.99,1.2117458574153546,62.29380947524936
ec2_cpu_utilization_fe7f93:3155:3171,0,rolling_32@0.99,3.365538819925559,62.29380947524936
ec2_cpu_utilization_fe7f93:3163:3179,0,rolling_32@0.99,3.365538819925559,62.29380947524936
ec2_cpu_utilization_fe7f93:3171:3187,0,rolling_32@0.99,1.176609192831082,62.29380947524936
ec2_cpu_utilization_fe7f93:3179:3195,0,rolling_32@0.99,1.233587901332557,62.29380947524936
ec2_cpu_utilization_fe7f93:3187:3203,0,rolling_32@0.99,1.233587901332557,62.29380947524936
ec2_cpu_utilization_fe7f93:3195:3211,0,rolling_32@0.99,0.7967515512447361,62.29380947524936
ec2_cpu_utilization_fe7f93:3203:3219,0,rolling_32@0.99,5.207848545768625,62.29380947524936
ec2_cpu_utilization_fe7f93:2419:2435,0,rolling_64@0.95,0.8081472476624688,60.96050914535684
ec2_cpu_utilization_fe7f93:2427:2443,0,rolling_64@0.95,0.8081472476624688,60.96050914535684
ec2_cpu_utilization_fe7f93:2435:2451,0,rolling_64@0.95,0.832837791160083,60.96050914535684
ec2_cpu_utilization_fe7f93:2443:2459,0,rolling_64@0.95,0.8698740592321272,60.96050914535684
ec2_cpu_utilization_fe7f93:2451:2467,0,rolling_64@0.95,0.8698740592321272,60.96050914535684
ec2_cpu_utilization_fe7f93:2459:2475,0,rolling_64@0.95,0.9344498232078203,60.96050914535684
ec2_cpu_utilization_fe7f93:2467:2483,0,rolling_64@0.95,1.2810699508720425,60.96050914535684
ec2_cpu_utilization_fe7f93:2475:2491,0,rolling_64@0.95,1.2810699508720425,60.96050914535684
ec2_cpu_utilization_fe7f93:2483:2499,0,rolling_64@0.95,1.2763217345974534,60.96050914535684
ec2_cpu_utilization_fe7f93:2491:2507,0,rolling_64@0.95,1.2763217345974534,60.96050914535684
ec2_cpu_utilization_fe7f93:2499:2515,0,rolling_64@0.95,1.1186809089985326,60.96050914535684
ec2_cpu_utilization_fe7f93:2507:2523,0,rolling_64@0.95,0.9173561087716127,60.96050914535684
ec2_cpu_utilization_fe7f93:2515:2531,0,rolling_64@0.95,1.3314010660239681,60.96050914535684
ec2_cpu_utilization_fe7f93:2523:2539,1,rolling_64@0.95,1.3314010660239681,60.96050914535684
ec2_cpu_utilization_fe7f93:2531:2547,1,rolling_64@0.95,1.0398603829926665,60.96050914535684
ec2_cpu_utilization_fe7f93:2539:2555,1,rolling_64@0.95,1.0398603829926665,60.96050914535684
ec2_cpu_utilization_fe7f93:2547:2563,1,rolling_64@0.95,1.3950273678749925,60.96050914535684
ec2_cpu_utilization_fe7f93:2555:2571,1,rolling_64@0.95,1.3950273678749925,60.96050914535684
ec2_cpu_utilization_fe7f93:2563:2579,1,rolling_64@0.95,1.3152571533316464,60.96050914535684
ec2_cpu_utilization_fe7f93:2571:2587,1,rolling_64@0.95,1.32095494493731,60.96050914535684
ec2_cpu_utilization_fe7f93:2579:2595,1,rolling_64@0.95,1.32095494493731,60.96050914535684
ec2_cpu_utilization_fe7f93:2587:2603,1,rolling_64@0.95,1.0740475854522704,60.96050914535684
ec2_cpu_utilization_fe7f93:2595:2611,1,rolling_64@0.95,1.0692992559712755,60.96050914535684
ec2_cpu_utilization_fe7f93:2603:2619,1,rolling_64@0.95,1.0579036727599487,60.96050914535684
ec2_cpu_utilization_fe7f93:2611:2627,1,rolling_64@0.95,1.2459331730813643,60.96050914535684
ec2_cpu_utilization_fe7f93:2619:2635,1,rolling_64@0.95,1.2459331730813643,60.96050914535684
ec2_cpu_utilization_fe7f93:2627:2643,1,rolling_64@0.95,1.0816446409264884,60.96050914535684
ec2_cpu_utilization_fe7f93:2635:2651,1,rolling_64@0.95,1.0816446409264884,60.96050914535684
ec2_cpu_utilization_fe7f93:2643:2659,1,rolling_64@0.95,1.0265654227063794,60.96050914535684
ec2_cpu_utilization_fe7f93:2651:2667,1,rolling_64@0.95,1.4159193836354977,60.96050914535684
ec2_cpu_utilization_fe7f93:2659:2675,1,rolling_64@0.95,1.4159193836354977,60.96050914535684
ec2_cpu_utilization_fe7f93:2667:2683,1,rolling_64@0.95,1.2801202623345624,60.96050914535684
ec2_cpu_utilization_fe7f93:2675:2691,0,rolling_64@0.95,1.3295018021554137,60.96050914535684
ec2_cpu_utilization_fe7f93:2683:2699,0,rolling_64@0.95,1.3295018021554137,60.96050914535684
ec2_cpu_utilization_fe7f93:2691:2707,0,rolling_64@0.95,1.2905663834212207,60.96050914535684
ec2_cpu_utilization_fe7f93:2699:2715,0,rolling_64@0.95,1.3247535858808246,60.96050914535684
ec2_cpu_utilization_fe7f93:2707:2723,0,rolling_64@0.95,1.3247535858808246,60.96050914535684
ec2_cpu_utilization_fe7f93:2715:2731,0,rolling_64@0.95,1.2516309646870276,60.96050914535684
ec2_cpu_utilization_fe7f93:2723:2739,0,rolling_64@0.95,1.3067104093199482,60.96050914535684
ec2_cpu_utilization_fe7f93:2731:2747,0,rolling_64@0.95,1.356091722727988,60.96050914535684
ec2_cpu_utilization_fe7f93:2739:2755,0,rolling_64@0.95,1.356091722727988,60.96050914535684
ec2_cpu_utilization_fe7f93:2747:2763,0,rolling_64@0.95,1.0579035595535429,60.96050914535684
ec2_cpu_utilization_fe7f93:2755:2771,0,rolling_64@0.95,3.0027750059818263,60.96050914535684
ec2_cpu_utilization_fe7f93:2763:2779,0,rolling_64@0.95,3.0027750059818263,60.96050914535684
ec2_cpu_utilization_fe7f93:2771:2787,0,rolling_64@0.95,3.671324151780628,60.96050914535684
ec2_cpu_utilization_fe7f93:2779:2795,0,rolling_64@0.95,3.671324151780628,60.96050914535684
ec2_cpu_utilization_fe7f93:2787:2803,0,rolling_64@0.95,1.9258781285043043,60.96050914535684
ec2_cpu_utilization_fe7f93:2795:2811,0,rolling_64@0.95,2.4405855424733227,60.96050914535684
ec2_cpu_utilization_fe7f93:2803:2819,0,rolling_64@0.95,2.4405855424733227,60.96050914535684
ec2_cpu_utilization_fe7f93:2811:2827,0,rolling_64@0.95,0.8337874796975632,60.96050914535684
ec2_cpu_utilization_fe7f93:2819:2835,0,rolling_64@0.95,1.096838978287736,60.96050914535684
ec2_cpu_utilization_fe7f93:2827:2843,0,rolling_64@0.95,1.096838978287736,60.96050914535684
ec2_cpu_utilization_fe7f93:2835:2851,0,rolling_64@0.95,0.9515433112312165,60.96050914535684
ec2_cpu_utilization_fe7f93:2843:2859,0,rolling_64@0.95,0.9458457460383645,60.96050914535684
ec2_cpu_utilization_fe7f93:2851:2867,0,rolling_64@0.95,1.0474575516732902,60.96050914535684
ec2_cpu_utilization_fe7f93:2859:2875,0,rolling_64@0.95,1.0474575516732902,60.96050914535684
ec2_cpu_utilization_fe7f93:2867:2883,0,rolling_64@0.95,1.1177311072546467,60.96050914535684
ec2_cpu_utilization_fe7f93:2875:2891,0,rolling_64@0.95,2.69508995743258,60.96050914535684
ec2_cpu_utilization_fe7f93:2883:2899,0,rolling_64@0.95,2.69508995743258,60.96050914535684
ec2_cpu_utilization_fe7f93:2891:2907,0,rolling_64@0.95,1.2525807664309134,60.96050914535684
ec2_cpu_utilization_fe7f93:2899:2915,0,rolling_64@0.95,1.2525807664309134,60.96050914535684
ec2_cpu_utilization_fe7f93:2907:2923,0,rolling_64@0.95,1.1167815319235723,60.96050914535684
ec2_cpu_utilization_fe7f93:2915:2931,0,rolling_64@0.95,59.739265496915436,60.96050914535684
ec2_cpu_utilization_fe7f93:2923:2939,0,rolling_64@0.95,59.739265496915436,60.96050914535684
ec2_cpu_utilization_fe7f93:2931:2947,0,rolling_64@0.95,55.34906051815206,60.96050914535684
ec2_cpu_utilization_fe7f93:2939:2955,0,rolling_64@0.95,64.76952772008276,60.96050914535684
ec2_cpu_utilization_fe7f93:2947:2963,0,rolling_64@0.95,64.76952772008276,60.96050914535684
ec2_cpu_utilization_fe7f93:2955:2971,0,rolling_64@0.95,4.302713013437661,60.96050914535684
ec2_cpu_utilization_fe7f93:2963:2979,0,rolling_64@0.95,4.302713013437661,60.96050914535684
ec2_cpu_utilization_fe7f93:2971:2987,0,rolling_64@0.95,28.276186926930063,60.96050914535684
ec2_cpu_utilization_fe7f93:2979:2995,0,rolling_64@0.95,28.276186926930063,60.96050914535684
ec2_cpu_utilization_fe7f93:2987:3003,0,rolling_64@0.95,49.83631982507647,60.96050914535684
ec2_cpu_utilization_fe7f93:2995:3011,0,rolling_64@0.95,49.83631982507647,60.96050914535684
ec2_cpu_utilization_fe7f93:3003:3019,0,rolling_64@0.95,41.447058236950866,60.96050914535684
ec2_cpu_utilization_fe7f93:3011:3027,0,rolling_64@0.95,33.74629779612268,60.96050914535684
ec2_cpu_utilization_fe7f93:3019:3035,0,rolling_64@0.95,39.33308263970674,60.96050914535684
ec2_cpu_utilization_fe7f93:3027:3043,0,rolling_64@0.95,39.33308263970674,60.96050914535684
ec2_cpu_utilization_fe7f93:3035:3051,0,rolling_64@0.95,0.9735940015349973,60.96050914535684
ec2_cpu_utilization_fe7f93:3043:3059,0,rolling_64@0.95,0.9735940015349973,60.96050914535684
ec2_cpu_utilization_fe7f93:3051:3067,0,rolling_64@0.95,0.9713957913770077,60.96050914535684
ec2_cpu_utilization_fe7f93:3059:3075,0,rolling_64@0.95,2.6709542526793495,60.96050914535684
ec2_cpu_utilization_fe7f93:3067:3083,0,rolling_64@0.95,2.6709542526793495,60.96050914535684
ec2_cpu_utilization_fe7f93:3075:3091,0,rolling_64@0.95,2.35893807516054,60.96050914535684
ec2_cpu_utilization_fe7f93:3083:3099,0,rolling_64@0.95,1.2696743676607154,60.96050914535684
ec2_cpu_utilization_fe7f93:3091:3107,0,rolling_64@0.95,1.2696743676607154,60.96050914535684
ec2_cpu_utilization_fe7f93:3099:3115,0,rolling_64@0.95,3.056904762077267,60.96050914535684
ec2_cpu_utilization_fe7f93:3107:3123,0,rolling_64@0.95,3.056904762077267,60.96050914535684
ec2_cpu_utilization_fe7f93:3115:3131,0,rolling_64@0.95,1.5327256398380766,60.96050914535684
ec2_cpu_utilization_fe7f93:3123:3139,0,rolling_64@0.95,1.2677749905857552,60.96050914535684
ec2_cpu_utilization_fe7f93:3131:3147,0,rolling_64@0.95,0.9363492002827805,60.96050914535684
ec2_cpu_utilization_fe7f93:3139:3155,0,rolling_64@0.95,1.1785083434932309,60.96050914535684
ec2_cpu_utilization_fe7f93:3147:3163,0,rolling_64@0.95,1.1785083434932309,60.96050914535684
ec2_cpu_utilization_fe7f93:3155:3171,0,rolling_64@0.95,3.3123587523675986,60.96050914535684
ec2_cpu_utilization_fe7f93:3163:3179,0,rolling_64@0.95,3.3123587523675986,60.96050914535684
ec2_cpu_utilization_fe7f93:3171:3187,0,rolling_64@0.95,1.1737602404250473,60.96050914535684
ec2_cpu_utilization_fe7f93:3179:3195,0,rolling_64@0.95,1.3608401654153888,60.96050914535684
ec2_cpu_utilization_fe7f93:3187:3203,0,rolling_64@0.95,1.3608401654153888,60.96050914535684
ec2_cpu_utilization_fe7f93:3195:3211,0,rolling_64@0.95,0.9325506725456715,60.96050914535684
ec2_cpu_utilization_fe7f93:3203:3219,0,rolling_64@0.95,5.1556180535417395,60.96050914535684
ec2_cpu_utilization_fe7f93:2419:2435,0,rolling_64@0.975,0.8081472476624688,62.29380947524936
ec2_cpu_utilization_fe7f93:2427:2443,0,rolling_64@0.975,0.8081472476624688,62.29380947524936
ec2_cpu_utilization_fe7f93:2435:2451,0,rolling_64@0.975,0.832837791160083,62.29380947524936
ec2_cpu_utilization_fe7f93:2443:2459,0,rolling_64@0.975,0.8698740592321272,62.29380947524936
ec2_cpu_utilization_fe7f93:2451:2467,0,rolling_64@0.975,0.8698740592321272,62.29380947524936
ec2_cpu_utilization_fe7f93:2459:2475,0,rolling_64@0.975,0.9344498232078203,62.29380947524936
ec2_cpu_utilization_fe7f93:2467:2483,0,rolling_64@0.975,1.2810699508720425,62.29380947524936
ec2_cpu_utilization_fe7f93:2475:2491,0,rolling_64@0.975,1.2810699508720425,62.29380947524936
ec2_cpu_utilization_fe7f93:2483:2499,0,rolling_64@0.975,1.2763217345974534,62.29380947524936
ec2_cpu_utilization_fe7f93:2491:2507,0,rolling_64@0.975,1.2763217345974534,62.29380947524936
ec2_cpu_utilization_fe7f93:2499:2515,0,rolling_64@0.975,1.1186809089985326,62.29380947524936
ec2_cpu_utilization_fe7f93:2507:2523,0,rolling_64@0.975,0.9173561087716127,62.29380947524936
ec2_cpu_utilization_fe7f93:2515:2531,0,rolling_64@0.975,1.3314010660239681,62.29380947524936
ec2_cpu_utilization_fe7f93:2523:2539,1,rolling_64@0.975,1.3314010660239681,62.29380947524936
ec2_cpu_utilization_fe7f93:2531:2547,1,rolling_64@0.975,1.0398603829926665,62.29380947524936
ec2_cpu_utilization_fe7f93:2539:2555,1,rolling_64@0.975,1.0398603829926665,62.29380947524936
ec2_cpu_utilization_fe7f93:2547:2563,1,rolling_64@0.975,1.3950273678749925,62.29380947524936
ec2_cpu_utilization_fe7f93:2555:2571,1,rolling_64@0.975,1.3950273678749925,62.29380947524936
ec2_cpu_utilization_fe7f93:2563:2579,1,rolling_64@0.975,1.3152571533316464,62.29380947524936
ec2_cpu_utilization_fe7f93:2571:2587,1,rolling_64@0.975,1.32095494493731,62.29380947524936
ec2_cpu_utilization_fe7f93:2579:2595,1,rolling_64@0.975,1.32095494493731,62.29380947524936
ec2_cpu_utilization_fe7f93:2587:2603,1,rolling_64@0.975,1.0740475854522704,62.29380947524936
ec2_cpu_utilization_fe7f93:2595:2611,1,rolling_64@0.975,1.0692992559712755,62.29380947524936
ec2_cpu_utilization_fe7f93:2603:2619,1,rolling_64@0.975,1.0579036727599487,62.29380947524936
ec2_cpu_utilization_fe7f93:2611:2627,1,rolling_64@0.975,1.2459331730813643,62.29380947524936
ec2_cpu_utilization_fe7f93:2619:2635,1,rolling_64@0.975,1.2459331730813643,62.29380947524936
ec2_cpu_utilization_fe7f93:2627:2643,1,rolling_64@0.975,1.0816446409264884,62.29380947524936
ec2_cpu_utilization_fe7f93:2635:2651,1,rolling_64@0.975,1.0816446409264884,62.29380947524936
ec2_cpu_utilization_fe7f93:2643:2659,1,rolling_64@0.975,1.0265654227063794,62.29380947524936
ec2_cpu_utilization_fe7f93:2651:2667,1,rolling_64@0.975,1.4159193836354977,62.29380947524936
ec2_cpu_utilization_fe7f93:2659:2675,1,rolling_64@0.975,1.4159193836354977,62.29380947524936
ec2_cpu_utilization_fe7f93:2667:2683,1,rolling_64@0.975,1.2801202623345624,62.29380947524936
ec2_cpu_utilization_fe7f93:2675:2691,0,rolling_64@0.975,1.3295018021554137,62.29380947524936
ec2_cpu_utilization_fe7f93:2683:2699,0,rolling_64@0.975,1.3295018021554137,62.29380947524936
ec2_cpu_utilization_fe7f93:2691:2707,0,rolling_64@0.975,1.2905663834212207,62.29380947524936
ec2_cpu_utilization_fe7f93:2699:2715,0,rolling_64@0.975,1.3247535858808246,62.29380947524936
ec2_cpu_utilization_fe7f93:2707:2723,0,rolling_64@0.975,1.3247535858808246,62.29380947524936
ec2_cpu_utilization_fe7f93:2715:2731,0,rolling_64@0.975,1.2516309646870276,62.29380947524936
ec2_cpu_utilization_fe7f93:2723:2739,0,rolling_64@0.975,1.3067104093199482,62.29380947524936
ec2_cpu_utilization_fe7f93:2731:2747,0,rolling_64@0.975,1.356091722727988,62.29380947524936
ec2_cpu_utilization_fe7f93:2739:2755,0,rolling_64@0.975,1.356091722727988,62.29380947524936
ec2_cpu_utilization_fe7f93:2747:2763,0,rolling_64@0.975,1.0579035595535429,62.29380947524936
ec2_cpu_utilization_fe7f93:2755:2771,0,rolling_64@0.975,3.0027750059818263,62.29380947524936
ec2_cpu_utilization_fe7f93:2763:2779,0,rolling_64@0.975,3.0027750059818263,62.29380947524936
ec2_cpu_utilization_fe7f93:2771:2787,0,rolling_64@0.975,3.671324151780628,62.29380947524936
ec2_cpu_utilization_fe7f93:2779:2795,0,rolling_64@0.975,3.671324151780628,62.29380947524936
ec2_cpu_utilization_fe7f93:2787:2803,0,rolling_64@0.975,1.9258781285043043,62.29380947524936
ec2_cpu_utilization_fe7f93:2795:2811,0,rolling_64@0.975,2.4405855424733227,62.29380947524936
ec2_cpu_utilization_fe7f93:2803:2819,0,rolling_64@0.975,2.4405855424733227,62.29380947524936
ec2_cpu_utilization_fe7f93:2811:2827,0,rolling_64@0.975,0.8337874796975632,62.29380947524936
ec2_cpu_utilization_fe7f93:2819:2835,0,rolling_64@0.975,1.096838978287736,62.29380947524936
ec2_cpu_utilization_fe7f93:2827:2843,0,rolling_64@0.975,1.096838978287736,62.29380947524936
ec2_cpu_utilization_fe7f93:2835:2851,0,rolling_64@0.975,0.9515433112312165,62.29380947524936
ec2_cpu_utilization_fe7f93:2843:2859,0,rolling_64@0.975,0.9458457460383645,62.29380947524936
ec2_cpu_utilization_fe7f93:2851:2867,0,rolling_64@0.975,1.0474575516732902,62.29380947524936
ec2_cpu_utilization_fe7f93:2859:2875,0,rolling_64@0.975,1.0474575516732902,62.29380947524936
ec2_cpu_utilization_fe7f93:2867:2883,0,rolling_64@0.975,1.1177311072546467,62.29380947524936
ec2_cpu_utilization_fe7f93:2875:2891,0,rolling_64@0.975,2.69508995743258,62.29380947524936
ec2_cpu_utilization_fe7f93:2883:2899,0,rolling_64@0.975,2.69508995743258,62.29380947524936
ec2_cpu_utilization_fe7f93:2891:2907,0,rolling_64@0.975,1.2525807664309134,62.29380947524936
ec2_cpu_utilization_fe7f93:2899:2915,0,rolling_64@0.975,1.2525807664309134,62.29380947524936
ec2_cpu_utilization_fe7f93:2907:2923,0,rolling_64@0.975,1.1167815319235723,62.29380947524936
ec2_cpu_utilization_fe7f93:2915:2931,0,rolling_64@0.975,59.739265496915436,62.29380947524936
ec2_cpu_utilization_fe7f93:2923:2939,0,rolling_64@0.975,59.739265496915436,62.29380947524936
ec2_cpu_utilization_fe7f93:2931:2947,0,rolling_64@0.975,55.34906051815206,62.29380947524936
ec2_cpu_utilization_fe7f93:2939:2955,0,rolling_64@0.975,64.76952772008276,62.29380947524936
ec2_cpu_utilization_fe7f93:2947:2963,0,rolling_64@0.975,64.76952772008276,62.29380947524936
ec2_cpu_utilization_fe7f93:2955:2971,0,rolling_64@0.975,4.302713013437661,62.29380947524936
ec2_cpu_utilization_fe7f93:2963:2979,0,rolling_64@0.975,4.302713013437661,62.29380947524936
ec2_cpu_utilization_fe7f93:2971:2987,0,rolling_64@0.975,28.276186926930063,62.29380947524936
ec2_cpu_utilization_fe7f93:2979:2995,0,rolling_64@0.975,28.276186926930063,62.29380947524936
ec2_cpu_utilization_fe7f93:2987:3003,0,rolling_64@0.975,49.83631982507647,62.29380947524936
ec2_cpu_utilization_fe7f93:2995:3011,0,rolling_64@0.975,49.83631982507647,62.29380947524936
ec2_cpu_utilization_fe7f93:3003:3019,0,rolling_64@0.975,41.447058236950866,62.29380947524936
ec2_cpu_utilization_fe7f93:3011:3027,0,rolling_64@0.975,33.74629779612268,62.29380947524936
ec2_cpu_utilization_fe7f93:3019:3035,0,rolling_64@0.975,39.33308263970674,62.29380947524936
ec2_cpu_utilization_fe7f93:3027:3043,0,rolling_64@0.975,39.33308263970674,62.29380947524936
ec2_cpu_utilization_fe7f93:3035:3051,0,rolling_64@0.975,0.9735940015349973,62.29380947524936
ec2_cpu_utilization_fe7f93:3043:3059,0,rolling_64@0.975,0.9735940015349973,62.29380947524936
ec2_cpu_utilization_fe7f93:3051:3067,0,rolling_64@0.975,0.9713957913770077,62.29380947524936
ec2_cpu_utilization_fe7f93:3059:3075,0,rolling_64@0.975,2.6709542526793495,62.29380947524936
ec2_cpu_utilization_fe7f93:3067:3083,0,rolling_64@0.975,2.6709542526793495,62.29380947524936
ec2_cpu_utilization_fe7f93:3075:3091,0,rolling_64@0.975,2.35893807516054,62.29380947524936
ec2_cpu_utilization_fe7f93:3083:3099,0,rolling_64@0.975,1.2696743676607154,62.29380947524936
ec2_cpu_utilization_fe7f93:3091:3107,0,rolling_64@0.975,1.2696743676607154,62.29380947524936
ec2_cpu_utilization_fe7f93:3099:3115,0,rolling_64@0.975,3.056904762077267,62.29380947524936
ec2_cpu_utilization_fe7f93:3107:3123,0,rolling_64@0.975,3.056904762077267,62.29380947524936
ec2_cpu_utilization_fe7f93:3115:3131,0,rolling_64@0.975,1.5327256398380766,62.29380947524936
ec2_cpu_utilization_fe7f93:3123:3139,0,rolling_64@0.975,1.2677749905857552,62.29380947524936
ec2_cpu_utilization_fe7f93:3131:3147,0,rolling_64@0.975,0.9363492002827805,62.29380947524936
ec2_cpu_utilization_fe7f93:3139:3155,0,rolling_64@0.975,1.1785083434932309,62.29380947524936
ec2_cpu_utilization_fe7f93:3147:3163,0,rolling_64@0.975,1.1785083434932309,62.29380947524936
ec2_cpu_utilization_fe7f93:3155:3171,0,rolling_64@0.975,3.3123587523675986,62.29380947524936
ec2_cpu_utilization_fe7f93:3163:3179,0,rolling_64@0.975,3.3123587523675986,62.29380947524936
ec2_cpu_utilization_fe7f93:3171:3187,0,rolling_64@0.975,1.1737602404250473,62.29380947524936
ec2_cpu_utilization_fe7f93:3179:3195,0,rolling_64@0.975,1.3608401654153888,62.29380947524936
ec2_cpu_utilization_fe7f93:3187:3203,0,rolling_64@0.975,1.3608401654153888,62.29380947524936
ec2_cpu_utilization_fe7f93:3195:3211,0,rolling_64@0.975,0.9325506725456715,62.29380947524936
ec2_cpu_utilization_fe7f93:3203:3219,0,rolling_64@0.975,5.1556180535417395,62.29380947524936
ec2_cpu_utilization_fe7f93:2419:2435,0,rolling_64@0.99,0.8081472476624688,62.29380947524936
ec2_cpu_utilization_fe7f93:2427:2443,0,rolling_64@0.99,0.8081472476624688,62.29380947524936
ec2_cpu_utilization_fe7f93:2435:2451,0,rolling_64@0.99,0.832837791160083,62.29380947524936
ec2_cpu_utilization_fe7f93:2443:2459,0,rolling_64@0.99,0.8698740592321272,62.29380947524936
ec2_cpu_utilization_fe7f93:2451:2467,0,rolling_64@0.99,0.8698740592321272,62.29380947524936
ec2_cpu_utilization_fe7f93:2459:2475,0,rolling_64@0.99,0.9344498232078203,62.29380947524936
ec2_cpu_utilization_fe7f93:2467:2483,0,rolling_64@0.99,1.2810699508720425,62.29380947524936
ec2_cpu_utilization_fe7f93:2475:2491,0,rolling_64@0.99,1.2810699508720425,62.29380947524936
ec2_cpu_utilization_fe7f93:2483:2499,0,rolling_64@0.99,1.2763217345974534,62.29380947524936
ec2_cpu_utilization_fe7f93:2491:2507,0,rolling_64@0.99,1.2763217345974534,62.29380947524936
ec2_cpu_utilization_fe7f93:2499:2515,0,rolling_64@0.99,1.1186809089985326,62.29380947524936
ec2_cpu_utilization_fe7f93:2507:2523,0,rolling_64@0.99,0.9173561087716127,62.29380947524936
ec2_cpu_utilization_fe7f93:2515:2531,0,rolling_64@0.99,1.3314010660239681,62.29380947524936
ec2_cpu_utilization_fe7f93:2523:2539,1,rolling_64@0.99,1.3314010660239681,62.29380947524936
ec2_cpu_utilization_fe7f93:2531:2547,1,rolling_64@0.99,1.0398603829926665,62.29380947524936
ec2_cpu_utilization_fe7f93:2539:2555,1,rolling_64@0.99,1.0398603829926665,62.29380947524936
ec2_cpu_utilization_fe7f93:2547:2563,1,rolling_64@0.99,1.3950273678749925,62.29380947524936
ec2_cpu_utilization_fe7f93:2555:2571,1,rolling_64@0.99,1.3950273678749925,62.29380947524936
ec2_cpu_utilization_fe7f93:2563:2579,1,rolling_64@0.99,1.3152571533316464,62.29380947524936
ec2_cpu_utilization_fe7f93:2571:2587,1,rolling_64@0.99,1.32095494493731,62.29380947524936
ec2_cpu_utilization_fe7f93:2579:2595,1,rolling_64@0.99,1.32095494493731,62.29380947524936
ec2_cpu_utilization_fe7f93:2587:2603,1,rolling_64@0.99,1.0740475854522704,62.29380947524936
ec2_cpu_utilization_fe7f93:2595:2611,1,rolling_64@0.99,1.0692992559712755,62.29380947524936
ec2_cpu_utilization_fe7f93:2603:2619,1,rolling_64@0.99,1.0579036727599487,62.29380947524936
ec2_cpu_utilization_fe7f93:2611:2627,1,rolling_64@0.99,1.2459331730813643,62.29380947524936
ec2_cpu_utilization_fe7f93:2619:2635,1,rolling_64@0.99,1.2459331730813643,62.29380947524936
ec2_cpu_utilization_fe7f93:2627:2643,1,rolling_64@0.99,1.0816446409264884,62.29380947524936
ec2_cpu_utilization_fe7f93:2635:2651,1,rolling_64@0.99,1.0816446409264884,62.29380947524936
ec2_cpu_utilization_fe7f93:2643:2659,1,rolling_64@0.99,1.0265654227063794,62.29380947524936
ec2_cpu_utilization_fe7f93:2651:2667,1,rolling_64@0.99,1.4159193836354977,62.29380947524936
ec2_cpu_utilization_fe7f93:2659:2675,1,rolling_64@0.99,1.4159193836354977,62.29380947524936
ec2_cpu_utilization_fe7f93:2667:2683,1,rolling_64@0.99,1.2801202623345624,62.29380947524936
ec2_cpu_utilization_fe7f93:2675:2691,0,rolling_64@0.99,1.3295018021554137,62.29380947524936
ec2_cpu_utilization_fe7f93:2683:2699,0,rolling_64@0.99,1.3295018021554137,62.29380947524936
ec2_cpu_utilization_fe7f93:2691:2707,0,rolling_64@0.99,1.2905663834212207,62.29380947524936
ec2_cpu_utilization_fe7f93:2699:2715,0,rolling_64@0.99,1.3247535858808246,62.29380947524936
ec2_cpu_utilization_fe7f93:2707:2723,0,rolling_64@0.99,1.3247535858808246,62.29380947524936
ec2_cpu_utilization_fe7f93:2715:2731,0,rolling_64@0.99,1.2516309646870276,62.29380947524936
ec2_cpu_utilization_fe7f93:2723:2739,0,rolling_64@0.99,1.3067104093199482,62.29380947524936
ec2_cpu_utilization_fe7f93:2731:2747,0,rolling_64@0.99,1.356091722727988,62.29380947524936
ec2_cpu_utilization_fe7f93:2739:2755,0,rolling_64@0.99,1.356091722727988,62.29380947524936
ec2_cpu_utilization_fe7f93:2747:2763,0,rolling_64@0.99,1.0579035595535429,62.29380947524936
ec2_cpu_utilization_fe7f93:2755:2771,0,rolling_64@0.99,3.0027750059818263,62.29380947524936
ec2_cpu_utilization_fe7f93:2763:2779,0,rolling_64@0.99,3.0027750059818263,62.29380947524936
ec2_cpu_utilization_fe7f93:2771:2787,0,rolling_64@0.99,3.671324151780628,62.29380947524936
ec2_cpu_utilization_fe7f93:2779:2795,0,rolling_64@0.99,3.671324151780628,62.29380947524936
ec2_cpu_utilization_fe7f93:2787:2803,0,rolling_64@0.99,1.9258781285043043,62.29380947524936
ec2_cpu_utilization_fe7f93:2795:2811,0,rolling_64@0.99,2.4405855424733227,62.29380947524936
ec2_cpu_utilization_fe7f93:2803:2819,0,rolling_64@0.99,2.4405855424733227,62.29380947524936
ec2_cpu_utilization_fe7f93:2811:2827,0,rolling_64@0.99,0.8337874796975632,62.29380947524936
ec2_cpu_utilization_fe7f93:2819:2835,0,rolling_64@0.99,1.096838978287736,62.29380947524936
ec2_cpu_utilization_fe7f93:2827:2843,0,rolling_64@0.99,1.096838978287736,62.29380947524936
ec2_cpu_utilization_fe7f93:2835:2851,0,rolling_64@0.99,0.9515433112312165,62.29380947524936
ec2_cpu_utilization_fe7f93:2843:2859,0,rolling_64@0.99,0.9458457460383645,62.29380947524936
ec2_cpu_utilization_fe7f93:2851:2867,0,rolling_64@0.99,1.0474575516732902,62.29380947524936
ec2_cpu_utilization_fe7f93:2859:2875,0,rolling_64@0.99,1.0474575516732902,62.29380947524936
ec2_cpu_utilization_fe7f93:2867:2883,0,rolling_64@0.99,1.1177311072546467,62.29380947524936
ec2_cpu_utilization_fe7f93:2875:2891,0,rolling_64@0.99,2.69508995743258,62.29380947524936
ec2_cpu_utilization_fe7f93:2883:2899,0,rolling_64@0.99,2.69508995743258,62.29380947524936
ec2_cpu_utilization_fe7f93:2891:2907,0,rolling_64@0.99,1.2525807664309134,62.29380947524936
ec2_cpu_utilization_fe7f93:2899:2915,0,rolling_64@0.99,1.2525807664309134,62.29380947524936
ec2_cpu_utilization_fe7f93:2907:2923,0,rolling_64@0.99,1.1167815319235723,62.29380947524936
ec2_cpu_utilization_fe7f93:2915:2931,0,rolling_64@0.99,59.739265496915436,62.29380947524936
ec2_cpu_utilization_fe7f93:2923:2939,0,rolling_64@0.99,59.739265496915436,62.29380947524936
ec2_cpu_utilization_fe7f93:2931:2947,0,rolling_64@0.99,55.34906051815206,62.29380947524936
ec2_cpu_utilization_fe7f93:2939:2955,0,rolling_64@0.99,64.76952772008276,62.29380947524936
ec2_cpu_utilization_fe7f93:2947:2963,0,rolling_64@0.99,64.76952772008276,62.29380947524936
ec2_cpu_utilization_fe7f93:2955:2971,0,rolling_64@0.99,4.302713013437661,62.29380947524936
ec2_cpu_utilization_fe7f93:2963:2979,0,rolling_64@0.99,4.302713013437661,62.29380947524936
ec2_cpu_utilization_fe7f93:2971:2987,0,rolling_64@0.99,28.276186926930063,62.29380947524936
ec2_cpu_utilization_fe7f93:2979:2995,0,rolling_64@0.99,28.276186926930063,62.29380947524936
ec2_cpu_utilization_fe7f93:2987:3003,0,rolling_64@0.99,49.83631982507647,62.29380947524936
ec2_cpu_utilization_fe7f93:2995:3011,0,rolling_64@0.99,49.83631982507647,62.29380947524936
ec2_cpu_utilization_fe7f93:3003:3019,0,rolling_64@0.99,41.447058236950866,62.29380947524936
ec2_cpu_utilization_fe7f93:3011:3027,0,rolling_64@0.99,33.74629779612268,62.29380947524936
ec2_cpu_utilization_fe7f93:3019:3035,0,rolling_64@0.99,39.33308263970674,62.29380947524936
ec2_cpu_utilization_fe7f93:3027:3043,0,rolling_64@0.99,39.33308263970674,62.29380947524936
ec2_cpu_utilization_fe7f93:3035:3051,0,rolling_64@0.99,0.9735940015349973,62.29380947524936
ec2_cpu_utilization_fe7f93:3043:3059,0,rolling_64@0.99,0.9735940015349973,62.29380947524936
ec2_cpu_utilization_fe7f93:3051:3067,0,rolling_64@0.99,0.9713957913770077,62.29380947524936
ec2_cpu_utilization_fe7f93:3059:3075,0,rolling_64@0.99,2.6709542526793495,62.29380947524936
ec2_cpu_utilization_fe7f93:3067:3083,0,rolling_64@0.99,2.6709542526793495,62.29380947524936
ec2_cpu_utilization_fe7f93:3075:3091,0,rolling_64@0.99,2.35893807516054,62.29380947524936
ec2_cpu_utilization_fe7f93:3083:3099,0,rolling_64@0.99,1.2696743676607154,62.29380947524936
ec2_cpu_utilization_fe7f93:3091:3107,0,rolling_64@0.99,1.2696743676607154,62.29380947524936
ec2_cpu_utilization_fe7f93:3099:3115,0,rolling_64@0.99,3.056904762077267,62.29380947524936
ec2_cpu_utilization_fe7f93:3107:3123,0,rolling_64@0.99,3.056904762077267,62.29380947524936
ec2_cpu_utilization_fe7f93:3115:3131,0,rolling_64@0.99,1.5327256398380766,62.29380947524936
ec2_cpu_utilization_fe7f93:3123:3139,0,rolling_64@0.99,1.2677749905857552,62.29380947524936
ec2_cpu_utilization_fe7f93:3131:3147,0,rolling_64@0.99,0.9363492002827805,62.29380947524936
ec2_cpu_utilization_fe7f93:3139:3155,0,rolling_64@0.99,1.1785083434932309,62.29380947524936
ec2_cpu_utilization_fe7f93:3147:3163,0,rolling_64@0.99,1.1785083434932309,62.29380947524936
ec2_cpu_utilization_fe7f93:3155:3171,0,rolling_64@0.99,3.3123587523675986,62.29380947524936
ec2_cpu_utilization_fe7f93:3163:3179,0,rolling_64@0.99,3.3123587523675986,62.29380947524936
ec2_cpu_utilization_fe7f93:3171:3187,0,rolling_64@0.99,1.1737602404250473,62.29380947524936
ec2_cpu_utilization_fe7f93:3179:3195,0,rolling_64@0.99,1.3608401654153888,62.29380947524936
ec2_cpu_utilization_fe7f93:3187:3203,0,rolling_64@0.99,1.3608401654153888,62.29380947524936
ec2_cpu_utilization_fe7f93:3195:3211,0,rolling_64@0.99,0.9325506725456715,62.29380947524936
ec2_cpu_utilization_fe7f93:3203:3219,0,rolling_64@0.99,5.1556180535417395,62.29380947524936
ec2_cpu_utilization_fe7f93:2419:2435,0,rolling_128@0.95,0.8081472476624688,60.768681117298314
ec2_cpu_utilization_fe7f93:2427:2443,0,rolling_128@0.95,0.8081472476624688,60.768681117298314
ec2_cpu_utilization_fe7f93:2435:2451,0,rolling_128@0.95,0.832837791160083,60.768681117298314
ec2_cpu_utilization_fe7f93:2443:2459,0,rolling_128@0.95,0.832837791160083,60.768681117298314
ec2_cpu_utilization_fe7f93:2451:2467,0,rolling_128@0.95,0.8157444163430926,60.768681117298314
ec2_cpu_utilization_fe7f93:2459:2475,0,rolling_128@0.95,0.8157444163430926,60.768681117298314
ec2_cpu_utilization_fe7f93:2467:2483,0,rolling_128@0.95,0.7701614042593502,60.768681117298314
ec2_cpu_utilization_fe7f93:2475:2491,0,rolling_128@0.95,0.7549671801045085,60.768681117298314
ec2_cpu_utilization_fe7f93:2483:2499,0,rolling_128@0.95,1.1129828909800576,60.768681117298314
ec2_cpu_utilization_fe7f93:2491:2507,0,rolling_128@0.95,1.1129828909800576,60.768681117298314
ec2_cpu_utilization_fe7f93:2499:2515,0,rolling_128@0.95,1.0294143751124138,60.768681117298314
ec2_cpu_utilization_fe7f93:2507:2523,0,rolling_128@0.95,0.8356867435661177,60.768681117298314
ec2_cpu_utilization_fe7f93:2515:2531,0,rolling_128@0.95,1.2696742544543098,60.768681117298314
ec2_cpu_utilization_fe7f93:2523:2539,1,rolling_128@0.95,1.2696742544543098,60.768681117298314
ec2_cpu_utilization_fe7f93:2531:2547,1,rolling_128@0.95,1.0180185654882754,60.768681117298314
ec2_cpu_utilization_fe7f93:2539:2555,1,rolling_128@0.95,1.0180185654882754,60.768681117298314
ec2_cpu_utilization_fe7f93:2547:2563,1,rolling_128@0.95,1.3874301991943687,60.768681117298314
ec2_cpu_utilization_fe7f93:2555:2571,1,rolling_128@0.95,1.3874301991943687,60.768681117298314
ec2_cpu_utilization_fe7f93:2563:2579,1,rolling_128@0.95,1.3076599846510226,60.768681117298314
ec2_cpu_utilization_fe7f93:2571:2587,1,rolling_128@0.95,1.3067102961135426,60.768681117298314
ec2_cpu_utilization_fe7f93:2579:2595,1,rolling_128@0.95,1.3067102961135426,60.768681117298314
ec2_cpu_utilization_fe7f93:2587:2603,1,rolling_128@0.95,1.0702490577151613,60.768681117298314
ec2_cpu_utilization_fe7f93:2595:2611,1,rolling_128@0.95,1.066450303565241,60.768681117298314
ec2_cpu_utilization_fe7f93:2603:2619,1,rolling_128@0.95,1.051256192616805,60.768681117298314
ec2_cpu_utilization_fe7f93:2611:2627,1,rolling_128@0.95,1.2392856929382206,60.768681117298314
ec2_cpu_utilization_fe7f93:2619:2635,1,rolling_128@0.95,1.2392856929382206,60.768681117298314
ec2_cpu_utilization_fe7f93:2627:2643,1,rolling_128@0.95,1.0816446409264884,60.768681117298314
ec2_cpu_utilization_fe7f93:2635:2651,1,rolling_128@0.95,1.0816446409264884,60.768681117298314
ec2_cpu_utilization_fe7f93:2643:2659,1,rolling_128@0.95,1.0303639504434883,60.768681117298314
ec2_cpu_utilization_fe7f93:2651:2667,1,rolling_128@0.95,1.4187683360415324,60.768681117298314
ec2_cpu_utilization_fe7f93:2659:2675,1,rolling_128@0.95,1.4187683360415324,60.768681117298314
ec2_cpu_utilization_fe7f93:2667:2683,1,rolling_128@0.95,1.2734727821914187,60.768681117298314
ec2_cpu_utilization_fe7f93:2675:2691,0,rolling_128@0.95,1.3171565304066066,60.768681117298314
ec2_cpu_utilization_fe7f93:2683:2699,0,rolling_128@0.95,1.3171565304066066,60.768681117298314
ec2_cpu_utilization_fe7f93:2691:2707,0,rolling_128@0.95,1.29626428823329,60.768681117298314
ec2_cpu_utilization_fe7f93:2699:2715,0,rolling_128@0.95,1.3295019153618195,60.768681117298314
ec2_cpu_utilization_fe7f93:2707:2723,0,rolling_128@0.95,1.3295019153618195,60.768681117298314
ec2_cpu_utilization_fe7f93:2715:2731,0,rolling_128@0.95,1.2516309646870276,60.768681117298314
ec2_cpu_utilization_fe7f93:2723:2739,0,rolling_128@0.95,1.3067104093199482,60.768681117298314
ec2_cpu_utilization_fe7f93:2731:2747,0,rolling_128@0.95,1.390278925187592,60.768681117298314
ec2_cpu_utilization_fe7f93:2739:2755,0,rolling_128@0.95,1.390278925187592,60.768681117298314
ec2_cpu_utilization_fe7f93:2747:2763,0,rolling_128@0.95,1.0787956885204537,60.768681117298314
ec2_cpu_utilization_fe7f93:2755:2771,0,rolling_128@0.95,3.0179692301366683,60.768681117298314
ec2_cpu_utilization_fe7f93:2763:2779,0,rolling_128@0.95,3.0179692301366683,60.768681117298314
ec2_cpu_utilization_fe7f93:2771:2787,0,rolling_128@0.95,3.703611977165272,60.768681117298314
ec2_cpu_utilization_fe7f93:2779:2795,0,rolling_128@0.95,3.703611977165272,60.768681117298314
ec2_cpu_utilization_fe7f93:2787:2803,0,rolling_128@0.95,2.0274901605520412,60.768681117298314
ec2_cpu_utilization_fe7f93:2795:2811,0,rolling_128@0.95,2.558341374006976,60.768681117298314
ec2_cpu_utilization_fe7f93:2803:2819,0,rolling_128@0.95,2.558341374006976,60.768681117298314
ec2_cpu_utilization_fe7f93:2811:2827,0,rolling_128@0.95,0.9838312498222659,60.768681117298314
ec2_cpu_utilization_fe7f93:2819:2835,0,rolling_128@0.95,1.214594923027795,60.768681117298314
ec2_cpu_utilization_fe7f93:2827:2843,0,rolling_128@0.95,1.214594923027795,60.768681117298314
ec2_cpu_utilization_fe7f93:2835:2851,0,rolling_128@0.95,0.9800327220851569,60.768681117298314
ec2_cpu_utilization_fe7f93:2843:2859,0,rolling_128@0.95,0.9154570713158695,60.768681117298314
ec2_cpu_utilization_fe7f93:2851:2867,0,rolling_128@0.95,0.9648384979303152,60.768681117298314
ec2_cpu_utilization_fe7f93:2859:2875,0,rolling_128@0.95,0.9648384979303152,60.768681117298314
ec2_cpu_utilization_fe7f93:2867:2883,0,rolling_128@0.95,1.0531553432789538,60.768681117298314
ec2_cpu_utilization_fe7f93:2875:2891,0,rolling_128@0.95,2.64190988987462,60.768681117298314
ec2_cpu_utilization_fe7f93:2883:2899,0,rolling_128@0.95,2.64190988987462,60.768681117298314
ec2_cpu_utilization_fe7f93:2891:2907,0,rolling_128@0.95,1.2297892603890423,60.768681117298314
ec2_cpu_utilization_fe7f93:2899:2915,0,rolling_128@0.95,1.2297892603890423,60.768681117298314
ec2_cpu_utilization_fe7f93:2907:2923,0,rolling_128@0.95,1.1215297481981614,60.768681117298314
ec2_cpu_utilization_fe7f93:2915:2931,0,rolling_128@0.95,59.78484839579278,60.768681117298314
ec2_cpu_utilization_fe7f93:2923:2939,0,rolling_128@0.95,59.78484839579278,60.768681117298314
ec2_cpu_utilization_fe7f93:2931:2947,0,rolling_128@0.95,55.62445740169744,60.768681117298314
ec2_cpu_utilization_fe7f93:2939:2955,0,rolling_128@0.95,65.14748609780055,60.768681117298314
ec2_cpu_utilization_fe7f93:2947:2963,0,rolling_128@0.95,65.14748609780055,60.768681117298314
ec2_cpu_utilization_fe7f93:2955:2971,0,rolling_128@0.95,8.847834673908496,60.768681117298314
ec2_cpu_utilization_fe7f93:2963:2979,0,rolling_128@0.95,8.847834673908496,60.768681117298314
ec2_cpu_utilization_fe7f93:2971:2987,0,rolling_128@0.95,54.46589229107848,60.768681117298314
ec2_cpu_utilization_fe7f93:2979:2995,0,rolling_128@0.95,54.46589229107848,60.768681117298314
ec2_cpu_utilization_fe7f93:2987:3003,0,rolling_128@0.95,56.78855174915887,60.768681117298314
ec2_cpu_utilization_fe7f93:2995:3011,0,rolling_128@0.95,56.78855174915887,60.768681117298314
ec2_cpu_utilization_fe7f93:3003:3019,0,rolling_128@0.95,46.021641118862334,60.768681117298314
ec2_cpu_utilization_fe7f93:3011:3027,0,rolling_128@0.95,35.217311682829084,60.768681117298314
ec2_cpu_utilization_fe7f93:3019:3035,0,rolling_128@0.95,34.79595818073128,60.768681117298314
ec2_cpu_utilization_fe7f93:3027:3043,0,rolling_128@0.95,34.79595818073128,60.768681117298314
ec2_cpu_utilization_fe7f93:3035:3051,0,rolling_128@0.95,0.9995406317741432,60.768681117298314
ec2_cpu_utilization_fe7f93:3043:3059,0,rolling_128@0.95,0.9995406317741432,60.768681117298314
ec2_cpu_utilization_fe7f93:3051:3067,0,rolling_128@0.95,0.9940990299989717,60.768681117298314
ec2_cpu_utilization_fe7f93:3059:3075,0,rolling_128@0.95,1.9313878692399529,60.768681117298314
ec2_cpu_utilization_fe7f93:3067:3083,0,rolling_128@0.95,1.9313878692399529,60.768681117298314
ec2_cpu_utilization_fe7f93:3075:3091,0,rolling_128@0.95,1.3445649293351591,60.768681117298314
ec2_cpu_utilization_fe7f93:3083:3099,0,rolling_128@0.95,0.8092068540906081,60.768681117298314
ec2_cpu_utilization_fe7f93:3091:3107,0,rolling_128@0.95,0.8092068540906081,60.768681117298314
ec2_cpu_utilization_fe7f93:3099:3115,0,rolling_128@0.95,2.680845535021624,60.768681117298314
ec2_cpu_utilization_fe7f93:3107:3123,0,rolling_128@0.95,2.680845535021624,60.768681117298314
ec2_cpu_utilization_fe7f93:3115:3131,0,rolling_128@0.95,1.2288394586451565,60.768681117298314
ec2_cpu_utilization_fe7f93:3123:3139,0,rolling_128@0.95,1.140522613296518,60.768681117298314
ec2_cpu_utilization_fe7f93:3131:3147,0,rolling_128@0.95,0.8489819302652163,60.768681117298314
ec2_cpu_utilization_fe7f93:3139:3155,0,rolling_128@0.95,1.0645510396966864,60.768681117298314
ec2_cpu_utilization_fe7f93:3147:3163,0,rolling_128@0.95,1.0645510396966864,60.768681117298314
ec2_cpu_utilization_fe7f93:3155:3171,0,rolling_128@0.95,3.2762721728330346,60.768681117298314
ec2_cpu_utilization_fe7f93:3163:3179,0,rolling_128@0.95,3.2762721728330346,60.768681117298314
ec2_cpu_utilization_fe7f93:3171:3187,0,rolling_128@0.95,1.1433715657025525,60.768681117298314
ec2_cpu_utilization_fe7f93:3179:3195,0,rolling_128@0.95,1.320005482812641,60.768681117298314
ec2_cpu_utilization_fe7f93:3187:3203,0,rolling_128@0.95,1.320005482812641,60.768681117298314
ec2_cpu_utilization_fe7f93:3195:3211,0,rolling_128@0.95,0.8660755314950183,60.768681117298314
ec2_cpu_utilization_fe7f93:3203:3219,0,rolling_128@0.95,5.129977708300239,60.768681117298314
ec2_cpu_utilization_fe7f93:2419:2435,0,rolling_128@0.975,0.8081472476624688,62.29380947524936
ec2_cpu_utilization_fe7f93:2427:2443,0,rolling_128@0.975,0.8081472476624688,62.29380947524936
ec2_cpu_utilization_fe7f93:2435:2451,0,rolling_128@0.975,0.832837791160083,62.29380947524936
ec2_cpu_utilization_fe7f93:2443:2459,0,rolling_128@0.975,0.832837791160083,62.29380947524936
ec2_cpu_utilization_fe7f93:2451:2467,0,rolling_128@0.975,0.8157444163430926,62.29380947524936
ec2_cpu_utilization_fe7f93:2459:2475,0,rolling_128@0.975,0.8157444163430926,62.29380947524936
ec2_cpu_utilization_fe7f93:2467:2483,0,rolling_128@0.975,0.7701614042593502,62.29380947524936
ec2_cpu_utilization_fe7f93:2475:2491,0,rolling_128@0.975,0.7549671801045085,62.29380947524936
ec2_cpu_utilization_fe7f93:2483:2499,0,rolling_128@0.975,1.1129828909800576,62.29380947524936
ec2_cpu_utilization_fe7f93:2491:2507,0,rolling_128@0.975,1.1129828909800576,62.29380947524936
ec2_cpu_utilization_fe7f93:2499:2515,0,rolling_128@0.975,1.0294143751124138,62.29380947524936
ec2_cpu_utilization_fe7f93:2507:2523,0,rolling_128@0.975,0.8356867435661177,62.29380947524936
ec2_cpu_utilization_fe7f93:2515:2531,0,rolling_128@0.975,1.2696742544543098,62.29380947524936
ec2_cpu_utilization_fe7f93:2523:2539,1,rolling_128@0.975,1.2696742544543098,62.29380947524936
ec2_cpu_utilization_fe7f93:2531:2547,1,rolling_128@0.975,1.0180185654882754,62.29380947524936
ec2_cpu_utilization_fe7f93:2539:2555,1,rolling_128@0.975,1.0180185654882754,62.29380947524936
ec2_cpu_utilization_fe7f93:2547:2563,1,rolling_128@0.975,1.3874301991943687,62.29380947524936
ec2_cpu_utilization_fe7f93:2555:2571,1,rolling_128@0.975,1.3874301991943687,62.29380947524936
ec2_cpu_utilization_fe7f93:2563:2579,1,rolling_128@0.975,1.3076599846510226,62.29380947524936
ec2_cpu_utilization_fe7f93:2571:2587,1,rolling_128@0.975,1.3067102961135426,62.29380947524936
ec2_cpu_utilization_fe7f93:2579:2595,1,rolling_128@0.975,1.3067102961135426,62.29380947524936
ec2_cpu_utilization_fe7f93:2587:2603,1,rolling_128@0.975,1.0702490577151613,62.29380947524936
ec2_cpu_utilization_fe7f93:2595:2611,1,rolling_128@0.975,1.066450303565241,62.29380947524936
ec2_cpu_utilization_fe7f93:2603:2619,1,rolling_128@0.975,1.051256192616805,62.29380947524936
ec2_cpu_utilization_fe7f93:2611:2627,1,rolling_128@0.975,1.2392856929382206,62.29380947524936
ec2_cpu_utilization_fe7f93:2619:2635,1,rolling_128@0.975,1.2392856929382206,62.29380947524936
ec2_cpu_utilization_fe7f93:2627:2643,1,rolling_128@0.975,1.0816446409264884,62.29380947524936
ec2_cpu_utilization_fe7f93:2635:2651,1,rolling_128@0.975,1.0816446409264884,62.29380947524936
ec2_cpu_utilization_fe7f93:2643:2659,1,rolling_128@0.975,1.0303639504434883,62.29380947524936
ec2_cpu_utilization_fe7f93:2651:2667,1,rolling_128@0.975,1.4187683360415324,62.29380947524936
ec2_cpu_utilization_fe7f93:2659:2675,1,rolling_128@0.975,1.4187683360415324,62.29380947524936
ec2_cpu_utilization_fe7f93:2667:2683,1,rolling_128@0.975,1.2734727821914187,62.29380947524936
ec2_cpu_utilization_fe7f93:2675:2691,0,rolling_128@0.975,1.3171565304066066,62.29380947524936
ec2_cpu_utilization_fe7f93:2683:2699,0,rolling_128@0.975,1.3171565304066066,62.29380947524936
ec2_cpu_utilization_fe7f93:2691:2707,0,rolling_128@0.975,1.29626428823329,62.29380947524936
ec2_cpu_utilization_fe7f93:2699:2715,0,rolling_128@0.975,1.3295019153618195,62.29380947524936
ec2_cpu_utilization_fe7f93:2707:2723,0,rolling_128@0.975,1.3295019153618195,62.29380947524936
ec2_cpu_utilization_fe7f93:2715:2731,0,rolling_128@0.975,1.2516309646870276,62.29380947524936
ec2_cpu_utilization_fe7f93:2723:2739,0,rolling_128@0.975,1.3067104093199482,62.29380947524936
ec2_cpu_utilization_fe7f93:2731:2747,0,rolling_128@0.975,1.390278925187592,62.29380947524936
ec2_cpu_utilization_fe7f93:2739:2755,0,rolling_128@0.975,1.390278925187592,62.29380947524936
ec2_cpu_utilization_fe7f93:2747:2763,0,rolling_128@0.975,1.0787956885204537,62.29380947524936
ec2_cpu_utilization_fe7f93:2755:2771,0,rolling_128@0.975,3.0179692301366683,62.29380947524936
ec2_cpu_utilization_fe7f93:2763:2779,0,rolling_128@0.975,3.0179692301366683,62.29380947524936
ec2_cpu_utilization_fe7f93:2771:2787,0,rolling_128@0.975,3.703611977165272,62.29380947524936
ec2_cpu_utilization_fe7f93:2779:2795,0,rolling_128@0.975,3.703611977165272,62.29380947524936
ec2_cpu_utilization_fe7f93:2787:2803,0,rolling_128@0.975,2.0274901605520412,62.29380947524936
ec2_cpu_utilization_fe7f93:2795:2811,0,rolling_128@0.975,2.558341374006976,62.29380947524936
ec2_cpu_utilization_fe7f93:2803:2819,0,rolling_128@0.975,2.558341374006976,62.29380947524936
ec2_cpu_utilization_fe7f93:2811:2827,0,rolling_128@0.975,0.9838312498222659,62.29380947524936
ec2_cpu_utilization_fe7f93:2819:2835,0,rolling_128@0.975,1.214594923027795,62.29380947524936
ec2_cpu_utilization_fe7f93:2827:2843,0,rolling_128@0.975,1.214594923027795,62.29380947524936
ec2_cpu_utilization_fe7f93:2835:2851,0,rolling_128@0.975,0.9800327220851569,62.29380947524936
ec2_cpu_utilization_fe7f93:2843:2859,0,rolling_128@0.975,0.9154570713158695,62.29380947524936
ec2_cpu_utilization_fe7f93:2851:2867,0,rolling_128@0.975,0.9648384979303152,62.29380947524936
ec2_cpu_utilization_fe7f93:2859:2875,0,rolling_128@0.975,0.9648384979303152,62.29380947524936
ec2_cpu_utilization_fe7f93:2867:2883,0,rolling_128@0.975,1.0531553432789538,62.29380947524936
ec2_cpu_utilization_fe7f93:2875:2891,0,rolling_128@0.975,2.64190988987462,62.29380947524936
ec2_cpu_utilization_fe7f93:2883:2899,0,rolling_128@0.975,2.64190988987462,62.29380947524936
ec2_cpu_utilization_fe7f93:2891:2907,0,rolling_128@0.975,1.2297892603890423,62.29380947524936
ec2_cpu_utilization_fe7f93:2899:2915,0,rolling_128@0.975,1.2297892603890423,62.29380947524936
ec2_cpu_utilization_fe7f93:2907:2923,0,rolling_128@0.975,1.1215297481981614,62.29380947524936
ec2_cpu_utilization_fe7f93:2915:2931,0,rolling_128@0.975,59.78484839579278,62.29380947524936
ec2_cpu_utilization_fe7f93:2923:2939,0,rolling_128@0.975,59.78484839579278,62.29380947524936
ec2_cpu_utilization_fe7f93:2931:2947,0,rolling_128@0.975,55.62445740169744,62.29380947524936
ec2_cpu_utilization_fe7f93:2939:2955,0,rolling_128@0.975,65.14748609780055,62.29380947524936
ec2_cpu_utilization_fe7f93:2947:2963,0,rolling_128@0.975,65.14748609780055,62.29380947524936
ec2_cpu_utilization_fe7f93:2955:2971,0,rolling_128@0.975,8.847834673908496,62.29380947524936
ec2_cpu_utilization_fe7f93:2963:2979,0,rolling_128@0.975,8.847834673908496,62.29380947524936
ec2_cpu_utilization_fe7f93:2971:2987,0,rolling_128@0.975,54.46589229107848,62.29380947524936
ec2_cpu_utilization_fe7f93:2979:2995,0,rolling_128@0.975,54.46589229107848,62.29380947524936
ec2_cpu_utilization_fe7f93:2987:3003,0,rolling_128@0.975,56.78855174915887,62.29380947524936
ec2_cpu_utilization_fe7f93:2995:3011,0,rolling_128@0.975,56.78855174915887,62.29380947524936
ec2_cpu_utilization_fe7f93:3003:3019,0,rolling_128@0.975,46.021641118862334,62.29380947524936
ec2_cpu_utilization_fe7f93:3011:3027,0,rolling_128@0.975,35.217311682829084,62.29380947524936
ec2_cpu_utilization_fe7f93:3019:3035,0,rolling_128@0.975,34.79595818073128,62.29380947524936
ec2_cpu_utilization_fe7f93:3027:3043,0,rolling_128@0.975,34.79595818073128,62.29380947524936
ec2_cpu_utilization_fe7f93:3035:3051,0,rolling_128@0.975,0.9995406317741432,62.29380947524936
ec2_cpu_utilization_fe7f93:3043:3059,0,rolling_128@0.975,0.9995406317741432,62.29380947524936
ec2_cpu_utilization_fe7f93:3051:3067,0,rolling_128@0.975,0.9940990299989717,62.29380947524936
ec2_cpu_utilization_fe7f93:3059:3075,0,rolling_128@0.975,1.9313878692399529,62.29380947524936
ec2_cpu_utilization_fe7f93:3067:3083,0,rolling_128@0.975,1.9313878692399529,62.29380947524936
ec2_cpu_utilization_fe7f93:3075:3091,0,rolling_128@0.975,1.3445649293351591,62.29380947524936
ec2_cpu_utilization_fe7f93:3083:3099,0,rolling_128@0.975,0.8092068540906081,62.29380947524936
ec2_cpu_utilization_fe7f93:3091:3107,0,rolling_128@0.975,0.8092068540906081,62.29380947524936
ec2_cpu_utilization_fe7f93:3099:3115,0,rolling_128@0.975,2.680845535021624,62.29380947524936
ec2_cpu_utilization_fe7f93:3107:3123,0,rolling_128@0.975,2.680845535021624,62.29380947524936
ec2_cpu_utilization_fe7f93:3115:3131,0,rolling_128@0.975,1.2288394586451565,62.29380947524936
ec2_cpu_utilization_fe7f93:3123:3139,0,rolling_128@0.975,1.140522613296518,62.29380947524936
ec2_cpu_utilization_fe7f93:3131:3147,0,rolling_128@0.975,0.8489819302652163,62.29380947524936
ec2_cpu_utilization_fe7f93:3139:3155,0,rolling_128@0.975,1.0645510396966864,62.29380947524936
ec2_cpu_utilization_fe7f93:3147:3163,0,rolling_128@0.975,1.0645510396966864,62.29380947524936
ec2_cpu_utilization_fe7f93:3155:3171,0,rolling_128@0.975,3.2762721728330346,62.29380947524936
ec2_cpu_utilization_fe7f93:3163:3179,0,rolling_128@0.975,3.2762721728330346,62.29380947524936
ec2_cpu_utilization_fe7f93:3171:3187,0,rolling_128@0.975,1.1433715657025525,62.29380947524936
ec2_cpu_utilization_fe7f93:3179:3195,0,rolling_128@0.975,1.320005482812641,62.29380947524936
ec2_cpu_utilization_fe7f93:3187:3203,0,rolling_128@0.975,1.320005482812641,62.29380947524936
ec2_cpu_utilization_fe7f93:3195:3211,0,rolling_128@0.975,0.8660755314950183,62.29380947524936
ec2_cpu_utilization_fe7f93:3203:3219,0,rolling_128@0.975,5.129977708300239,62.29380947524936
ec2_cpu_utilization_fe7f93:2419:2435,0,rolling_128@0.99,0.8081472476624688,62.29380947524936
ec2_cpu_utilization_fe7f93:2427:2443,0,rolling_128@0.99,0.8081472476624688,62.29380947524936
ec2_cpu_utilization_fe7f93:2435:2451,0,rolling_128@0.99,0.832837791160083,62.29380947524936
ec2_cpu_utilization_fe7f93:2443:2459,0,rolling_128@0.99,0.832837791160083,62.29380947524936
ec2_cpu_utilization_fe7f93:2451:2467,0,rolling_128@0.99,0.8157444163430926,62.29380947524936
ec2_cpu_utilization_fe7f93:2459:2475,0,rolling_128@0.99,0.8157444163430926,62.29380947524936
ec2_cpu_utilization_fe7f93:2467:2483,0,rolling_128@0.99,0.7701614042593502,62.29380947524936
ec2_cpu_utilization_fe7f93:2475:2491,0,rolling_128@0.99,0.7549671801045085,62.29380947524936
ec2_cpu_utilization_fe7f93:2483:2499,0,rolling_128@0.99,1.1129828909800576,62.29380947524936
ec2_cpu_utilization_fe7f93:2491:2507,0,rolling_128@0.99,1.1129828909800576,62.29380947524936
ec2_cpu_utilization_fe7f93:2499:2515,0,rolling_128@0.99,1.0294143751124138,62.29380947524936
ec2_cpu_utilization_fe7f93:2507:2523,0,rolling_128@0.99,0.8356867435661177,62.29380947524936
ec2_cpu_utilization_fe7f93:2515:2531,0,rolling_128@0.99,1.2696742544543098,62.29380947524936
ec2_cpu_utilization_fe7f93:2523:2539,1,rolling_128@0.99,1.2696742544543098,62.29380947524936
ec2_cpu_utilization_fe7f93:2531:2547,1,rolling_128@0.99,1.0180185654882754,62.29380947524936
ec2_cpu_utilization_fe7f93:2539:2555,1,rolling_128@0.99,1.0180185654882754,62.29380947524936
ec2_cpu_utilization_fe7f93:2547:2563,1,rolling_128@0.99,1.3874301991943687,62.29380947524936
ec2_cpu_utilization_fe7f93:2555:2571,1,rolling_128@0.99,1.3874301991943687,62.29380947524936
ec2_cpu_utilization_fe7f93:2563:2579,1,rolling_128@0.99,1.3076599846510226,62.29380947524936
ec2_cpu_utilization_fe7f93:2571:2587,1,rolling_128@0.99,1.3067102961135426,62.29380947524936
ec2_cpu_utilization_fe7f93:2579:2595,1,rolling_128@0.99,1.3067102961135426,62.29380947524936
ec2_cpu_utilization_fe7f93:2587:2603,1,rolling_128@0.99,1.0702490577151613,62.29380947524936
ec2_cpu_utilization_fe7f93:2595:2611,1,rolling_128@0.99,1.066450303565241,62.29380947524936
ec2_cpu_utilization_fe7f93:2603:2619,1,rolling_128@0.99,1.051256192616805,62.29380947524936
ec2_cpu_utilization_fe7f93:2611:2627,1,rolling_128@0.99,1.2392856929382206,62.29380947524936
ec2_cpu_utilization_fe7f93:2619:2635,1,rolling_128@0.99,1.2392856929382206,62.29380947524936
ec2_cpu_utilization_fe7f93:2627:2643,1,rolling_128@0.99,1.0816446409264884,62.29380947524936
ec2_cpu_utilization_fe7f93:2635:2651,1,rolling_128@0.99,1.0816446409264884,62.29380947524936
ec2_cpu_utilization_fe7f93:2643:2659,1,rolling_128@0.99,1.0303639504434883,62.29380947524936
ec2_cpu_utilization_fe7f93:2651:2667,1,rolling_128@0.99,1.4187683360415324,62.29380947524936
ec2_cpu_utilization_fe7f93:2659:2675,1,rolling_128@0.99,1.4187683360415324,62.29380947524936
ec2_cpu_utilization_fe7f93:2667:2683,1,rolling_128@0.99,1.2734727821914187,62.29380947524936
ec2_cpu_utilization_fe7f93:2675:2691,0,rolling_128@0.99,1.3171565304066066,62.29380947524936
ec2_cpu_utilization_fe7f93:2683:2699,0,rolling_128@0.99,1.3171565304066066,62.29380947524936
ec2_cpu_utilization_fe7f93:2691:2707,0,rolling_128@0.99,1.29626428823329,62.29380947524936
ec2_cpu_utilization_fe7f93:2699:2715,0,rolling_128@0.99,1.3295019153618195,62.29380947524936
ec2_cpu_utilization_fe7f93:2707:2723,0,rolling_128@0.99,1.3295019153618195,62.29380947524936
ec2_cpu_utilization_fe7f93:2715:2731,0,rolling_128@0.99,1.2516309646870276,62.29380947524936
ec2_cpu_utilization_fe7f93:2723:2739,0,rolling_128@0.99,1.3067104093199482,62.29380947524936
ec2_cpu_utilization_fe7f93:2731:2747,0,rolling_128@0.99,1.390278925187592,62.29380947524936
ec2_cpu_utilization_fe7f93:2739:2755,0,rolling_128@0.99,1.390278925187592,62.29380947524936
ec2_cpu_utilization_fe7f93:2747:2763,0,rolling_128@0.99,1.0787956885204537,62.29380947524936
ec2_cpu_utilization_fe7f93:2755:2771,0,rolling_128@0.99,3.0179692301366683,62.29380947524936
ec2_cpu_utilization_fe7f93:2763:2779,0,rolling_128@0.99,3.0179692301366683,62.29380947524936
ec2_cpu_utilization_fe7f93:2771:2787,0,rolling_128@0.99,3.703611977165272,62.29380947524936
ec2_cpu_utilization_fe7f93:2779:2795,0,rolling_128@0.99,3.703611977165272,62.29380947524936
ec2_cpu_utilization_fe7f93:2787:2803,0,rolling_128@0.99,2.0274901605520412,62.29380947524936
ec2_cpu_utilization_fe7f93:2795:2811,0,rolling_128@0.99,2.558341374006976,62.29380947524936
ec2_cpu_utilization_fe7f93:2803:2819,0,rolling_128@0.99,2.558341374006976,62.29380947524936
ec2_cpu_utilization_fe7f93:2811:2827,0,rolling_128@0.99,0.9838312498222659,62.29380947524936
ec2_cpu_utilization_fe7f93:2819:2835,0,rolling_128@0.99,1.214594923027795,62.29380947524936
ec2_cpu_utilization_fe7f93:2827:2843,0,rolling_128@0.99,1.214594923027795,62.29380947524936
ec2_cpu_utilization_fe7f93:2835:2851,0,rolling_128@0.99,0.9800327220851569,62.29380947524936
ec2_cpu_utilization_fe7f93:2843:2859,0,rolling_128@0.99,0.9154570713158695,62.29380947524936
ec2_cpu_utilization_fe7f93:2851:2867,0,rolling_128@0.99,0.9648384979303152,62.29380947524936
ec2_cpu_utilization_fe7f93:2859:2875,0,rolling_128@0.99,0.9648384979303152,62.29380947524936
ec2_cpu_utilization_fe7f93:2867:2883,0,rolling_128@0.99,1.0531553432789538,62.29380947524936
ec2_cpu_utilization_fe7f93:2875:2891,0,rolling_128@0.99,2.64190988987462,62.29380947524936
ec2_cpu_utilization_fe7f93:2883:2899,0,rolling_128@0.99,2.64190988987462,62.29380947524936
ec2_cpu_utilization_fe7f93:2891:2907,0,rolling_128@0.99,1.2297892603890423,62.29380947524936
ec2_cpu_utilization_fe7f93:2899:2915,0,rolling_128@0.99,1.2297892603890423,62.29380947524936
ec2_cpu_utilization_fe7f93:2907:2923,0,rolling_128@0.99,1.1215297481981614,62.29380947524936
ec2_cpu_utilization_fe7f93:2915:2931,0,rolling_128@0.99,59.78484839579278,62.29380947524936
ec2_cpu_utilization_fe7f93:2923:2939,0,rolling_128@0.99,59.78484839579278,62.29380947524936
ec2_cpu_utilization_fe7f93:2931:2947,0,rolling_128@0.99,55.62445740169744,62.29380947524936
ec2_cpu_utilization_fe7f93:2939:2955,0,rolling_128@0.99,65.14748609780055,62.29380947524936
ec2_cpu_utilization_fe7f93:2947:2963,0,rolling_128@0.99,65.14748609780055,62.29380947524936
ec2_cpu_utilization_fe7f93:2955:2971,0,rolling_128@0.99,8.847834673908496,62.29380947524936
ec2_cpu_utilization_fe7f93:2963:2979,0,rolling_128@0.99,8.847834673908496,62.29380947524936
ec2_cpu_utilization_fe7f93:2971:2987,0,rolling_128@0.99,54.46589229107848,62.29380947524936
ec2_cpu_utilization_fe7f93:2979:2995,0,rolling_128@0.99,54.46589229107848,62.29380947524936
ec2_cpu_utilization_fe7f93:2987:3003,0,rolling_128@0.99,56.78855174915887,62.29380947524936
ec2_cpu_utilization_fe7f93:2995:3011,0,rolling_128@0.99,56.78855174915887,62.29380947524936
ec2_cpu_utilization_fe7f93:3003:3019,0,rolling_128@0.99,46.021641118862334,62.29380947524936
ec2_cpu_utilization_fe7f93:3011:3027,0,rolling_128@0.99,35.217311682829084,62.29380947524936
ec2_cpu_utilization_fe7f93:3019:3035,0,rolling_128@0.99,34.79595818073128,62.29380947524936
ec2_cpu_utilization_fe7f93:3027:3043,0,rolling_128@0.99,34.79595818073128,62.29380947524936
ec2_cpu_utilization_fe7f93:3035:3051,0,rolling_128@0.99,0.9995406317741432,62.29380947524936
ec2_cpu_utilization_fe7f93:3043:3059,0,rolling_128@0.99,0.9995406317741432,62.29380947524936
ec2_cpu_utilization_fe7f93:3051:3067,0,rolling_128@0.99,0.9940990299989717,62.29380947524936
ec2_cpu_utilization_fe7f93:3059:3075,0,rolling_128@0.99,1.9313878692399529,62.29380947524936
ec2_cpu_utilization_fe7f93:3067:3083,0,rolling_128@0.99,1.9313878692399529,62.29380947524936
ec2_cpu_utilization_fe7f93:3075:3091,0,rolling_128@0.99,1.3445649293351591,62.29380947524936
ec2_cpu_utilization_fe7f93:3083:3099,0,rolling_128@0.99,0.8092068540906081,62.29380947524936
ec2_cpu_utilization_fe7f93:3091:3107,0,rolling_128@0.99,0.8092068540906081,62.29380947524936
ec2_cpu_utilization_fe7f93:3099:3115,0,rolling_128@0.99,2.680845535021624,62.29380947524936
ec2_cpu_utilization_fe7f93:3107:3123,0,rolling_128@0.99,2.680845535021624,62.29380947524936
ec2_cpu_utilization_fe7f93:3115:3131,0,rolling_128@0.99,1.2288394586451565,62.29380947524936
ec2_cpu_utilization_fe7f93:3123:3139,0,rolling_128@0.99,1.140522613296518,62.29380947524936
ec2_cpu_utilization_fe7f93:3131:3147,0,rolling_128@0.99,0.8489819302652163,62.29380947524936
ec2_cpu_utilization_fe7f93:3139:3155,0,rolling_128@0.99,1.0645510396966864,62.29380947524936
ec2_cpu_utilization_fe7f93:3147:3163,0,rolling_128@0.99,1.0645510396966864,62.29380947524936
ec2_cpu_utilization_fe7f93:3155:3171,0,rolling_128@0.99,3.2762721728330346,62.29380947524936
ec2_cpu_utilization_fe7f93:3163:3179,0,rolling_128@0.99,3.2762721728330346,62.29380947524936
ec2_cpu_utilization_fe7f93:3171:3187,0,rolling_128@0.99,1.1433715657025525,62.29380947524936
ec2_cpu_utilization_fe7f93:3179:3195,0,rolling_128@0.99,1.320005482812641,62.29380947524936
ec2_cpu_utilization_fe7f93:3187:3203,0,rolling_128@0.99,1.320005482812641,62.29380947524936
ec2_cpu_utilization_fe7f93:3195:3211,0,rolling_128@0.99,0.8660755314950183,62.29380947524936
ec2_cpu_utilization_fe7f93:3203:3219,0,rolling_128@0.99,5.129977708300239,62.29380947524936
