window_id,truth,detector,score,threshold
rds_cpu_utilization_e47b3b:2419:2435,0,autoencoder@0.95,0.10506825,0.26782193779945374
rds_cpu_utilization_e47b3b:2427:2443,0,autoencoder@0.95,0.17004162,0.26782193779945374
rds_cpu_utilization_e47b3b:2435:2451,0,autoencoder@0.95,0.23629342,0.26782193779945374
rds_cpu_utilization_e47b3b:2443:2459,0,autoencoder@0.95,0.21334463,0.26782193779945374
rds_cpu_utilization_e47b3b:2451:2467,0,autoencoder@0.95,0.2508847,0.26782193779945374
rds_cpu_utilization_e47b3b:2459:2475,0,autoencoder@0.95,0.18152207,0.26782193779945374
rds_cpu_utilization_e47b3b:2467:2483,0,autoencoder@0.95,0.11771719,0.26782193779945374
rds_cpu_utilization_e47b3b:2475:2491,1,autoencoder@0.95,0.17751278,0.26782193779945374
rds_cpu_utilization_e47b3b:2483:2499,1,autoencoder@0.95,0.13327312,0.26782193779945374
rds_cpu_utilization_e47b3b:2491:2507,1,autoencoder@0.95,0.08166743,0.26782193779945374
rds_cpu_utilization_e47b3b:2499:2515,1,autoencoder@0.95,0.13998853,0.26782193779945374
rds_cpu_utilization_e47b3b:2507:2523,1,autoencoder@0.95,0.17638338,0.26782193779945374
rds_cpu_utilization_e47b3b:2515:2531,1,autoencoder@0.95,0.15416832,0.26782193779945374
rds_cpu_utilization_e47b3b:2523:2539,1,autoencoder@0.95,0.17001079,0.26782193779945374
rds_cpu_utilization_e47b3b:2531:2547,1,autoencoder@0.95,0.23854147,0.26782193779945374
rds_cpu_utilization_e47b3b:2539:2555,1,autoencoder@0.95,0.24620062,0.26782193779945374
rds_cpu_utilization_e47b3b:2547:2563,1,autoencoder@0.95,0.14365849,0.26782193779945374
rds_cpu_utilization_e47b3b:2555:2571,1,autoencoder@0.95,0.17278364,0.26782193779945374
rds_cpu_utilization_e47b3b:2563:2579,1,autoencoder@0.95,0.18989868,0.26782193779945374
rds_cpu_utilization_e47b3b:2571:2587,1,autoencoder@0.95,3.9825172,0.26782193779945374
rds_cpu_utilization_e47b3b:2579:2595,1,autoencoder@0.95,11.940486,0.26782193779945374
rds_cpu_utilization_e47b3b:2587:2603,1,autoencoder@0.95,1.5216359,0.26782193779945374
rds_cpu_utilization_e47b3b:2595:2611,1,autoencoder@0.95,1.0044279,0.26782193779945374
rds_cpu_utilization_e47b3b:2603:2619,1,autoencoder@0.95,1.3818203,0.26782193779945374
rds_cpu_utilization_e47b3b:2611:2627,1,autoencoder@0.95,1.3251629,0.26782193779945374
rds_cpu_utilization_e47b3b:2619:2635,1,autoencoder@0.95,1.5071743,0.26782193779945374
rds_cpu_utilization_e47b3b:2627:2643,1,autoencoder@0.95,0.976279,0.26782193779945374
rds_cpu_utilization_e47b3b:2635:2651,1,autoencoder@0.95,1.3918312,0.26782193779945374
rds_cpu_utilization_e47b3b:2643:2659,1,autoencoder@0.95,1.2901051,0.26782193779945374
rds_cpu_utilization_e47b3b:2651:2667,1,autoencoder@0.95,1.024871,0.26782193779945374
rds_cpu_utilization_e47b3b:2659:2675,1,autoencoder@0.95,1.4395733,0.26782193779945374
rds_cpu_utilization_e47b3b:2667:2683,1,autoencoder@0.95,1.3552359,0.26782193779945374
rds_cpu_utilization_e47b3b:2675:2691,1,autoencoder@0.95,1.0895776,0.26782193779945374
rds_cpu_utilization_e47b3b:2683:2699,1,autoencoder@0.95,1.7479836,0.26782193779945374
rds_cpu_utilization_e47b3b:2691:2707,0,autoencoder@0.95,1.1726708,0.26782193779945374
rds_cpu_utilization_e47b3b:2699:2715,0,autoencoder@0.95,1.7333126,0.26782193779945374
rds_cpu_utilization_e47b3b:2707:2723,0,autoencoder@0.95,1.1254387,0.26782193779945374
rds_cpu_utilization_e47b3b:2715:2731,0,autoencoder@0.95,1.0076569,0.26782193779945374
rds_cpu_utilization_e47b3b:2723:2739,0,autoencoder@0.95,1.3314322,0.26782193779945374
rds_cpu_utilization_e47b3b:2731:2747,0,autoencoder@0.95,1.3612213,0.26782193779945374
rds_cpu_utilization_e47b3b:2739:2755,0,autoencoder@0.95,1.5095742,0.26782193779945374
rds_cpu_utilization_e47b3b:2747:2763,0,autoencoder@0.95,1.3215516,0.26782193779945374
rds_cpu_utilization_e47b3b:2755:2771,0,autoencoder@0.95,1.3806032,0.26782193779945374
rds_cpu_utilization_e47b3b:2763:2779,0,autoencoder@0.95,0.78010625,0.26782193779945374
rds_cpu_utilization_e47b3b:2771:2787,0,autoencoder@0.95,1.5988771,0.26782193779945374
rds_cpu_utilization_e47b3b:2779:2795,0,autoencoder@0.95,1.2179122,0.26782193779945374
rds_cpu_utilization_e47b3b:2787:2803,0,autoencoder@0.95,1.5092295,0.26782193779945374
rds_cpu_utilization_e47b3b:2795:2811,0,autoencoder@0.95,0.93809915,0.26782193779945374
rds_cpu_utilization_e47b3b:2803:2819,0,autoencoder@0.95,1.6096495,0.26782193779945374
rds_cpu_utilization_e47b3b:2811:2827,0,autoencoder@0.95,1.3421724,0.26782193779945374
rds_cpu_utilization_e47b3b:2819:2835,0,autoencoder@0.95,1.5599916,0.26782193779945374
rds_cpu_utilization_e47b3b:2827:2843,0,autoencoder@0.95,0.92084265,0.26782193779945374
rds_cpu_utilization_e47b3b:2835:2851,0,autoencoder@0.95,1.3639884,0.26782193779945374
rds_cpu_utilization_e47b3b:2843:2859,0,autoencoder@0.95,1.8212478,0.26782193779945374
rds_cpu_utilization_e47b3b:2851:2867,0,autoencoder@0.95,1.3780632,0.26782193779945374
rds_cpu_utilization_e47b3b:2859:2875,0,autoencoder@0.95,0.74307597,0.26782193779945374
rds_cpu_utilization_e47b3b:2867:2883,0,autoencoder@0.95,1.4295747,0.26782193779945374
rds_cpu_utilization_e47b3b:2875:2891,0,autoencoder@0.95,1.2476957,0.26782193779945374
rds_cpu_utilization_e47b3b:2883:2899,0,autoencoder@0.95,1.2413344,0.26782193779945374
rds_cpu_utilization_e47b3b:2891:2907,0,autoencoder@0.95,1.2014735,0.26782193779945374
rds_cpu_utilization_e47b3b:2899:2915,0,autoencoder@0.95,1.1211232,0.26782193779945374
rds_cpu_utilization_e47b3b:2907:2923,0,autoencoder@0.95,1.4816612,0.26782193779945374
rds_cpu_utilization_e47b3b:2915:2931,0,autoencoder@0.95,1.5556197,0.26782193779945374
rds_cpu_utilization_e47b3b:2923:2939,0,autoencoder@0.95,1.6958816,0.26782193779945374
rds_cpu_utilization_e47b3b:2931:2947,0,autoencoder@0.95,1.2651906,0.26782193779945374
rds_cpu_utilization_e47b3b:2939:2955,0,autoencoder@0.95,1.0059245,0.26782193779945374
rds_cpu_utilization_e47b3b:2947:2963,0,autoencoder@0.95,1.3668358,0.26782193779945374
rds_cpu_utilization_e47b3b:2955:2971,0,autoencoder@0.95,1.4696802,0.26782193779945374
rds_cpu_utilization_e47b3b:2963:2979,0,autoencoder@0.95,1.1837262,0.26782193779945374
rds_cpu_utilization_e47b3b:2971:2987,0,autoencoder@0.95,2.0166152,0.26782193779945374
rds_cpu_utilization_e47b3b:2979:2995,0,autoencoder@0.95,1.2276477,0.26782193779945374
rds_cpu_utilization_e47b3b:2987:3003,0,autoencoder@0.95,1.019139,0.26782193779945374
rds_cpu_utilization_e47b3b:2995:3011,0,autoencoder@0.95,1.2279462,0.26782193779945374
rds_cpu_utilization_e47b3b:3003:3019,0,autoencoder@0.95,1.1313303,0.26782193779945374
rds_cpu_utilization_e47b3b:3011:3027,0,autoencoder@0.95,0.9938451,0.26782193779945374
rds_cpu_utilization_e47b3b:3019:3035,0,autoencoder@0.95,1.3553102,0.26782193779945374
rds_cpu_utilization_e47b3b:3027:3043,0,autoencoder@0.95,1.0525947,0.26782193779945374
rds_cpu_utilization_e47b3b:3035:3051,0,autoencoder@0.95,1.2808492,0.26782193779945374
rds_cpu_utilization_e47b3b:3043:3059,0,autoencoder@0.95,0.82553214,0.26782193779945374
rds_cpu_utilization_e47b3b:3051:3067,0,autoencoder@0.95,1.59708,0.26782193779945374
rds_cpu_utilization_e47b3b:3059:3075,0,autoencoder@0.95,1.0271497,0.26782193779945374
rds_cpu_utilization_e47b3b:3067:3083,0,autoencoder@0.95,1.2920481,0.26782193779945374
rds_cpu_utilization_e47b3b:3075:3091,0,autoencoder@0.95,1.3640989,0.26782193779945374
rds_cpu_utilization_e47b3b:3083:3099,0,autoencoder@0.95,1.3691018,0.26782193779945374
rds_cpu_utilization_e47b3b:3091:3107,0,autoencoder@0.95,1.0888106,0.26782193779945374
rds_cpu_utilization_e47b3b:3099:3115,0,autoencoder@0.95,1.2609854,0.26782193779945374
rds_cpu_utilization_e47b3b:3107:3123,0,autoencoder@0.95,1.3345432,0.26782193779945374
rds_cpu_utilization_e47b3b:3115:3131,0,autoencoder@0.95,1.0327272,0.26782193779945374
rds_cpu_utilization_e47b3b:3123:3139,0,autoencoder@0.95,1.5417329,0.26782193779945374
rds_cpu_utilization_e47b3b:3131:3147,0,autoencoder@0.95,1.2059758,0.26782193779945374
rds_cpu_utilization_e47b3b:3139:3155,0,autoencoder@0.95,1.0451396,0.26782193779945374
rds_cpu_utilization_e47b3b:3147:3163,0,autoencoder@0.95,1.6283344,0.26782193779945374
rds_cpu_utilization_e47b3b:3155:3171,0,autoencoder@0.95,0.9337555,0.26782193779945374
rds_cpu_utilization_e47b3b:3163:3179,0,autoencoder@0.95,1.4764558,0.26782193779945374
rds_cpu_utilization_e47b3b:3171:3187,0,autoencoder@0.95,1.5112598,0.26782193779945374
rds_cpu_utilization_e47b3b:3179:3195,0,autoencoder@0.95,1.3158365,0.26782193779945374
rds_cpu_utilization_e47b3b:3187:3203,0,autoencoder@0.95,1.1335176,0.26782193779945374
rds_cpu_utilization_e47b3b:3195:3211,0,autoencoder@0.95,1.6986984,0.26782193779945374
rds_cpu_utilization_e47b3b:3203:3219,0,autoencoder@0.95,1.0146347,0.26782193779945374
rds_cpu_utilization_e47b3b:2419:2435,0,autoencoder@0.975,0.10506825,0.28637370467185974
rds_cpu_utilization_e47b3b:2427:2443,0,autoencoder@0.975,0.17004162,0.28637370467185974
rds_cpu_utilization_e47b3b:2435:2451,0,autoencoder@0.975,0.23629342,0.28637370467185974
rds_cpu_utilization_e47b3b:2443:2459,0,autoencoder@0.975,0.21334463,0.28637370467185974
rds_cpu_utilization_e47b3b:2451:2467,0,autoencoder@0.975,0.2508847,0.28637370467185974
rds_cpu_utilization_e47b3b:2459:2475,0,autoencoder@0.975,0.18152207,0.28637370467185974
rds_cpu_utilization_e47b3b:2467:2483,0,autoencoder@0.975,0.11771719,0.28637370467185974
rds_cpu_utilization_e47b3b:2475:2491,1,autoencoder@0.975,0.17751278,0.28637370467185974
rds_cpu_utilization_e47b3b:2483:2499,1,autoencoder@0.975,0.13327312,0.28637370467185974
rds_cpu_utilization_e47b3b:2491:2507,1,autoencoder@0.975,0.08166743,0.28637370467185974
rds_cpu_utilization_e47b3b:2499:2515,1,autoencoder@0.975,0.13998853,0.28637370467185974
rds_cpu_utilization_e47b3b:2507:2523,1,autoencoder@0.975,0.17638338,0.28637370467185974
rds_cpu_utilization_e47b3b:2515:2531,1,autoencoder@0.975,0.15416832,0.28637370467185974
rds_cpu_utilization_e47b3b:2523:2539,1,autoencoder@0.975,0.17001079,0.28637370467185974
rds_cpu_utilization_e47b3b:2531:2547,1,autoencoder@0.975,0.23854147,0.28637370467185974
rds_cpu_utilization_e47b3b:2539:2555,1,autoencoder@0.975,0.24620062,0.28637370467185974
rds_cpu_utilization_e47b3b:2547:2563,1,autoencoder@0.975,0.14365849,0.28637370467185974
rds_cpu_utilization_e47b3b:2555:2571,1,autoencoder@0.975,0.17278364,0.28637370467185974
rds_cpu_utilization_e47b3b:2563:2579,1,autoencoder@0.975,0.18989868,0.28637370467185974
rds_cpu_utilization_e47b3b:2571:2587,1,autoencoder@0.975,3.9825172,0.28637370467185974
rds_cpu_utilization_e47b3b:2579:2595,1,autoencoder@0.975,11.940486,0.28637370467185974
rds_cpu_utilization_e47b3b:2587:2603,1,autoencoder@0.975,1.5216359,0.28637370467185974
rds_cpu_utilization_e47b3b:2595:2611,1,autoencoder@0.975,1.0044279,0.28637370467185974
rds_cpu_utilization_e47b3b:2603:2619,1,autoencoder@0.975,1.3818203,0.28637370467185974
rds_cpu_utilization_e47b3b:2611:2627,1,autoencoder@0.975,1.3251629,0.28637370467185974
rds_cpu_utilization_e47b3b:2619:2635,1,autoencoder@0.975,1.5071743,0.28637370467185974
rds_cpu_utilization_e47b3b:2627:2643,1,autoencoder@0.975,0.976279,0.28637370467185974
rds_cpu_utilization_e47b3b:2635:2651,1,autoencoder@0.975,1.3918312,0.28637370467185974
rds_cpu_utilization_e47b3b:2643:2659,1,autoencoder@0.975,1.2901051,0.28637370467185974
rds_cpu_utilization_e47b3b:2651:2667,1,autoencoder@0.975,1.024871,0.28637370467185974
rds_cpu_utilization_e47b3b:2659:2675,1,autoencoder@0.975,1.4395733,0.28637370467185974
rds_cpu_utilization_e47b3b:2667:2683,1,autoencoder@0.975,1.3552359,0.28637370467185974
rds_cpu_utilization_e47b3b:2675:2691,1,autoencoder@0.975,1.0895776,0.28637370467185974
rds_cpu_utilization_e47b3b:2683:2699,1,autoencoder@0.975,1.7479836,0.28637370467185974
rds_cpu_utilization_e47b3b:2691:2707,0,autoencoder@0.975,1.1726708,0.28637370467185974
rds_cpu_utilization_e47b3b:2699:2715,0,autoencoder@0.975,1.7333126,0.28637370467185974
rds_cpu_utilization_e47b3b:2707:2723,0,autoencoder@0.975,1.1254387,0.28637370467185974
rds_cpu_utilization_e47b3b:2715:2731,0,autoencoder@0.975,1.0076569,0.28637370467185974
rds_cpu_utilization_e47b3b:2723:2739,0,autoencoder@0.975,1.3314322,0.28637370467185974
rds_cpu_utilization_e47b3b:2731:2747,0,autoencoder@0.975,1.3612213,0.28637370467185974
rds_cpu_utilization_e47b3b:2739:2755,0,autoencoder@0.975,1.5095742,0.28637370467185974
rds_cpu_utilization_e47b3b:2747:2763,0,autoencoder@0.975,1.3215516,0.28637370467185974
rds_cpu_utilization_e47b3b:2755:2771,0,autoencoder@0.975,1.3806032,0.28637370467185974
rds_cpu_utilization_e47b3b:2763:2779,0,autoencoder@0.975,0.78010625,0.28637370467185974
rds_cpu_utilization_e47b3b:2771:2787,0,autoencoder@0.975,1.5988771,0.28637370467185974
rds_cpu_utilization_e47b3b:2779:2795,0,autoencoder@0.975,1.2179122,0.28637370467185974
rds_cpu_utilization_e47b3b:2787:2803,0,autoencoder@0.975,1.5092295,0.28637370467185974
rds_cpu_utilization_e47b3b:2795:2811,0,autoencoder@0.975,0.93809915,0.28637370467185974
rds_cpu_utilization_e47b3b:2803:2819,0,autoencoder@0.975,1.6096495,0.28637370467185974
rds_cpu_utilization_e47b3b:2811:2827,0,autoencoder@0.975,1.3421724,0.28637370467185974
rds_cpu_utilization_e47b3b:2819:2835,0,autoencoder@0.975,1.5599916,0.28637370467185974
rds_cpu_utilization_e47b3b:2827:2843,0,autoencoder@0.975,0.92084265,0.28637370467185974
rds_cpu_utilization_e47b3b:2835:2851,0,autoencoder@0.975,1.3639884,0.28637370467185974
rds_cpu_utilization_e47b3b:2843:2859,0,autoencoder@0.975,1.8212478,0.28637370467185974
rds_cpu_utilization_e47b3b:2851:2867,0,autoencoder@0.975,1.3780632,0.28637370467185974
rds_cpu_utilization_e47b3b:2859:2875,0,autoencoder@0.975,0.74307597,0.28637370467185974
rds_cpu_utilization_e47b3b:2867:2883,0,autoencoder@0.975,1.4295747,0.28637370467185974
rds_cpu_utilization_e47b3b:2875:2891,0,autoencoder@0.975,1.2476957,0.28637370467185974
rds_cpu_utilization_e47b3b:2883:2899,0,autoencoder@0.975,1.2413344,0.28637370467185974
rds_cpu_utilization_e47b3b:2891:2907,0,autoencoder@0.975,1.2014735,0.28637370467185974
rds_cpu_utilization_e47b3b:2899:2915,0,autoencoder@0.975,1.1211232,0.28637370467185974
rds_cpu_utilization_e47b3b:2907:2923,0,autoencoder@0.975,1.4816612,0.28637370467185974
rds_cpu_utilization_e47b3b:2915:2931,0,autoencoder@0.975,1.5556197,0.28637370467185974
rds_cpu_utilization_e47b3b:2923:2939,0,autoencoder@0.975,1.6958816,0.28637370467185974
rds_cpu_utilization_e47b3b:2931:2947,0,autoencoder@0.975,1.2651906,0.28637370467185974
rds_cpu_utilization_e47b3b:2939:2955,0,autoencoder@0.975,1.0059245,0.28637370467185974
rds_cpu_utilization_e47b3b:2947:2963,0,autoencoder@0.975,1.3668358,0.28637370467185974
rds_cpu_utilization_e47b3b:2955:2971,0,autoencoder@0.975,1.4696802,0.28637370467185974
rds_cpu_utilization_e47b3b:2963:2979,0,autoencoder@0.975,1.1837262,0.28637370467185974
rds_cpu_utilization_e47b3b:2971:2987,0,autoencoder@0.975,2.0166152,0.28637370467185974
rds_cpu_utilization_e47b3b:2979:2995,0,autoencoder@0.975,1.2276477,0.28637370467185974
rds_cpu_utilization_e47b3b:2987:3003,0,autoencoder@0.975,1.019139,0.28637370467185974
rds_cpu_utilization_e47b3b:2995:3011,0,autoencoder@0.975,1.2279462,0.28637370467185974
rds_cpu_utilization_e47b3b:3003:3019,0,autoencoder@0.975,1.1313303,0.28637370467185974
rds_cpu_utilization_e47b3b:3011:3027,0,autoencoder@0.975,0.9938451,0.28637370467185974
rds_cpu_utilization_e47b3b:3019:3035,0,autoencoder@0.975,1.3553102,0.28637370467185974
rds_cpu_utilization_e47b3b:3027:3043,0,autoencoder@0.975,1.0525947,0.28637370467185974
rds_cpu_utilization_e47b3b:3035:3051,0,autoencoder@0.975,1.2808492,0.28637370467185974
rds_cpu_utilization_e47b3b:3043:3059,0,autoencoder@0.975,0.82553214,0.28637370467185974
rds_cpu_utilization_e47b3b:3051:3067,0,autoencoder@0.975,1.59708,0.28637370467185974
rds_cpu_utilization_e47b3b:3059:3075,0,autoencoder@0.975,1.0271497,0.28637370467185974
rds_cpu_utilization_e47b3b:3067:3083,0,autoencoder@0.975,1.2920481,0.28637370467185974
rds_cpu_utilization_e47b3b:3075:3091,0,autoencoder@0.975,1.3640989,0.28637370467185974
rds_cpu_utilization_e47b3b:3083:3099,0,autoencoder@0.975,1.3691018,0.28637370467185974
rds_cpu_utilization_e47b3b:3091:3107,0,autoencoder@0.975,1.0888106,0.28637370467185974
rds_cpu_utilization_e47b3b:3099:3115,0,autoencoder@0.975,1.2609854,0.28637370467185974
rds_cpu_utilization_e47b3b:3107:3123,0,autoencoder@0.975,1.3345432,0.28637370467185974
rds_cpu_utilization_e47b3b:3115:3131,0,autoencoder@0.975,1.0327272,0.28637370467185974
rds_cpu_utilization_e47b3b:3123:3139,0,autoencoder@0.975,1.5417329,0.28637370467185974
rds_cpu_utilization_e47b3b:3131:3147,0,autoencoder@0.975,1.2059758,0.28637370467185974
rds_cpu_utilization_e47b3b:3139:3155,0,autoencoder@0.975,1.0451396,0.28637370467185974
rds_cpu_utilization_e47b3b:3147:3163,0,autoencoder@0.975,1.6283344,0.28637370467185974
rds_cpu_utilization_e47b3b:3155:3171,0,autoencoder@0.975,0.9337555,0.28637370467185974
rds_cpu_utilization_e47b3b:3163:3179,0,autoencoder@0.975,1.4764558,0.28637370467185974
rds_cpu_utilization_e47b3b:3171:3187,0,autoencoder@0.975,1.5112598,0.28637370467185974
rds_cpu_utilization_e47b3b:3179:3195,0,autoencoder@0.975,1.3158365,0.28637370467185974
rds_cpu_utilization_e47b3b:3187:3203,0,autoencoder@0.975,1.1335176,0.28637370467185974
rds_cpu_utilization_e47b3b:3195:3211,0,autoencoder@0.975,1.6986984,0.28637370467185974
rds_cpu_utilization_e47b3b:3203:3219,0,autoencoder@0.975,1.0146347,0.28637370467185974
rds_cpu_utilization_e47b3b:2419:2435,0,autoencoder@0.99,0.10506825,0.3658919036388397
rds_cpu_utilization_e47b3b:2427:2443,0,autoencoder@0.99,0.17004162,0.3658919036388397
rds_cpu_utilization_e47b3b:2435:2451,0,autoencoder@0.99,0.23629342,0.3658919036388397
rds_cpu_utilization_e47b3b:2443:2459,0,autoencoder@0.99,0.21334463,0.3658919036388397
rds_cpu_utilization_e47b3b:2451:2467,0,autoencoder@0.99,0.2508847,0.3658919036388397
rds_cpu_utilization_e47b3b:2459:2475,0,autoencoder@0.99,0.18152207,0.3658919036388397
rds_cpu_utilization_e47b3b:2467:2483,0,autoencoder@0.99,0.11771719,0.3658919036388397
rds_cpu_utilization_e47b3b:2475:2491,1,autoencoder@0.99,0.17751278,0.3658919036388397
rds_cpu_utilization_e47b3b:2483:2499,1,autoencoder@0.99,0.13327312,0.3658919036388397
rds_cpu_utilization_e47b3b:2491:2507,1,autoencoder@0.99,0.08166743,0.3658919036388397
rds_cpu_utilization_e47b3b:2499:2515,1,autoencoder@0.99,0.13998853,0.3658919036388397
rds_cpu_utilization_e47b3b:2507:2523,1,autoencoder@0.99,0.17638338,0.3658919036388397
rds_cpu_utilization_e47b3b:2515:2531,1,autoencoder@0.99,0.15416832,0.3658919036388397
rds_cpu_utilization_e47b3b:2523:2539,1,autoencoder@0.99,0.17001079,0.3658919036388397
rds_cpu_utilization_e47b3b:2531:2547,1,autoencoder@0.99,0.23854147,0.3658919036388397
rds_cpu_utilization_e47b3b:2539:2555,1,autoencoder@0.99,0.24620062,0.3658919036388397
rds_cpu_utilization_e47b3b:2547:2563,1,autoencoder@0.99,0.14365849,0.3658919036388397
rds_cpu_utilization_e47b3b:2555:2571,1,autoencoder@0.99,0.17278364,0.3658919036388397
rds_cpu_utilization_e47b3b:2563:2579,1,autoencoder@0.99,0.18989868,0.3658919036388397
rds_cpu_utilization_e47b3b:2571:2587,1,autoencoder@0.99,3.9825172,0.3658919036388397
rds_cpu_utilization_e47b3b:2579:2595,1,autoencoder@0.99,11.940486,0.3658919036388397
rds_cpu_utilization_e47b3b:2587:2603,1,autoencoder@0.99,1.5216359,0.3658919036388397
rds_cpu_utilization_e47b3b:2595:2611,1,autoencoder@0.99,1.0044279,0.3658919036388397
rds_cpu_utilization_e47b3b:2603:2619,1,autoencoder@0.99,1.3818203,0.3658919036388397
rds_cpu_utilization_e47b3b:2611:2627,1,autoencoder@0.99,1.3251629,0.3658919036388397
rds_cpu_utilization_e47b3b:2619:2635,1,autoencoder@0.99,1.5071743,0.3658919036388397
rds_cpu_utilization_e47b3b:2627:2643,1,autoencoder@0.99,0.976279,0.3658919036388397
rds_cpu_utilization_e47b3b:2635:2651,1,autoencoder@0.99,1.3918312,0.3658919036388397
rds_cpu_utilization_e47b3b:2643:2659,1,autoencoder@0.99,1.2901051,0.3658919036388397
rds_cpu_utilization_e47b3b:2651:2667,1,autoencoder@0.99,1.024871,0.3658919036388397
rds_cpu_utilization_e47b3b:2659:2675,1,autoencoder@0.99,1.4395733,0.3658919036388397
rds_cpu_utilization_e47b3b:2667:2683,1,autoencoder@0.99,1.3552359,0.3658919036388397
rds_cpu_utilization_e47b3b:2675:2691,1,autoencoder@0.99,1.0895776,0.3658919036388397
rds_cpu_utilization_e47b3b:2683:2699,1,autoencoder@0.99,1.7479836,0.3658919036388397
rds_cpu_utilization_e47b3b:2691:2707,0,autoencoder@0.99,1.1726708,0.3658919036388397
rds_cpu_utilization_e47b3b:2699:2715,0,autoencoder@0.99,1.7333126,0.3658919036388397
rds_cpu_utilization_e47b3b:2707:2723,0,autoencoder@0.99,1.1254387,0.3658919036388397
rds_cpu_utilization_e47b3b:2715:2731,0,autoencoder@0.99,1.0076569,0.3658919036388397
rds_cpu_utilization_e47b3b:2723:2739,0,autoencoder@0.99,1.3314322,0.3658919036388397
rds_cpu_utilization_e47b3b:2731:2747,0,autoencoder@0.99,1.3612213,0.3658919036388397
rds_cpu_utilization_e47b3b:2739:2755,0,autoencoder@0.99,1.5095742,0.3658919036388397
rds_cpu_utilization_e47b3b:2747:2763,0,autoencoder@0.99,1.3215516,0.3658919036388397
rds_cpu_utilization_e47b3b:2755:2771,0,autoencoder@0.99,1.3806032,0.3658919036388397
rds_cpu_utilization_e47b3b:2763:2779,0,autoencoder@0.99,0.78010625,0.3658919036388397
rds_cpu_utilization_e47b3b:2771:2787,0,autoencoder@0.99,1.5988771,0.3658919036388397
rds_cpu_utilization_e47b3b:2779:2795,0,autoencoder@0.99,1.2179122,0.3658919036388397
rds_cpu_utilization_e47b3b:2787:2803,0,autoencoder@0.99,1.5092295,0.3658919036388397
rds_cpu_utilization_e47b3b:2795:2811,0,autoencoder@0.99,0.93809915,0.3658919036388397
rds_cpu_utilization_e47b3b:2803:2819,0,autoencoder@0.99,1.6096495,0.3658919036388397
rds_cpu_utilization_e47b3b:2811:2827,0,autoencoder@0.99,1.3421724,0.3658919036388397
rds_cpu_utilization_e47b3b:2819:2835,0,autoencoder@0.99,1.5599916,0.3658919036388397
rds_cpu_utilization_e47b3b:2827:2843,0,autoencoder@0.99,0.92084265,0.3658919036388397
rds_cpu_utilization_e47b3b:2835:2851,0,autoencoder@0.99,1.3639884,0.3658919036388397
rds_cpu_utilization_e47b3b:2843:2859,0,autoencoder@0.99,1.8212478,0.3658919036388397
rds_cpu_utilization_e47b3b:2851:2867,0,autoencoder@0.99,1.3780632,0.3658919036388397
rds_cpu_utilization_e47b3b:2859:2875,0,autoencoder@0.99,0.74307597,0.3658919036388397
rds_cpu_utilization_e47b3b:2867:2883,0,autoencoder@0.99,1.4295747,0.3658919036388397
rds_cpu_utilization_e47b3b:2875:2891,0,autoencoder@0.99,1.2476957,0.3658919036388397
rds_cpu_utilization_e47b3b:2883:2899,0,autoencoder@0.99,1.2413344,0.3658919036388397
rds_cpu_utilization_e47b3b:2891:2907,0,autoencoder@0.99,1.2014735,0.3658919036388397
rds_cpu_utilization_e47b3b:2899:2915,0,autoencoder@0.99,1.1211232,0.3658919036388397
rds_cpu_utilization_e47b3b:2907:2923,0,autoencoder@0.99,1.4816612,0.3658919036388397
rds_cpu_utilization_e47b3b:2915:2931,0,autoencoder@0.99,1.5556197,0.3658919036388397
rds_cpu_utilization_e47b3b:2923:2939,0,autoencoder@0.99,1.6958816,0.3658919036388397
rds_cpu_utilization_e47b3b:2931:2947,0,autoencoder@0.99,1.2651906,0.3658919036388397
rds_cpu_utilization_e47b3b:2939:2955,0,autoencoder@0.99,1.0059245,0.3658919036388397
rds_cpu_utilization_e47b3b:2947:2963,0,autoencoder@0.99,1.3668358,0.3658919036388397
rds_cpu_utilization_e47b3b:2955:2971,0,autoencoder@0.99,1.4696802,0.3658919036388397
rds_cpu_utilization_e47b3b:2963:2979,0,autoencoder@0.99,1.1837262,0.3658919036388397
rds_cpu_utilization_e47b3b:2971:2987,0,autoencoder@0.99,2.0166152,0.3658919036388397
rds_cpu_utilization_e47b3b:2979:2995,0,autoencoder@0.99,1.2276477,0.3658919036388397
rds_cpu_utilization_e47b3b:2987:3003,0,autoencoder@0.99,1.019139,0.3658919036388397
rds_cpu_utilization_e47b3b:2995:3011,0,autoencoder@0.99,1.2279462,0.3658919036388397
rds_cpu_utilization_e47b3b:3003:3019,0,autoencoder@0.99,1.1313303,0.3658919036388397
rds_cpu_utilization_e47b3b:3011:3027,0,autoencoder@0.99,0.9938451,0.3658919036388397
rds_cpu_utilization_e47b3b:3019:3035,0,autoencoder@0.99,1.3553102,0.3658919036388397
rds_cpu_utilization_e47b3b:3027:3043,0,autoencoder@0.99,1.0525947,0.3658919036388397
rds_cpu_utilization_e47b3b:3035:3051,0,autoencoder@0.99,1.2808492,0.3658919036388397
rds_cpu_utilization_e47b3b:3043:3059,0,autoencoder@0.99,0.82553214,0.3658919036388397
rds_cpu_utilization_e47b3b:3051:3067,0,autoencoder@0.99,1.59708,0.3658919036388397
rds_cpu_utilization_e47b3b:3059:3075,0,autoencoder@0.99,1.0271497,0.3658919036388397
rds_cpu_utilization_e47b3b:3067:3083,0,autoencoder@0.99,1.2920481,0.3658919036388397
rds_cpu_utilization_e47b3b:3075:3091,0,autoencoder@0.99,1.3640989,0.3658919036388397
rds_cpu_utilization_e47b3b:3083:3099,0,autoencoder@0.99,1.3691018,0.3658919036388397
rds_cpu_utilization_e47b3b:3091:3107,0,autoencoder@0.99,1.0888106,0.3658919036388397
rds_cpu_utilization_e47b3b:3099:3115,0,autoencoder@0.99,1.2609854,0.3658919036388397
rds_cpu_utilization_e47b3b:3107:3123,0,autoencoder@0.99,1.3345432,0.3658919036388397
rds_cpu_utilization_e47b3b:3115:3131,0,autoencoder@0.99,1.0327272,0.3658919036388397
rds_cpu_utilization_e47b3b:3123:3139,0,autoencoder@0.99,1.5417329,0.3658919036388397
rds_cpu_utilization_e47b3b:3131:3147,0,autoencoder@0.99,1.2059758,0.3658919036388397
rds_cpu_utilization_e47b3b:3139:3155,0,autoencoder@0.99,1.0451396,0.3658919036388397
rds_cpu_utilization_e47b3b:3147:3163,0,autoencoder@0.99,1.6283344,0.3658919036388397
rds_cpu_utilization_e47b3b:3155:3171,0,autoencoder@0.99,0.9337555,0.3658919036388397
rds_cpu_utilization_e47b3b:3163:3179,0,autoencoder@0.99,1.4764558,0.3658919036388397
rds_cpu_utilization_e47b3b:3171:3187,0,autoencoder@0.99,1.5112598,0.3658919036388397
rds_cpu_utilization_e47b3b:3179:3195,0,autoencoder@0.99,1.3158365,0.3658919036388397
rds_cpu_utilization_e47b3b:3187:3203,0,autoencoder@0.99,1.1335176,0.3658919036388397
rds_cpu_utilization_e47b3b:3195:3211,0,autoencoder@0.99,1.6986984,0.3658919036388397
rds_cpu_utilization_e47b3b:3203:3219,0,autoencoder@0.99,1.0146347,0.3658919036388397
rds_cpu_utilization_e47b3b:2419:2435,0,max_abs_z@0.95,2.1277096,2.9236843585968018
rds_cpu_utilization_e47b3b:2427:2443,0,max_abs_z@0.95,2.442618,2.9236843585968018
rds_cpu_utilization_e47b3b:2435:2451,0,max_abs_z@0.95,2.4385376,2.9236843585968018
rds_cpu_utilization_e47b3b:2443:2459,0,max_abs_z@0.95,2.442618,2.9236843585968018
rds_cpu_utilization_e47b3b:2451:2467,0,max_abs_z@0.95,2.4385376,2.9236843585968018
rds_cpu_utilization_e47b3b:2459:2475,0,max_abs_z@0.95,2.1242054,2.9236843585968018
rds_cpu_utilization_e47b3b:2467:2483,0,max_abs_z@0.95,2.155965,2.9236843585968018
rds_cpu_utilization_e47b3b:2475:2491,1,max_abs_z@0.95,2.1512864,2.9236843585968018
rds_cpu_utilization_e47b3b:2483:2499,1,max_abs_z@0.95,2.126027,2.9236843585968018
rds_cpu_utilization_e47b3b:2491:2507,1,max_abs_z@0.95,1.8839089,2.9236843585968018
rds_cpu_utilization_e47b3b:2499:2515,1,max_abs_z@0.95,2.159358,2.9236843585968018
rds_cpu_utilization_e47b3b:2507:2523,1,max_abs_z@0.95,2.3746133,2.9236843585968018
rds_cpu_utilization_e47b3b:2515:2531,1,max_abs_z@0.95,2.3808157,2.9236843585968018
rds_cpu_utilization_e47b3b:2523:2539,1,max_abs_z@0.95,2.2362719,2.9236843585968018
rds_cpu_utilization_e47b3b:2531:2547,1,max_abs_z@0.95,3.024371,2.9236843585968018
rds_cpu_utilization_e47b3b:2539:2555,1,max_abs_z@0.95,3.0299907,2.9236843585968018
rds_cpu_utilization_e47b3b:2547:2563,1,max_abs_z@0.95,2.3763072,2.9236843585968018
rds_cpu_utilization_e47b3b:2555:2571,1,max_abs_z@0.95,2.382514,2.9236843585968018
rds_cpu_utilization_e47b3b:2563:2579,1,max_abs_z@0.95,2.442618,2.9236843585968018
rds_cpu_utilization_e47b3b:2571:2587,1,max_abs_z@0.95,8.031708,2.9236843585968018
rds_cpu_utilization_e47b3b:2579:2595,1,max_abs_z@0.95,10.059432,2.9236843585968018
rds_cpu_utilization_e47b3b:2587:2603,1,max_abs_z@0.95,10.081587,2.9236843585968018
rds_cpu_utilization_e47b3b:2595:2611,1,max_abs_z@0.95,9.868017,2.9236843585968018
rds_cpu_utilization_e47b3b:2603:2619,1,max_abs_z@0.95,9.829543,2.9236843585968018
rds_cpu_utilization_e47b3b:2611:2627,1,max_abs_z@0.95,9.963908,2.9236843585968018
rds_cpu_utilization_e47b3b:2619:2635,1,max_abs_z@0.95,10.021357,2.9236843585968018
rds_cpu_utilization_e47b3b:2627:2643,1,max_abs_z@0.95,9.651335,2.9236843585968018
rds_cpu_utilization_e47b3b:2635:2651,1,max_abs_z@0.95,9.67253,2.9236843585968018
rds_cpu_utilization_e47b3b:2643:2659,1,max_abs_z@0.95,9.3988495,2.9236843585968018
rds_cpu_utilization_e47b3b:2651:2667,1,max_abs_z@0.95,9.962026,2.9236843585968018
rds_cpu_utilization_e47b3b:2659:2675,1,max_abs_z@0.95,10.07707,2.9236843585968018
rds_cpu_utilization_e47b3b:2667:2683,1,max_abs_z@0.95,10.088929,2.9236843585968018
rds_cpu_utilization_e47b3b:2675:2691,1,max_abs_z@0.95,9.444877,2.9236843585968018
rds_cpu_utilization_e47b3b:2683:2699,1,max_abs_z@0.95,10.243909,2.9236843585968018
rds_cpu_utilization_e47b3b:2691:2707,0,max_abs_z@0.95,10.302895,2.9236843585968018
rds_cpu_utilization_e47b3b:2699:2715,0,max_abs_z@0.95,10.075376,2.9236843585968018
rds_cpu_utilization_e47b3b:2707:2723,0,max_abs_z@0.95,10.087231,2.9236843585968018
rds_cpu_utilization_e47b3b:2715:2731,0,max_abs_z@0.95,9.750421,2.9236843585968018
rds_cpu_utilization_e47b3b:2723:2739,0,max_abs_z@0.95,9.77185,2.9236843585968018
rds_cpu_utilization_e47b3b:2731:2747,0,max_abs_z@0.95,10.358635,2.9236843585968018
rds_cpu_utilization_e47b3b:2739:2755,0,max_abs_z@0.95,10.371082,2.9236843585968018
rds_cpu_utilization_e47b3b:2747:2763,0,max_abs_z@0.95,9.734732,2.9236843585968018
rds_cpu_utilization_e47b3b:2755:2771,0,max_abs_z@0.95,9.729274,2.9236843585968018
rds_cpu_utilization_e47b3b:2763:2779,0,max_abs_z@0.95,10.239129,2.9236843585968018
rds_cpu_utilization_e47b3b:2771:2787,0,max_abs_z@0.95,10.261706,2.9236843585968018
rds_cpu_utilization_e47b3b:2779:2795,0,max_abs_z@0.95,9.960536,2.9236843585968018
rds_cpu_utilization_e47b3b:2787:2803,0,max_abs_z@0.95,10.017965,2.9236843585968018
rds_cpu_utilization_e47b3b:2795:2811,0,max_abs_z@0.95,10.020245,2.9236843585968018
rds_cpu_utilization_e47b3b:2803:2819,0,max_abs_z@0.95,10.428179,2.9236843585968018
rds_cpu_utilization_e47b3b:2811:2827,0,max_abs_z@0.95,10.440771,2.9236843585968018
rds_cpu_utilization_e47b3b:2819:2835,0,max_abs_z@0.95,10.005841,2.9236843585968018
rds_cpu_utilization_e47b3b:2827:2843,0,max_abs_z@0.95,9.461221,2.9236843585968018
rds_cpu_utilization_e47b3b:2835:2851,0,max_abs_z@0.95,11.391602,2.9236843585968018
rds_cpu_utilization_e47b3b:2843:2859,0,max_abs_z@0.95,11.406204,2.9236843585968018
rds_cpu_utilization_e47b3b:2851:2867,0,max_abs_z@0.95,10.168005,2.9236843585968018
rds_cpu_utilization_e47b3b:2859:2875,0,max_abs_z@0.95,10.226573,2.9236843585968018
rds_cpu_utilization_e47b3b:2867:2883,0,max_abs_z@0.95,10.088929,2.9236843585968018
rds_cpu_utilization_e47b3b:2875:2891,0,max_abs_z@0.95,10.075376,2.9236843585968018
rds_cpu_utilization_e47b3b:2883:2899,0,max_abs_z@0.95,10.087231,2.9236843585968018
rds_cpu_utilization_e47b3b:2891:2907,0,max_abs_z@0.95,9.790175,2.9236843585968018
rds_cpu_utilization_e47b3b:2899:2915,0,max_abs_z@0.95,9.828515,2.9236843585968018
rds_cpu_utilization_e47b3b:2907:2923,0,max_abs_z@0.95,10.875968,2.9236843585968018
rds_cpu_utilization_e47b3b:2915:2931,0,max_abs_z@0.95,10.889493,2.9236843585968018
rds_cpu_utilization_e47b3b:2923:2939,0,max_abs_z@0.95,10.416974,2.9236843585968018
rds_cpu_utilization_e47b3b:2931:2947,0,max_abs_z@0.95,9.702831,2.9236843585968018
rds_cpu_utilization_e47b3b:2939:2955,0,max_abs_z@0.95,9.7143955,2.9236843585968018
rds_cpu_utilization_e47b3b:2947:2963,0,max_abs_z@0.95,9.997352,2.9236843585968018
rds_cpu_utilization_e47b3b:2955:2971,0,max_abs_z@0.95,10.009045,2.9236843585968018
rds_cpu_utilization_e47b3b:2963:2979,0,max_abs_z@0.95,11.920222,2.9236843585968018
rds_cpu_utilization_e47b3b:2971:2987,0,max_abs_z@0.95,11.946751,2.9236843585968018
rds_cpu_utilization_e47b3b:2979:2995,0,max_abs_z@0.95,9.718627,2.9236843585968018
rds_cpu_utilization_e47b3b:2987:3003,0,max_abs_z@0.95,9.743282,2.9236843585968018
rds_cpu_utilization_e47b3b:2995:3011,0,max_abs_z@0.95,9.446221,2.9236843585968018
rds_cpu_utilization_e47b3b:3003:3019,0,max_abs_z@0.95,9.720321,2.9236843585968018
rds_cpu_utilization_e47b3b:3011:3027,0,max_abs_z@0.95,9.744981,2.9236843585968018
rds_cpu_utilization_e47b3b:3019:3035,0,max_abs_z@0.95,9.699465,2.9236843585968018
rds_cpu_utilization_e47b3b:3027:3043,0,max_abs_z@0.95,9.461221,2.9236843585968018
rds_cpu_utilization_e47b3b:3035:3051,0,max_abs_z@0.95,9.711847,2.9236843585968018
rds_cpu_utilization_e47b3b:3043:3059,0,max_abs_z@0.95,9.7364855,2.9236843585968018
rds_cpu_utilization_e47b3b:3051:3067,0,max_abs_z@0.95,10.567772,2.9236843585968018
rds_cpu_utilization_e47b3b:3059:3075,0,max_abs_z@0.95,10.594562,2.9236843585968018
rds_cpu_utilization_e47b3b:3067:3083,0,max_abs_z@0.95,9.793811,2.9236843585968018
rds_cpu_utilization_e47b3b:3075:3091,0,max_abs_z@0.95,10.073679,2.9236843585968018
rds_cpu_utilization_e47b3b:3083:3099,0,max_abs_z@0.95,10.085531,2.9236843585968018
rds_cpu_utilization_e47b3b:3091:3107,0,max_abs_z@0.95,9.826038,2.9236843585968018
rds_cpu_utilization_e47b3b:3099:3115,0,max_abs_z@0.95,10.356938,2.9236843585968018
rds_cpu_utilization_e47b3b:3107:3123,0,max_abs_z@0.95,10.369382,2.9236843585968018
rds_cpu_utilization_e47b3b:3115:3131,0,max_abs_z@0.95,10.236038,2.9236843585968018
rds_cpu_utilization_e47b3b:3123:3139,0,max_abs_z@0.95,10.075376,2.9236843585968018
rds_cpu_utilization_e47b3b:3131:3147,0,max_abs_z@0.95,10.087231,2.9236843585968018
rds_cpu_utilization_e47b3b:3139:3155,0,max_abs_z@0.95,10.185626,2.9236843585968018
rds_cpu_utilization_e47b3b:3147:3163,0,max_abs_z@0.95,10.197712,2.9236843585968018
rds_cpu_utilization_e47b3b:3155:3171,0,max_abs_z@0.95,10.171165,2.9236843585968018
rds_cpu_utilization_e47b3b:3163:3179,0,max_abs_z@0.95,10.196958,2.9236843585968018
rds_cpu_utilization_e47b3b:3171:3187,0,max_abs_z@0.95,10.293797,2.9236843585968018
rds_cpu_utilization_e47b3b:3179:3195,0,max_abs_z@0.95,10.295382,2.9236843585968018
rds_cpu_utilization_e47b3b:3187:3203,0,max_abs_z@0.95,10.115329,2.9236843585968018
rds_cpu_utilization_e47b3b:3195:3211,0,max_abs_z@0.95,10.076018,2.9236843585968018
rds_cpu_utilization_e47b3b:3203:3219,0,max_abs_z@0.95,9.727947,2.9236843585968018
rds_cpu_utilization_e47b3b:2419:2435,0,max_abs_z@0.975,2.1277096,2.953566312789917
rds_cpu_utilization_e47b3b:2427:2443,0,max_abs_z@0.975,2.442618,2.953566312789917
rds_cpu_utilization_e47b3b:2435:2451,0,max_abs_z@0.975,2.4385376,2.953566312789917
rds_cpu_utilization_e47b3b:2443:2459,0,max_abs_z@0.975,2.442618,2.953566312789917
rds_cpu_utilization_e47b3b:2451:2467,0,max_abs_z@0.975,2.4385376,2.953566312789917
rds_cpu_utilization_e47b3b:2459:2475,0,max_abs_z@0.975,2.1242054,2.953566312789917
rds_cpu_utilization_e47b3b:2467:2483,0,max_abs_z@0.975,2.155965,2.953566312789917
rds_cpu_utilization_e47b3b:2475:2491,1,max_abs_z@0.975,2.1512864,2.953566312789917
rds_cpu_utilization_e47b3b:2483:2499,1,max_abs_z@0.975,2.126027,2.953566312789917
rds_cpu_utilization_e47b3b:2491:2507,1,max_abs_z@0.975,1.8839089,2.953566312789917
rds_cpu_utilization_e47b3b:2499:2515,1,max_abs_z@0.975,2.159358,2.953566312789917
rds_cpu_utilization_e47b3b:2507:2523,1,max_abs_z@0.975,2.3746133,2.953566312789917
rds_cpu_utilization_e47b3b:2515:2531,1,max_abs_z@0.975,2.3808157,2.953566312789917
rds_cpu_utilization_e47b3b:2523:2539,1,max_abs_z@0.975,2.2362719,2.953566312789917
rds_cpu_utilization_e47b3b:2531:2547,1,max_abs_z@0.975,3.024371,2.953566312789917
rds_cpu_utilization_e47b3b:2539:2555,1,max_abs_z@0.975,3.0299907,2.953566312789917
rds_cpu_utilization_e47b3b:2547:2563,1,max_abs_z@0.975,2.3763072,2.953566312789917
rds_cpu_utilization_e47b3b:2555:2571,1,max_abs_z@0.975,2.382514,2.953566312789917
rds_cpu_utilization_e47b3b:2563:2579,1,max_abs_z@0.975,2.442618,2.953566312789917
rds_cpu_utilization_e47b3b:2571:2587,1,max_abs_z@0.975,8.031708,2.953566312789917
rds_cpu_utilization_e47b3b:2579:2595,1,max_abs_z@0.975,10.059432,2.953566312789917
rds_cpu_utilization_e47b3b:2587:2603,1,max_abs_z@0.975,10.081587,2.953566312789917
rds_cpu_utilization_e47b3b:2595:2611,1,max_abs_z@0.975,9.868017,2.953566312789917
rds_cpu_utilization_e47b3b:2603:2619,1,max_abs_z@0.975,9.829543,2.953566312789917
rds_cpu_utilization_e47b3b:2611:2627,1,max_abs_z@0.975,9.963908,2.953566312789917
rds_cpu_utilization_e47b3b:2619:2635,1,max_abs_z@0.975,10.021357,2.953566312789917
rds_cpu_utilization_e47b3b:2627:2643,1,max_abs_z@0.975,9.651335,2.953566312789917
rds_cpu_utilization_e47b3b:2635:2651,1,max_abs_z@0.975,9.67253,2.953566312789917
rds_cpu_utilization_e47b3b:2643:2659,1,max_abs_z@0.975,9.3988495,2.953566312789917
rds_cpu_utilization_e47b3b:2651:2667,1,max_abs_z@0.975,9.962026,2.953566312789917
rds_cpu_utilization_e47b3b:2659:2675,1,max_abs_z@0.975,10.07707,2.953566312789917
rds_cpu_utilization_e47b3b:2667:2683,1,max_abs_z@0.975,10.088929,2.953566312789917
rds_cpu_utilization_e47b3b:2675:2691,1,max_abs_z@0.975,9.444877,2.953566312789917
rds_cpu_utilization_e47b3b:2683:2699,1,max_abs_z@0.975,10.243909,2.953566312789917
rds_cpu_utilization_e47b3b:2691:2707,0,max_abs_z@0.975,10.302895,2.953566312789917
rds_cpu_utilization_e47b3b:2699:2715,0,max_abs_z@0.975,10.075376,2.953566312789917
rds_cpu_utilization_e47b3b:2707:2723,0,max_abs_z@0.975,10.087231,2.953566312789917
rds_cpu_utilization_e47b3b:2715:2731,0,max_abs_z@0.975,9.750421,2.953566312789917
rds_cpu_utilization_e47b3b:2723:2739,0,max_abs_z@0.975,9.77185,2.953566312789917
rds_cpu_utilization_e47b3b:2731:2747,0,max_abs_z@0.975,10.358635,2.953566312789917
rds_cpu_utilization_e47b3b:2739:2755,0,max_abs_z@0.975,10.371082,2.953566312789917
rds_cpu_utilization_e47b3b:2747:2763,0,max_abs_z@0.975,9.734732,2.953566312789917
rds_cpu_utilization_e47b3b:2755:2771,0,max_abs_z@0.975,9.729274,2.953566312789917
rds_cpu_utilization_e47b3b:2763:2779,0,max_abs_z@0.975,10.239129,2.953566312789917
rds_cpu_utilization_e47b3b:2771:2787,0,max_abs_z@0.975,10.261706,2.953566312789917
rds_cpu_utilization_e47b3b:2779:2795,0,max_abs_z@0.975,9.960536,2.953566312789917
rds_cpu_utilization_e47b3b:2787:2803,0,max_abs_z@0.975,10.017965,2.953566312789917
rds_cpu_utilization_e47b3b:2795:2811,0,max_abs_z@0.975,10.020245,2.953566312789917
rds_cpu_utilization_e47b3b:2803:2819,0,max_abs_z@0.975,10.428179,2.953566312789917
rds_cpu_utilization_e47b3b:2811:2827,0,max_abs_z@0.975,10.440771,2.953566312789917
rds_cpu_utilization_e47b3b:2819:2835,0,max_abs_z@0.975,10.005841,2.953566312789917
rds_cpu_utilization_e47b3b:2827:2843,0,max_abs_z@0.975,9.461221,2.953566312789917
rds_cpu_utilization_e47b3b:2835:2851,0,max_abs_z@0.975,11.391602,2.953566312789917
rds_cpu_utilization_e47b3b:2843:2859,0,max_abs_z@0.975,11.406204,2.953566312789917
rds_cpu_utilization_e47b3b:2851:2867,0,max_abs_z@0.975,10.168005,2.953566312789917
rds_cpu_utilization_e47b3b:2859:2875,0,max_abs_z@0.975,10.226573,2.953566312789917
rds_cpu_utilization_e47b3b:2867:2883,0,max_abs_z@0.975,10.088929,2.953566312789917
rds_cpu_utilization_e47b3b:2875:2891,0,max_abs_z@0.975,10.075376,2.953566312789917
rds_cpu_utilization_e47b3b:2883:2899,0,max_abs_z@0.975,10.087231,2.953566312789917
rds_cpu_utilization_e47b3b:2891:2907,0,max_abs_z@0.975,9.790175,2.953566312789917
rds_cpu_utilization_e47b3b:2899:2915,0,max_abs_z@0.975,9.828515,2.953566312789917
rds_cpu_utilization_e47b3b:2907:2923,0,max_abs_z@0.975,10.875968,2.953566312789917
rds_cpu_utilization_e47b3b:2915:2931,0,max_abs_z@0.975,10.889493,2.953566312789917
rds_cpu_utilization_e47b3b:2923:2939,0,max_abs_z@0.975,10.416974,2.953566312789917
rds_cpu_utilization_e47b3b:2931:2947,0,max_abs_z@0.975,9.702831,2.953566312789917
rds_cpu_utilization_e47b3b:2939:2955,0,max_abs_z@0.975,9.7143955,2.953566312789917
rds_cpu_utilization_e47b3b:2947:2963,0,max_abs_z@0.975,9.997352,2.953566312789917
rds_cpu_utilization_e47b3b:2955:2971,0,max_abs_z@0.975,10.009045,2.953566312789917
rds_cpu_utilization_e47b3b:2963:2979,0,max_abs_z@0.975,11.920222,2.953566312789917
rds_cpu_utilization_e47b3b:2971:2987,0,max_abs_z@0.975,11.946751,2.953566312789917
rds_cpu_utilization_e47b3b:2979:2995,0,max_abs_z@0.975,9.718627,2.953566312789917
rds_cpu_utilization_e47b3b:2987:3003,0,max_abs_z@0.975,9.743282,2.953566312789917
rds_cpu_utilization_e47b3b:2995:3011,0,max_abs_z@0.975,9.446221,2.953566312789917
rds_cpu_utilization_e47b3b:3003:3019,0,max_abs_z@0.975,9.720321,2.953566312789917
rds_cpu_utilization_e47b3b:3011:3027,0,max_abs_z@0.975,9.744981,2.953566312789917
rds_cpu_utilization_e47b3b:3019:3035,0,max_abs_z@0.975,9.699465,2.953566312789917
rds_cpu_utilization_e47b3b:3027:3043,0,max_abs_z@0.975,9.461221,2.953566312789917
rds_cpu_utilization_e47b3b:3035:3051,0,max_abs_z@0.975,9.711847,2.953566312789917
rds_cpu_utilization_e47b3b:3043:3059,0,max_abs_z@0.975,9.7364855,2.953566312789917
rds_cpu_utilization_e47b3b:3051:3067,0,max_abs_z@0.975,10.567772,2.953566312789917
rds_cpu_utilization_e47b3b:3059:3075,0,max_abs_z@0.975,10.594562,2.953566312789917
rds_cpu_utilization_e47b3b:3067:3083,0,max_abs_z@0.975,9.793811,2.953566312789917
rds_cpu_utilization_e47b3b:3075:3091,0,max_abs_z@0.975,10.073679,2.953566312789917
rds_cpu_utilization_e47b3b:3083:3099,0,max_abs_z@0.975,10.085531,2.953566312789917
rds_cpu_utilization_e47b3b:3091:3107,0,max_abs_z@0.975,9.826038,2.953566312789917
rds_cpu_utilization_e47b3b:3099:3115,0,max_abs_z@0.975,10.356938,2.953566312789917
rds_cpu_utilization_e47b3b:3107:3123,0,max_abs_z@0.975,10.369382,2.953566312789917
rds_cpu_utilization_e47b3b:3115:3131,0,max_abs_z@0.975,10.236038,2.953566312789917
rds_cpu_utilization_e47b3b:3123:3139,0,max_abs_z@0.975,10.075376,2.953566312789917
rds_cpu_utilization_e47b3b:3131:3147,0,max_abs_z@0.975,10.087231,2.953566312789917
rds_cpu_utilization_e47b3b:3139:3155,0,max_abs_z@0.975,10.185626,2.953566312789917
rds_cpu_utilization_e47b3b:3147:3163,0,max_abs_z@0.975,10.197712,2.953566312789917
rds_cpu_utilization_e47b3b:3155:3171,0,max_abs_z@0.975,10.171165,2.953566312789917
rds_cpu_utilization_e47b3b:3163:3179,0,max_abs_z@0.975,10.196958,2.953566312789917
rds_cpu_utilization_e47b3b:3171:3187,0,max_abs_z@0.975,10.293797,2.953566312789917
rds_cpu_utilization_e47b3b:3179:3195,0,max_abs_z@0.975,10.295382,2.953566312789917
rds_cpu_utilization_e47b3b:3187:3203,0,max_abs_z@0.975,10.115329,2.953566312789917
rds_cpu_utilization_e47b3b:3195:3211,0,max_abs_z@0.975,10.076018,2.953566312789917
rds_cpu_utilization_e47b3b:3203:3219,0,max_abs_z@0.975,9.727947,2.953566312789917
rds_cpu_utilization_e47b3b:2419:2435,0,max_abs_z@0.99,2.1277096,3.5306293964385986
rds_cpu_utilization_e47b3b:2427:2443,0,max_abs_z@0.99,2.442618,3.5306293964385986
rds_cpu_utilization_e47b3b:2435:2451,0,max_abs_z@0.99,2.4385376,3.5306293964385986
rds_cpu_utilization_e47b3b:2443:2459,0,max_abs_z@0.99,2.442618,3.5306293964385986
rds_cpu_utilization_e47b3b:2451:2467,0,max_abs_z@0.99,2.4385376,3.5306293964385986
rds_cpu_utilization_e47b3b:2459:2475,0,max_abs_z@0.99,2.1242054,3.5306293964385986
rds_cpu_utilization_e47b3b:2467:2483,0,max_abs_z@0.99,2.155965,3.5306293964385986
rds_cpu_utilization_e47b3b:2475:2491,1,max_abs_z@0.99,2.1512864,3.5306293964385986
rds_cpu_utilization_e47b3b:2483:2499,1,max_abs_z@0.99,2.126027,3.5306293964385986
rds_cpu_utilization_e47b3b:2491:2507,1,max_abs_z@0.99,1.8839089,3.5306293964385986
rds_cpu_utilization_e47b3b:2499:2515,1,max_abs_z@0.99,2.159358,3.5306293964385986
rds_cpu_utilization_e47b3b:2507:2523,1,max_abs_z@0.99,2.3746133,3.5306293964385986
rds_cpu_utilization_e47b3b:2515:2531,1,max_abs_z@0.99,2.3808157,3.5306293964385986
rds_cpu_utilization_e47b3b:2523:2539,1,max_abs_z@0.99,2.2362719,3.5306293964385986
rds_cpu_utilization_e47b3b:2531:2547,1,max_abs_z@0.99,3.024371,3.5306293964385986
rds_cpu_utilization_e47b3b:2539:2555,1,max_abs_z@0.99,3.0299907,3.5306293964385986
rds_cpu_utilization_e47b3b:2547:2563,1,max_abs_z@0.99,2.3763072,3.5306293964385986
rds_cpu_utilization_e47b3b:2555:2571,1,max_abs_z@0.99,2.382514,3.5306293964385986
rds_cpu_utilization_e47b3b:2563:2579,1,max_abs_z@0.99,2.442618,3.5306293964385986
rds_cpu_utilization_e47b3b:2571:2587,1,max_abs_z@0.99,8.031708,3.5306293964385986
rds_cpu_utilization_e47b3b:2579:2595,1,max_abs_z@0.99,10.059432,3.5306293964385986
rds_cpu_utilization_e47b3b:2587:2603,1,max_abs_z@0.99,10.081587,3.5306293964385986
rds_cpu_utilization_e47b3b:2595:2611,1,max_abs_z@0.99,9.868017,3.5306293964385986
rds_cpu_utilization_e47b3b:2603:2619,1,max_abs_z@0.99,9.829543,3.5306293964385986
rds_cpu_utilization_e47b3b:2611:2627,1,max_abs_z@0.99,9.963908,3.5306293964385986
rds_cpu_utilization_e47b3b:2619:2635,1,max_abs_z@0.99,10.021357,3.5306293964385986
rds_cpu_utilization_e47b3b:2627:2643,1,max_abs_z@0.99,9.651335,3.5306293964385986
rds_cpu_utilization_e47b3b:2635:2651,1,max_abs_z@0.99,9.67253,3.5306293964385986
rds_cpu_utilization_e47b3b:2643:2659,1,max_abs_z@0.99,9.3988495,3.5306293964385986
rds_cpu_utilization_e47b3b:2651:2667,1,max_abs_z@0.99,9.962026,3.5306293964385986
rds_cpu_utilization_e47b3b:2659:2675,1,max_abs_z@0.99,10.07707,3.5306293964385986
rds_cpu_utilization_e47b3b:2667:2683,1,max_abs_z@0.99,10.088929,3.5306293964385986
rds_cpu_utilization_e47b3b:2675:2691,1,max_abs_z@0.99,9.444877,3.5306293964385986
rds_cpu_utilization_e47b3b:2683:2699,1,max_abs_z@0.99,10.243909,3.5306293964385986
rds_cpu_utilization_e47b3b:2691:2707,0,max_abs_z@0.99,10.302895,3.5306293964385986
rds_cpu_utilization_e47b3b:2699:2715,0,max_abs_z@0.99,10.075376,3.5306293964385986
rds_cpu_utilization_e47b3b:2707:2723,0,max_abs_z@0.99,10.087231,3.5306293964385986
rds_cpu_utilization_e47b3b:2715:2731,0,max_abs_z@0.99,9.750421,3.5306293964385986
rds_cpu_utilization_e47b3b:2723:2739,0,max_abs_z@0.99,9.77185,3.5306293964385986
rds_cpu_utilization_e47b3b:2731:2747,0,max_abs_z@0.99,10.358635,3.5306293964385986
rds_cpu_utilization_e47b3b:2739:2755,0,max_abs_z@0.99,10.371082,3.5306293964385986
rds_cpu_utilization_e47b3b:2747:2763,0,max_abs_z@0.99,9.734732,3.5306293964385986
rds_cpu_utilization_e47b3b:2755:2771,0,max_abs_z@0.99,9.729274,3.5306293964385986
rds_cpu_utilization_e47b3b:2763:2779,0,max_abs_z@0.99,10.239129,3.5306293964385986
rds_cpu_utilization_e47b3b:2771:2787,0,max_abs_z@0.99,10.261706,3.5306293964385986
rds_cpu_utilization_e47b3b:2779:2795,0,max_abs_z@0.99,9.960536,3.5306293964385986
rds_cpu_utilization_e47b3b:2787:2803,0,max_abs_z@0.99,10.017965,3.5306293964385986
rds_cpu_utilization_e47b3b:2795:2811,0,max_abs_z@0.99,10.020245,3.5306293964385986
rds_cpu_utilization_e47b3b:2803:2819,0,max_abs_z@0.99,10.428179,3.5306293964385986
rds_cpu_utilization_e47b3b:2811:2827,0,max_abs_z@0.99,10.440771,3.5306293964385986
rds_cpu_utilization_e47b3b:2819:2835,0,max_abs_z@0.99,10.005841,3.5306293964385986
rds_cpu_utilization_e47b3b:2827:2843,0,max_abs_z@0.99,9.461221,3.5306293964385986
rds_cpu_utilization_e47b3b:2835:2851,0,max_abs_z@0.99,11.391602,3.5306293964385986
rds_cpu_utilization_e47b3b:2843:2859,0,max_abs_z@0.99,11.406204,3.5306293964385986
rds_cpu_utilization_e47b3b:2851:2867,0,max_abs_z@0.99,10.168005,3.5306293964385986
rds_cpu_utilization_e47b3b:2859:2875,0,max_abs_z@0.99,10.226573,3.5306293964385986
rds_cpu_utilization_e47b3b:2867:2883,0,max_abs_z@0.99,10.088929,3.5306293964385986
rds_cpu_utilization_e47b3b:2875:2891,0,max_abs_z@0.99,10.075376,3.5306293964385986
rds_cpu_utilization_e47b3b:2883:2899,0,max_abs_z@0.99,10.087231,3.5306293964385986
rds_cpu_utilization_e47b3b:2891:2907,0,max_abs_z@0.99,9.790175,3.5306293964385986
rds_cpu_utilization_e47b3b:2899:2915,0,max_abs_z@0.99,9.828515,3.5306293964385986
rds_cpu_utilization_e47b3b:2907:2923,0,max_abs_z@0.99,10.875968,3.5306293964385986
rds_cpu_utilization_e47b3b:2915:2931,0,max_abs_z@0.99,10.889493,3.5306293964385986
rds_cpu_utilization_e47b3b:2923:2939,0,max_abs_z@0.99,10.416974,3.5306293964385986
rds_cpu_utilization_e47b3b:2931:2947,0,max_abs_z@0.99,9.702831,3.5306293964385986
rds_cpu_utilization_e47b3b:2939:2955,0,max_abs_z@0.99,9.7143955,3.5306293964385986
rds_cpu_utilization_e47b3b:2947:2963,0,max_abs_z@0.99,9.997352,3.5306293964385986
rds_cpu_utilization_e47b3b:2955:2971,0,max_abs_z@0.99,10.009045,3.5306293964385986
rds_cpu_utilization_e47b3b:2963:2979,0,max_abs_z@0.99,11.920222,3.5306293964385986
rds_cpu_utilization_e47b3b:2971:2987,0,max_abs_z@0.99,11.946751,3.5306293964385986
rds_cpu_utilization_e47b3b:2979:2995,0,max_abs_z@0.99,9.718627,3.5306293964385986
rds_cpu_utilization_e47b3b:2987:3003,0,max_abs_z@0.99,9.743282,3.5306293964385986
rds_cpu_utilization_e47b3b:2995:3011,0,max_abs_z@0.99,9.446221,3.5306293964385986
rds_cpu_utilization_e47b3b:3003:3019,0,max_abs_z@0.99,9.720321,3.5306293964385986
rds_cpu_utilization_e47b3b:3011:3027,0,max_abs_z@0.99,9.744981,3.5306293964385986
rds_cpu_utilization_e47b3b:3019:3035,0,max_abs_z@0.99,9.699465,3.5306293964385986
rds_cpu_utilization_e47b3b:3027:3043,0,max_abs_z@0.99,9.461221,3.5306293964385986
rds_cpu_utilization_e47b3b:3035:3051,0,max_abs_z@0.99,9.711847,3.5306293964385986
rds_cpu_utilization_e47b3b:3043:3059,0,max_abs_z@0.99,9.7364855,3.5306293964385986
rds_cpu_utilization_e47b3b:3051:3067,0,max_abs_z@0.99,10.567772,3.5306293964385986
rds_cpu_utilization_e47b3b:3059:3075,0,max_abs_z@0.99,10.594562,3.5306293964385986
rds_cpu_utilization_e47b3b:3067:3083,0,max_abs_z@0.99,9.793811,3.5306293964385986
rds_cpu_utilization_e47b3b:3075:3091,0,max_abs_z@0.99,10.073679,3.5306293964385986
rds_cpu_utilization_e47b3b:3083:3099,0,max_abs_z@0.99,10.085531,3.5306293964385986
rds_cpu_utilization_e47b3b:3091:3107,0,max_abs_z@0.99,9.826038,3.5306293964385986
rds_cpu_utilization_e47b3b:3099:3115,0,max_abs_z@0.99,10.356938,3.5306293964385986
rds_cpu_utilization_e47b3b:3107:3123,0,max_abs_z@0.99,10.369382,3.5306293964385986
rds_cpu_utilization_e47b3b:3115:3131,0,max_abs_z@0.99,10.236038,3.5306293964385986
rds_cpu_utilization_e47b3b:3123:3139,0,max_abs_z@0.99,10.075376,3.5306293964385986
rds_cpu_utilization_e47b3b:3131:3147,0,max_abs_z@0.99,10.087231,3.5306293964385986
rds_cpu_utilization_e47b3b:3139:3155,0,max_abs_z@0.99,10.185626,3.5306293964385986
rds_cpu_utilization_e47b3b:3147:3163,0,max_abs_z@0.99,10.197712,3.5306293964385986
rds_cpu_utilization_e47b3b:3155:3171,0,max_abs_z@0.99,10.171165,3.5306293964385986
rds_cpu_utilization_e47b3b:3163:3179,0,max_abs_z@0.99,10.196958,3.5306293964385986
rds_cpu_utilization_e47b3b:3171:3187,0,max_abs_z@0.99,10.293797,3.5306293964385986
rds_cpu_utilization_e47b3b:3179:3195,0,max_abs_z@0.99,10.295382,3.5306293964385986
rds_cpu_utilization_e47b3b:3187:3203,0,max_abs_z@0.99,10.115329,3.5306293964385986
rds_cpu_utilization_e47b3b:3195:3211,0,max_abs_z@0.99,10.076018,3.5306293964385986
rds_cpu_utilization_e47b3b:3203:3219,0,max_abs_z@0.99,9.727947,3.5306293964385986
rds_cpu_utilization_e47b3b:2419:2435,0,rolling_32@0.95,26.425315103072727,4.725484084383979
rds_cpu_utilization_e47b3b:2427:2443,0,rolling_32@0.95,26.408408943229503,4.725484084383979
rds_cpu_utilization_e47b3b:2435:2451,0,rolling_32@0.95,2.0033969271025454,4.725484084383979
rds_cpu_utilization_e47b3b:2443:2459,0,rolling_32@0.95,2.0113892882727273,4.725484084383979
rds_cpu_utilization_e47b3b:2451:2467,0,rolling_32@0.95,2.0113892882727273,4.725484084383979
rds_cpu_utilization_e47b3b:2459:2475,0,rolling_32@0.95,2.009380032796333,4.725484084383979
rds_cpu_utilization_e47b3b:2467:2483,0,rolling_32@0.95,1.3489815189531906,4.725484084383979
rds_cpu_utilization_e47b3b:2475:2491,1,rolling_32@0.95,1.37321684182442,4.725484084383979
rds_cpu_utilization_e47b3b:2483:2499,1,rolling_32@0.95,1.37321684182442,4.725484084383979
rds_cpu_utilization_e47b3b:2491:2507,1,rolling_32@0.95,1.344944866319839,4.725484084383979
rds_cpu_utilization_e47b3b:2499:2515,1,rolling_32@0.95,1.3489846003674144,4.725484084383979
rds_cpu_utilization_e47b3b:2507:2523,1,rolling_32@0.95,2.0234722784297854,4.725484084383979
rds_cpu_utilization_e47b3b:2515:2531,1,rolling_32@0.95,2.0234722784297854,4.725484084383979
rds_cpu_utilization_e47b3b:2523:2539,1,rolling_32@0.95,1.5388089608043312,4.725484084383979
rds_cpu_utilization_e47b3b:2531:2547,1,rolling_32@0.95,3.4802144688509435,4.725484084383979
rds_cpu_utilization_e47b3b:2539:2555,1,rolling_32@0.95,3.4802144688509435,4.725484084383979
rds_cpu_utilization_e47b3b:2547:2563,1,rolling_32@0.95,2.023472278429786,4.725484084383979
rds_cpu_utilization_e47b3b:2555:2571,1,rolling_32@0.95,2.023472278429786,4.725484084383979
rds_cpu_utilization_e47b3b:2563:2579,1,rolling_32@0.95,2.0315926412593144,4.725484084383979
rds_cpu_utilization_e47b3b:2571:2587,1,rolling_32@0.95,15.570140857651921,4.725484084383979
rds_cpu_utilization_e47b3b:2579:2595,1,rolling_32@0.95,18.342131430732582,4.725484084383979
rds_cpu_utilization_e47b3b:2587:2603,1,rolling_32@0.95,18.342131430732582,4.725484084383979
rds_cpu_utilization_e47b3b:2595:2611,1,rolling_32@0.95,9.46518318372186,4.725484084383979
rds_cpu_utilization_e47b3b:2603:2619,1,rolling_32@0.95,1.3766991585075017,4.725484084383979
rds_cpu_utilization_e47b3b:2611:2627,1,rolling_32@0.95,2.6838646799529764,4.725484084383979
rds_cpu_utilization_e47b3b:2619:2635,1,rolling_32@0.95,2.6838646799529764,4.725484084383979
rds_cpu_utilization_e47b3b:2627:2643,1,rolling_32@0.95,1.9115709684839532,4.725484084383979
rds_cpu_utilization_e47b3b:2635:2651,1,rolling_32@0.95,1.8471688715799492,4.725484084383979
rds_cpu_utilization_e47b3b:2643:2659,1,rolling_32@0.95,1.014774260582068,4.725484084383979
rds_cpu_utilization_e47b3b:2651:2667,1,rolling_32@0.95,1.9932295331777632,4.725484084383979
rds_cpu_utilization_e47b3b:2659:2675,1,rolling_32@0.95,2.038135465550209,4.725484084383979
rds_cpu_utilization_e47b3b:2667:2683,1,rolling_32@0.95,2.357125078458109,4.725484084383979
rds_cpu_utilization_e47b3b:2675:2691,1,rolling_32@0.95,2.357125078458109,4.725484084383979
rds_cpu_utilization_e47b3b:2683:2699,1,rolling_32@0.95,2.1577046724536495,4.725484084383979
rds_cpu_utilization_e47b3b:2691:2707,0,rolling_32@0.95,2.1577046724536495,4.725484084383979
rds_cpu_utilization_e47b3b:2699:2715,0,rolling_32@0.95,1.5724658809044836,4.725484084383979
rds_cpu_utilization_e47b3b:2707:2723,0,rolling_32@0.95,1.96644518794592,4.725484084383979
rds_cpu_utilization_e47b3b:2715:2731,0,rolling_32@0.95,1.96644518794592,4.725484084383979
rds_cpu_utilization_e47b3b:2723:2739,0,rolling_32@0.95,2.0153989731630824,4.725484084383979
rds_cpu_utilization_e47b3b:2731:2747,0,rolling_32@0.95,3.646591966350865,4.725484084383979
rds_cpu_utilization_e47b3b:2739:2755,0,rolling_32@0.95,3.646591966350865,4.725484084383979
rds_cpu_utilization_e47b3b:2747:2763,0,rolling_32@0.95,2.6939263852730293,4.725484084383979
rds_cpu_utilization_e47b3b:2755:2771,0,rolling_32@0.95,2.115637063241898,4.725484084383979
rds_cpu_utilization_e47b3b:2763:2779,0,rolling_32@0.95,1.709325350101236,4.725484084383979
rds_cpu_utilization_e47b3b:2771:2787,0,rolling_32@0.95,1.709325350101236,4.725484084383979
rds_cpu_utilization_e47b3b:2779:2795,0,rolling_32@0.95,2.693914078113825,4.725484084383979
rds_cpu_utilization_e47b3b:2787:2803,0,rolling_32@0.95,3.3643651219983046,4.725484084383979
rds_cpu_utilization_e47b3b:2795:2811,0,rolling_32@0.95,3.3643651219983046,4.725484084383979
rds_cpu_utilization_e47b3b:2803:2819,0,rolling_32@0.95,3.7128393297257314,4.725484084383979
rds_cpu_utilization_e47b3b:2811:2827,0,rolling_32@0.95,3.7128393297257314,4.725484084383979
rds_cpu_utilization_e47b3b:2819:2835,0,rolling_32@0.95,2.441200049933716,4.725484084383979
rds_cpu_utilization_e47b3b:2827:2843,0,rolling_32@0.95,2.1346673335807047,4.725484084383979
rds_cpu_utilization_e47b3b:2835:2851,0,rolling_32@0.95,4.666441434115564,4.725484084383979
rds_cpu_utilization_e47b3b:2843:2859,0,rolling_32@0.95,4.666441434115564,4.725484084383979
rds_cpu_utilization_e47b3b:2851:2867,0,rolling_32@0.95,2.8267843029656015,4.725484084383979
rds_cpu_utilization_e47b3b:2859:2875,0,rolling_32@0.95,2.8267843029656015,4.725484084383979
rds_cpu_utilization_e47b3b:2867:2883,0,rolling_32@0.95,2.6899076927895478,4.725484084383979
rds_cpu_utilization_e47b3b:2875:2891,0,rolling_32@0.95,2.702005615366947,4.725484084383979
rds_cpu_utilization_e47b3b:2883:2899,0,rolling_32@0.95,2.702005615366947,4.725484084383979
rds_cpu_utilization_e47b3b:2891:2907,0,rolling_32@0.95,2.2698467527043125,4.725484084383979
rds_cpu_utilization_e47b3b:2899:2915,0,rolling_32@0.95,2.2698467527043125,4.725484084383979
rds_cpu_utilization_e47b3b:2907:2923,0,rolling_32@0.95,3.0755011700757326,4.725484084383979
rds_cpu_utilization_e47b3b:2915:2931,0,rolling_32@0.95,3.0755011700757326,4.725484084383979
rds_cpu_utilization_e47b3b:2923:2939,0,rolling_32@0.95,2.5516463052117397,4.725484084383979
rds_cpu_utilization_e47b3b:2931:2947,0,rolling_32@0.95,1.9943804209871796,4.725484084383979
rds_cpu_utilization_e47b3b:2939:2955,0,rolling_32@0.95,1.9943804209871796,4.725484084383979
rds_cpu_utilization_e47b3b:2947:2963,0,rolling_32@0.95,1.6560484207309996,4.725484084383979
rds_cpu_utilization_e47b3b:2955:2971,0,rolling_32@0.95,1.9562184852248048,4.725484084383979
rds_cpu_utilization_e47b3b:2963:2979,0,rolling_32@0.95,5.6197329857815665,4.725484084383979
rds_cpu_utilization_e47b3b:2971:2987,0,rolling_32@0.95,5.6197329857815665,4.725484084383979
rds_cpu_utilization_e47b3b:2979:2995,0,rolling_32@0.95,2.0153989731630824,4.725484084383979
rds_cpu_utilization_e47b3b:2987:3003,0,rolling_32@0.95,2.080019310853172,4.725484084383979
rds_cpu_utilization_e47b3b:2995:3011,0,rolling_32@0.95,2.080019310853172,4.725484084383979
rds_cpu_utilization_e47b3b:3003:3019,0,rolling_32@0.95,2.0194356257964343,4.725484084383979
rds_cpu_utilization_e47b3b:3011:3027,0,rolling_32@0.95,2.0194356257964343,4.725484084383979
rds_cpu_utilization_e47b3b:3019:3035,0,rolling_32@0.95,2.011359239115507,4.725484084383979
rds_cpu_utilization_e47b3b:3027:3043,0,rolling_32@0.95,2.0214478944058794,4.725484084383979
rds_cpu_utilization_e47b3b:3035:3051,0,rolling_32@0.95,2.0214478944058794,4.725484084383979
rds_cpu_utilization_e47b3b:3043:3059,0,rolling_32@0.95,2.015341065716728,4.725484084383979
rds_cpu_utilization_e47b3b:3051:3067,0,rolling_32@0.95,4.053017708931289,4.725484084383979
rds_cpu_utilization_e47b3b:3059:3075,0,rolling_32@0.95,4.053017708931289,4.725484084383979
rds_cpu_utilization_e47b3b:3067:3083,0,rolling_32@0.95,2.027521046477598,4.725484084383979
rds_cpu_utilization_e47b3b:3075:3091,0,rolling_32@0.95,1.4933225003135329,4.725484084383979
rds_cpu_utilization_e47b3b:3083:3099,0,rolling_32@0.95,1.4933225003135329,4.725484084383979
rds_cpu_utilization_e47b3b:3091:3107,0,rolling_32@0.95,2.007412609981705,4.725484084383979
rds_cpu_utilization_e47b3b:3099:3115,0,rolling_32@0.95,2.007412609981705,4.725484084383979
rds_cpu_utilization_e47b3b:3107:3123,0,rolling_32@0.95,2.0153989731630824,4.725484084383979
rds_cpu_utilization_e47b3b:3115:3131,0,rolling_32@0.95,2.0153989731630824,4.725484084383979
rds_cpu_utilization_e47b3b:3123:3139,0,rolling_32@0.95,2.6858830924451347,4.725484084383979
rds_cpu_utilization_e47b3b:3131:3147,0,rolling_32@0.95,2.6858830924451347,4.725484084383979
rds_cpu_utilization_e47b3b:3139:3155,0,rolling_32@0.95,2.677899847740297,4.725484084383979
rds_cpu_utilization_e47b3b:3147:3163,0,rolling_32@0.95,1.7910296954621978,4.725484084383979
rds_cpu_utilization_e47b3b:3155:3171,0,rolling_32@0.95,2.1432147118864737,4.725484084383979
rds_cpu_utilization_e47b3b:3163:3179,0,rolling_32@0.95,2.66194129293216,4.725484084383979
rds_cpu_utilization_e47b3b:3171:3187,0,rolling_32@0.95,2.66194129293216,4.725484084383979
rds_cpu_utilization_e47b3b:3179:3195,0,rolling_32@0.95,2.6520695979412716,4.725484084383979
rds_cpu_utilization_e47b3b:3187:3203,0,rolling_32@0.95,2.2436370615528487,4.725484084383979
rds_cpu_utilization_e47b3b:3195:3211,0,rolling_32@0.95,2.2436370615528487,4.725484084383979
rds_cpu_utilization_e47b3b:3203:3219,0,rolling_32@0.95,1.5920760221174206,4.725484084383979
rds_cpu_utilization_e47b3b:2419:2435,0,rolling_32@0.975,26.425315103072727,4.825860312317479
rds_cpu_utilization_e47b3b:2427:2443,0,rolling_32@0.975,26.408408943229503,4.825860312317479
rds_cpu_utilization_e47b3b:2435:2451,0,rolling_32@0.975,2.0033969271025454,4.825860312317479
rds_cpu_utilization_e47b3b:2443:2459,0,rolling_32@0.975,2.0113892882727273,4.825860312317479
rds_cpu_utilization_e47b3b:2451:2467,0,rolling_32@0.975,2.0113892882727273,4.825860312317479
rds_cpu_utilization_e47b3b:2459:2475,0,rolling_32@0.975,2.009380032796333,4.825860312317479
rds_cpu_utilization_e47b3b:2467:2483,0,rolling_32@0.975,1.3489815189531906,4.825860312317479
rds_cpu_utilization_e47b3b:2475:2491,1,rolling_32@0.975,1.37321684182442,4.825860312317479
rds_cpu_utilization_e47b3b:2483:2499,1,rolling_32@0.975,1.37321684182442,4.825860312317479
rds_cpu_utilization_e47b3b:2491:2507,1,rolling_32@0.975,1.344944866319839,4.825860312317479
rds_cpu_utilization_e47b3b:2499:2515,1,rolling_32@0.975,1.3489846003674144,4.825860312317479
rds_cpu_utilization_e47b3b:2507:2523,1,rolling_32@0.975,2.0234722784297854,4.825860312317479
rds_cpu_utilization_e47b3b:2515:2531,1,rolling_32@0.975,2.0234722784297854,4.825860312317479
rds_cpu_utilization_e47b3b:2523:2539,1,rolling_32@0.975,1.5388089608043312,4.825860312317479
rds_cpu_utilization_e47b3b:2531:2547,1,rolling_32@0.975,3.4802144688509435,4.825860312317479
rds_cpu_utilization_e47b3b:2539:2555,1,rolling_32@0.975,3.4802144688509435,4.825860312317479
rds_cpu_utilization_e47b3b:2547:2563,1,rolling_32@0.975,2.023472278429786,4.825860312317479
rds_cpu_utilization_e47b3b:2555:2571,1,rolling_32@0.975,2.023472278429786,4.825860312317479
rds_cpu_utilization_e47b3b:2563:2579,1,rolling_32@0.975,2.0315926412593144,4.825860312317479
rds_cpu_utilization_e47b3b:2571:2587,1,rolling_32@0.975,15.570140857651921,4.825860312317479
rds_cpu_utilization_e47b3b:2579:2595,1,rolling_32@0.975,18.342131430732582,4.825860312317479
rds_cpu_utilization_e47b3b:2587:2603,1,rolling_32@0.975,18.342131430732582,4.825860312317479
rds_cpu_utilization_e47b3b:2595:2611,1,rolling_32@0.975,9.46518318372186,4.825860312317479
rds_cpu_utilization_e47b3b:2603:2619,1,rolling_32@0.975,1.3766991585075017,4.825860312317479
rds_cpu_utilization_e47b3b:2611:2627,1,rolling_32@0.975,2.6838646799529764,4.825860312317479
rds_cpu_utilization_e47b3b:2619:2635,1,rolling_32@0.975,2.6838646799529764,4.825860312317479
rds_cpu_utilization_e47b3b:2627:2643,1,rolling_32@0.975,1.9115709684839532,4.825860312317479
rds_cpu_utilization_e47b3b:2635:2651,1,rolling_32@0.975,1.8471688715799492,4.825860312317479
rds_cpu_utilization_e47b3b:2643:2659,1,rolling_32@0.975,1.014774260582068,4.825860312317479
rds_cpu_utilization_e47b3b:2651:2667,1,rolling_32@0.975,1.9932295331777632,4.825860312317479
rds_cpu_utilization_e47b3b:2659:2675,1,rolling_32@0.975,2.038135465550209,4.825860312317479
rds_cpu_utilization_e47b3b:2667:2683,1,rolling_32@0.975,2.357125078458109,4.825860312317479
rds_cpu_utilization_e47b3b:2675:2691,1,rolling_32@0.975,2.357125078458109,4.825860312317479
rds_cpu_utilization_e47b3b:2683:2699,1,rolling_32@0.975,2.1577046724536495,4.825860312317479
rds_cpu_utilization_e47b3b:2691:2707,0,rolling_32@0.975,2.1577046724536495,4.825860312317479
rds_cpu_utilization_e47b3b:2699:2715,0,rolling_32@0.975,1.5724658809044836,4.825860312317479
rds_cpu_utilization_e47b3b:2707:2723,0,rolling_32@0.975,1.96644518794592,4.825860312317479
rds_cpu_utilization_e47b3b:2715:2731,0,rolling_32@0.975,1.96644518794592,4.825860312317479
rds_cpu_utilization_e47b3b:2723:2739,0,rolling_32@0.975,2.0153989731630824,4.825860312317479
rds_cpu_utilization_e47b3b:2731:2747,0,rolling_32@0.975,3.646591966350865,4.825860312317479
rds_cpu_utilization_e47b3b:2739:2755,0,rolling_32@0.975,3.646591966350865,4.825860312317479
rds_cpu_utilization_e47b3b:2747:2763,0,rolling_32@0.975,2.6939263852730293,4.825860312317479
rds_cpu_utilization_e47b3b:2755:2771,0,rolling_32@0.975,2.115637063241898,4.825860312317479
rds_cpu_utilization_e47b3b:2763:2779,0,rolling_32@0.975,1.709325350101236,4.825860312317479
rds_cpu_utilization_e47b3b:2771:2787,0,rolling_32@0.975,1.709325350101236,4.825860312317479
rds_cpu_utilization_e47b3b:2779:2795,0,rolling_32@0.975,2.693914078113825,4.825860312317479
rds_cpu_utilization_e47b3b:2787:2803,0,rolling_32@0.975,3.3643651219983046,4.825860312317479
rds_cpu_utilization_e47b3b:2795:2811,0,rolling_32@0.975,3.3643651219983046,4.825860312317479
rds_cpu_utilization_e47b3b:2803:2819,0,rolling_32@0.975,3.7128393297257314,4.825860312317479
rds_cpu_utilization_e47b3b:2811:2827,0,rolling_32@0.975,3.7128393297257314,4.825860312317479
rds_cpu_utilization_e47b3b:2819:2835,0,rolling_32@0.975,2.441200049933716,4.825860312317479
rds_cpu_utilization_e47b3b:2827:2843,0,rolling_32@0.975,2.1346673335807047,4.825860312317479
rds_cpu_utilization_e47b3b:2835:2851,0,rolling_32@0.975,4.666441434115564,4.825860312317479
rds_cpu_utilization_e47b3b:2843:2859,0,rolling_32@0.975,4.666441434115564,4.825860312317479
rds_cpu_utilization_e47b3b:2851:2867,0,rolling_32@0.975,2.8267843029656015,4.825860312317479
rds_cpu_utilization_e47b3b:2859:2875,0,rolling_32@0.975,2.8267843029656015,4.825860312317479
rds_cpu_utilization_e47b3b:2867:2883,0,rolling_32@0.975,2.6899076927895478,4.825860312317479
rds_cpu_utilization_e47b3b:2875:2891,0,rolling_32@0.975,2.702005615366947,4.825860312317479
rds_cpu_utilization_e47b3b:2883:2899,0,rolling_32@0.975,2.702005615366947,4.825860312317479
rds_cpu_utilization_e47b3b:2891:2907,0,rolling_32@0.975,2.2698467527043125,4.825860312317479
rds_cpu_utilization_e47b3b:2899:2915,0,rolling_32@0.975,2.2698467527043125,4.825860312317479
rds_cpu_utilization_e47b3b:2907:2923,0,rolling_32@0.975,3.0755011700757326,4.825860312317479
rds_cpu_utilization_e47b3b:2915:2931,0,rolling_32@0.975,3.0755011700757326,4.825860312317479
rds_cpu_utilization_e47b3b:2923:2939,0,rolling_32@0.975,2.5516463052117397,4.825860312317479
rds_cpu_utilization_e47b3b:2931:2947,0,rolling_32@0.975,1.9943804209871796,4.825860312317479
rds_cpu_utilization_e47b3b:2939:2955,0,rolling_32@0.975,1.9943804209871796,4.825860312317479
rds_cpu_utilization_e47b3b:2947:2963,0,rolling_32@0.975,1.6560484207309996,4.825860312317479
rds_cpu_utilization_e47b3b:2955:2971,0,rolling_32@0.975,1.9562184852248048,4.825860312317479
rds_cpu_utilization_e47b3b:2963:2979,0,rolling_32@0.975,5.6197329857815665,4.825860312317479
rds_cpu_utilization_e47b3b:2971:2987,0,rolling_32@0.975,5.6197329857815665,4.825860312317479
rds_cpu_utilization_e47b3b:2979:2995,0,rolling_32@0.975,2.0153989731630824,4.825860312317479
rds_cpu_utilization_e47b3b:2987:3003,0,rolling_32@0.975,2.080019310853172,4.825860312317479
rds_cpu_utilization_e47b3b:2995:3011,0,rolling_32@0.975,2.080019310853172,4.825860312317479
rds_cpu_utilization_e47b3b:3003:3019,0,rolling_32@0.975,2.0194356257964343,4.825860312317479
rds_cpu_utilization_e47b3b:3011:3027,0,rolling_32@0.975,2.0194356257964343,4.825860312317479
rds_cpu_utilization_e47b3b:3019:3035,0,rolling_32@0.975,2.011359239115507,4.825860312317479
rds_cpu_utilization_e47b3b:3027:3043,0,rolling_32@0.975,2.0214478944058794,4.825860312317479
rds_cpu_utilization_e47b3b:3035:3051,0,rolling_32@0.975,2.0214478944058794,4.825860312317479
rds_cpu_utilization_e47b3b:3043:3059,0,rolling_32@0.975,2.015341065716728,4.825860312317479
rds_cpu_utilization_e47b3b:3051:3067,0,rolling_32@0.975,4.053017708931289,4.825860312317479
rds_cpu_utilization_e47b3b:3059:3075,0,rolling_32@0.975,4.053017708931289,4.825860312317479
rds_cpu_utilization_e47b3b:3067:3083,0,rolling_32@0.975,2.027521046477598,4.825860312317479
rds_cpu_utilization_e47b3b:3075:3091,0,rolling_32@0.975,1.4933225003135329,4.825860312317479
rds_cpu_utilization_e47b3b:3083:3099,0,rolling_32@0.975,1.4933225003135329,4.825860312317479
rds_cpu_utilization_e47b3b:3091:3107,0,rolling_32@0.975,2.007412609981705,4.825860312317479
rds_cpu_utilization_e47b3b:3099:3115,0,rolling_32@0.975,2.007412609981705,4.825860312317479
rds_cpu_utilization_e47b3b:3107:3123,0,rolling_32@0.975,2.0153989731630824,4.825860312317479
rds_cpu_utilization_e47b3b:3115:3131,0,rolling_32@0.975,2.0153989731630824,4.825860312317479
rds_cpu_utilization_e47b3b:3123:3139,0,rolling_32@0.975,2.6858830924451347,4.825860312317479
rds_cpu_utilization_e47b3b:3131:3147,0,rolling_32@0.975,2.6858830924451347,4.825860312317479
rds_cpu_utilization_e47b3b:3139:3155,0,rolling_32@0.975,2.677899847740297,4.825860312317479
rds_cpu_utilization_e47b3b:3147:3163,0,rolling_32@0.975,1.7910296954621978,4.825860312317479
rds_cpu_utilization_e47b3b:3155:3171,0,rolling_32@0.975,2.1432147118864737,4.825860312317479
rds_cpu_utilization_e47b3b:3163:3179,0,rolling_32@0.975,2.66194129293216,4.825860312317479
rds_cpu_utilization_e47b3b:3171:3187,0,rolling_32@0.975,2.66194129293216,4.825860312317479
rds_cpu_utilization_e47b3b:3179:3195,0,rolling_32@0.975,2.6520695979412716,4.825860312317479
rds_cpu_utilization_e47b3b:3187:3203,0,rolling_32@0.975,2.2436370615528487,4.825860312317479
rds_cpu_utilization_e47b3b:3195:3211,0,rolling_32@0.975,2.2436370615528487,4.825860312317479
rds_cpu_utilization_e47b3b:3203:3219,0,rolling_32@0.975,1.5920760221174206,4.825860312317479
rds_cpu_utilization_e47b3b:2419:2435,0,rolling_32@0.99,26.425315103072727,20.501525748662186
rds_cpu_utilization_e47b3b:2427:2443,0,rolling_32@0.99,26.408408943229503,20.501525748662186
rds_cpu_utilization_e47b3b:2435:2451,0,rolling_32@0.99,2.0033969271025454,20.501525748662186
rds_cpu_utilization_e47b3b:2443:2459,0,rolling_32@0.99,2.0113892882727273,20.501525748662186
rds_cpu_utilization_e47b3b:2451:2467,0,rolling_32@0.99,2.0113892882727273,20.501525748662186
rds_cpu_utilization_e47b3b:2459:2475,0,rolling_32@0.99,2.009380032796333,20.501525748662186
rds_cpu_utilization_e47b3b:2467:2483,0,rolling_32@0.99,1.3489815189531906,20.501525748662186
rds_cpu_utilization_e47b3b:2475:2491,1,rolling_32@0.99,1.37321684182442,20.501525748662186
rds_cpu_utilization_e47b3b:2483:2499,1,rolling_32@0.99,1.37321684182442,20.501525748662186
rds_cpu_utilization_e47b3b:2491:2507,1,rolling_32@0.99,1.344944866319839,20.501525748662186
rds_cpu_utilization_e47b3b:2499:2515,1,rolling_32@0.99,1.3489846003674144,20.501525748662186
rds_cpu_utilization_e47b3b:2507:2523,1,rolling_32@0.99,2.0234722784297854,20.501525748662186
rds_cpu_utilization_e47b3b:2515:2531,1,rolling_32@0.99,2.0234722784297854,20.501525748662186
rds_cpu_utilization_e47b3b:2523:2539,1,rolling_32@0.99,1.5388089608043312,20.501525748662186
rds_cpu_utilization_e47b3b:2531:2547,1,rolling_32@0.99,3.4802144688509435,20.501525748662186
rds_cpu_utilization_e47b3b:2539:2555,1,rolling_32@0.99,3.4802144688509435,20.501525748662186
rds_cpu_utilization_e47b3b:2547:2563,1,rolling_32@0.99,2.023472278429786,20.501525748662186
rds_cpu_utilization_e47b3b:2555:2571,1,rolling_32@0.99,2.023472278429786,20.501525748662186
rds_cpu_utilization_e47b3b:2563:2579,1,rolling_32@0.99,2.0315926412593144,20.501525748662186
rds_cpu_utilization_e47b3b:2571:2587,1,rolling_32@0.99,15.570140857651921,20.501525748662186
rds_cpu_utilization_e47b3b:2579:2595,1,rolling_32@0.99,18.342131430732582,20.501525748662186
rds_cpu_utilization_e47b3b:2587:2603,1,rolling_32@0.99,18.342131430732582,20.501525748662186
rds_cpu_utilization_e47b3b:2595:2611,1,rolling_32@0.99,9.46518318372186,20.501525748662186
rds_cpu_utilization_e47b3b:2603:2619,1,rolling_32@0.99,1.3766991585075017,20.501525748662186
rds_cpu_utilization_e47b3b:2611:2627,1,rolling_32@0.99,2.6838646799529764,20.501525748662186
rds_cpu_utilization_e47b3b:2619:2635,1,rolling_32@0.99,2.6838646799529764,20.501525748662186
rds_cpu_utilization_e47b3b:2627:2643,1,rolling_32@0.99,1.9115709684839532,20.501525748662186
rds_cpu_utilization_e47b3b:2635:2651,1,rolling_32@0.99,1.8471688715799492,20.501525748662186
rds_cpu_utilization_e47b3b:2643:2659,1,rolling_32@0.99,1.014774260582068,20.501525748662186
rds_cpu_utilization_e47b3b:2651:2667,1,rolling_32@0.99,1.9932295331777632,20.501525748662186
rds_cpu_utilization_e47b3b:2659:2675,1,rolling_32@0.99,2.038135465550209,20.501525748662186
rds_cpu_utilization_e47b3b:2667:2683,1,rolling_32@0.99,2.357125078458109,20.501525748662186
rds_cpu_utilization_e47b3b:2675:2691,1,rolling_32@0.99,2.357125078458109,20.501525748662186
rds_cpu_utilization_e47b3b:2683:2699,1,rolling_32@0.99,2.1577046724536495,20.501525748662186
rds_cpu_utilization_e47b3b:2691:2707,0,rolling_32@0.99,2.1577046724536495,20.501525748662186
rds_cpu_utilization_e47b3b:2699:2715,0,rolling_32@0.99,1.5724658809044836,20.501525748662186
rds_cpu_utilization_e47b3b:2707:2723,0,rolling_32@0.99,1.96644518794592,20.501525748662186
rds_cpu_utilization_e47b3b:2715:2731,0,rolling_32@0.99,1.96644518794592,20.501525748662186
rds_cpu_utilization_e47b3b:2723:2739,0,rolling_32@0.99,2.0153989731630824,20.501525748662186
rds_cpu_utilization_e47b3b:2731:2747,0,rolling_32@0.99,3.646591966350865,20.501525748662186
rds_cpu_utilization_e47b3b:2739:2755,0,rolling_32@0.99,3.646591966350865,20.501525748662186
rds_cpu_utilization_e47b3b:2747:2763,0,rolling_32@0.99,2.6939263852730293,20.501525748662186
rds_cpu_utilization_e47b3b:2755:2771,0,rolling_32@0.99,2.115637063241898,20.501525748662186
rds_cpu_utilization_e47b3b:2763:2779,0,rolling_32@0.99,1.709325350101236,20.501525748662186
rds_cpu_utilization_e47b3b:2771:2787,0,rolling_32@0.99,1.709325350101236,20.501525748662186
rds_cpu_utilization_e47b3b:2779:2795,0,rolling_32@0.99,2.693914078113825,20.501525748662186
rds_cpu_utilization_e47b3b:2787:2803,0,rolling_32@0.99,3.3643651219983046,20.501525748662186
rds_cpu_utilization_e47b3b:2795:2811,0,rolling_32@0.99,3.3643651219983046,20.501525748662186
rds_cpu_utilization_e47b3b:2803:2819,0,rolling_32@0.99,3.7128393297257314,20.501525748662186
rds_cpu_utilization_e47b3b:2811:2827,0,rolling_32@0.99,3.7128393297257314,20.501525748662186
rds_cpu_utilization_e47b3b:2819:2835,0,rolling_32@0.99,2.441200049933716,20.501525748662186
rds_cpu_utilization_e47b3b:2827:2843,0,rolling_32@0.99,2.1346673335807047,20.501525748662186
rds_cpu_utilization_e47b3b:2835:2851,0,rolling_32@0.99,4.666441434115564,20.501525748662186
rds_cpu_utilization_e47b3b:2843:2859,0,rolling_32@0.99,4.666441434115564,20.501525748662186
rds_cpu_utilization_e47b3b:2851:2867,0,rolling_32@0.99,2.8267843029656015,20.501525748662186
rds_cpu_utilization_e47b3b:2859:2875,0,rolling_32@0.99,2.8267843029656015,20.501525748662186
rds_cpu_utilization_e47b3b:2867:2883,0,rolling_32@0.99,2.6899076927895478,20.501525748662186
rds_cpu_utilization_e47b3b:2875:2891,0,rolling_32@0.99,2.702005615366947,20.501525748662186
rds_cpu_utilization_e47b3b:2883:2899,0,rolling_32@0.99,2.702005615366947,20.501525748662186
rds_cpu_utilization_e47b3b:2891:2907,0,rolling_32@0.99,2.2698467527043125,20.501525748662186
rds_cpu_utilization_e47b3b:2899:2915,0,rolling_32@0.99,2.2698467527043125,20.501525748662186
rds_cpu_utilization_e47b3b:2907:2923,0,rolling_32@0.99,3.0755011700757326,20.501525748662186
rds_cpu_utilization_e47b3b:2915:2931,0,rolling_32@0.99,3.0755011700757326,20.501525748662186
rds_cpu_utilization_e47b3b:2923:2939,0,rolling_32@0.99,2.5516463052117397,20.501525748662186
rds_cpu_utilization_e47b3b:2931:2947,0,rolling_32@0.99,1.9943804209871796,20.501525748662186
rds_cpu_utilization_e47b3b:2939:2955,0,rolling_32@0.99,1.9943804209871796,20.501525748662186
rds_cpu_utilization_e47b3b:2947:2963,0,rolling_32@0.99,1.6560484207309996,20.501525748662186
rds_cpu_utilization_e47b3b:2955:2971,0,rolling_32@0.99,1.9562184852248048,20.501525748662186
rds_cpu_utilization_e47b3b:2963:2979,0,rolling_32@0.99,5.6197329857815665,20.501525748662186
rds_cpu_utilization_e47b3b:2971:2987,0,rolling_32@0.99,5.6197329857815665,20.501525748662186
rds_cpu_utilization_e47b3b:2979:2995,0,rolling_32@0.99,2.0153989731630824,20.501525748662186
rds_cpu_utilization_e47b3b:2987:3003,0,rolling_32@0.99,2.080019310853172,20.501525748662186
rds_cpu_utilization_e47b3b:2995:3011,0,rolling_32@0.99,2.080019310853172,20.501525748662186
rds_cpu_utilization_e47b3b:3003:3019,0,rolling_32@0.99,2.0194356257964343,20.501525748662186
rds_cpu_utilization_e47b3b:3011:3027,0,rolling_32@0.99,2.0194356257964343,20.501525748662186
rds_cpu_utilization_e47b3b:3019:3035,0,rolling_32@0.99,2.011359239115507,20.501525748662186
rds_cpu_utilization_e47b3b:3027:3043,0,rolling_32@0.99,2.0214478944058794,20.501525748662186
rds_cpu_utilization_e47b3b:3035:3051,0,rolling_32@0.99,2.0214478944058794,20.501525748662186
rds_cpu_utilization_e47b3b:3043:3059,0,rolling_32@0.99,2.015341065716728,20.501525748662186
rds_cpu_utilization_e47b3b:3051:3067,0,rolling_32@0.99,4.053017708931289,20.501525748662186
rds_cpu_utilization_e47b3b:3059:3075,0,rolling_32@0.99,4.053017708931289,20.501525748662186
rds_cpu_utilization_e47b3b:3067:3083,0,rolling_32@0.99,2.027521046477598,20.501525748662186
rds_cpu_utilization_e47b3b:3075:3091,0,rolling_32@0.99,1.4933225003135329,20.501525748662186
rds_cpu_utilization_e47b3b:3083:3099,0,rolling_32@0.99,1.4933225003135329,20.501525748662186
rds_cpu_utilization_e47b3b:3091:3107,0,rolling_32@0.99,2.007412609981705,20.501525748662186
rds_cpu_utilization_e47b3b:3099:3115,0,rolling_32@0.99,2.007412609981705,20.501525748662186
rds_cpu_utilization_e47b3b:3107:3123,0,rolling_32@0.99,2.0153989731630824,20.501525748662186
rds_cpu_utilization_e47b3b:3115:3131,0,rolling_32@0.99,2.0153989731630824,20.501525748662186
rds_cpu_utilization_e47b3b:3123:3139,0,rolling_32@0.99,2.6858830924451347,20.501525748662186
rds_cpu_utilization_e47b3b:3131:3147,0,rolling_32@0.99,2.6858830924451347,20.501525748662186
rds_cpu_utilization_e47b3b:3139:3155,0,rolling_32@0.99,2.677899847740297,20.501525748662186
rds_cpu_utilization_e47b3b:3147:3163,0,rolling_32@0.99,1.7910296954621978,20.501525748662186
rds_cpu_utilization_e47b3b:3155:3171,0,rolling_32@0.99,2.1432147118864737,20.501525748662186
rds_cpu_utilization_e47b3b:3163:3179,0,rolling_32@0.99,2.66194129293216,20.501525748662186
rds_cpu_utilization_e47b3b:3171:3187,0,rolling_32@0.99,2.66194129293216,20.501525748662186
rds_cpu_utilization_e47b3b:3179:3195,0,rolling_32@0.99,2.6520695979412716,20.501525748662186
rds_cpu_utilization_e47b3b:3187:3203,0,rolling_32@0.99,2.2436370615528487,20.501525748662186
rds_cpu_utilization_e47b3b:3195:3211,0,rolling_32@0.99,2.2436370615528487,20.501525748662186
rds_cpu_utilization_e47b3b:3203:3219,0,rolling_32@0.99,1.5920760221174206,20.501525748662186
rds_cpu_utilization_e47b3b:2419:2435,0,rolling_64@0.95,26.425315103072727,4.950553191284393
rds_cpu_utilization_e47b3b:2427:2443,0,rolling_64@0.95,29.23328629291148,4.950553191284393
rds_cpu_utilization_e47b3b:2435:2451,0,rolling_64@0.95,29.23328629291148,4.950553191284393
rds_cpu_utilization_e47b3b:2443:2459,0,rolling_64@0.95,29.216367227602724,4.950553191284393
rds_cpu_utilization_e47b3b:2451:2467,0,rolling_64@0.95,1.2892126568733506,4.950553191284393
rds_cpu_utilization_e47b3b:2459:2475,0,rolling_64@0.95,1.2291095418752762,4.950553191284393
rds_cpu_utilization_e47b3b:2467:2483,0,rolling_64@0.95,1.3369375333842692,4.950553191284393
rds_cpu_utilization_e47b3b:2475:2491,1,rolling_64@0.95,1.37321684182442,4.950553191284393
rds_cpu_utilization_e47b3b:2483:2499,1,rolling_64@0.95,1.37321684182442,4.950553191284393
rds_cpu_utilization_e47b3b:2491:2507,1,rolling_64@0.95,1.344944866319839,4.950553191284393
rds_cpu_utilization_e47b3b:2499:2515,1,rolling_64@0.95,1.3489846003674144,4.950553191284393
rds_cpu_utilization_e47b3b:2507:2523,1,rolling_64@0.95,2.0194356257964343,4.950553191284393
rds_cpu_utilization_e47b3b:2515:2531,1,rolling_64@0.95,2.0194356257964343,4.950553191284393
rds_cpu_utilization_e47b3b:2523:2539,1,rolling_64@0.95,1.5388089608043312,4.950553191284393
rds_cpu_utilization_e47b3b:2531:2547,1,rolling_64@0.95,3.513816756320106,4.950553191284393
rds_cpu_utilization_e47b3b:2539:2555,1,rolling_64@0.95,3.513816756320106,4.950553191284393
rds_cpu_utilization_e47b3b:2547:2563,1,rolling_64@0.95,2.023472278429786,4.950553191284393
rds_cpu_utilization_e47b3b:2555:2571,1,rolling_64@0.95,2.023472278429786,4.950553191284393
rds_cpu_utilization_e47b3b:2563:2579,1,rolling_64@0.95,2.0194356257964343,4.950553191284393
rds_cpu_utilization_e47b3b:2571:2587,1,rolling_64@0.95,15.480994246894879,4.950553191284393
rds_cpu_utilization_e47b3b:2579:2595,1,rolling_64@0.95,20.428564866098547,4.950553191284393
rds_cpu_utilization_e47b3b:2587:2603,1,rolling_64@0.95,20.428564866098547,4.950553191284393
rds_cpu_utilization_e47b3b:2595:2611,1,rolling_64@0.95,19.280918413457545,4.950553191284393
rds_cpu_utilization_e47b3b:2603:2619,1,rolling_64@0.95,9.471153393126698,4.950553191284393
rds_cpu_utilization_e47b3b:2611:2627,1,rolling_64@0.95,5.586775650289565,4.950553191284393
rds_cpu_utilization_e47b3b:2619:2635,1,rolling_64@0.95,0.9988044554365163,4.950553191284393
rds_cpu_utilization_e47b3b:2627:2643,1,rolling_64@0.95,1.3106132897438945,4.950553191284393
rds_cpu_utilization_e47b3b:2635:2651,1,rolling_64@0.95,1.3106132897438945,4.950553191284393
rds_cpu_utilization_e47b3b:2643:2659,1,rolling_64@0.95,1.1711916935448743,4.950553191284393
rds_cpu_utilization_e47b3b:2651:2667,1,rolling_64@0.95,2.1913887448530383,4.950553191284393
rds_cpu_utilization_e47b3b:2659:2675,1,rolling_64@0.95,2.1913887448530383,4.950553191284393
rds_cpu_utilization_e47b3b:2667:2683,1,rolling_64@0.95,1.404061439553245,4.950553191284393
rds_cpu_utilization_e47b3b:2675:2691,1,rolling_64@0.95,1.1728826216082933,4.950553191284393
rds_cpu_utilization_e47b3b:2683:2699,1,rolling_64@0.95,2.0275225918089137,4.950553191284393
rds_cpu_utilization_e47b3b:2691:2707,0,rolling_64@0.95,2.0275225918089137,4.950553191284393
rds_cpu_utilization_e47b3b:2699:2715,0,rolling_64@0.95,1.6050287922141298,4.950553191284393
rds_cpu_utilization_e47b3b:2707:2723,0,rolling_64@0.95,1.6050287922141298,4.950553191284393
rds_cpu_utilization_e47b3b:2715:2731,0,rolling_64@0.95,1.282601337746105,4.950553191284393
rds_cpu_utilization_e47b3b:2723:2739,0,rolling_64@0.95,1.282601337746105,4.950553191284393
rds_cpu_utilization_e47b3b:2731:2747,0,rolling_64@0.95,4.006796917273649,4.950553191284393
rds_cpu_utilization_e47b3b:2739:2755,0,rolling_64@0.95,4.006796917273649,4.950553191284393
rds_cpu_utilization_e47b3b:2747:2763,0,rolling_64@0.95,2.6116875547219687,4.950553191284393
rds_cpu_utilization_e47b3b:2755:2771,0,rolling_64@0.95,2.104128938102417,4.950553191284393
rds_cpu_utilization_e47b3b:2763:2779,0,rolling_64@0.95,2.1487139599533336,4.950553191284393
rds_cpu_utilization_e47b3b:2771:2787,0,rolling_64@0.95,2.1487139599533336,4.950553191284393
rds_cpu_utilization_e47b3b:2779:2795,0,rolling_64@0.95,2.423435791974781,4.950553191284393
rds_cpu_utilization_e47b3b:2787:2803,0,rolling_64@0.95,3.1041398658719657,4.950553191284393
rds_cpu_utilization_e47b3b:2795:2811,0,rolling_64@0.95,3.1041398658719657,4.950553191284393
rds_cpu_utilization_e47b3b:2803:2819,0,rolling_64@0.95,3.5129880210196074,4.950553191284393
rds_cpu_utilization_e47b3b:2811:2827,0,rolling_64@0.95,3.5129880210196074,4.950553191284393
rds_cpu_utilization_e47b3b:2819:2835,0,rolling_64@0.95,2.55233818874316,4.950553191284393
rds_cpu_utilization_e47b3b:2827:2843,0,rolling_64@0.95,2.55233818874316,4.950553191284393
rds_cpu_utilization_e47b3b:2835:2851,0,rolling_64@0.95,5.7331918881063855,4.950553191284393
rds_cpu_utilization_e47b3b:2843:2859,0,rolling_64@0.95,5.7331918881063855,4.950553191284393
rds_cpu_utilization_e47b3b:2851:2867,0,rolling_64@0.95,2.7082601869445995,4.950553191284393
rds_cpu_utilization_e47b3b:2859:2875,0,rolling_64@0.95,2.7082601869445995,4.950553191284393
rds_cpu_utilization_e47b3b:2867:2883,0,rolling_64@0.95,2.6878892711316555,4.950553191284393
rds_cpu_utilization_e47b3b:2875:2891,0,rolling_64@0.95,2.6738750667685385,4.950553191284393
rds_cpu_utilization_e47b3b:2883:2899,0,rolling_64@0.95,2.6738750667685385,4.950553191284393
rds_cpu_utilization_e47b3b:2891:2907,0,rolling_64@0.95,2.26306964023151,4.950553191284393
rds_cpu_utilization_e47b3b:2899:2915,0,rolling_64@0.95,2.26306964023151,4.950553191284393
rds_cpu_utilization_e47b3b:2907:2923,0,rolling_64@0.95,4.324348188114417,4.950553191284393
rds_cpu_utilization_e47b3b:2915:2931,0,rolling_64@0.95,4.324348188114417,4.950553191284393
rds_cpu_utilization_e47b3b:2923:2939,0,rolling_64@0.95,3.0223376360486496,4.950553191284393
rds_cpu_utilization_e47b3b:2931:2947,0,rolling_64@0.95,2.611690546554794,4.950553191284393
rds_cpu_utilization_e47b3b:2939:2955,0,rolling_64@0.95,2.611690546554794,4.950553191284393
rds_cpu_utilization_e47b3b:2947:2963,0,rolling_64@0.95,1.7843491145801642,4.950553191284393
rds_cpu_utilization_e47b3b:2955:2971,0,rolling_64@0.95,1.6960977247652396,4.950553191284393
rds_cpu_utilization_e47b3b:2963:2979,0,rolling_64@0.95,5.139264493206507,4.950553191284393
rds_cpu_utilization_e47b3b:2971:2987,0,rolling_64@0.95,5.139264493206507,4.950553191284393
rds_cpu_utilization_e47b3b:2979:2995,0,rolling_64@0.95,1.6998552388932253,4.950553191284393
rds_cpu_utilization_e47b3b:2987:3003,0,rolling_64@0.95,2.002090615859684,4.950553191284393
rds_cpu_utilization_e47b3b:2995:3011,0,rolling_64@0.95,2.002090615859684,4.950553191284393
rds_cpu_utilization_e47b3b:3003:3019,0,rolling_64@0.95,2.0134061692477476,4.950553191284393
rds_cpu_utilization_e47b3b:3011:3027,0,rolling_64@0.95,2.0134061692477476,4.950553191284393
rds_cpu_utilization_e47b3b:3019:3035,0,rolling_64@0.95,2.011359239115507,4.950553191284393
rds_cpu_utilization_e47b3b:3027:3043,0,rolling_64@0.95,2.0194356257964343,4.950553191284393
rds_cpu_utilization_e47b3b:3035:3051,0,rolling_64@0.95,2.0194356257964343,4.950553191284393
rds_cpu_utilization_e47b3b:3043:3059,0,rolling_64@0.95,1.999243118387004,4.950553191284393
rds_cpu_utilization_e47b3b:3051:3067,0,rolling_64@0.95,4.053017708931289,4.950553191284393
rds_cpu_utilization_e47b3b:3059:3075,0,rolling_64@0.95,4.053017708931289,4.950553191284393
rds_cpu_utilization_e47b3b:3067:3083,0,rolling_64@0.95,2.2819628734328155,4.950553191284393
rds_cpu_utilization_e47b3b:3075:3091,0,rolling_64@0.95,2.685849998592102,4.950553191284393
rds_cpu_utilization_e47b3b:3083:3099,0,rolling_64@0.95,2.685849998592102,4.950553191284393
rds_cpu_utilization_e47b3b:3091:3107,0,rolling_64@0.95,1.6930467290173798,4.950553191284393
rds_cpu_utilization_e47b3b:3099:3115,0,rolling_64@0.95,1.6930467290173798,4.950553191284393
rds_cpu_utilization_e47b3b:3107:3123,0,rolling_64@0.95,1.6448312183307663,4.950553191284393
rds_cpu_utilization_e47b3b:3115:3131,0,rolling_64@0.95,1.320790278612021,4.950553191284393
rds_cpu_utilization_e47b3b:3123:3139,0,rolling_64@0.95,2.345969169230627,4.950553191284393
rds_cpu_utilization_e47b3b:3131:3147,0,rolling_64@0.95,2.345969169230627,4.950553191284393
rds_cpu_utilization_e47b3b:3139:3155,0,rolling_64@0.95,1.8060879493510409,4.950553191284393
rds_cpu_utilization_e47b3b:3147:3163,0,rolling_64@0.95,1.5640171383981758,4.950553191284393
rds_cpu_utilization_e47b3b:3155:3171,0,rolling_64@0.95,2.977531275650068,4.950553191284393
rds_cpu_utilization_e47b3b:3163:3179,0,rolling_64@0.95,2.977531275650068,4.950553191284393
rds_cpu_utilization_e47b3b:3171:3187,0,rolling_64@0.95,1.9994299784042677,4.950553191284393
rds_cpu_utilization_e47b3b:3179:3195,0,rolling_64@0.95,1.9994299784042677,4.950553191284393
rds_cpu_utilization_e47b3b:3187:3203,0,rolling_64@0.95,1.5195089675024571,4.950553191284393
rds_cpu_utilization_e47b3b:3195:3211,0,rolling_64@0.95,1.5195089675024571,4.950553191284393
rds_cpu_utilization_e47b3b:3203:3219,0,rolling_64@0.95,1.3489846003674144,4.950553191284393
rds_cpu_utilization_e47b3b:2419:2435,0,rolling_64@0.975,26.425315103072727,22.76142762840777
rds_cpu_utilization_e47b3b:2427:2443,0,rolling_64@0.975,29.23328629291148,22.76142762840777
rds_cpu_utilization_e47b3b:2435:2451,0,rolling_64@0.975,29.23328629291148,22.76142762840777
rds_cpu_utilization_e47b3b:2443:2459,0,rolling_64@0.975,29.216367227602724,22.76142762840777
rds_cpu_utilization_e47b3b:2451:2467,0,rolling_64@0.975,1.2892126568733506,22.76142762840777
rds_cpu_utilization_e47b3b:2459:2475,0,rolling_64@0.975,1.2291095418752762,22.76142762840777
rds_cpu_utilization_e47b3b:2467:2483,0,rolling_64@0.975,1.3369375333842692,22.76142762840777
rds_cpu_utilization_e47b3b:2475:2491,1,rolling_64@0.975,1.37321684182442,22.76142762840777
rds_cpu_utilization_e47b3b:2483:2499,1,rolling_64@0.975,1.37321684182442,22.76142762840777
rds_cpu_utilization_e47b3b:2491:2507,1,rolling_64@0.975,1.344944866319839,22.76142762840777
rds_cpu_utilization_e47b3b:2499:2515,1,rolling_64@0.975,1.3489846003674144,22.76142762840777
rds_cpu_utilization_e47b3b:2507:2523,1,rolling_64@0.975,2.0194356257964343,22.76142762840777
rds_cpu_utilization_e47b3b:2515:2531,1,rolling_64@0.975,2.0194356257964343,22.76142762840777
rds_cpu_utilization_e47b3b:2523:2539,1,rolling_64@0.975,1.5388089608043312,22.76142762840777
rds_cpu_utilization_e47b3b:2531:2547,1,rolling_64@0.975,3.513816756320106,22.76142762840777
rds_cpu_utilization_e47b3b:2539:2555,1,rolling_64@0.975,3.513816756320106,22.76142762840777
rds_cpu_utilization_e47b3b:2547:2563,1,rolling_64@0.975,2.023472278429786,22.76142762840777
rds_cpu_utilization_e47b3b:2555:2571,1,rolling_64@0.975,2.023472278429786,22.76142762840777
rds_cpu_utilization_e47b3b:2563:2579,1,rolling_64@0.975,2.0194356257964343,22.76142762840777
rds_cpu_utilization_e47b3b:2571:2587,1,rolling_64@0.975,15.480994246894879,22.76142762840777
rds_cpu_utilization_e47b3b:2579:2595,1,rolling_64@0.975,20.428564866098547,22.76142762840777
rds_cpu_utilization_e47b3b:2587:2603,1,rolling_64@0.975,20.428564866098547,22.76142762840777
rds_cpu_utilization_e47b3b:2595:2611,1,rolling_64@0.975,19.280918413457545,22.76142762840777
rds_cpu_utilization_e47b3b:2603:2619,1,rolling_64@0.975,9.471153393126698,22.76142762840777
rds_cpu_utilization_e47b3b:2611:2627,1,rolling_64@0.975,5.586775650289565,22.76142762840777
rds_cpu_utilization_e47b3b:2619:2635,1,rolling_64@0.975,0.9988044554365163,22.76142762840777
rds_cpu_utilization_e47b3b:2627:2643,1,rolling_64@0.975,1.3106132897438945,22.76142762840777
rds_cpu_utilization_e47b3b:2635:2651,1,rolling_64@0.975,1.3106132897438945,22.76142762840777
rds_cpu_utilization_e47b3b:2643:2659,1,rolling_64@0.975,1.1711916935448743,22.76142762840777
rds_cpu_utilization_e47b3b:2651:2667,1,rolling_64@0.975,2.1913887448530383,22.76142762840777
rds_cpu_utilization_e47b3b:2659:2675,1,rolling_64@0.975,2.1913887448530383,22.76142762840777
rds_cpu_utilization_e47b3b:2667:2683,1,rolling_64@0.975,1.404061439553245,22.76142762840777
rds_cpu_utilization_e47b3b:2675:2691,1,rolling_64@0.975,1.1728826216082933,22.76142762840777
rds_cpu_utilization_e47b3b:2683:2699,1,rolling_64@0.975,2.0275225918089137,22.76142762840777
rds_cpu_utilization_e47b3b:2691:2707,0,rolling_64@0.975,2.0275225918089137,22.76142762840777
rds_cpu_utilization_e47b3b:2699:2715,0,rolling_64@0.975,1.6050287922141298,22.76142762840777
rds_cpu_utilization_e47b3b:2707:2723,0,rolling_64@0.975,1.6050287922141298,22.76142762840777
rds_cpu_utilization_e47b3b:2715:2731,0,rolling_64@0.975,1.282601337746105,22.76142762840777
rds_cpu_utilization_e47b3b:2723:2739,0,rolling_64@0.975,1.282601337746105,22.76142762840777
rds_cpu_utilization_e47b3b:2731:2747,0,rolling_64@0.975,4.006796917273649,22.76142762840777
rds_cpu_utilization_e47b3b:2739:2755,0,rolling_64@0.975,4.006796917273649,22.76142762840777
rds_cpu_utilization_e47b3b:2747:2763,0,rolling_64@0.975,2.6116875547219687,22.76142762840777
rds_cpu_utilization_e47b3b:2755:2771,0,rolling_64@0.975,2.104128938102417,22.76142762840777
rds_cpu_utilization_e47b3b:2763:2779,0,rolling_64@0.975,2.1487139599533336,22.76142762840777
rds_cpu_utilization_e47b3b:2771:2787,0,rolling_64@0.975,2.1487139599533336,22.76142762840777
rds_cpu_utilization_e47b3b:2779:2795,0,rolling_64@0.975,2.423435791974781,22.76142762840777
rds_cpu_utilization_e47b3b:2787:2803,0,rolling_64@0.975,3.1041398658719657,22.76142762840777
rds_cpu_utilization_e47b3b:2795:2811,0,rolling_64@0.975,3.1041398658719657,22.76142762840777
rds_cpu_utilization_e47b3b:2803:2819,0,rolling_64@0.975,3.5129880210196074,22.76142762840777
rds_cpu_utilization_e47b3b:2811:2827,0,rolling_64@0.975,3.5129880210196074,22.76142762840777
rds_cpu_utilization_e47b3b:2819:2835,0,rolling_64@0.975,2.55233818874316,22.76142762840777
rds_cpu_utilization_e47b3b:2827:2843,0,rolling_64@0.975,2.55233818874316,22.76142762840777
rds_cpu_utilization_e47b3b:2835:2851,0,rolling_64@0.975,5.7331918881063855,22.76142762840777
rds_cpu_utilization_e47b3b:2843:2859,0,rolling_64@0.975,5.7331918881063855,22.76142762840777
rds_cpu_utilization_e47b3b:2851:2867,0,rolling_64@0.975,2.7082601869445995,22.76142762840777
rds_cpu_utilization_e47b3b:2859:2875,0,rolling_64@0.975,2.7082601869445995,22.76142762840777
rds_cpu_utilization_e47b3b:2867:2883,0,rolling_64@0.975,2.6878892711316555,22.76142762840777
rds_cpu_utilization_e47b3b:2875:2891,0,rolling_64@0.975,2.6738750667685385,22.76142762840777
rds_cpu_utilization_e47b3b:2883:2899,0,rolling_64@0.975,2.6738750667685385,22.76142762840777
rds_cpu_utilization_e47b3b:2891:2907,0,rolling_64@0.975,2.26306964023151,22.76142762840777
rds_cpu_utilization_e47b3b:2899:2915,0,rolling_64@0.975,2.26306964023151,22.76142762840777
rds_cpu_utilization_e47b3b:2907:2923,0,rolling_64@0.975,4.324348188114417,22.76142762840777
rds_cpu_utilization_e47b3b:2915:2931,0,rolling_64@0.975,4.324348188114417,22.76142762840777
rds_cpu_utilization_e47b3b:2923:2939,0,rolling_64@0.975,3.0223376360486496,22.76142762840777
rds_cpu_utilization_e47b3b:2931:2947,0,rolling_64@0.975,2.611690546554794,22.76142762840777
rds_cpu_utilization_e47b3b:2939:2955,0,rolling_64@0.975,2.611690546554794,22.76142762840777
rds_cpu_utilization_e47b3b:2947:2963,0,rolling_64@0.975,1.7843491145801642,22.76142762840777
rds_cpu_utilization_e47b3b:2955:2971,0,rolling_64@0.975,1.6960977247652396,22.76142762840777
rds_cpu_utilization_e47b3b:2963:2979,0,rolling_64@0.975,5.139264493206507,22.76142762840777
rds_cpu_utilization_e47b3b:2971:2987,0,rolling_64@0.975,5.139264493206507,22.76142762840777
rds_cpu_utilization_e47b3b:2979:2995,0,rolling_64@0.975,1.6998552388932253,22.76142762840777
rds_cpu_utilization_e47b3b:2987:3003,0,rolling_64@0.975,2.002090615859684,22.76142762840777
rds_cpu_utilization_e47b3b:2995:3011,0,rolling_64@0.975,2.002090615859684,22.76142762840777
rds_cpu_utilization_e47b3b:3003:3019,0,rolling_64@0.975,2.0134061692477476,22.76142762840777
rds_cpu_utilization_e47b3b:3011:3027,0,rolling_64@0.975,2.0134061692477476,22.76142762840777
rds_cpu_utilization_e47b3b:3019:3035,0,rolling_64@0.975,2.011359239115507,22.76142762840777
rds_cpu_utilization_e47b3b:3027:3043,0,rolling_64@0.975,2.0194356257964343,22.76142762840777
rds_cpu_utilization_e47b3b:3035:3051,0,rolling_64@0.975,2.0194356257964343,22.76142762840777
rds_cpu_utilization_e47b3b:3043:3059,0,rolling_64@0.975,1.999243118387004,22.76142762840777
rds_cpu_utilization_e47b3b:3051:3067,0,rolling_64@0.975,4.053017708931289,22.76142762840777
rds_cpu_utilization_e47b3b:3059:3075,0,rolling_64@0.975,4.053017708931289,22.76142762840777
rds_cpu_utilization_e47b3b:3067:3083,0,rolling_64@0.975,2.2819628734328155,22.76142762840777
rds_cpu_utilization_e47b3b:3075:3091,0,rolling_64@0.975,2.685849998592102,22.76142762840777
rds_cpu_utilization_e47b3b:3083:3099,0,rolling_64@0.975,2.685849998592102,22.76142762840777
rds_cpu_utilization_e47b3b:3091:3107,0,rolling_64@0.975,1.6930467290173798,22.76142762840777
rds_cpu_utilization_e47b3b:3099:3115,0,rolling_64@0.975,1.6930467290173798,22.76142762840777
rds_cpu_utilization_e47b3b:3107:3123,0,rolling_64@0.975,1.6448312183307663,22.76142762840777
rds_cpu_utilization_e47b3b:3115:3131,0,rolling_64@0.975,1.320790278612021,22.76142762840777
rds_cpu_utilization_e47b3b:3123:3139,0,rolling_64@0.975,2.345969169230627,22.76142762840777
rds_cpu_utilization_e47b3b:3131:3147,0,rolling_64@0.975,2.345969169230627,22.76142762840777
rds_cpu_utilization_e47b3b:3139:3155,0,rolling_64@0.975,1.8060879493510409,22.76142762840777
rds_cpu_utilization_e47b3b:3147:3163,0,rolling_64@0.975,1.5640171383981758,22.76142762840777
rds_cpu_utilization_e47b3b:3155:3171,0,rolling_64@0.975,2.977531275650068,22.76142762840777
rds_cpu_utilization_e47b3b:3163:3179,0,rolling_64@0.975,2.977531275650068,22.76142762840777
rds_cpu_utilization_e47b3b:3171:3187,0,rolling_64@0.975,1.9994299784042677,22.76142762840777
rds_cpu_utilization_e47b3b:3179:3195,0,rolling_64@0.975,1.9994299784042677,22.76142762840777
rds_cpu_utilization_e47b3b:3187:3203,0,rolling_64@0.975,1.5195089675024571,22.76142762840777
rds_cpu_utilization_e47b3b:3195:3211,0,rolling_64@0.975,1.5195089675024571,22.76142762840777
rds_cpu_utilization_e47b3b:3203:3219,0,rolling_64@0.975,1.3489846003674144,22.76142762840777
rds_cpu_utilization_e47b3b:2419:2435,0,rolling_64@0.99,26.425315103072727,26.98352810907183
rds_cpu_utilization_e47b3b:2427:2443,0,rolling_64@0.99,29.23328629291148,26.98352810907183
rds_cpu_utilization_e47b3b:2435:2451,0,rolling_64@0.99,29.23328629291148,26.98352810907183
rds_cpu_utilization_e47b3b:2443:2459,0,rolling_64@0.99,29.216367227602724,26.98352810907183
rds_cpu_utilization_e47b3b:2451:2467,0,rolling_64@0.99,1.2892126568733506,26.98352810907183
rds_cpu_utilization_e47b3b:2459:2475,0,rolling_64@0.99,1.2291095418752762,26.98352810907183
rds_cpu_utilization_e47b3b:2467:2483,0,rolling_64@0.99,1.3369375333842692,26.98352810907183
rds_cpu_utilization_e47b3b:2475:2491,1,rolling_64@0.99,1.37321684182442,26.98352810907183
rds_cpu_utilization_e47b3b:2483:2499,1,rolling_64@0.99,1.37321684182442,26.98352810907183
rds_cpu_utilization_e47b3b:2491:2507,1,rolling_64@0.99,1.344944866319839,26.98352810907183
rds_cpu_utilization_e47b3b:2499:2515,1,rolling_64@0.99,1.3489846003674144,26.98352810907183
rds_cpu_utilization_e47b3b:2507:2523,1,rolling_64@0.99,2.0194356257964343,26.98352810907183
rds_cpu_utilization_e47b3b:2515:2531,1,rolling_64@0.99,2.0194356257964343,26.98352810907183
rds_cpu_utilization_e47b3b:2523:2539,1,rolling_64@0.99,1.5388089608043312,26.98352810907183
rds_cpu_utilization_e47b3b:2531:2547,1,rolling_64@0.99,3.513816756320106,26.98352810907183
rds_cpu_utilization_e47b3b:2539:2555,1,rolling_64@0.99,3.513816756320106,26.98352810907183
rds_cpu_utilization_e47b3b:2547:2563,1,rolling_64@0.99,2.023472278429786,26.98352810907183
rds_cpu_utilization_e47b3b:2555:2571,1,rolling_64@0.99,2.023472278429786,26.98352810907183
rds_cpu_utilization_e47b3b:2563:2579,1,rolling_64@0.99,2.0194356257964343,26.98352810907183
rds_cpu_utilization_e47b3b:2571:2587,1,rolling_64@0.99,15.480994246894879,26.98352810907183
rds_cpu_utilization_e47b3b:2579:2595,1,rolling_64@0.99,20.428564866098547,26.98352810907183
rds_cpu_utilization_e47b3b:2587:2603,1,rolling_64@0.99,20.428564866098547,26.98352810907183
rds_cpu_utilization_e47b3b:2595:2611,1,rolling_64@0.99,19.280918413457545,26.98352810907183
rds_cpu_utilization_e47b3b:2603:2619,1,rolling_64@0.99,9.471153393126698,26.98352810907183
rds_cpu_utilization_e47b3b:2611:2627,1,rolling_64@0.99,5.586775650289565,26.98352810907183
rds_cpu_utilization_e47b3b:2619:2635,1,rolling_64@0.99,0.9988044554365163,26.98352810907183
rds_cpu_utilization_e47b3b:2627:2643,1,rolling_64@0.99,1.3106132897438945,26.98352810907183
rds_cpu_utilization_e47b3b:2635:2651,1,rolling_64@0.99,1.3106132897438945,26.98352810907183
rds_cpu_utilization_e47b3b:2643:2659,1,rolling_64@0.99,1.1711916935448743,26.98352810907183
rds_cpu_utilization_e47b3b:2651:2667,1,rolling_64@0.99,2.1913887448530383,26.98352810907183
rds_cpu_utilization_e47b3b:2659:2675,1,rolling_64@0.99,2.1913887448530383,26.98352810907183
rds_cpu_utilization_e47b3b:2667:2683,1,rolling_64@0.99,1.404061439553245,26.98352810907183
rds_cpu_utilization_e47b3b:2675:2691,1,rolling_64@0.99,1.1728826216082933,26.98352810907183
rds_cpu_utilization_e47b3b:2683:2699,1,rolling_64@0.99,2.0275225918089137,26.98352810907183
rds_cpu_utilization_e47b3b:2691:2707,0,rolling_64@0.99,2.0275225918089137,26.98352810907183
rds_cpu_utilization_e47b3b:2699:2715,0,rolling_64@0.99,1.6050287922141298,26.98352810907183
rds_cpu_utilization_e47b3b:2707:2723,0,rolling_64@0.99,1.6050287922141298,26.98352810907183
rds_cpu_utilization_e47b3b:2715:2731,0,rolling_64@0.99,1.282601337746105,26.98352810907183
rds_cpu_utilization_e47b3b:2723:2739,0,rolling_64@0.99,1.282601337746105,26.98352810907183
rds_cpu_utilization_e47b3b:2731:2747,0,rolling_64@0.99,4.006796917273649,26.98352810907183
rds_cpu_utilization_e47b3b:2739:2755,0,rolling_64@0.99,4.006796917273649,26.98352810907183
rds_cpu_utilization_e47b3b:2747:2763,0,rolling_64@0.99,2.6116875547219687,26.98352810907183
rds_cpu_utilization_e47b3b:2755:2771,0,rolling_64@0.99,2.104128938102417,26.98352810907183
rds_cpu_utilization_e47b3b:2763:2779,0,rolling_64@0.99,2.1487139599533336,26.98352810907183
rds_cpu_utilization_e47b3b:2771:2787,0,rolling_64@0.99,2.1487139599533336,26.98352810907183
rds_cpu_utilization_e47b3b:2779:2795,0,rolling_64@0.99,2.423435791974781,26.98352810907183
rds_cpu_utilization_e47b3b:2787:2803,0,rolling_64@0.99,3.1041398658719657,26.98352810907183
rds_cpu_utilization_e47b3b:2795:2811,0,rolling_64@0.99,3.1041398658719657,26.98352810907183
rds_cpu_utilization_e47b3b:2803:2819,0,rolling_64@0.99,3.5129880210196074,26.98352810907183
rds_cpu_utilization_e47b3b:2811:2827,0,rolling_64@0.99,3.5129880210196074,26.98352810907183
rds_cpu_utilization_e47b3b:2819:2835,0,rolling_64@0.99,2.55233818874316,26.98352810907183
rds_cpu_utilization_e47b3b:2827:2843,0,rolling_64@0.99,2.55233818874316,26.98352810907183
rds_cpu_utilization_e47b3b:2835:2851,0,rolling_64@0.99,5.7331918881063855,26.98352810907183
rds_cpu_utilization_e47b3b:2843:2859,0,rolling_64@0.99,5.7331918881063855,26.98352810907183
rds_cpu_utilization_e47b3b:2851:2867,0,rolling_64@0.99,2.7082601869445995,26.98352810907183
rds_cpu_utilization_e47b3b:2859:2875,0,rolling_64@0.99,2.7082601869445995,26.98352810907183
rds_cpu_utilization_e47b3b:2867:2883,0,rolling_64@0.99,2.6878892711316555,26.98352810907183
rds_cpu_utilization_e47b3b:2875:2891,0,rolling_64@0.99,2.6738750667685385,26.98352810907183
rds_cpu_utilization_e47b3b:2883:2899,0,rolling_64@0.99,2.6738750667685385,26.98352810907183
rds_cpu_utilization_e47b3b:2891:2907,0,rolling_64@0.99,2.26306964023151,26.98352810907183
rds_cpu_utilization_e47b3b:2899:2915,0,rolling_64@0.99,2.26306964023151,26.98352810907183
rds_cpu_utilization_e47b3b:2907:2923,0,rolling_64@0.99,4.324348188114417,26.98352810907183
rds_cpu_utilization_e47b3b:2915:2931,0,rolling_64@0.99,4.324348188114417,26.98352810907183
rds_cpu_utilization_e47b3b:2923:2939,0,rolling_64@0.99,3.0223376360486496,26.98352810907183
rds_cpu_utilization_e47b3b:2931:2947,0,rolling_64@0.99,2.611690546554794,26.98352810907183
rds_cpu_utilization_e47b3b:2939:2955,0,rolling_64@0.99,2.611690546554794,26.98352810907183
rds_cpu_utilization_e47b3b:2947:2963,0,rolling_64@0.99,1.7843491145801642,26.98352810907183
rds_cpu_utilization_e47b3b:2955:2971,0,rolling_64@0.99,1.6960977247652396,26.98352810907183
rds_cpu_utilization_e47b3b:2963:2979,0,rolling_64@0.99,5.139264493206507,26.98352810907183
rds_cpu_utilization_e47b3b:2971:2987,0,rolling_64@0.99,5.139264493206507,26.98352810907183
rds_cpu_utilization_e47b3b:2979:2995,0,rolling_64@0.99,1.6998552388932253,26.98352810907183
rds_cpu_utilization_e47b3b:2987:3003,0,rolling_64@0.99,2.002090615859684,26.98352810907183
rds_cpu_utilization_e47b3b:2995:3011,0,rolling_64@0.99,2.002090615859684,26.98352810907183
rds_cpu_utilization_e47b3b:3003:3019,0,rolling_64@0.99,2.0134061692477476,26.98352810907183
rds_cpu_utilization_e47b3b:3011:3027,0,rolling_64@0.99,2.0134061692477476,26.98352810907183
rds_cpu_utilization_e47b3b:3019:3035,0,rolling_64@0.99,2.011359239115507,26.98352810907183
rds_cpu_utilization_e47b3b:3027:3043,0,rolling_64@0.99,2.0194356257964343,26.98352810907183
rds_cpu_utilization_e47b3b:3035:3051,0,rolling_64@0.99,2.0194356257964343,26.98352810907183
rds_cpu_utilization_e47b3b:3043:3059,0,rolling_64@0.99,1.999243118387004,26.98352810907183
rds_cpu_utilization_e47b3b:3051:3067,0,rolling_64@0.99,4.053017708931289,26.98352810907183
rds_cpu_utilization_e47b3b:3059:3075,0,rolling_64@0.99,4.053017708931289,26.98352810907183
rds_cpu_utilization_e47b3b:3067:3083,0,rolling_64@0.99,2.2819628734328155,26.98352810907183
rds_cpu_utilization_e47b3b:3075:3091,0,rolling_64@0.99,2.685849998592102,26.98352810907183
rds_cpu_utilization_e47b3b:3083:3099,0,rolling_64@0.99,2.685849998592102,26.98352810907183
rds_cpu_utilization_e47b3b:3091:3107,0,rolling_64@0.99,1.6930467290173798,26.98352810907183
rds_cpu_utilization_e47b3b:3099:3115,0,rolling_64@0.99,1.6930467290173798,26.98352810907183
rds_cpu_utilization_e47b3b:3107:3123,0,rolling_64@0.99,1.6448312183307663,26.98352810907183
rds_cpu_utilization_e47b3b:3115:3131,0,rolling_64@0.99,1.320790278612021,26.98352810907183
rds_cpu_utilization_e47b3b:3123:3139,0,rolling_64@0.99,2.345969169230627,26.98352810907183
rds_cpu_utilization_e47b3b:3131:3147,0,rolling_64@0.99,2.345969169230627,26.98352810907183
rds_cpu_utilization_e47b3b:3139:3155,0,rolling_64@0.99,1.8060879493510409,26.98352810907183
rds_cpu_utilization_e47b3b:3147:3163,0,rolling_64@0.99,1.5640171383981758,26.98352810907183
rds_cpu_utilization_e47b3b:3155:3171,0,rolling_64@0.99,2.977531275650068,26.98352810907183
rds_cpu_utilization_e47b3b:3163:3179,0,rolling_64@0.99,2.977531275650068,26.98352810907183
rds_cpu_utilization_e47b3b:3171:3187,0,rolling_64@0.99,1.9994299784042677,26.98352810907183
rds_cpu_utilization_e47b3b:3179:3195,0,rolling_64@0.99,1.9994299784042677,26.98352810907183
rds_cpu_utilization_e47b3b:3187:3203,0,rolling_64@0.99,1.5195089675024571,26.98352810907183
rds_cpu_utilization_e47b3b:3195:3211,0,rolling_64@0.99,1.5195089675024571,26.98352810907183
rds_cpu_utilization_e47b3b:3203:3219,0,rolling_64@0.99,1.3489846003674144,26.98352810907183
rds_cpu_utilization_e47b3b:2419:2435,0,rolling_128@0.95,26.425315103072727,22.76142762840777
rds_cpu_utilization_e47b3b:2427:2443,0,rolling_128@0.95,29.23328629291148,22.76142762840777
rds_cpu_utilization_e47b3b:2435:2451,0,rolling_128@0.95,29.23328629291148,22.76142762840777
rds_cpu_utilization_e47b3b:2443:2459,0,rolling_128@0.95,29.23328629291148,22.76142762840777
rds_cpu_utilization_e47b3b:2451:2467,0,rolling_128@0.95,29.23328629291148,22.76142762840777
rds_cpu_utilization_e47b3b:2459:2475,0,rolling_128@0.95,26.425315103072727,22.76142762840777
rds_cpu_utilization_e47b3b:2467:2483,0,rolling_128@0.95,26.425315103072727,22.76142762840777
rds_cpu_utilization_e47b3b:2475:2491,1,rolling_128@0.95,26.374570812611996,22.76142762840777
rds_cpu_utilization_e47b3b:2483:2499,1,rolling_128@0.95,2.2176130082288164,22.76142762840777
rds_cpu_utilization_e47b3b:2491:2507,1,rolling_128@0.95,0.6724769231973869,22.76142762840777
rds_cpu_utilization_e47b3b:2499:2515,1,rolling_128@0.95,1.012748331226846,22.76142762840777
rds_cpu_utilization_e47b3b:2507:2523,1,rolling_128@0.95,1.8825646757238592,22.76142762840777
rds_cpu_utilization_e47b3b:2515:2531,1,rolling_128@0.95,1.8825646757238592,22.76142762840777
rds_cpu_utilization_e47b3b:2523:2539,1,rolling_128@0.95,1.4831043651355678,22.76142762840777
rds_cpu_utilization_e47b3b:2531:2547,1,rolling_128@0.95,3.513816756320106,22.76142762840777
rds_cpu_utilization_e47b3b:2539:2555,1,rolling_128@0.95,3.513816756320106,22.76142762840777
rds_cpu_utilization_e47b3b:2547:2563,1,rolling_128@0.95,2.023472278429786,22.76142762840777
rds_cpu_utilization_e47b3b:2555:2571,1,rolling_128@0.95,2.023472278429786,22.76142762840777
rds_cpu_utilization_e47b3b:2563:2579,1,rolling_128@0.95,2.0194356257964343,22.76142762840777
rds_cpu_utilization_e47b3b:2571:2587,1,rolling_128@0.95,15.480994246894879,22.76142762840777
rds_cpu_utilization_e47b3b:2579:2595,1,rolling_128@0.95,20.432648182729494,22.76142762840777
rds_cpu_utilization_e47b3b:2587:2603,1,rolling_128@0.95,20.432648182729494,22.76142762840777
rds_cpu_utilization_e47b3b:2595:2611,1,rolling_128@0.95,19.51784717217107,22.76142762840777
rds_cpu_utilization_e47b3b:2603:2619,1,rolling_128@0.95,19.49608188869175,22.76142762840777
rds_cpu_utilization_e47b3b:2611:2627,1,rolling_128@0.95,14.115070049230777,22.76142762840777
rds_cpu_utilization_e47b3b:2619:2635,1,rolling_128@0.95,10.500021554992463,22.76142762840777
rds_cpu_utilization_e47b3b:2627:2643,1,rolling_128@0.95,8.752233262662331,22.76142762840777
rds_cpu_utilization_e47b3b:2635:2651,1,rolling_128@0.95,6.015551109756628,22.76142762840777
rds_cpu_utilization_e47b3b:2643:2659,1,rolling_128@0.95,3.610281063460966,22.76142762840777
rds_cpu_utilization_e47b3b:2651:2667,1,rolling_128@0.95,0.9718896294034022,22.76142762840777
rds_cpu_utilization_e47b3b:2659:2675,1,rolling_128@0.95,1.276304819942696,22.76142762840777
rds_cpu_utilization_e47b3b:2667:2683,1,rolling_128@0.95,1.276304819942696,22.76142762840777
rds_cpu_utilization_e47b3b:2675:2691,1,rolling_128@0.95,1.0137552312730087,22.76142762840777
rds_cpu_utilization_e47b3b:2683:2699,1,rolling_128@0.95,2.0234707377261927,22.76142762840777
rds_cpu_utilization_e47b3b:2691:2707,0,rolling_128@0.95,2.0234707377261927,22.76142762840777
rds_cpu_utilization_e47b3b:2699:2715,0,rolling_128@0.95,1.905312559290264,22.76142762840777
rds_cpu_utilization_e47b3b:2707:2723,0,rolling_128@0.95,1.905312559290264,22.76142762840777
rds_cpu_utilization_e47b3b:2715:2731,0,rolling_128@0.95,1.1754798868095189,22.76142762840777
rds_cpu_utilization_e47b3b:2723:2739,0,rolling_128@0.95,1.1754798868095189,22.76142762840777
rds_cpu_utilization_e47b3b:2731:2747,0,rolling_128@0.95,1.6943488115043783,22.76142762840777
rds_cpu_utilization_e47b3b:2739:2755,0,rolling_128@0.95,1.6943488115043783,22.76142762840777
rds_cpu_utilization_e47b3b:2747:2763,0,rolling_128@0.95,1.3561143479727518,22.76142762840777
rds_cpu_utilization_e47b3b:2755:2771,0,rolling_128@0.95,1.3561143479727518,22.76142762840777
rds_cpu_utilization_e47b3b:2763:2779,0,rolling_128@0.95,1.7161352071628972,22.76142762840777
rds_cpu_utilization_e47b3b:2771:2787,0,rolling_128@0.95,1.7161352071628972,22.76142762840777
rds_cpu_utilization_e47b3b:2779:2795,0,rolling_128@0.95,1.922583121044421,22.76142762840777
rds_cpu_utilization_e47b3b:2787:2803,0,rolling_128@0.95,2.9493387716889576,22.76142762840777
rds_cpu_utilization_e47b3b:2795:2811,0,rolling_128@0.95,2.9493387716889576,22.76142762840777
rds_cpu_utilization_e47b3b:2803:2819,0,rolling_128@0.95,3.1190766384376416,22.76142762840777
rds_cpu_utilization_e47b3b:2811:2827,0,rolling_128@0.95,3.1190766384376416,22.76142762840777
rds_cpu_utilization_e47b3b:2819:2835,0,rolling_128@0.95,2.3281975274756945,22.76142762840777
rds_cpu_utilization_e47b3b:2827:2843,0,rolling_128@0.95,2.120507408150328,22.76142762840777
rds_cpu_utilization_e47b3b:2835:2851,0,rolling_128@0.95,5.377275592202566,22.76142762840777
rds_cpu_utilization_e47b3b:2843:2859,0,rolling_128@0.95,5.377275592202566,22.76142762840777
rds_cpu_utilization_e47b3b:2851:2867,0,rolling_128@0.95,2.9438992321466824,22.76142762840777
rds_cpu_utilization_e47b3b:2859:2875,0,rolling_128@0.95,2.9438992321466824,22.76142762840777
rds_cpu_utilization_e47b3b:2867:2883,0,rolling_128@0.95,2.4553603349749094,22.76142762840777
rds_cpu_utilization_e47b3b:2875:2891,0,rolling_128@0.95,2.677899847740297,22.76142762840777
rds_cpu_utilization_e47b3b:2883:2899,0,rolling_128@0.95,2.677899847740297,22.76142762840777
rds_cpu_utilization_e47b3b:2891:2907,0,rolling_128@0.95,2.2603557611006417,22.76142762840777
rds_cpu_utilization_e47b3b:2899:2915,0,rolling_128@0.95,2.2603557611006417,22.76142762840777
rds_cpu_utilization_e47b3b:2907:2923,0,rolling_128@0.95,4.149034847124497,22.76142762840777
rds_cpu_utilization_e47b3b:2915:2931,0,rolling_128@0.95,4.149034847124497,22.76142762840777
rds_cpu_utilization_e47b3b:2923:2939,0,rolling_128@0.95,3.024054264022849,22.76142762840777
rds_cpu_utilization_e47b3b:2931:2947,0,rolling_128@0.95,1.7179203967342127,22.76142762840777
rds_cpu_utilization_e47b3b:2939:2955,0,rolling_128@0.95,1.7179203967342127,22.76142762840777
rds_cpu_utilization_e47b3b:2947:2963,0,rolling_128@0.95,1.8407364667290902,22.76142762840777
rds_cpu_utilization_e47b3b:2955:2971,0,rolling_128@0.95,2.156468601865113,22.76142762840777
rds_cpu_utilization_e47b3b:2963:2979,0,rolling_128@0.95,5.59277260977651,22.76142762840777
rds_cpu_utilization_e47b3b:2971:2987,0,rolling_128@0.95,5.59277260977651,22.76142762840777
rds_cpu_utilization_e47b3b:2979:2995,0,rolling_128@0.95,1.5873374327527419,22.76142762840777
rds_cpu_utilization_e47b3b:2987:3003,0,rolling_128@0.95,1.6644947649587711,22.76142762840777
rds_cpu_utilization_e47b3b:2995:3011,0,rolling_128@0.95,1.6644947649587711,22.76142762840777
rds_cpu_utilization_e47b3b:3003:3019,0,rolling_128@0.95,1.586053370543642,22.76142762840777
rds_cpu_utilization_e47b3b:3011:3027,0,rolling_128@0.95,1.586053370543642,22.76142762840777
rds_cpu_utilization_e47b3b:3019:3035,0,rolling_128@0.95,1.4362690427401485,22.76142762840777
rds_cpu_utilization_e47b3b:3027:3043,0,rolling_128@0.95,1.951552005877267,22.76142762840777
rds_cpu_utilization_e47b3b:3035:3051,0,rolling_128@0.95,1.9873403217230226,22.76142762840777
rds_cpu_utilization_e47b3b:3043:3059,0,rolling_128@0.95,1.9873403217230226,22.76142762840777
rds_cpu_utilization_e47b3b:3051:3067,0,rolling_128@0.95,4.038871251592869,22.76142762840777
rds_cpu_utilization_e47b3b:3059:3075,0,rolling_128@0.95,4.038871251592869,22.76142762840777
rds_cpu_utilization_e47b3b:3067:3083,0,rolling_128@0.95,2.2819628734328155,22.76142762840777
rds_cpu_utilization_e47b3b:3075:3091,0,rolling_128@0.95,2.685849998592102,22.76142762840777
rds_cpu_utilization_e47b3b:3083:3099,0,rolling_128@0.95,2.685849998592102,22.76142762840777
rds_cpu_utilization_e47b3b:3091:3107,0,rolling_128@0.95,2.0961751656292504,22.76142762840777
rds_cpu_utilization_e47b3b:3099:3115,0,rolling_128@0.95,3.1540135997966567,22.76142762840777
rds_cpu_utilization_e47b3b:3107:3123,0,rolling_128@0.95,3.186669170993635,22.76142762840777
rds_cpu_utilization_e47b3b:3115:3131,0,rolling_128@0.95,3.186669170993635,22.76142762840777
rds_cpu_utilization_e47b3b:3123:3139,0,rolling_128@0.95,2.601607643775043,22.76142762840777
rds_cpu_utilization_e47b3b:3131:3147,0,rolling_128@0.95,2.689889732639678,22.76142762840777
rds_cpu_utilization_e47b3b:3139:3155,0,rolling_128@0.95,2.952416980276059,22.76142762840777
rds_cpu_utilization_e47b3b:3147:3163,0,rolling_128@0.95,2.952416980276059,22.76142762840777
rds_cpu_utilization_e47b3b:3155:3171,0,rolling_128@0.95,1.8088624682446193,22.76142762840777
rds_cpu_utilization_e47b3b:3163:3179,0,rolling_128@0.95,1.5908277476896073,22.76142762840777
rds_cpu_utilization_e47b3b:3171:3187,0,rolling_128@0.95,1.5193427374710065,22.76142762840777
rds_cpu_utilization_e47b3b:3179:3195,0,rolling_128@0.95,1.400222500907764,22.76142762840777
rds_cpu_utilization_e47b3b:3187:3203,0,rolling_128@0.95,1.3425074944881459,22.76142762840777
rds_cpu_utilization_e47b3b:3195:3211,0,rolling_128@0.95,1.170507019377435,22.76142762840777
rds_cpu_utilization_e47b3b:3203:3219,0,rolling_128@0.95,0.895724675440843,22.76142762840777
rds_cpu_utilization_e47b3b:2419:2435,0,rolling_128@0.975,26.425315103072727,24.72362622932625
rds_cpu_utilization_e47b3b:2427:2443,0,rolling_128@0.975,29.23328629291148,24.72362622932625
rds_cpu_utilization_e47b3b:2435:2451,0,rolling_128@0.975,29.23328629291148,24.72362622932625
rds_cpu_utilization_e47b3b:2443:2459,0,rolling_128@0.975,29.23328629291148,24.72362622932625
rds_cpu_utilization_e47b3b:2451:2467,0,rolling_128@0.975,29.23328629291148,24.72362622932625
rds_cpu_utilization_e47b3b:2459:2475,0,rolling_128@0.975,26.425315103072727,24.72362622932625
rds_cpu_utilization_e47b3b:2467:2483,0,rolling_128@0.975,26.425315103072727,24.72362622932625
rds_cpu_utilization_e47b3b:2475:2491,1,rolling_128@0.975,26.374570812611996,24.72362622932625
rds_cpu_utilization_e47b3b:2483:2499,1,rolling_128@0.975,2.2176130082288164,24.72362622932625
rds_cpu_utilization_e47b3b:2491:2507,1,rolling_128@0.975,0.6724769231973869,24.72362622932625
rds_cpu_utilization_e47b3b:2499:2515,1,rolling_128@0.975,1.012748331226846,24.72362622932625
rds_cpu_utilization_e47b3b:2507:2523,1,rolling_128@0.975,1.8825646757238592,24.72362622932625
rds_cpu_utilization_e47b3b:2515:2531,1,rolling_128@0.975,1.8825646757238592,24.72362622932625
rds_cpu_utilization_e47b3b:2523:2539,1,rolling_128@0.975,1.4831043651355678,24.72362622932625
rds_cpu_utilization_e47b3b:2531:2547,1,rolling_128@0.975,3.513816756320106,24.72362622932625
rds_cpu_utilization_e47b3b:2539:2555,1,rolling_128@0.975,3.513816756320106,24.72362622932625
rds_cpu_utilization_e47b3b:2547:2563,1,rolling_128@0.975,2.023472278429786,24.72362622932625
rds_cpu_utilization_e47b3b:2555:2571,1,rolling_128@0.975,2.023472278429786,24.72362622932625
rds_cpu_utilization_e47b3b:2563:2579,1,rolling_128@0.975,2.0194356257964343,24.72362622932625
rds_cpu_utilization_e47b3b:2571:2587,1,rolling_128@0.975,15.480994246894879,24.72362622932625
rds_cpu_utilization_e47b3b:2579:2595,1,rolling_128@0.975,20.432648182729494,24.72362622932625
rds_cpu_utilization_e47b3b:2587:2603,1,rolling_128@0.975,20.432648182729494,24.72362622932625
rds_cpu_utilization_e47b3b:2595:2611,1,rolling_128@0.975,19.51784717217107,24.72362622932625
rds_cpu_utilization_e47b3b:2603:2619,1,rolling_128@0.975,19.49608188869175,24.72362622932625
rds_cpu_utilization_e47b3b:2611:2627,1,rolling_128@0.975,14.115070049230777,24.72362622932625
rds_cpu_utilization_e47b3b:2619:2635,1,rolling_128@0.975,10.500021554992463,24.72362622932625
rds_cpu_utilization_e47b3b:2627:2643,1,rolling_128@0.975,8.752233262662331,24.72362622932625
rds_cpu_utilization_e47b3b:2635:2651,1,rolling_128@0.975,6.015551109756628,24.72362622932625
rds_cpu_utilization_e47b3b:2643:2659,1,rolling_128@0.975,3.610281063460966,24.72362622932625
rds_cpu_utilization_e47b3b:2651:2667,1,rolling_128@0.975,0.9718896294034022,24.72362622932625
rds_cpu_utilization_e47b3b:2659:2675,1,rolling_128@0.975,1.276304819942696,24.72362622932625
rds_cpu_utilization_e47b3b:2667:2683,1,rolling_128@0.975,1.276304819942696,24.72362622932625
rds_cpu_utilization_e47b3b:2675:2691,1,rolling_128@0.975,1.0137552312730087,24.72362622932625
rds_cpu_utilization_e47b3b:2683:2699,1,rolling_128@0.975,2.0234707377261927,24.72362622932625
rds_cpu_utilization_e47b3b:2691:2707,0,rolling_128@0.975,2.0234707377261927,24.72362622932625
rds_cpu_utilization_e47b3b:2699:2715,0,rolling_128@0.975,1.905312559290264,24.72362622932625
rds_cpu_utilization_e47b3b:2707:2723,0,rolling_128@0.975,1.905312559290264,24.72362622932625
rds_cpu_utilization_e47b3b:2715:2731,0,rolling_128@0.975,1.1754798868095189,24.72362622932625
rds_cpu_utilization_e47b3b:2723:2739,0,rolling_128@0.975,1.1754798868095189,24.72362622932625
rds_cpu_utilization_e47b3b:2731:2747,0,rolling_128@0.975,1.6943488115043783,24.72362622932625
rds_cpu_utilization_e47b3b:2739:2755,0,rolling_128@0.975,1.6943488115043783,24.72362622932625
rds_cpu_utilization_e47b3b:2747:2763,0,rolling_128@0.975,1.3561143479727518,24.72362622932625
rds_cpu_utilization_e47b3b:2755:2771,0,rolling_128@0.975,1.3561143479727518,24.72362622932625
rds_cpu_utilization_e47b3b:2763:2779,0,rolling_128@0.975,1.7161352071628972,24.72362622932625
rds_cpu_utilization_e47b3b:2771:2787,0,rolling_128@0.975,1.7161352071628972,24.72362622932625
rds_cpu_utilization_e47b3b:2779:2795,0,rolling_128@0.975,1.922583121044421,24.72362622932625
rds_cpu_utilization_e47b3b:2787:2803,0,rolling_128@0.975,2.9493387716889576,24.72362622932625
rds_cpu_utilization_e47b3b:2795:2811,0,rolling_128@0.975,2.9493387716889576,24.72362622932625
rds_cpu_utilization_e47b3b:2803:2819,0,rolling_128@0.975,3.1190766384376416,24.72362622932625
rds_cpu_utilization_e47b3b:2811:2827,0,rolling_128@0.975,3.1190766384376416,24.72362622932625
rds_cpu_utilization_e47b3b:2819:2835,0,rolling_128@0.975,2.3281975274756945,24.72362622932625
rds_cpu_utilization_e47b3b:2827:2843,0,rolling_128@0.975,2.120507408150328,24.72362622932625
rds_cpu_utilization_e47b3b:2835:2851,0,rolling_128@0.975,5.377275592202566,24.72362622932625
rds_cpu_utilization_e47b3b:2843:2859,0,rolling_128@0.975,5.377275592202566,24.72362622932625
rds_cpu_utilization_e47b3b:2851:2867,0,rolling_128@0.975,2.9438992321466824,24.72362622932625
rds_cpu_utilization_e47b3b:2859:2875,0,rolling_128@0.975,2.9438992321466824,24.72362622932625
rds_cpu_utilization_e47b3b:2867:2883,0,rolling_128@0.975,2.4553603349749094,24.72362622932625
rds_cpu_utilization_e47b3b:2875:2891,0,rolling_128@0.975,2.677899847740297,24.72362622932625
rds_cpu_utilization_e47b3b:2883:2899,0,rolling_128@0.975,2.677899847740297,24.72362622932625
rds_cpu_utilization_e47b3b:2891:2907,0,rolling_128@0.975,2.2603557611006417,24.72362622932625
rds_cpu_utilization_e47b3b:2899:2915,0,rolling_128@0.975,2.2603557611006417,24.72362622932625
rds_cpu_utilization_e47b3b:2907:2923,0,rolling_128@0.975,4.149034847124497,24.72362622932625
rds_cpu_utilization_e47b3b:2915:2931,0,rolling_128@0.975,4.149034847124497,24.72362622932625
rds_cpu_utilization_e47b3b:2923:2939,0,rolling_128@0.975,3.024054264022849,24.72362622932625
rds_cpu_utilization_e47b3b:2931:2947,0,rolling_128@0.975,1.7179203967342127,24.72362622932625
rds_cpu_utilization_e47b3b:2939:2955,0,rolling_128@0.975,1.7179203967342127,24.72362622932625
rds_cpu_utilization_e47b3b:2947:2963,0,rolling_128@0.975,1.8407364667290902,24.72362622932625
rds_cpu_utilization_e47b3b:2955:2971,0,rolling_128@0.975,2.156468601865113,24.72362622932625
rds_cpu_utilization_e47b3b:2963:2979,0,rolling_128@0.975,5.59277260977651,24.72362622932625
rds_cpu_utilization_e47b3b:2971:2987,0,rolling_128@0.975,5.59277260977651,24.72362622932625
rds_cpu_utilization_e47b3b:2979:2995,0,rolling_128@0.975,1.5873374327527419,24.72362622932625
rds_cpu_utilization_e47b3b:2987:3003,0,rolling_128@0.975,1.6644947649587711,24.72362622932625
rds_cpu_utilization_e47b3b:2995:3011,0,rolling_128@0.975,1.6644947649587711,24.72362622932625
rds_cpu_utilization_e47b3b:3003:3019,0,rolling_128@0.975,1.586053370543642,24.72362622932625
rds_cpu_utilization_e47b3b:3011:3027,0,rolling_128@0.975,1.586053370543642,24.72362622932625
rds_cpu_utilization_e47b3b:3019:3035,0,rolling_128@0.975,1.4362690427401485,24.72362622932625
rds_cpu_utilization_e47b3b:3027:3043,0,rolling_128@0.975,1.951552005877267,24.72362622932625
rds_cpu_utilization_e47b3b:3035:3051,0,rolling_128@0.975,1.9873403217230226,24.72362622932625
rds_cpu_utilization_e47b3b:3043:3059,0,rolling_128@0.975,1.9873403217230226,24.72362622932625
rds_cpu_utilization_e47b3b:3051:3067,0,rolling_128@0.975,4.038871251592869,24.72362622932625
rds_cpu_utilization_e47b3b:3059:3075,0,rolling_128@0.975,4.038871251592869,24.72362622932625
rds_cpu_utilization_e47b3b:3067:3083,0,rolling_128@0.975,2.2819628734328155,24.72362622932625
rds_cpu_utilization_e47b3b:3075:3091,0,rolling_128@0.975,2.685849998592102,24.72362622932625
rds_cpu_utilization_e47b3b:3083:3099,0,rolling_128@0.975,2.685849998592102,24.72362622932625
rds_cpu_utilization_e47b3b:3091:3107,0,rolling_128@0.975,2.0961751656292504,24.72362622932625
rds_cpu_utilization_e47b3b:3099:3115,0,rolling_128@0.975,3.1540135997966567,24.72362622932625
rds_cpu_utilization_e47b3b:3107:3123,0,rolling_128@0.975,3.186669170993635,24.72362622932625
rds_cpu_utilization_e47b3b:3115:3131,0,rolling_128@0.975,3.186669170993635,24.72362622932625
rds_cpu_utilization_e47b3b:3123:3139,0,rolling_128@0.975,2.601607643775043,24.72362622932625
rds_cpu_utilization_e47b3b:3131:3147,0,rolling_128@0.975,2.689889732639678,24.72362622932625
rds_cpu_utilization_e47b3b:3139:3155,0,rolling_128@0.975,2.952416980276059,24.72362622932625
rds_cpu_utilization_e47b3b:3147:3163,0,rolling_128@0.975,2.952416980276059,24.72362622932625
rds_cpu_utilization_e47b3b:3155:3171,0,rolling_128@0.975,1.8088624682446193,24.72362622932625
rds_cpu_utilization_e47b3b:3163:3179,0,rolling_128@0.975,1.5908277476896073,24.72362622932625
rds_cpu_utilization_e47b3b:3171:3187,0,rolling_128@0.975,1.5193427374710065,24.72362622932625
rds_cpu_utilization_e47b3b:3179:3195,0,rolling_128@0.975,1.400222500907764,24.72362622932625
rds_cpu_utilization_e47b3b:3187:3203,0,rolling_128@0.975,1.3425074944881459,24.72362622932625
rds_cpu_utilization_e47b3b:3195:3211,0,rolling_128@0.975,1.170507019377435,24.72362622932625
rds_cpu_utilization_e47b3b:3203:3219,0,rolling_128@0.975,0.895724675440843,24.72362622932625
rds_cpu_utilization_e47b3b:2419:2435,0,rolling_128@0.99,26.425315103072727,26.98352810907183
rds_cpu_utilization_e47b3b:2427:2443,0,rolling_128@0.99,29.23328629291148,26.98352810907183
rds_cpu_utilization_e47b3b:2435:2451,0,rolling_128@0.99,29.23328629291148,26.98352810907183
rds_cpu_utilization_e47b3b:2443:2459,0,rolling_128@0.99,29.23328629291148,26.98352810907183
rds_cpu_utilization_e47b3b:2451:2467,0,rolling_128@0.99,29.23328629291148,26.98352810907183
rds_cpu_utilization_e47b3b:2459:2475,0,rolling_128@0.99,26.425315103072727,26.98352810907183
rds_cpu_utilization_e47b3b:2467:2483,0,rolling_128@0.99,26.425315103072727,26.98352810907183
rds_cpu_utilization_e47b3b:2475:2491,1,rolling_128@0.99,26.374570812611996,26.98352810907183
rds_cpu_utilization_e47b3b:2483:2499,1,rolling_128@0.99,2.2176130082288164,26.98352810907183
rds_cpu_utilization_e47b3b:2491:2507,1,rolling_128@0.99,0.6724769231973869,26.98352810907183
rds_cpu_utilization_e47b3b:2499:2515,1,rolling_128@0.99,1.012748331226846,26.98352810907183
rds_cpu_utilization_e47b3b:2507:2523,1,rolling_128@0.99,1.8825646757238592,26.98352810907183
rds_cpu_utilization_e47b3b:2515:2531,1,rolling_128@0.99,1.8825646757238592,26.98352810907183
rds_cpu_utilization_e47b3b:2523:2539,1,rolling_128@0.99,1.4831043651355678,26.98352810907183
rds_cpu_utilization_e47b3b:2531:2547,1,rolling_128@0.99,3.513816756320106,26.98352810907183
rds_cpu_utilization_e47b3b:2539:2555,1,rolling_128@0.99,3.513816756320106,26.98352810907183
rds_cpu_utilization_e47b3b:2547:2563,1,rolling_128@0.99,2.023472278429786,26.98352810907183
rds_cpu_utilization_e47b3b:2555:2571,1,rolling_128@0.99,2.023472278429786,26.98352810907183
rds_cpu_utilization_e47b3b:2563:2579,1,rolling_128@0.99,2.0194356257964343,26.98352810907183
rds_cpu_utilization_e47b3b:2571:2587,1,rolling_128@0.99,15.480994246894879,26.98352810907183
rds_cpu_utilization_e47b3b:2579:2595,1,rolling_128@0.99,20.432648182729494,26.98352810907183
rds_cpu_utilization_e47b3b:2587:2603,1,rolling_128@0.99,20.432648182729494,26.98352810907183
rds_cpu_utilization_e47b3b:2595:2611,1,rolling_128@0.99,19.51784717217107,26.98352810907183
rds_cpu_utilization_e47b3b:2603:2619,1,rolling_128@0.99,19.49608188869175,26.98352810907183
rds_cpu_utilization_e47b3b:2611:2627,1,rolling_128@0.99,14.115070049230777,26.98352810907183
rds_cpu_utilization_e47b3b:2619:2635,1,rolling_128@0.99,10.500021554992463,26.98352810907183
rds_cpu_utilization_e47b3b:2627:2643,1,rolling_128@0.99,8.752233262662331,26.98352810907183
rds_cpu_utilization_e47b3b:2635:2651,1,rolling_128@0.99,6.015551109756628,26.98352810907183
rds_cpu_utilization_e47b3b:2643:2659,1,rolling_128@0.99,3.610281063460966,26.98352810907183
rds_cpu_utilization_e47b3b:2651:2667,1,rolling_128@0.99,0.9718896294034022,26.98352810907183
rds_cpu_utilization_e47b3b:2659:2675,1,rolling_128@0.99,1.276304819942696,26.98352810907183
rds_cpu_utilization_e47b3b:2667:2683,1,rolling_128@0.99,1.276304819942696,26.98352810907183
rds_cpu_utilization_e47b3b:2675:2691,1,rolling_128@0.99,1.0137552312730087,26.98352810907183
rds_cpu_utilization_e47b3b:2683:2699,1,rolling_128@0.99,2.0234707377261927,26.98352810907183
rds_cpu_utilization_e47b3b:2691:2707,0,rolling_128@0.99,2.0234707377261927,26.98352810907183
rds_cpu_utilization_e47b3b:2699:2715,0,rolling_128@0.99,1.905312559290264,26.98352810907183
rds_cpu_utilization_e47b3b:2707:2723,0,rolling_128@0.99,1.905312559290264,26.98352810907183
rds_cpu_utilization_e47b3b:2715:2731,0,rolling_128@0.99,1.1754798868095189,26.98352810907183
rds_cpu_utilization_e47b3b:2723:2739,0,rolling_128@0.99,1.1754798868095189,26.98352810907183
rds_cpu_utilization_e47b3b:2731:2747,0,rolling_128@0.99,1.6943488115043783,26.98352810907183
rds_cpu_utilization_e47b3b:2739:2755,0,rolling_128@0.99,1.6943488115043783,26.98352810907183
rds_cpu_utilization_e47b3b:2747:2763,0,rolling_128@0.99,1.3561143479727518,26.98352810907183
rds_cpu_utilization_e47b3b:2755:2771,0,rolling_128@0.99,1.3561143479727518,26.98352810907183
rds_cpu_utilization_e47b3b:2763:2779,0,rolling_128@0.99,1.7161352071628972,26.98352810907183
rds_cpu_utilization_e47b3b:2771:2787,0,rolling_128@0.99,1.7161352071628972,26.98352810907183
rds_cpu_utilization_e47b3b:2779:2795,0,rolling_128@0.99,1.922583121044421,26.98352810907183
rds_cpu_utilization_e47b3b:2787:2803,0,rolling_128@0.99,2.9493387716889576,26.98352810907183
rds_cpu_utilization_e47b3b:2795:2811,0,rolling_128@0.99,2.9493387716889576,26.98352810907183
rds_cpu_utilization_e47b3b:2803:2819,0,rolling_128@0.99,3.1190766384376416,26.98352810907183
rds_cpu_utilization_e47b3b:2811:2827,0,rolling_128@0.99,3.1190766384376416,26.98352810907183
rds_cpu_utilization_e47b3b:2819:2835,0,rolling_128@0.99,2.3281975274756945,26.98352810907183
rds_cpu_utilization_e47b3b:2827:2843,0,rolling_128@0.99,2.120507408150328,26.98352810907183
rds_cpu_utilization_e47b3b:2835:2851,0,rolling_128@0.99,5.377275592202566,26.98352810907183
rds_cpu_utilization_e47b3b:2843:2859,0,rolling_128@0.99,5.377275592202566,26.98352810907183
rds_cpu_utilization_e47b3b:2851:2867,0,rolling_128@0.99,2.9438992321466824,26.98352810907183
rds_cpu_utilization_e47b3b:2859:2875,0,rolling_128@0.99,2.9438992321466824,26.98352810907183
rds_cpu_utilization_e47b3b:2867:2883,0,rolling_128@0.99,2.4553603349749094,26.98352810907183
rds_cpu_utilization_e47b3b:2875:2891,0,rolling_128@0.99,2.677899847740297,26.98352810907183
rds_cpu_utilization_e47b3b:2883:2899,0,rolling_128@0.99,2.677899847740297,26.98352810907183
rds_cpu_utilization_e47b3b:2891:2907,0,rolling_128@0.99,2.2603557611006417,26.98352810907183
rds_cpu_utilization_e47b3b:2899:2915,0,rolling_128@0.99,2.2603557611006417,26.98352810907183
rds_cpu_utilization_e47b3b:2907:2923,0,rolling_128@0.99,4.149034847124497,26.98352810907183
rds_cpu_utilization_e47b3b:2915:2931,0,rolling_128@0.99,4.149034847124497,26.98352810907183
rds_cpu_utilization_e47b3b:2923:2939,0,rolling_128@0.99,3.024054264022849,26.98352810907183
rds_cpu_utilization_e47b3b:2931:2947,0,rolling_128@0.99,1.7179203967342127,26.98352810907183
rds_cpu_utilization_e47b3b:2939:2955,0,rolling_128@0.99,1.7179203967342127,26.98352810907183
rds_cpu_utilization_e47b3b:2947:2963,0,rolling_128@0.99,1.8407364667290902,26.98352810907183
rds_cpu_utilization_e47b3b:2955:2971,0,rolling_128@0.99,2.156468601865113,26.98352810907183
rds_cpu_utilization_e47b3b:2963:2979,0,rolling_128@0.99,5.59277260977651,26.98352810907183
rds_cpu_utilization_e47b3b:2971:2987,0,rolling_128@0.99,5.59277260977651,26.98352810907183
rds_cpu_utilization_e47b3b:2979:2995,0,rolling_128@0.99,1.5873374327527419,26.98352810907183
rds_cpu_utilization_e47b3b:2987:3003,0,rolling_128@0.99,1.6644947649587711,26.98352810907183
rds_cpu_utilization_e47b3b:2995:3011,0,rolling_128@0.99,1.6644947649587711,26.98352810907183
rds_cpu_utilization_e47b3b:3003:3019,0,rolling_128@0.99,1.586053370543642,26.98352810907183
rds_cpu_utilization_e47b3b:3011:3027,0,rolling_128@0.99,1.586053370543642,26.98352810907183
rds_cpu_utilization_e47b3b:3019:3035,0,rolling_128@0.99,1.4362690427401485,26.98352810907183
rds_cpu_utilization_e47b3b:3027:3043,0,rolling_128@0.99,1.951552005877267,26.98352810907183
rds_cpu_utilization_e47b3b:3035:3051,0,rolling_128@0.99,1.9873403217230226,26.98352810907183
rds_cpu_utilization_e47b3b:3043:3059,0,rolling_128@0.99,1.9873403217230226,26.98352810907183
rds_cpu_utilization_e47b3b:3051:3067,0,rolling_128@0.99,4.038871251592869,26.98352810907183
rds_cpu_utilization_e47b3b:3059:3075,0,rolling_128@0.99,4.038871251592869,26.98352810907183
rds_cpu_utilization_e47b3b:3067:3083,0,rolling_128@0.99,2.2819628734328155,26.98352810907183
rds_cpu_utilization_e47b3b:3075:3091,0,rolling_128@0.99,2.685849998592102,26.98352810907183
rds_cpu_utilization_e47b3b:3083:3099,0,rolling_128@0.99,2.685849998592102,26.98352810907183
rds_cpu_utilization_e47b3b:3091:3107,0,rolling_128@0.99,2.0961751656292504,26.98352810907183
rds_cpu_utilization_e47b3b:3099:3115,0,rolling_128@0.99,3.1540135997966567,26.98352810907183
rds_cpu_utilization_e47b3b:3107:3123,0,rolling_128@0.99,3.186669170993635,26.98352810907183
rds_cpu_utilization_e47b3b:3115:3131,0,rolling_128@0.99,3.186669170993635,26.98352810907183
rds_cpu_utilization_e47b3b:3123:3139,0,rolling_128@0.99,2.601607643775043,26.98352810907183
rds_cpu_utilization_e47b3b:3131:3147,0,rolling_128@0.99,2.689889732639678,26.98352810907183
rds_cpu_utilization_e47b3b:3139:3155,0,rolling_128@0.99,2.952416980276059,26.98352810907183
rds_cpu_utilization_e47b3b:3147:3163,0,rolling_128@0.99,2.952416980276059,26.98352810907183
rds_cpu_utilization_e47b3b:3155:3171,0,rolling_128@0.99,1.8088624682446193,26.98352810907183
rds_cpu_utilization_e47b3b:3163:3179,0,rolling_128@0.99,1.5908277476896073,26.98352810907183
rds_cpu_utilization_e47b3b:3171:3187,0,rolling_128@0.99,1.5193427374710065,26.98352810907183
rds_cpu_utilization_e47b3b:3179:3195,0,rolling_128@0.99,1.400222500907764,26.98352810907183
rds_cpu_utilization_e47b3b:3187:3203,0,rolling_128@0.99,1.3425074944881459,26.98352810907183
rds_cpu_utilization_e47b3b:3195:3211,0,rolling_128@0.99,1.170507019377435,26.98352810907183
rds_cpu_utilization_e47b3b:3203:3219,0,rolling_128@0.99,0.895724675440843,26.98352810907183
