window_id,truth,detector,score,threshold
ec2_cpu_utilization_c6585a:2419:2435,0,autoencoder@0.95,0.30971473,0.787150502204895
ec2_cpu_utilization_c6585a:2427:2443,0,autoencoder@0.95,0.21975446,0.787150502204895
ec2_cpu_utilization_c6585a:2435:2451,0,autoencoder@0.95,0.11839929,0.787150502204895
ec2_cpu_utilization_c6585a:2443:2459,0,autoencoder@0.95,0.301124,0.787150502204895
ec2_cpu_utilization_c6585a:2451:2467,0,autoencoder@0.95,83.33931,0.787150502204895
ec2_cpu_utilization_c6585a:2459:2475,0,autoencoder@0.95,83.14748,0.787150502204895
ec2_cpu_utilization_c6585a:2467:2483,0,autoencoder@0.95,0.22288975,0.787150502204895
ec2_cpu_utilization_c6585a:2475:2491,0,autoencoder@0.95,0.08484395,0.787150502204895
ec2_cpu_utilization_c6585a:2483:2499,0,autoencoder@0.95,0.110832065,0.787150502204895
ec2_cpu_utilization_c6585a:2491:2507,0,autoencoder@0.95,0.12495449,0.787150502204895
ec2_cpu_utilization_c6585a:2499:2515,0,autoencoder@0.95,0.12787105,0.787150502204895
ec2_cpu_utilization_c6585a:2507:2523,0,autoencoder@0.95,0.29848838,0.787150502204895
ec2_cpu_utilization_c6585a:2515:2531,0,autoencoder@0.95,0.24204352,0.787150502204895
ec2_cpu_utilization_c6585a:2523:2539,0,autoencoder@0.95,0.237398,0.787150502204895
ec2_cpu_utilization_c6585a:2531:2547,0,autoencoder@0.95,0.21932437,0.787150502204895
ec2_cpu_utilization_c6585a:2539:2555,0,autoencoder@0.95,0.11980338,0.787150502204895
ec2_cpu_utilization_c6585a:2547:2563,0,autoencoder@0.95,0.13176861,0.787150502204895
ec2_cpu_utilization_c6585a:2555:2571,0,autoencoder@0.95,0.29513532,0.787150502204895
ec2_cpu_utilization_c6585a:2563:2579,0,autoencoder@0.95,0.23570961,0.787150502204895
ec2_cpu_utilization_c6585a:2571:2587,0,autoencoder@0.95,0.086842954,0.787150502204895
ec2_cpu_utilization_c6585a:2579:2595,0,autoencoder@0.95,0.27121103,0.787150502204895
ec2_cpu_utilization_c6585a:2587:2603,0,autoencoder@0.95,0.20715287,0.787150502204895
ec2_cpu_utilization_c6585a:2595:2611,0,autoencoder@0.95,0.11675593,0.787150502204895
ec2_cpu_utilization_c6585a:2603:2619,0,autoencoder@0.95,0.20736267,0.787150502204895
ec2_cpu_utilization_c6585a:2611:2627,0,autoencoder@0.95,0.26233116,0.787150502204895
ec2_cpu_utilization_c6585a:2619:2635,0,autoencoder@0.95,0.23801538,0.787150502204895
ec2_cpu_utilization_c6585a:2627:2643,0,autoencoder@0.95,0.20217131,0.787150502204895
ec2_cpu_utilization_c6585a:2635:2651,0,autoencoder@0.95,0.20859465,0.787150502204895
ec2_cpu_utilization_c6585a:2643:2659,0,autoencoder@0.95,0.17585416,0.787150502204895
ec2_cpu_utilization_c6585a:2651:2667,0,autoencoder@0.95,0.2188078,0.787150502204895
ec2_cpu_utilization_c6585a:2659:2675,0,autoencoder@0.95,0.10226554,0.787150502204895
ec2_cpu_utilization_c6585a:2667:2683,0,autoencoder@0.95,0.1158275,0.787150502204895
ec2_cpu_utilization_c6585a:2675:2691,0,autoencoder@0.95,0.11423691,0.787150502204895
ec2_cpu_utilization_c6585a:2683:2699,0,autoencoder@0.95,0.12965006,0.787150502204895
ec2_cpu_utilization_c6585a:2691:2707,0,autoencoder@0.95,0.25092214,0.787150502204895
ec2_cpu_utilization_c6585a:2699:2715,0,autoencoder@0.95,0.37457043,0.787150502204895
ec2_cpu_utilization_c6585a:2707:2723,0,autoencoder@0.95,0.21456507,0.787150502204895
ec2_cpu_utilization_c6585a:2715:2731,0,autoencoder@0.95,0.30898327,0.787150502204895
ec2_cpu_utilization_c6585a:2723:2739,0,autoencoder@0.95,0.35075387,0.787150502204895
ec2_cpu_utilization_c6585a:2731:2747,0,autoencoder@0.95,9.0896225,0.787150502204895
ec2_cpu_utilization_c6585a:2739:2755,0,autoencoder@0.95,8.129854,0.787150502204895
ec2_cpu_utilization_c6585a:2747:2763,0,autoencoder@0.95,0.115806304,0.787150502204895
ec2_cpu_utilization_c6585a:2755:2771,0,autoencoder@0.95,0.12669289,0.787150502204895
ec2_cpu_utilization_c6585a:2763:2779,0,autoencoder@0.95,0.17100531,0.787150502204895
ec2_cpu_utilization_c6585a:2771:2787,0,autoencoder@0.95,0.17582013,0.787150502204895
ec2_cpu_utilization_c6585a:2779:2795,0,autoencoder@0.95,0.75669765,0.787150502204895
ec2_cpu_utilization_c6585a:2787:2803,0,autoencoder@0.95,0.70400286,0.787150502204895
ec2_cpu_utilization_c6585a:2795:2811,0,autoencoder@0.95,0.21791701,0.787150502204895
ec2_cpu_utilization_c6585a:2803:2819,0,autoencoder@0.95,0.11705743,0.787150502204895
ec2_cpu_utilization_c6585a:2811:2827,0,autoencoder@0.95,0.2391273,0.787150502204895
ec2_cpu_utilization_c6585a:2819:2835,0,autoencoder@0.95,0.19197886,0.787150502204895
ec2_cpu_utilization_c6585a:2827:2843,0,autoencoder@0.95,0.21484843,0.787150502204895
ec2_cpu_utilization_c6585a:2835:2851,0,autoencoder@0.95,0.3578761,0.787150502204895
ec2_cpu_utilization_c6585a:2843:2859,0,autoencoder@0.95,0.2220412,0.787150502204895
ec2_cpu_utilization_c6585a:2851:2867,0,autoencoder@0.95,0.14117934,0.787150502204895
ec2_cpu_utilization_c6585a:2859:2875,0,autoencoder@0.95,0.22015403,0.787150502204895
ec2_cpu_utilization_c6585a:2867:2883,0,autoencoder@0.95,0.20095018,0.787150502204895
ec2_cpu_utilization_c6585a:2875:2891,0,autoencoder@0.95,0.11784714,0.787150502204895
ec2_cpu_utilization_c6585a:2883:2899,0,autoencoder@0.95,0.22688183,0.787150502204895
ec2_cpu_utilization_c6585a:2891:2907,0,autoencoder@0.95,0.280466,0.787150502204895
ec2_cpu_utilization_c6585a:2899:2915,0,autoencoder@0.95,0.2183497,0.787150502204895
ec2_cpu_utilization_c6585a:2907:2923,0,autoencoder@0.95,0.28368652,0.787150502204895
ec2_cpu_utilization_c6585a:2915:2931,0,autoencoder@0.95,0.24985483,0.787150502204895
ec2_cpu_utilization_c6585a:2923:2939,0,autoencoder@0.95,0.2357545,0.787150502204895
ec2_cpu_utilization_c6585a:2931:2947,0,autoencoder@0.95,0.1265853,0.787150502204895
ec2_cpu_utilization_c6585a:2939:2955,0,autoencoder@0.95,0.27795357,0.787150502204895
ec2_cpu_utilization_c6585a:2947:2963,0,autoencoder@0.95,0.22493407,0.787150502204895
ec2_cpu_utilization_c6585a:2955:2971,0,autoencoder@0.95,0.12455404,0.787150502204895
ec2_cpu_utilization_c6585a:2963:2979,0,autoencoder@0.95,0.2815261,0.787150502204895
ec2_cpu_utilization_c6585a:2971:2987,0,autoencoder@0.95,0.23742378,0.787150502204895
ec2_cpu_utilization_c6585a:2979:2995,0,autoencoder@0.95,0.22967373,0.787150502204895
ec2_cpu_utilization_c6585a:2987:3003,0,autoencoder@0.95,0.2130029,0.787150502204895
ec2_cpu_utilization_c6585a:2995:3011,0,autoencoder@0.95,0.15125054,0.787150502204895
ec2_cpu_utilization_c6585a:3003:3019,0,autoencoder@0.95,0.25912583,0.787150502204895
ec2_cpu_utilization_c6585a:3011:3027,0,autoencoder@0.95,0.30107078,0.787150502204895
ec2_cpu_utilization_c6585a:3019:3035,0,autoencoder@0.95,0.2177466,0.787150502204895
ec2_cpu_utilization_c6585a:3027:3043,0,autoencoder@0.95,0.2874563,0.787150502204895
ec2_cpu_utilization_c6585a:3035:3051,0,autoencoder@0.95,8.57282,0.787150502204895
ec2_cpu_utilization_c6585a:3043:3059,0,autoencoder@0.95,9.094524,0.787150502204895
ec2_cpu_utilization_c6585a:3051:3067,0,autoencoder@0.95,0.23630029,0.787150502204895
ec2_cpu_utilization_c6585a:3059:3075,0,autoencoder@0.95,0.2111437,0.787150502204895
ec2_cpu_utilization_c6585a:3067:3083,0,autoencoder@0.95,0.31853026,0.787150502204895
ec2_cpu_utilization_c6585a:3075:3091,0,autoencoder@0.95,0.23187983,0.787150502204895
ec2_cpu_utilization_c6585a:3083:3099,0,autoencoder@0.95,0.24753445,0.787150502204895
ec2_cpu_utilization_c6585a:3091:3107,0,autoencoder@0.95,0.27689463,0.787150502204895
ec2_cpu_utilization_c6585a:3099:3115,0,autoencoder@0.95,0.12178603,0.787150502204895
ec2_cpu_utilization_c6585a:3107:3123,0,autoencoder@0.95,0.21549332,0.787150502204895
ec2_cpu_utilization_c6585a:3115:3131,0,autoencoder@0.95,0.25895795,0.787150502204895
ec2_cpu_utilization_c6585a:3123:3139,0,autoencoder@0.95,0.22983894,0.787150502204895
ec2_cpu_utilization_c6585a:3131:3147,0,autoencoder@0.95,0.19574712,0.787150502204895
ec2_cpu_utilization_c6585a:3139:3155,0,autoencoder@0.95,0.77598614,0.787150502204895
ec2_cpu_utilization_c6585a:3147:3163,0,autoencoder@0.95,0.68086356,0.787150502204895
ec2_cpu_utilization_c6585a:3155:3171,0,autoencoder@0.95,0.27933258,0.787150502204895
ec2_cpu_utilization_c6585a:3163:3179,0,autoencoder@0.95,0.23368913,0.787150502204895
ec2_cpu_utilization_c6585a:3171:3187,0,autoencoder@0.95,0.25814736,0.787150502204895
ec2_cpu_utilization_c6585a:3179:3195,0,autoencoder@0.95,0.2985148,0.787150502204895
ec2_cpu_utilization_c6585a:3187:3203,0,autoencoder@0.95,0.20811982,0.787150502204895
ec2_cpu_utilization_c6585a:3195:3211,0,autoencoder@0.95,0.23696227,0.787150502204895
ec2_cpu_utilization_c6585a:3203:3219,0,autoencoder@0.95,0.28609246,0.787150502204895
ec2_cpu_utilization_c6585a:2419:2435,0,autoencoder@0.975,0.30971473,8.499129295349121
ec2_cpu_utilization_c6585a:2427:2443,0,autoencoder@0.975,0.21975446,8.499129295349121
ec2_cpu_utilization_c6585a:2435:2451,0,autoencoder@0.975,0.11839929,8.499129295349121
ec2_cpu_utilization_c6585a:2443:2459,0,autoencoder@0.975,0.301124,8.499129295349121
ec2_cpu_utilization_c6585a:2451:2467,0,autoencoder@0.975,83.33931,8.499129295349121
ec2_cpu_utilization_c6585a:2459:2475,0,autoencoder@0.975,83.14748,8.499129295349121
ec2_cpu_utilization_c6585a:2467:2483,0,autoencoder@0.975,0.22288975,8.499129295349121
ec2_cpu_utilization_c6585a:2475:2491,0,autoencoder@0.975,0.08484395,8.499129295349121
ec2_cpu_utilization_c6585a:2483:2499,0,autoencoder@0.975,0.110832065,8.499129295349121
ec2_cpu_utilization_c6585a:2491:2507,0,autoencoder@0.975,0.12495449,8.499129295349121
ec2_cpu_utilization_c6585a:2499:2515,0,autoencoder@0.975,0.12787105,8.499129295349121
ec2_cpu_utilization_c6585a:2507:2523,0,autoencoder@0.975,0.29848838,8.499129295349121
ec2_cpu_utilization_c6585a:2515:2531,0,autoencoder@0.975,0.24204352,8.499129295349121
ec2_cpu_utilization_c6585a:2523:2539,0,autoencoder@0.975,0.237398,8.499129295349121
ec2_cpu_utilization_c6585a:2531:2547,0,autoencoder@0.975,0.21932437,8.499129295349121
ec2_cpu_utilization_c6585a:2539:2555,0,autoencoder@0.975,0.11980338,8.499129295349121
ec2_cpu_utilization_c6585a:2547:2563,0,autoencoder@0.975,0.13176861,8.499129295349121
ec2_cpu_utilization_c6585a:2555:2571,0,autoencoder@0.975,0.29513532,8.499129295349121
ec2_cpu_utilization_c6585a:2563:2579,0,autoencoder@0.975,0.23570961,8.499129295349121
ec2_cpu_utilization_c6585a:2571:2587,0,autoencoder@0.975,0.086842954,8.499129295349121
ec2_cpu_utilization_c6585a:2579:2595,0,autoencoder@0.975,0.27121103,8.499129295349121
ec2_cpu_utilization_c6585a:2587:2603,0,autoencoder@0.975,0.20715287,8.499129295349121
ec2_cpu_utilization_c6585a:2595:2611,0,autoencoder@0.975,0.11675593,8.499129295349121
ec2_cpu_utilization_c6585a:2603:2619,0,autoencoder@0.975,0.20736267,8.499129295349121
ec2_cpu_utilization_c6585a:2611:2627,0,autoencoder@0.975,0.26233116,8.499129295349121
ec2_cpu_utilization_c6585a:2619:2635,0,autoencoder@0.975,0.23801538,8.499129295349121
ec2_cpu_utilization_c6585a:2627:2643,0,autoencoder@0.975,0.20217131,8.499129295349121
ec2_cpu_utilization_c6585a:2635:2651,0,autoencoder@0.975,0.20859465,8.499129295349121
ec2_cpu_utilization_c6585a:2643:2659,0,autoencoder@0.975,0.17585416,8.499129295349121
ec2_cpu_utilization_c6585a:2651:2667,0,autoencoder@0.975,0.2188078,8.499129295349121
ec2_cpu_utilization_c6585a:2659:2675,0,autoencoder@0.975,0.10226554,8.499129295349121
ec2_cpu_utilization_c6585a:2667:2683,0,autoencoder@0.975,0.1158275,8.499129295349121
ec2_cpu_utilization_c6585a:2675:2691,0,autoencoder@0.975,0.11423691,8.499129295349121
ec2_cpu_utilization_c6585a:2683:2699,0,autoencoder@0.975,0.12965006,8.499129295349121
ec2_cpu_utilization_c6585a:2691:2707,0,autoencoder@0.975,0.25092214,8.499129295349121
ec2_cpu_utilization_c6585a:2699:2715,0,autoencoder@0.975,0.37457043,8.499129295349121
ec2_cpu_utilization_c6585a:2707:2723,0,autoencoder@0.975,0.21456507,8.499129295349121
ec2_cpu_utilization_c6585a:2715:2731,0,autoencoder@0.975,0.30898327,8.499129295349121
ec2_cpu_utilization_c6585a:2723:2739,0,autoencoder@0.975,0.35075387,8.499129295349121
ec2_cpu_utilization_c6585a:2731:2747,0,autoencoder@0.975,9.0896225,8.499129295349121
ec2_cpu_utilization_c6585a:2739:2755,0,autoencoder@0.975,8.129854,8.499129295349121
ec2_cpu_utilization_c6585a:2747:2763,0,autoencoder@0.975,0.115806304,8.499129295349121
ec2_cpu_utilization_c6585a:2755:2771,0,autoencoder@0.975,0.12669289,8.499129295349121
ec2_cpu_utilization_c6585a:2763:2779,0,autoencoder@0.975,0.17100531,8.499129295349121
ec2_cpu_utilization_c6585a:2771:2787,0,autoencoder@0.975,0.17582013,8.499129295349121
ec2_cpu_utilization_c6585a:2779:2795,0,autoencoder@0.975,0.75669765,8.499129295349121
ec2_cpu_utilization_c6585a:2787:2803,0,autoencoder@0.975,0.70400286,8.499129295349121
ec2_cpu_utilization_c6585a:2795:2811,0,autoencoder@0.975,0.21791701,8.499129295349121
ec2_cpu_utilization_c6585a:2803:2819,0,autoencoder@0.975,0.11705743,8.499129295349121
ec2_cpu_utilization_c6585a:2811:2827,0,autoencoder@0.975,0.2391273,8.499129295349121
ec2_cpu_utilization_c6585a:2819:2835,0,autoencoder@0.975,0.19197886,8.499129295349121
ec2_cpu_utilization_c6585a:2827:2843,0,autoencoder@0.975,0.21484843,8.499129295349121
ec2_cpu_utilization_c6585a:2835:2851,0,autoencoder@0.975,0.3578761,8.499129295349121
ec2_cpu_utilization_c6585a:2843:2859,0,autoencoder@0.975,0.2220412,8.499129295349121
ec2_cpu_utilization_c6585a:2851:2867,0,autoencoder@0.975,0.14117934,8.499129295349121
ec2_cpu_utilization_c6585a:2859:2875,0,autoencoder@0.975,0.22015403,8.499129295349121
ec2_cpu_utilization_c6585a:2867:2883,0,autoencoder@0.975,0.20095018,8.499129295349121
ec2_cpu_utilization_c6585a:2875:2891,0,autoencoder@0.975,0.11784714,8.499129295349121
ec2_cpu_utilization_c6585a:2883:2899,0,autoencoder@0.975,0.22688183,8.499129295349121
ec2_cpu_utilization_c6585a:2891:2907,0,autoencoder@0.975,0.280466,8.499129295349121
ec2_cpu_utilization_c6585a:2899:2915,0,autoencoder@0.975,0.2183497,8.499129295349121
ec2_cpu_utilization_c6585a:2907:2923,0,autoencoder@0.975,0.28368652,8.499129295349121
ec2_cpu_utilization_c6585a:2915:2931,0,autoencoder@0.975,0.24985483,8.499129295349121
ec2_cpu_utilization_c6585a:2923:2939,0,autoencoder@0.975,0.2357545,8.499129295349121
ec2_cpu_utilization_c6585a:2931:2947,0,autoencoder@0.975,0.1265853,8.499129295349121
ec2_cpu_utilization_c6585a:2939:2955,0,autoencoder@0.975,0.27795357,8.499129295349121
ec2_cpu_utilization_c6585a:2947:2963,0,autoencoder@0.975,0.22493407,8.499129295349121
ec2_cpu_utilization_c6585a:2955:2971,0,autoencoder@0.975,0.12455404,8.499129295349121
ec2_cpu_utilization_c6585a:2963:2979,0,autoencoder@0.975,0.2815261,8.499129295349121
ec2_cpu_utilization_c6585a:2971:2987,0,autoencoder@0.975,0.23742378,8.499129295349121
ec2_cpu_utilization_c6585a:2979:2995,0,autoencoder@0.975,0.22967373,8.499129295349121
ec2_cpu_utilization_c6585a:2987:3003,0,autoencoder@0.975,0.2130029,8.499129295349121
ec2_cpu_utilization_c6585a:2995:3011,0,autoencoder@0.975,0.15125054,8.499129295349121
ec2_cpu_utilization_c6585a:3003:3019,0,autoencoder@0.975,0.25912583,8.499129295349121
ec2_cpu_utilization_c6585a:3011:3027,0,autoencoder@0.975,0.30107078,8.499129295349121
ec2_cpu_utilization_c6585a:3019:3035,0,autoencoder@0.975,0.2177466,8.499129295349121
ec2_cpu_utilization_c6585a:3027:3043,0,autoencoder@0.975,0.2874563,8.499129295349121
ec2_cpu_utilization_c6585a:3035:3051,0,autoencoder@0.975,8.57282,8.499129295349121
ec2_cpu_utilization_c6585a:3043:3059,0,autoencoder@0.975,9.094524,8.499129295349121
ec2_cpu_utilization_c6585a:3051:3067,0,autoencoder@0.975,0.23630029,8.499129295349121
ec2_cpu_utilization_c6585a:3059:3075,0,autoencoder@0.975,0.2111437,8.499129295349121
ec2_cpu_utilization_c6585a:3067:3083,0,autoencoder@0.975,0.31853026,8.499129295349121
ec2_cpu_utilization_c6585a:3075:3091,0,autoencoder@0.975,0.23187983,8.499129295349121
ec2_cpu_utilization_c6585a:3083:3099,0,autoencoder@0.975,0.24753445,8.499129295349121
ec2_cpu_utilization_c6585a:3091:3107,0,autoencoder@0.975,0.27689463,8.499129295349121
ec2_cpu_utilization_c6585a:3099:3115,0,autoencoder@0.975,0.12178603,8.499129295349121
ec2_cpu_utilization_c6585a:3107:3123,0,autoencoder@0.975,0.21549332,8.499129295349121
ec2_cpu_utilization_c6585a:3115:3131,0,autoencoder@0.975,0.25895795,8.499129295349121
ec2_cpu_utilization_c6585a:3123:3139,0,autoencoder@0.975,0.22983894,8.499129295349121
ec2_cpu_utilization_c6585a:3131:3147,0,autoencoder@0.975,0.19574712,8.499129295349121
ec2_cpu_utilization_c6585a:3139:3155,0,autoencoder@0.975,0.77598614,8.499129295349121
ec2_cpu_utilization_c6585a:3147:3163,0,autoencoder@0.975,0.68086356,8.499129295349121
ec2_cpu_utilization_c6585a:3155:3171,0,autoencoder@0.975,0.27933258,8.499129295349121
ec2_cpu_utilization_c6585a:3163:3179,0,autoencoder@0.975,0.23368913,8.499129295349121
ec2_cpu_utilization_c6585a:3171:3187,0,autoencoder@0.975,0.25814736,8.499129295349121
ec2_cpu_utilization_c6585a:3179:3195,0,autoencoder@0.975,0.2985148,8.499129295349121
ec2_cpu_utilization_c6585a:3187:3203,0,autoencoder@0.975,0.20811982,8.499129295349121
ec2_cpu_utilization_c6585a:3195:3211,0,autoencoder@0.975,0.23696227,8.499129295349121
ec2_cpu_utilization_c6585a:3203:3219,0,autoencoder@0.975,0.28609246,8.499129295349121
ec2_cpu_utilization_c6585a:2419:2435,0,autoencoder@0.99,0.30971473,77.8304443359375
ec2_cpu_utilization_c6585a:2427:2443,0,autoencoder@0.99,0.21975446,77.8304443359375
ec2_cpu_utilization_c6585a:2435:2451,0,autoencoder@0.99,0.11839929,77.8304443359375
ec2_cpu_utilization_c6585a:2443:2459,0,autoencoder@0.99,0.301124,77.8304443359375
ec2_cpu_utilization_c6585a:2451:2467,0,autoencoder@0.99,83.33931,77.8304443359375
ec2_cpu_utilization_c6585a:2459:2475,0,autoencoder@0.99,83.14748,77.8304443359375
ec2_cpu_utilization_c6585a:2467:2483,0,autoencoder@0.99,0.22288975,77.8304443359375
ec2_cpu_utilization_c6585a:2475:2491,0,autoencoder@0.99,0.08484395,77.8304443359375
ec2_cpu_utilization_c6585a:2483:2499,0,autoencoder@0.99,0.110832065,77.8304443359375
ec2_cpu_utilization_c6585a:2491:2507,0,autoencoder@0.99,0.12495449,77.8304443359375
ec2_cpu_utilization_c6585a:2499:2515,0,autoencoder@0.99,0.12787105,77.8304443359375
ec2_cpu_utilization_c6585a:2507:2523,0,autoencoder@0.99,0.29848838,77.8304443359375
ec2_cpu_utilization_c6585a:2515:2531,0,autoencoder@0.99,0.24204352,77.8304443359375
ec2_cpu_utilization_c6585a:2523:2539,0,autoencoder@0.99,0.237398,77.8304443359375
ec2_cpu_utilization_c6585a:2531:2547,0,autoencoder@0.99,0.21932437,77.8304443359375
ec2_cpu_utilization_c6585a:2539:2555,0,autoencoder@0.99,0.11980338,77.8304443359375
ec2_cpu_utilization_c6585a:2547:2563,0,autoencoder@0.99,0.13176861,77.8304443359375
ec2_cpu_utilization_c6585a:2555:2571,0,autoencoder@0.99,0.29513532,77.8304443359375
ec2_cpu_utilization_c6585a:2563:2579,0,autoencoder@0.99,0.23570961,77.8304443359375
ec2_cpu_utilization_c6585a:2571:2587,0,autoencoder@0.99,0.086842954,77.8304443359375
ec2_cpu_utilization_c6585a:2579:2595,0,autoencoder@0.99,0.27121103,77.8304443359375
ec2_cpu_utilization_c6585a:2587:2603,0,autoencoder@0.99,0.20715287,77.8304443359375
ec2_cpu_utilization_c6585a:2595:2611,0,autoencoder@0.99,0.11675593,77.8304443359375
ec2_cpu_utilization_c6585a:2603:2619,0,autoencoder@0.99,0.20736267,77.8304443359375
ec2_cpu_utilization_c6585a:2611:2627,0,autoencoder@0.99,0.26233116,77.8304443359375
ec2_cpu_utilization_c6585a:2619:2635,0,autoencoder@0.99,0.23801538,77.8304443359375
ec2_cpu_utilization_c6585a:2627:2643,0,autoencoder@0.99,0.20217131,77.8304443359375
ec2_cpu_utilization_c6585a:2635:2651,0,autoencoder@0.99,0.20859465,77.8304443359375
ec2_cpu_utilization_c6585a:2643:2659,0,autoencoder@0.99,0.17585416,77.8304443359375
ec2_cpu_utilization_c6585a:2651:2667,0,autoencoder@0.99,0.2188078,77.8304443359375
ec2_cpu_utilization_c6585a:2659:2675,0,autoencoder@0.99,0.10226554,77.8304443359375
ec2_cpu_utilization_c6585a:2667:2683,0,autoencoder@0.99,0.1158275,77.8304443359375
ec2_cpu_utilization_c6585a:2675:2691,0,autoencoder@0.99,0.11423691,77.8304443359375
ec2_cpu_utilization_c6585a:2683:2699,0,autoencoder@0.99,0.12965006,77.8304443359375
ec2_cpu_utilization_c6585a:2691:2707,0,autoencoder@0.99,0.25092214,77.8304443359375
ec2_cpu_utilization_c6585a:2699:2715,0,autoencoder@0.99,0.37457043,77.8304443359375
ec2_cpu_utilization_c6585a:2707:2723,0,autoencoder@0.99,0.21456507,77.8304443359375
ec2_cpu_utilization_c6585a:2715:2731,0,autoencoder@0.99,0.30898327,77.8304443359375
ec2_cpu_utilization_c6585a:2723:2739,0,autoencoder@0.99,0.35075387,77.8304443359375
ec2_cpu_utilization_c6585a:2731:2747,0,autoencoder@0.99,9.0896225,77.8304443359375
ec2_cpu_utilization_c6585a:2739:2755,0,autoencoder@0.99,8.129854,77.8304443359375
ec2_cpu_utilization_c6585a:2747:2763,0,autoencoder@0.99,0.115806304,77.8304443359375
ec2_cpu_utilization_c6585a:2755:2771,0,autoencoder@0.99,0.12669289,77.8304443359375
ec2_cpu_utilization_c6585a:2763:2779,0,autoencoder@0.99,0.17100531,77.8304443359375
ec2_cpu_utilization_c6585a:2771:2787,0,autoencoder@0.99,0.17582013,77.8304443359375
ec2_cpu_utilization_c6585a:2779:2795,0,autoencoder@0.99,0.75669765,77.8304443359375
ec2_cpu_utilization_c6585a:2787:2803,0,autoencoder@0.99,0.70400286,77.8304443359375
ec2_cpu_utilization_c6585a:2795:2811,0,autoencoder@0.99,0.21791701,77.8304443359375
ec2_cpu_utilization_c6585a:2803:2819,0,autoencoder@0.99,0.11705743,77.8304443359375
ec2_cpu_utilization_c6585a:2811:2827,0,autoencoder@0.99,0.2391273,77.8304443359375
ec2_cpu_utilization_c6585a:2819:2835,0,autoencoder@0.99,0.19197886,77.8304443359375
ec2_cpu_utilization_c6585a:2827:2843,0,autoencoder@0.99,0.21484843,77.8304443359375
ec2_cpu_utilization_c6585a:2835:2851,0,autoencoder@0.99,0.3578761,77.8304443359375
ec2_cpu_utilization_c6585a:2843:2859,0,autoencoder@0.99,0.2220412,77.8304443359375
ec2_cpu_utilization_c6585a:2851:2867,0,autoencoder@0.99,0.14117934,77.8304443359375
ec2_cpu_utilization_c6585a:2859:2875,0,autoencoder@0.99,0.22015403,77.8304443359375
ec2_cpu_utilization_c6585a:2867:2883,0,autoencoder@0.99,0.20095018,77.8304443359375
ec2_cpu_utilization_c6585a:2875:2891,0,autoencoder@0.99,0.11784714,77.8304443359375
ec2_cpu_utilization_c6585a:2883:2899,0,autoencoder@0.99,0.22688183,77.8304443359375
ec2_cpu_utilization_c6585a:2891:2907,0,autoencoder@0.99,0.280466,77.8304443359375
ec2_cpu_utilization_c6585a:2899:2915,0,autoencoder@0.99,0.2183497,77.8304443359375
ec2_cpu_utilization_c6585a:2907:2923,0,autoencoder@0.99,0.28368652,77.8304443359375
ec2_cpu_utilization_c6585a:2915:2931,0,autoencoder@0.99,0.24985483,77.8304443359375
ec2_cpu_utilization_c6585a:2923:2939,0,autoencoder@0.99,0.2357545,77.8304443359375
ec2_cpu_utilization_c6585a:2931:2947,0,autoencoder@0.99,0.1265853,77.8304443359375
ec2_cpu_utilization_c6585a:2939:2955,0,autoencoder@0.99,0.27795357,77.8304443359375
ec2_cpu_utilization_c6585a:2947:2963,0,autoencoder@0.99,0.22493407,77.8304443359375
ec2_cpu_utilization_c6585a:2955:2971,0,autoencoder@0.99,0.12455404,77.8304443359375
ec2_cpu_utilization_c6585a:2963:2979,0,autoencoder@0.99,0.2815261,77.8304443359375
ec2_cpu_utilization_c6585a:2971:2987,0,autoencoder@0.99,0.23742378,77.8304443359375
ec2_cpu_utilization_c6585a:2979:2995,0,autoencoder@0.99,0.22967373,77.8304443359375
ec2_cpu_utilization_c6585a:2987:3003,0,autoencoder@0.99,0.2130029,77.8304443359375
ec2_cpu_utilization_c6585a:2995:3011,0,autoencoder@0.99,0.15125054,77.8304443359375
ec2_cpu_utilization_c6585a:3003:3019,0,autoencoder@0.99,0.25912583,77.8304443359375
ec2_cpu_utilization_c6585a:3011:3027,0,autoencoder@0.99,0.30107078,77.8304443359375
ec2_cpu_utilization_c6585a:3019:3035,0,autoencoder@0.99,0.2177466,77.8304443359375
ec2_cpu_utilization_c6585a:3027:3043,0,autoencoder@0.99,0.2874563,77.8304443359375
ec2_cpu_utilization_c6585a:3035:3051,0,autoencoder@0.99,8.57282,77.8304443359375
ec2_cpu_utilization_c6585a:3043:3059,0,autoencoder@0.99,9.094524,77.8304443359375
ec2_cpu_utilization_c6585a:3051:3067,0,autoencoder@0.99,0.23630029,77.8304443359375
ec2_cpu_utilization_c6585a:3059:3075,0,autoencoder@0.99,0.2111437,77.8304443359375
ec2_cpu_utilization_c6585a:3067:3083,0,autoencoder@0.99,0.31853026,77.8304443359375
ec2_cpu_utilization_c6585a:3075:3091,0,autoencoder@0.99,0.23187983,77.8304443359375
ec2_cpu_utilization_c6585a:3083:3099,0,autoencoder@0.99,0.24753445,77.8304443359375
ec2_cpu_utilization_c6585a:3091:3107,0,autoencoder@0.99,0.27689463,77.8304443359375
ec2_cpu_utilization_c6585a:3099:3115,0,autoencoder@0.99,0.12178603,77.8304443359375
ec2_cpu_utilization_c6585a:3107:3123,0,autoencoder@0.99,0.21549332,77.8304443359375
ec2_cpu_utilization_c6585a:3115:3131,0,autoencoder@0.99,0.25895795,77.8304443359375
ec2_cpu_utilization_c6585a:3123:3139,0,autoencoder@0.99,0.22983894,77.8304443359375
ec2_cpu_utilization_c6585a:3131:3147,0,autoencoder@0.99,0.19574712,77.8304443359375
ec2_cpu_utilization_c6585a:3139:3155,0,autoencoder@0.99,0.77598614,77.8304443359375
ec2_cpu_utilization_c6585a:3147:3163,0,autoencoder@0.99,0.68086356,77.8304443359375
ec2_cpu_utilization_c6585a:3155:3171,0,autoencoder@0.99,0.27933258,77.8304443359375
ec2_cpu_utilization_c6585a:3163:3179,0,autoencoder@0.99,0.23368913,77.8304443359375
ec2_cpu_utilization_c6585a:3171:3187,0,autoencoder@0.99,0.25814736,77.8304443359375
ec2_cpu_utilization_c6585a:3179:3195,0,autoencoder@0.99,0.2985148,77.8304443359375
ec2_cpu_utilization_c6585a:3187:3203,0,autoencoder@0.99,0.20811982,77.8304443359375
ec2_cpu_utilization_c6585a:3195:3211,0,autoencoder@0.99,0.23696227,77.8304443359375
ec2_cpu_utilization_c6585a:3203:3219,0,autoencoder@0.99,0.28609246,77.8304443359375
ec2_cpu_utilization_c6585a:2419:2435,0,max_abs_z@0.95,1.7755458,3.311119794845581
ec2_cpu_utilization_c6585a:2427:2443,0,max_abs_z@0.95,1.2477496,3.311119794845581
ec2_cpu_utilization_c6585a:2435:2451,0,max_abs_z@0.95,0.7566677,3.311119794845581
ec2_cpu_utilization_c6585a:2443:2459,0,max_abs_z@0.95,1.7754879,3.311119794845581
ec2_cpu_utilization_c6585a:2451:2467,0,max_abs_z@0.95,44.457687,3.311119794845581
ec2_cpu_utilization_c6585a:2459:2475,0,max_abs_z@0.95,44.457687,3.311119794845581
ec2_cpu_utilization_c6585a:2467:2483,0,max_abs_z@0.95,1.4396456,3.311119794845581
ec2_cpu_utilization_c6585a:2475:2491,0,max_abs_z@0.95,0.71760136,3.311119794845581
ec2_cpu_utilization_c6585a:2483:2499,0,max_abs_z@0.95,0.75667685,3.311119794845581
ec2_cpu_utilization_c6585a:2491:2507,0,max_abs_z@0.95,0.75667685,3.311119794845581
ec2_cpu_utilization_c6585a:2499:2515,0,max_abs_z@0.95,0.75667685,3.311119794845581
ec2_cpu_utilization_c6585a:2507:2523,0,max_abs_z@0.95,1.3761971,3.311119794845581
ec2_cpu_utilization_c6585a:2515:2531,0,max_abs_z@0.95,1.3761971,3.311119794845581
ec2_cpu_utilization_c6585a:2523:2539,0,max_abs_z@0.95,1.2469844,3.311119794845581
ec2_cpu_utilization_c6585a:2531:2547,0,max_abs_z@0.95,1.2477496,3.311119794845581
ec2_cpu_utilization_c6585a:2539:2555,0,max_abs_z@0.95,0.75667685,3.311119794845581
ec2_cpu_utilization_c6585a:2547:2563,0,max_abs_z@0.95,0.75667685,3.311119794845581
ec2_cpu_utilization_c6585a:2555:2571,0,max_abs_z@0.95,1.4396456,3.311119794845581
ec2_cpu_utilization_c6585a:2563:2579,0,max_abs_z@0.95,1.4396456,3.311119794845581
ec2_cpu_utilization_c6585a:2571:2587,0,max_abs_z@0.95,0.75667685,3.311119794845581
ec2_cpu_utilization_c6585a:2579:2595,0,max_abs_z@0.95,1.3761971,3.311119794845581
ec2_cpu_utilization_c6585a:2587:2603,0,max_abs_z@0.95,1.3761971,3.311119794845581
ec2_cpu_utilization_c6585a:2595:2611,0,max_abs_z@0.95,0.75667685,3.311119794845581
ec2_cpu_utilization_c6585a:2603:2619,0,max_abs_z@0.95,1.7754879,3.311119794845581
ec2_cpu_utilization_c6585a:2611:2627,0,max_abs_z@0.95,1.7755458,3.311119794845581
ec2_cpu_utilization_c6585a:2619:2635,0,max_abs_z@0.95,1.8423991,3.311119794845581
ec2_cpu_utilization_c6585a:2627:2643,0,max_abs_z@0.95,1.8424467,3.311119794845581
ec2_cpu_utilization_c6585a:2635:2651,0,max_abs_z@0.95,1.7755458,3.311119794845581
ec2_cpu_utilization_c6585a:2643:2659,0,max_abs_z@0.95,1.708645,3.311119794845581
ec2_cpu_utilization_c6585a:2651:2667,0,max_abs_z@0.95,1.3761971,3.311119794845581
ec2_cpu_utilization_c6585a:2659:2675,0,max_abs_z@0.95,0.7566677,3.311119794845581
ec2_cpu_utilization_c6585a:2667:2683,0,max_abs_z@0.95,0.75667685,3.311119794845581
ec2_cpu_utilization_c6585a:2675:2691,0,max_abs_z@0.95,0.75667685,3.311119794845581
ec2_cpu_utilization_c6585a:2683:2699,0,max_abs_z@0.95,0.75667685,3.311119794845581
ec2_cpu_utilization_c6585a:2691:2707,0,max_abs_z@0.95,1.4237778,3.311119794845581
ec2_cpu_utilization_c6585a:2699:2715,0,max_abs_z@0.95,1.7754879,3.311119794845581
ec2_cpu_utilization_c6585a:2707:2723,0,max_abs_z@0.95,1.7755458,3.311119794845581
ec2_cpu_utilization_c6585a:2715:2731,0,max_abs_z@0.95,1.7755458,3.311119794845581
ec2_cpu_utilization_c6585a:2723:2739,0,max_abs_z@0.95,1.7754879,3.311119794845581
ec2_cpu_utilization_c6585a:2731:2747,0,max_abs_z@0.95,12.992639,3.311119794845581
ec2_cpu_utilization_c6585a:2739:2755,0,max_abs_z@0.95,13.00063,3.311119794845581
ec2_cpu_utilization_c6585a:2747:2763,0,max_abs_z@0.95,0.75667685,3.311119794845581
ec2_cpu_utilization_c6585a:2755:2771,0,max_abs_z@0.95,0.75667685,3.311119794845581
ec2_cpu_utilization_c6585a:2763:2779,0,max_abs_z@0.95,1.7085767,3.311119794845581
ec2_cpu_utilization_c6585a:2771:2787,0,max_abs_z@0.95,1.7754879,3.311119794845581
ec2_cpu_utilization_c6585a:2779:2795,0,max_abs_z@0.95,3.132783,3.311119794845581
ec2_cpu_utilization_c6585a:2787:2803,0,max_abs_z@0.95,3.1342597,3.311119794845581
ec2_cpu_utilization_c6585a:2795:2811,0,max_abs_z@0.95,1.1887959,3.311119794845581
ec2_cpu_utilization_c6585a:2803:2819,0,max_abs_z@0.95,0.7566677,3.311119794845581
ec2_cpu_utilization_c6585a:2811:2827,0,max_abs_z@0.95,1.7754879,3.311119794845581
ec2_cpu_utilization_c6585a:2819:2835,0,max_abs_z@0.95,1.8423991,3.311119794845581
ec2_cpu_utilization_c6585a:2827:2843,0,max_abs_z@0.95,1.8424467,3.311119794845581
ec2_cpu_utilization_c6585a:2835:2851,0,max_abs_z@0.95,1.7755458,3.311119794845581
ec2_cpu_utilization_c6585a:2843:2859,0,max_abs_z@0.95,1.4396456,3.311119794845581
ec2_cpu_utilization_c6585a:2851:2867,0,max_abs_z@0.95,0.75667685,3.311119794845581
ec2_cpu_utilization_c6585a:2859:2875,0,max_abs_z@0.95,1.188053,3.311119794845581
ec2_cpu_utilization_c6585a:2867:2883,0,max_abs_z@0.95,1.1887959,3.311119794845581
ec2_cpu_utilization_c6585a:2875:2891,0,max_abs_z@0.95,0.75667685,3.311119794845581
ec2_cpu_utilization_c6585a:2883:2899,0,max_abs_z@0.95,1.188053,3.311119794845581
ec2_cpu_utilization_c6585a:2891:2907,0,max_abs_z@0.95,1.3761971,3.311119794845581
ec2_cpu_utilization_c6585a:2899:2915,0,max_abs_z@0.95,1.3761971,3.311119794845581
ec2_cpu_utilization_c6585a:2907:2923,0,max_abs_z@0.95,1.3761971,3.311119794845581
ec2_cpu_utilization_c6585a:2915:2931,0,max_abs_z@0.95,1.4396456,3.311119794845581
ec2_cpu_utilization_c6585a:2923:2939,0,max_abs_z@0.95,1.4396456,3.311119794845581
ec2_cpu_utilization_c6585a:2931:2947,0,max_abs_z@0.95,0.7566677,3.311119794845581
ec2_cpu_utilization_c6585a:2939:2955,0,max_abs_z@0.95,1.4396456,3.311119794845581
ec2_cpu_utilization_c6585a:2947:2963,0,max_abs_z@0.95,1.4396456,3.311119794845581
ec2_cpu_utilization_c6585a:2955:2971,0,max_abs_z@0.95,0.7566677,3.311119794845581
ec2_cpu_utilization_c6585a:2963:2979,0,max_abs_z@0.95,1.4396456,3.311119794845581
ec2_cpu_utilization_c6585a:2971:2987,0,max_abs_z@0.95,1.4396456,3.311119794845581
ec2_cpu_utilization_c6585a:2979:2995,0,max_abs_z@0.95,1.3761971,3.311119794845581
ec2_cpu_utilization_c6585a:2987:3003,0,max_abs_z@0.95,1.3761971,3.311119794845581
ec2_cpu_utilization_c6585a:2995:3011,0,max_abs_z@0.95,0.75667685,3.311119794845581
ec2_cpu_utilization_c6585a:3003:3019,0,max_abs_z@0.95,1.3059156,3.311119794845581
ec2_cpu_utilization_c6585a:3011:3027,0,max_abs_z@0.95,1.3067031,3.311119794845581
ec2_cpu_utilization_c6585a:3019:3035,0,max_abs_z@0.95,1.2477496,3.311119794845581
ec2_cpu_utilization_c6585a:3027:3043,0,max_abs_z@0.95,1.4396456,3.311119794845581
ec2_cpu_utilization_c6585a:3035:3051,0,max_abs_z@0.95,13.719927,3.311119794845581
ec2_cpu_utilization_c6585a:3043:3059,0,max_abs_z@0.95,13.72995,3.311119794845581
ec2_cpu_utilization_c6585a:3051:3067,0,max_abs_z@0.95,1.4396456,3.311119794845581
ec2_cpu_utilization_c6585a:3059:3075,0,max_abs_z@0.95,1.7754879,3.311119794845581
ec2_cpu_utilization_c6585a:3067:3083,0,max_abs_z@0.95,1.7755458,3.311119794845581
ec2_cpu_utilization_c6585a:3075:3091,0,max_abs_z@0.95,1.2477496,3.311119794845581
ec2_cpu_utilization_c6585a:3083:3099,0,max_abs_z@0.95,1.7754879,3.311119794845581
ec2_cpu_utilization_c6585a:3091:3107,0,max_abs_z@0.95,1.7755458,3.311119794845581
ec2_cpu_utilization_c6585a:3099:3115,0,max_abs_z@0.95,0.71760136,3.311119794845581
ec2_cpu_utilization_c6585a:3107:3123,0,max_abs_z@0.95,1.7754879,3.311119794845581
ec2_cpu_utilization_c6585a:3115:3131,0,max_abs_z@0.95,1.7755458,3.311119794845581
ec2_cpu_utilization_c6585a:3123:3139,0,max_abs_z@0.95,1.7754879,3.311119794845581
ec2_cpu_utilization_c6585a:3131:3147,0,max_abs_z@0.95,1.7755458,3.311119794845581
ec2_cpu_utilization_c6585a:3139:3155,0,max_abs_z@0.95,3.1917143,3.311119794845581
ec2_cpu_utilization_c6585a:3147:3163,0,max_abs_z@0.95,3.1932132,3.311119794845581
ec2_cpu_utilization_c6585a:3155:3171,0,max_abs_z@0.95,1.4396456,3.311119794845581
ec2_cpu_utilization_c6585a:3163:3179,0,max_abs_z@0.95,1.4396456,3.311119794845581
ec2_cpu_utilization_c6585a:3171:3187,0,max_abs_z@0.95,1.2469844,3.311119794845581
ec2_cpu_utilization_c6585a:3179:3195,0,max_abs_z@0.95,1.3761971,3.311119794845581
ec2_cpu_utilization_c6585a:3187:3203,0,max_abs_z@0.95,1.3761971,3.311119794845581
ec2_cpu_utilization_c6585a:3195:3211,0,max_abs_z@0.95,1.2469844,3.311119794845581
ec2_cpu_utilization_c6585a:3203:3219,0,max_abs_z@0.95,1.2477496,3.311119794845581
ec2_cpu_utilization_c6585a:2419:2435,0,max_abs_z@0.975,1.7755458,13.524321556091309
ec2_cpu_utilization_c6585a:2427:2443,0,max_abs_z@0.975,1.2477496,13.524321556091309
ec2_cpu_utilization_c6585a:2435:2451,0,max_abs_z@0.975,0.7566677,13.524321556091309
ec2_cpu_utilization_c6585a:2443:2459,0,max_abs_z@0.975,1.7754879,13.524321556091309
ec2_cpu_utilization_c6585a:2451:2467,0,max_abs_z@0.975,44.457687,13.524321556091309
ec2_cpu_utilization_c6585a:2459:2475,0,max_abs_z@0.975,44.457687,13.524321556091309
ec2_cpu_utilization_c6585a:2467:2483,0,max_abs_z@0.975,1.4396456,13.524321556091309
ec2_cpu_utilization_c6585a:2475:2491,0,max_abs_z@0.975,0.71760136,13.524321556091309
ec2_cpu_utilization_c6585a:2483:2499,0,max_abs_z@0.975,0.75667685,13.524321556091309
ec2_cpu_utilization_c6585a:2491:2507,0,max_abs_z@0.975,0.75667685,13.524321556091309
ec2_cpu_utilization_c6585a:2499:2515,0,max_abs_z@0.975,0.75667685,13.524321556091309
ec2_cpu_utilization_c6585a:2507:2523,0,max_abs_z@0.975,1.3761971,13.524321556091309
ec2_cpu_utilization_c6585a:2515:2531,0,max_abs_z@0.975,1.3761971,13.524321556091309
ec2_cpu_utilization_c6585a:2523:2539,0,max_abs_z@0.975,1.2469844,13.524321556091309
ec2_cpu_utilization_c6585a:2531:2547,0,max_abs_z@0.975,1.2477496,13.524321556091309
ec2_cpu_utilization_c6585a:2539:2555,0,max_abs_z@0.975,0.75667685,13.524321556091309
ec2_cpu_utilization_c6585a:2547:2563,0,max_abs_z@0.975,0.75667685,13.524321556091309
ec2_cpu_utilization_c6585a:2555:2571,0,max_abs_z@0.975,1.4396456,13.524321556091309
ec2_cpu_utilization_c6585a:2563:2579,0,max_abs_z@0.975,1.4396456,13.524321556091309
ec2_cpu_utilization_c6585a:2571:2587,0,max_abs_z@0.975,0.75667685,13.524321556091309
ec2_cpu_utilization_c6585a:2579:2595,0,max_abs_z@0.975,1.3761971,13.524321556091309
ec2_cpu_utilization_c6585a:2587:2603,0,max_abs_z@0.975,1.3761971,13.524321556091309
ec2_cpu_utilization_c6585a:2595:2611,0,max_abs_z@0.975,0.75667685,13.524321556091309
ec2_cpu_utilization_c6585a:2603:2619,0,max_abs_z@0.975,1.7754879,13.524321556091309
ec2_cpu_utilization_c6585a:2611:2627,0,max_abs_z@0.975,1.7755458,13.524321556091309
ec2_cpu_utilization_c6585a:2619:2635,0,max_abs_z@0.975,1.8423991,13.524321556091309
ec2_cpu_utilization_c6585a:2627:2643,0,max_abs_z@0.975,1.8424467,13.524321556091309
ec2_cpu_utilization_c6585a:2635:2651,0,max_abs_z@0.975,1.7755458,13.524321556091309
ec2_cpu_utilization_c6585a:2643:2659,0,max_abs_z@0.975,1.708645,13.524321556091309
ec2_cpu_utilization_c6585a:2651:2667,0,max_abs_z@0.975,1.3761971,13.524321556091309
ec2_cpu_utilization_c6585a:2659:2675,0,max_abs_z@0.975,0.7566677,13.524321556091309
ec2_cpu_utilization_c6585a:2667:2683,0,max_abs_z@0.975,0.75667685,13.524321556091309
ec2_cpu_utilization_c6585a:2675:2691,0,max_abs_z@0.975,0.75667685,13.524321556091309
ec2_cpu_utilization_c6585a:2683:2699,0,max_abs_z@0.975,0.75667685,13.524321556091309
ec2_cpu_utilization_c6585a:2691:2707,0,max_abs_z@0.975,1.4237778,13.524321556091309
ec2_cpu_utilization_c6585a:2699:2715,0,max_abs_z@0.975,1.7754879,13.524321556091309
ec2_cpu_utilization_c6585a:2707:2723,0,max_abs_z@0.975,1.7755458,13.524321556091309
ec2_cpu_utilization_c6585a:2715:2731,0,max_abs_z@0.975,1.7755458,13.524321556091309
ec2_cpu_utilization_c6585a:2723:2739,0,max_abs_z@0.975,1.7754879,13.524321556091309
ec2_cpu_utilization_c6585a:2731:2747,0,max_abs_z@0.975,12.992639,13.524321556091309
ec2_cpu_utilization_c6585a:2739:2755,0,max_abs_z@0.975,13.00063,13.524321556091309
ec2_cpu_utilization_c6585a:2747:2763,0,max_abs_z@0.975,0.75667685,13.524321556091309
ec2_cpu_utilization_c6585a:2755:2771,0,max_abs_z@0.975,0.75667685,13.524321556091309
ec2_cpu_utilization_c6585a:2763:2779,0,max_abs_z@0.975,1.7085767,13.524321556091309
ec2_cpu_utilization_c6585a:2771:2787,0,max_abs_z@0.975,1.7754879,13.524321556091309
ec2_cpu_utilization_c6585a:2779:2795,0,max_abs_z@0.975,3.132783,13.524321556091309
ec2_cpu_utilization_c6585a:2787:2803,0,max_abs_z@0.975,3.1342597,13.524321556091309
ec2_cpu_utilization_c6585a:2795:2811,0,max_abs_z@0.975,1.1887959,13.524321556091309
ec2_cpu_utilization_c6585a:2803:2819,0,max_abs_z@0.975,0.7566677,13.524321556091309
ec2_cpu_utilization_c6585a:2811:2827,0,max_abs_z@0.975,1.7754879,13.524321556091309
ec2_cpu_utilization_c6585a:2819:2835,0,max_abs_z@0.975,1.8423991,13.524321556091309
ec2_cpu_utilization_c6585a:2827:2843,0,max_abs_z@0.975,1.8424467,13.524321556091309
ec2_cpu_utilization_c6585a:2835:2851,0,max_abs_z@0.975,1.7755458,13.524321556091309
ec2_cpu_utilization_c6585a:2843:2859,0,max_abs_z@0.975,1.4396456,13.524321556091309
ec2_cpu_utilization_c6585a:2851:2867,0,max_abs_z@0.975,0.75667685,13.524321556091309
ec2_cpu_utilization_c6585a:2859:2875,0,max_abs_z@0.975,1.188053,13.524321556091309
ec2_cpu_utilization_c6585a:2867:2883,0,max_abs_z@0.975,1.1887959,13.524321556091309
ec2_cpu_utilization_c6585a:2875:2891,0,max_abs_z@0.975,0.75667685,13.524321556091309
ec2_cpu_utilization_c6585a:2883:2899,0,max_abs_z@0.975,1.188053,13.524321556091309
ec2_cpu_utilization_c6585a:2891:2907,0,max_abs_z@0.975,1.3761971,13.524321556091309
ec2_cpu_utilization_c6585a:2899:2915,0,max_abs_z@0.975,1.3761971,13.524321556091309
ec2_cpu_utilization_c6585a:2907:2923,0,max_abs_z@0.975,1.3761971,13.524321556091309
ec2_cpu_utilization_c6585a:2915:2931,0,max_abs_z@0.975,1.4396456,13.524321556091309
ec2_cpu_utilization_c6585a:2923:2939,0,max_abs_z@0.975,1.4396456,13.524321556091309
ec2_cpu_utilization_c6585a:2931:2947,0,max_abs_z@0.975,0.7566677,13.524321556091309
ec2_cpu_utilization_c6585a:2939:2955,0,max_abs_z@0.975,1.4396456,13.524321556091309
ec2_cpu_utilization_c6585a:2947:2963,0,max_abs_z@0.975,1.4396456,13.524321556091309
ec2_cpu_utilization_c6585a:2955:2971,0,max_abs_z@0.975,0.7566677,13.524321556091309
ec2_cpu_utilization_c6585a:2963:2979,0,max_abs_z@0.975,1.4396456,13.524321556091309
ec2_cpu_utilization_c6585a:2971:2987,0,max_abs_z@0.975,1.4396456,13.524321556091309
ec2_cpu_utilization_c6585a:2979:2995,0,max_abs_z@0.975,1.3761971,13.524321556091309
ec2_cpu_utilization_c6585a:2987:3003,0,max_abs_z@0.975,1.3761971,13.524321556091309
ec2_cpu_utilization_c6585a:2995:3011,0,max_abs_z@0.975,0.75667685,13.524321556091309
ec2_cpu_utilization_c6585a:3003:3019,0,max_abs_z@0.975,1.3059156,13.524321556091309
ec2_cpu_utilization_c6585a:3011:3027,0,max_abs_z@0.975,1.3067031,13.524321556091309
ec2_cpu_utilization_c6585a:3019:3035,0,max_abs_z@0.975,1.2477496,13.524321556091309
ec2_cpu_utilization_c6585a:3027:3043,0,max_abs_z@0.975,1.4396456,13.524321556091309
ec2_cpu_utilization_c6585a:3035:3051,0,max_abs_z@0.975,13.719927,13.524321556091309
ec2_cpu_utilization_c6585a:3043:3059,0,max_abs_z@0.975,13.72995,13.524321556091309
ec2_cpu_utilization_c6585a:3051:3067,0,max_abs_z@0.975,1.4396456,13.524321556091309
ec2_cpu_utilization_c6585a:3059:3075,0,max_abs_z@0.975,1.7754879,13.524321556091309
ec2_cpu_utilization_c6585a:3067:3083,0,max_abs_z@0.975,1.7755458,13.524321556091309
ec2_cpu_utilization_c6585a:3075:3091,0,max_abs_z@0.975,1.2477496,13.524321556091309
ec2_cpu_utilization_c6585a:3083:3099,0,max_abs_z@0.975,1.7754879,13.524321556091309
ec2_cpu_utilization_c6585a:3091:3107,0,max_abs_z@0.975,1.7755458,13.524321556091309
ec2_cpu_utilization_c6585a:3099:3115,0,max_abs_z@0.975,0.71760136,13.524321556091309
ec2_cpu_utilization_c6585a:3107:3123,0,max_abs_z@0.975,1.7754879,13.524321556091309
ec2_cpu_utilization_c6585a:3115:3131,0,max_abs_z@0.975,1.7755458,13.524321556091309
ec2_cpu_utilization_c6585a:3123:3139,0,max_abs_z@0.975,1.7754879,13.524321556091309
ec2_cpu_utilization_c6585a:3131:3147,0,max_abs_z@0.975,1.7755458,13.524321556091309
ec2_cpu_utilization_c6585a:3139:3155,0,max_abs_z@0.975,3.1917143,13.524321556091309
ec2_cpu_utilization_c6585a:3147:3163,0,max_abs_z@0.975,3.1932132,13.524321556091309
ec2_cpu_utilization_c6585a:3155:3171,0,max_abs_z@0.975,1.4396456,13.524321556091309
ec2_cpu_utilization_c6585a:3163:3179,0,max_abs_z@0.975,1.4396456,13.524321556091309
ec2_cpu_utilization_c6585a:3171:3187,0,max_abs_z@0.975,1.2469844,13.524321556091309
ec2_cpu_utilization_c6585a:3179:3195,0,max_abs_z@0.975,1.3761971,13.524321556091309
ec2_cpu_utilization_c6585a:3187:3203,0,max_abs_z@0.975,1.3761971,13.524321556091309
ec2_cpu_utilization_c6585a:3195:3211,0,max_abs_z@0.975,1.2469844,13.524321556091309
ec2_cpu_utilization_c6585a:3203:3219,0,max_abs_z@0.975,1.2477496,13.524321556091309
ec2_cpu_utilization_c6585a:2419:2435,0,max_abs_z@0.99,1.7755458,41.60250473022461
ec2_cpu_utilization_c6585a:2427:2443,0,max_abs_z@0.99,1.2477496,41.60250473022461
ec2_cpu_utilization_c6585a:2435:2451,0,max_abs_z@0.99,0.7566677,41.60250473022461
ec2_cpu_utilization_c6585a:2443:2459,0,max_abs_z@0.99,1.7754879,41.60250473022461
ec2_cpu_utilization_c6585a:2451:2467,0,max_abs_z@0.99,44.457687,41.60250473022461
ec2_cpu_utilization_c6585a:2459:2475,0,max_abs_z@0.99,44.457687,41.60250473022461
ec2_cpu_utilization_c6585a:2467:2483,0,max_abs_z@0.99,1.4396456,41.60250473022461
ec2_cpu_utilization_c6585a:2475:2491,0,max_abs_z@0.99,0.71760136,41.60250473022461
ec2_cpu_utilization_c6585a:2483:2499,0,max_abs_z@0.99,0.75667685,41.60250473022461
ec2_cpu_utilization_c6585a:2491:2507,0,max_abs_z@0.99,0.75667685,41.60250473022461
ec2_cpu_utilization_c6585a:2499:2515,0,max_abs_z@0.99,0.75667685,41.60250473022461
ec2_cpu_utilization_c6585a:2507:2523,0,max_abs_z@0.99,1.3761971,41.60250473022461
ec2_cpu_utilization_c6585a:2515:2531,0,max_abs_z@0.99,1.3761971,41.60250473022461
ec2_cpu_utilization_c6585a:2523:2539,0,max_abs_z@0.99,1.2469844,41.60250473022461
ec2_cpu_utilization_c6585a:2531:2547,0,max_abs_z@0.99,1.2477496,41.60250473022461
ec2_cpu_utilization_c6585a:2539:2555,0,max_abs_z@0.99,0.75667685,41.60250473022461
ec2_cpu_utilization_c6585a:2547:2563,0,max_abs_z@0.99,0.75667685,41.60250473022461
ec2_cpu_utilization_c6585a:2555:2571,0,max_abs_z@0.99,1.4396456,41.60250473022461
ec2_cpu_utilization_c6585a:2563:2579,0,max_abs_z@0.99,1.4396456,41.60250473022461
ec2_cpu_utilization_c6585a:2571:2587,0,max_abs_z@0.99,0.75667685,41.60250473022461
ec2_cpu_utilization_c6585a:2579:2595,0,max_abs_z@0.99,1.3761971,41.60250473022461
ec2_cpu_utilization_c6585a:2587:2603,0,max_abs_z@0.99,1.3761971,41.60250473022461
ec2_cpu_utilization_c6585a:2595:2611,0,max_abs_z@0.99,0.75667685,41.60250473022461
ec2_cpu_utilization_c6585a:2603:2619,0,max_abs_z@0.99,1.7754879,41.60250473022461
ec2_cpu_utilization_c6585a:2611:2627,0,max_abs_z@0.99,1.7755458,41.60250473022461
ec2_cpu_utilization_c6585a:2619:2635,0,max_abs_z@0.99,1.8423991,41.60250473022461
ec2_cpu_utilization_c6585a:2627:2643,0,max_abs_z@0.99,1.8424467,41.60250473022461
ec2_cpu_utilization_c6585a:2635:2651,0,max_abs_z@0.99,1.7755458,41.60250473022461
ec2_cpu_utilization_c6585a:2643:2659,0,max_abs_z@0.99,1.708645,41.60250473022461
ec2_cpu_utilization_c6585a:2651:2667,0,max_abs_z@0.99,1.3761971,41.60250473022461
ec2_cpu_utilization_c6585a:2659:2675,0,max_abs_z@0.99,0.7566677,41.60250473022461
ec2_cpu_utilization_c6585a:2667:2683,0,max_abs_z@0.99,0.75667685,41.60250473022461
ec2_cpu_utilization_c6585a:2675:2691,0,max_abs_z@0.99,0.75667685,41.60250473022461
ec2_cpu_utilization_c6585a:2683:2699,0,max_abs_z@0.99,0.75667685,41.60250473022461
ec2_cpu_utilization_c6585a:2691:2707,0,max_abs_z@0.99,1.4237778,41.60250473022461
ec2_cpu_utilization_c6585a:2699:2715,0,max_abs_z@0.99,1.7754879,41.60250473022461
ec2_cpu_utilization_c6585a:2707:2723,0,max_abs_z@0.99,1.7755458,41.60250473022461
ec2_cpu_utilization_c6585a:2715:2731,0,max_abs_z@0.99,1.7755458,41.60250473022461
ec2_cpu_utilization_c6585a:2723:2739,0,max_abs_z@0.99,1.7754879,41.60250473022461
ec2_cpu_utilization_c6585a:2731:2747,0,max_abs_z@0.99,12.992639,41.60250473022461
ec2_cpu_utilization_c6585a:2739:2755,0,max_abs_z@0.99,13.00063,41.60250473022461
ec2_cpu_utilization_c6585a:2747:2763,0,max_abs_z@0.99,0.75667685,41.60250473022461
ec2_cpu_utilization_c6585a:2755:2771,0,max_abs_z@0.99,0.75667685,41.60250473022461
ec2_cpu_utilization_c6585a:2763:2779,0,max_abs_z@0.99,1.7085767,41.60250473022461
ec2_cpu_utilization_c6585a:2771:2787,0,max_abs_z@0.99,1.7754879,41.60250473022461
ec2_cpu_utilization_c6585a:2779:2795,0,max_abs_z@0.99,3.132783,41.60250473022461
ec2_cpu_utilization_c6585a:2787:2803,0,max_abs_z@0.99,3.1342597,41.60250473022461
ec2_cpu_utilization_c6585a:2795:2811,0,max_abs_z@0.99,1.1887959,41.60250473022461
ec2_cpu_utilization_c6585a:2803:2819,0,max_abs_z@0.99,0.7566677,41.60250473022461
ec2_cpu_utilization_c6585a:2811:2827,0,max_abs_z@0.99,1.7754879,41.60250473022461
ec2_cpu_utilization_c6585a:2819:2835,0,max_abs_z@0.99,1.8423991,41.60250473022461
ec2_cpu_utilization_c6585a:2827:2843,0,max_abs_z@0.99,1.8424467,41.60250473022461
ec2_cpu_utilization_c6585a:2835:2851,0,max_abs_z@0.99,1.7755458,41.60250473022461
ec2_cpu_utilization_c6585a:2843:2859,0,max_abs_z@0.99,1.4396456,41.60250473022461
ec2_cpu_utilization_c6585a:2851:2867,0,max_abs_z@0.99,0.75667685,41.60250473022461
ec2_cpu_utilization_c6585a:2859:2875,0,max_abs_z@0.99,1.188053,41.60250473022461
ec2_cpu_utilization_c6585a:2867:2883,0,max_abs_z@0.99,1.1887959,41.60250473022461
ec2_cpu_utilization_c6585a:2875:2891,0,max_abs_z@0.99,0.75667685,41.60250473022461
ec2_cpu_utilization_c6585a:2883:2899,0,max_abs_z@0.99,1.188053,41.60250473022461
ec2_cpu_utilization_c6585a:2891:2907,0,max_abs_z@0.99,1.3761971,41.60250473022461
ec2_cpu_utilization_c6585a:2899:2915,0,max_abs_z@0.99,1.3761971,41.60250473022461
ec2_cpu_utilization_c6585a:2907:2923,0,max_abs_z@0.99,1.3761971,41.60250473022461
ec2_cpu_utilization_c6585a:2915:2931,0,max_abs_z@0.99,1.4396456,41.60250473022461
ec2_cpu_utilization_c6585a:2923:2939,0,max_abs_z@0.99,1.4396456,41.60250473022461
ec2_cpu_utilization_c6585a:2931:2947,0,max_abs_z@0.99,0.7566677,41.60250473022461
ec2_cpu_utilization_c6585a:2939:2955,0,max_abs_z@0.99,1.4396456,41.60250473022461
ec2_cpu_utilization_c6585a:2947:2963,0,max_abs_z@0.99,1.4396456,41.60250473022461
ec2_cpu_utilization_c6585a:2955:2971,0,max_abs_z@0.99,0.7566677,41.60250473022461
ec2_cpu_utilization_c6585a:2963:2979,0,max_abs_z@0.99,1.4396456,41.60250473022461
ec2_cpu_utilization_c6585a:2971:2987,0,max_abs_z@0.99,1.4396456,41.60250473022461
ec2_cpu_utilization_c6585a:2979:2995,0,max_abs_z@0.99,1.3761971,41.60250473022461
ec2_cpu_utilization_c6585a:2987:3003,0,max_abs_z@0.99,1.3761971,41.60250473022461
ec2_cpu_utilization_c6585a:2995:3011,0,max_abs_z@0.99,0.75667685,41.60250473022461
ec2_cpu_utilization_c6585a:3003:3019,0,max_abs_z@0.99,1.3059156,41.60250473022461
ec2_cpu_utilization_c6585a:3011:3027,0,max_abs_z@0.99,1.3067031,41.60250473022461
ec2_cpu_utilization_c6585a:3019:3035,0,max_abs_z@0.99,1.2477496,41.60250473022461
ec2_cpu_utilization_c6585a:3027:3043,0,max_abs_z@0.99,1.4396456,41.60250473022461
ec2_cpu_utilization_c6585a:3035:3051,0,max_abs_z@0.99,13.719927,41.60250473022461
ec2_cpu_utilization_c6585a:3043:3059,0,max_abs_z@0.99,13.72995,41.60250473022461
ec2_cpu_utilization_c6585a:3051:3067,0,max_abs_z@0.99,1.4396456,41.60250473022461
ec2_cpu_utilization_c6585a:3059:3075,0,max_abs_z@0.99,1.7754879,41.60250473022461
ec2_cpu_utilization_c6585a:3067:3083,0,max_abs_z@0.99,1.7755458,41.60250473022461
ec2_cpu_utilization_c6585a:3075:3091,0,max_abs_z@0.99,1.2477496,41.60250473022461
ec2_cpu_utilization_c6585a:3083:3099,0,max_abs_z@0.99,1.7754879,41.60250473022461
ec2_cpu_utilization_c6585a:3091:3107,0,max_abs_z@0.99,1.7755458,41.60250473022461
ec2_cpu_utilization_c6585a:3099:3115,0,max_abs_z@0.99,0.71760136,41.60250473022461
ec2_cpu_utilization_c6585a:3107:3123,0,max_abs_z@0.99,1.7754879,41.60250473022461
ec2_cpu_utilization_c6585a:3115:3131,0,max_abs_z@0.99,1.7755458,41.60250473022461
ec2_cpu_utilization_c6585a:3123:3139,0,max_abs_z@0.99,1.7754879,41.60250473022461
ec2_cpu_utilization_c6585a:3131:3147,0,max_abs_z@0.99,1.7755458,41.60250473022461
ec2_cpu_utilization_c6585a:3139:3155,0,max_abs_z@0.99,3.1917143,41.60250473022461
ec2_cpu_utilization_c6585a:3147:3163,0,max_abs_z@0.99,3.1932132,41.60250473022461
ec2_cpu_utilization_c6585a:3155:3171,0,max_abs_z@0.99,1.4396456,41.60250473022461
ec2_cpu_utilization_c6585a:3163:3179,0,max_abs_z@0.99,1.4396456,41.60250473022461
ec2_cpu_utilization_c6585a:3171:3187,0,max_abs_z@0.99,1.2469844,41.60250473022461
ec2_cpu_utilization_c6585a:3179:3195,0,max_abs_z@0.99,1.3761971,41.60250473022461
ec2_cpu_utilization_c6585a:3187:3203,0,max_abs_z@0.99,1.3761971,41.60250473022461
ec2_cpu_utilization_c6585a:3195:3211,0,max_abs_z@0.99,1.2469844,41.60250473022461
ec2_cpu_utilization_c6585a:3203:3219,0,max_abs_z@0.99,1.2477496,41.60250473022461
ec2_cpu_utilization_c6585a:2419:2435,0,rolling_32@0.95,7.739346300921712,15.706319187194488
ec2_cpu_utilization_c6585a:2427:2443,0,rolling_32@0.95,7.739346300921712,15.706319187194488
ec2_cpu_utilization_c6585a:2435:2451,0,rolling_32@0.95,7.739346300921712,15.706319187194488
ec2_cpu_utilization_c6585a:2443:2459,0,rolling_32@0.95,7.739346300921712,15.706319187194488
ec2_cpu_utilization_c6585a:2451:2467,0,rolling_32@0.95,162.0710089728973,15.706319187194488
ec2_cpu_utilization_c6585a:2459:2475,0,rolling_32@0.95,162.0710089728973,15.706319187194488
ec2_cpu_utilization_c6585a:2467:2483,0,rolling_32@0.95,7.739346300921712,15.706319187194488
ec2_cpu_utilization_c6585a:2475:2491,0,rolling_32@0.95,7.739346300921712,15.706319187194488
ec2_cpu_utilization_c6585a:2483:2499,0,rolling_32@0.95,7.739346300921712,15.706319187194488
ec2_cpu_utilization_c6585a:2491:2507,0,rolling_32@0.95,7.625532160266469,15.706319187194488
ec2_cpu_utilization_c6585a:2499:2515,0,rolling_32@0.95,7.739346300921712,15.706319187194488
ec2_cpu_utilization_c6585a:2507:2523,0,rolling_32@0.95,15.251064320532938,15.706319187194488
ec2_cpu_utilization_c6585a:2515:2531,0,rolling_32@0.95,15.251064320532938,15.706319187194488
ec2_cpu_utilization_c6585a:2523:2539,0,rolling_32@0.95,7.966974582232196,15.706319187194488
ec2_cpu_utilization_c6585a:2531:2547,0,rolling_32@0.95,7.966974582232196,15.706319187194488
ec2_cpu_utilization_c6585a:2539:2555,0,rolling_32@0.95,7.739346300921712,15.706319187194488
ec2_cpu_utilization_c6585a:2547:2563,0,rolling_32@0.95,7.966974582232196,15.706319187194488
ec2_cpu_utilization_c6585a:2555:2571,0,rolling_32@0.95,7.966974582232196,15.706319187194488
ec2_cpu_utilization_c6585a:2563:2579,0,rolling_32@0.95,7.739346300921712,15.706319187194488
ec2_cpu_utilization_c6585a:2571:2587,0,rolling_32@0.95,7.966974582232196,15.706319187194488
ec2_cpu_utilization_c6585a:2579:2595,0,rolling_32@0.95,7.966974582232196,15.706319187194488
ec2_cpu_utilization_c6585a:2587:2603,0,rolling_32@0.95,7.739346300921712,15.706319187194488
ec2_cpu_utilization_c6585a:2595:2611,0,rolling_32@0.95,7.739346300921712,15.706319187194488
ec2_cpu_utilization_c6585a:2603:2619,0,rolling_32@0.95,7.966974582232196,15.706319187194488
ec2_cpu_utilization_c6585a:2611:2627,0,rolling_32@0.95,7.966974582232196,15.706319187194488
ec2_cpu_utilization_c6585a:2619:2635,0,rolling_32@0.95,7.966974582232196,15.706319187194488
ec2_cpu_utilization_c6585a:2627:2643,0,rolling_32@0.95,7.966974582232196,15.706319187194488
ec2_cpu_utilization_c6585a:2635:2651,0,rolling_32@0.95,7.739346300921712,15.706319187194488
ec2_cpu_utilization_c6585a:2643:2659,0,rolling_32@0.95,7.739346300921712,15.706319187194488
ec2_cpu_utilization_c6585a:2651:2667,0,rolling_32@0.95,7.739346300921712,15.706319187194488
ec2_cpu_utilization_c6585a:2659:2675,0,rolling_32@0.95,7.739346300921712,15.706319187194488
ec2_cpu_utilization_c6585a:2667:2683,0,rolling_32@0.95,7.739346300921712,15.706319187194488
ec2_cpu_utilization_c6585a:2675:2691,0,rolling_32@0.95,7.739346300921712,15.706319187194488
ec2_cpu_utilization_c6585a:2683:2699,0,rolling_32@0.95,7.739346300921712,15.706319187194488
ec2_cpu_utilization_c6585a:2691:2707,0,rolling_32@0.95,8.422229448893747,15.706319187194488
ec2_cpu_utilization_c6585a:2699:2715,0,rolling_32@0.95,8.422229448893747,15.706319187194488
ec2_cpu_utilization_c6585a:2707:2723,0,rolling_32@0.95,7.739346300921712,15.706319187194488
ec2_cpu_utilization_c6585a:2715:2731,0,rolling_32@0.95,7.966974582232196,15.706319187194488
ec2_cpu_utilization_c6585a:2723:2739,0,rolling_32@0.95,7.966974582232196,15.706319187194488
ec2_cpu_utilization_c6585a:2731:2747,0,rolling_32@0.95,159.33946959717147,15.706319187194488
ec2_cpu_utilization_c6585a:2739:2755,0,rolling_32@0.95,159.33946959717147,15.706319187194488
ec2_cpu_utilization_c6585a:2747:2763,0,rolling_32@0.95,7.739346300921712,15.706319187194488
ec2_cpu_utilization_c6585a:2755:2771,0,rolling_32@0.95,7.625532160266469,15.706319187194488
ec2_cpu_utilization_c6585a:2763:2779,0,rolling_32@0.95,7.625532160266469,15.706319187194488
ec2_cpu_utilization_c6585a:2771:2787,0,rolling_32@0.95,7.739346300921712,15.706319187194488
ec2_cpu_utilization_c6585a:2779:2795,0,rolling_32@0.95,15.023436039222453,15.706319187194488
ec2_cpu_utilization_c6585a:2787:2803,0,rolling_32@0.95,15.023436039222453,15.706319187194488
ec2_cpu_utilization_c6585a:2795:2811,0,rolling_32@0.95,7.739346300921712,15.706319187194488
ec2_cpu_utilization_c6585a:2803:2819,0,rolling_32@0.95,7.739346300921712,15.706319187194488
ec2_cpu_utilization_c6585a:2811:2827,0,rolling_32@0.95,7.739346300921712,15.706319187194488
ec2_cpu_utilization_c6585a:2819:2835,0,rolling_32@0.95,7.966974582232196,15.706319187194488
ec2_cpu_utilization_c6585a:2827:2843,0,rolling_32@0.95,7.966974582232196,15.706319187194488
ec2_cpu_utilization_c6585a:2835:2851,0,rolling_32@0.95,7.739346300921712,15.706319187194488
ec2_cpu_utilization_c6585a:2843:2859,0,rolling_32@0.95,7.739346300921712,15.706319187194488
ec2_cpu_utilization_c6585a:2851:2867,0,rolling_32@0.95,7.739346300921712,15.706319187194488
ec2_cpu_utilization_c6585a:2859:2875,0,rolling_32@0.95,7.739346300921712,15.706319187194488
ec2_cpu_utilization_c6585a:2867:2883,0,rolling_32@0.95,7.739346300921712,15.706319187194488
ec2_cpu_utilization_c6585a:2875:2891,0,rolling_32@0.95,7.739346300921712,15.706319187194488
ec2_cpu_utilization_c6585a:2883:2899,0,rolling_32@0.95,7.739346300921712,15.706319187194488
ec2_cpu_utilization_c6585a:2891:2907,0,rolling_32@0.95,7.739346300921712,15.706319187194488
ec2_cpu_utilization_c6585a:2899:2915,0,rolling_32@0.95,7.739346300921712,15.706319187194488
ec2_cpu_utilization_c6585a:2907:2923,0,rolling_32@0.95,7.739346300921712,15.706319187194488
ec2_cpu_utilization_c6585a:2915:2931,0,rolling_32@0.95,7.739346300921712,15.706319187194488
ec2_cpu_utilization_c6585a:2923:2939,0,rolling_32@0.95,7.739346300921712,15.706319187194488
ec2_cpu_utilization_c6585a:2931:2947,0,rolling_32@0.95,7.739346300921712,15.706319187194488
ec2_cpu_utilization_c6585a:2939:2955,0,rolling_32@0.95,7.739346300921712,15.706319187194488
ec2_cpu_utilization_c6585a:2947:2963,0,rolling_32@0.95,7.739346300921712,15.706319187194488
ec2_cpu_utilization_c6585a:2955:2971,0,rolling_32@0.95,7.739346300921712,15.706319187194488
ec2_cpu_utilization_c6585a:2963:2979,0,rolling_32@0.95,7.739346300921712,15.706319187194488
ec2_cpu_utilization_c6585a:2971:2987,0,rolling_32@0.95,7.853160441576954,15.706319187194488
ec2_cpu_utilization_c6585a:2979:2995,0,rolling_32@0.95,7.853160441576954,15.706319187194488
ec2_cpu_utilization_c6585a:2987:3003,0,rolling_32@0.95,7.966974582232196,15.706319187194488
ec2_cpu_utilization_c6585a:2995:3011,0,rolling_32@0.95,7.966974582232196,15.706319187194488
ec2_cpu_utilization_c6585a:3003:3019,0,rolling_32@0.95,7.966974582232196,15.706319187194488
ec2_cpu_utilization_c6585a:3011:3027,0,rolling_32@0.95,7.966974582232196,15.706319187194488
ec2_cpu_utilization_c6585a:3019:3035,0,rolling_32@0.95,7.739346300921712,15.706319187194488
ec2_cpu_utilization_c6585a:3027:3043,0,rolling_32@0.95,7.739346300921712,15.706319187194488
ec2_cpu_utilization_c6585a:3035:3051,0,rolling_32@0.95,154.33166775985384,15.706319187194488
ec2_cpu_utilization_c6585a:3043:3059,0,rolling_32@0.95,154.33166775985384,15.706319187194488
ec2_cpu_utilization_c6585a:3051:3067,0,rolling_32@0.95,7.739346300921712,15.706319187194488
ec2_cpu_utilization_c6585a:3059:3075,0,rolling_32@0.95,7.739346300921712,15.706319187194488
ec2_cpu_utilization_c6585a:3067:3083,0,rolling_32@0.95,7.739346300921712,15.706319187194488
ec2_cpu_utilization_c6585a:3075:3091,0,rolling_32@0.95,7.966974582232196,15.706319187194488
ec2_cpu_utilization_c6585a:3083:3099,0,rolling_32@0.95,7.966974582232196,15.706319187194488
ec2_cpu_utilization_c6585a:3091:3107,0,rolling_32@0.95,7.739346300921712,15.706319187194488
ec2_cpu_utilization_c6585a:3099:3115,0,rolling_32@0.95,7.739346300921712,15.706319187194488
ec2_cpu_utilization_c6585a:3107:3123,0,rolling_32@0.95,7.739346300921712,15.706319187194488
ec2_cpu_utilization_c6585a:3115:3131,0,rolling_32@0.95,7.966974582232196,15.706319187194488
ec2_cpu_utilization_c6585a:3123:3139,0,rolling_32@0.95,7.966974582232196,15.706319187194488
ec2_cpu_utilization_c6585a:3131:3147,0,rolling_32@0.95,7.5117180196112265,15.706319187194488
ec2_cpu_utilization_c6585a:3139:3155,0,rolling_32@0.95,15.137250179877697,15.706319187194488
ec2_cpu_utilization_c6585a:3147:3163,0,rolling_32@0.95,15.137250179877697,15.706319187194488
ec2_cpu_utilization_c6585a:3155:3171,0,rolling_32@0.95,7.739346300921712,15.706319187194488
ec2_cpu_utilization_c6585a:3163:3179,0,rolling_32@0.95,7.966974582232196,15.706319187194488
ec2_cpu_utilization_c6585a:3171:3187,0,rolling_32@0.95,7.966974582232196,15.706319187194488
ec2_cpu_utilization_c6585a:3179:3195,0,rolling_32@0.95,7.739346300921712,15.706319187194488
ec2_cpu_utilization_c6585a:3187:3203,0,rolling_32@0.95,7.5117180196112265,15.706319187194488
ec2_cpu_utilization_c6585a:3195:3211,0,rolling_32@0.95,7.739346300921712,15.706319187194488
ec2_cpu_utilization_c6585a:3203:3219,0,rolling_32@0.95,7.739346300921712,15.706319187194488
ec2_cpu_utilization_c6585a:2419:2435,0,rolling_32@0.975,7.739346300921712,151.82775327351968
ec2_cpu_utilization_c6585a:2427:2443,0,rolling_32@0.975,7.739346300921712,151.82775327351968
ec2_cpu_utilization_c6585a:2435:2451,0,rolling_32@0.975,7.739346300921712,151.82775327351968
ec2_cpu_utilization_c6585a:2443:2459,0,rolling_32@0.975,7.739346300921712,151.82775327351968
ec2_cpu_utilization_c6585a:2451:2467,0,rolling_32@0.975,162.0710089728973,151.82775327351968
ec2_cpu_utilization_c6585a:2459:2475,0,rolling_32@0.975,162.0710089728973,151.82775327351968
ec2_cpu_utilization_c6585a:2467:2483,0,rolling_32@0.975,7.739346300921712,151.82775327351968
ec2_cpu_utilization_c6585a:2475:2491,0,rolling_32@0.975,7.739346300921712,151.82775327351968
ec2_cpu_utilization_c6585a:2483:2499,0,rolling_32@0.975,7.739346300921712,151.82775327351968
ec2_cpu_utilization_c6585a:2491:2507,0,rolling_32@0.975,7.625532160266469,151.82775327351968
ec2_cpu_utilization_c6585a:2499:2515,0,rolling_32@0.975,7.739346300921712,151.82775327351968
ec2_cpu_utilization_c6585a:2507:2523,0,rolling_32@0.975,15.251064320532938,151.82775327351968
ec2_cpu_utilization_c6585a:2515:2531,0,rolling_32@0.975,15.251064320532938,151.82775327351968
ec2_cpu_utilization_c6585a:2523:2539,0,rolling_32@0.975,7.966974582232196,151.82775327351968
ec2_cpu_utilization_c6585a:2531:2547,0,rolling_32@0.975,7.966974582232196,151.82775327351968
ec2_cpu_utilization_c6585a:2539:2555,0,rolling_32@0.975,7.739346300921712,151.82775327351968
ec2_cpu_utilization_c6585a:2547:2563,0,rolling_32@0.975,7.966974582232196,151.82775327351968
ec2_cpu_utilization_c6585a:2555:2571,0,rolling_32@0.975,7.966974582232196,151.82775327351968
ec2_cpu_utilization_c6585a:2563:2579,0,rolling_32@0.975,7.739346300921712,151.82775327351968
ec2_cpu_utilization_c6585a:2571:2587,0,rolling_32@0.975,7.966974582232196,151.82775327351968
ec2_cpu_utilization_c6585a:2579:2595,0,rolling_32@0.975,7.966974582232196,151.82775327351968
ec2_cpu_utilization_c6585a:2587:2603,0,rolling_32@0.975,7.739346300921712,151.82775327351968
ec2_cpu_utilization_c6585a:2595:2611,0,rolling_32@0.975,7.739346300921712,151.82775327351968
ec2_cpu_utilization_c6585a:2603:2619,0,rolling_32@0.975,7.966974582232196,151.82775327351968
ec2_cpu_utilization_c6585a:2611:2627,0,rolling_32@0.975,7.966974582232196,151.82775327351968
ec2_cpu_utilization_c6585a:2619:2635,0,rolling_32@0.975,7.966974582232196,151.82775327351968
ec2_cpu_utilization_c6585a:2627:2643,0,rolling_32@0.975,7.966974582232196,151.82775327351968
ec2_cpu_utilization_c6585a:2635:2651,0,rolling_32@0.975,7.739346300921712,151.82775327351968
ec2_cpu_utilization_c6585a:2643:2659,0,rolling_32@0.975,7.739346300921712,151.82775327351968
ec2_cpu_utilization_c6585a:2651:2667,0,rolling_32@0.975,7.739346300921712,151.82775327351968
ec2_cpu_utilization_c6585a:2659:2675,0,rolling_32@0.975,7.739346300921712,151.82775327351968
ec2_cpu_utilization_c6585a:2667:2683,0,rolling_32@0.975,7.739346300921712,151.82775327351968
ec2_cpu_utilization_c6585a:2675:2691,0,rolling_32@0.975,7.739346300921712,151.82775327351968
ec2_cpu_utilization_c6585a:2683:2699,0,rolling_32@0.975,7.739346300921712,151.82775327351968
ec2_cpu_utilization_c6585a:2691:2707,0,rolling_32@0.975,8.422229448893747,151.82775327351968
ec2_cpu_utilization_c6585a:2699:2715,0,rolling_32@0.975,8.422229448893747,151.82775327351968
ec2_cpu_utilization_c6585a:2707:2723,0,rolling_32@0.975,7.739346300921712,151.82775327351968
ec2_cpu_utilization_c6585a:2715:2731,0,rolling_32@0.975,7.966974582232196,151.82775327351968
ec2_cpu_utilization_c6585a:2723:2739,0,rolling_32@0.975,7.966974582232196,151.82775327351968
ec2_cpu_utilization_c6585a:2731:2747,0,rolling_32@0.975,159.33946959717147,151.82775327351968
ec2_cpu_utilization_c6585a:2739:2755,0,rolling_32@0.975,159.33946959717147,151.82775327351968
ec2_cpu_utilization_c6585a:2747:2763,0,rolling_32@0.975,7.739346300921712,151.82775327351968
ec2_cpu_utilization_c6585a:2755:2771,0,rolling_32@0.975,7.625532160266469,151.82775327351968
ec2_cpu_utilization_c6585a:2763:2779,0,rolling_32@0.975,7.625532160266469,151.82775327351968
ec2_cpu_utilization_c6585a:2771:2787,0,rolling_32@0.975,7.739346300921712,151.82775327351968
ec2_cpu_utilization_c6585a:2779:2795,0,rolling_32@0.975,15.023436039222453,151.82775327351968
ec2_cpu_utilization_c6585a:2787:2803,0,rolling_32@0.975,15.023436039222453,151.82775327351968
ec2_cpu_utilization_c6585a:2795:2811,0,rolling_32@0.975,7.739346300921712,151.82775327351968
ec2_cpu_utilization_c6585a:2803:2819,0,rolling_32@0.975,7.739346300921712,151.82775327351968
ec2_cpu_utilization_c6585a:2811:2827,0,rolling_32@0.975,7.739346300921712,151.82775327351968
ec2_cpu_utilization_c6585a:2819:2835,0,rolling_32@0.975,7.966974582232196,151.82775327351968
ec2_cpu_utilization_c6585a:2827:2843,0,rolling_32@0.975,7.966974582232196,151.82775327351968
ec2_cpu_utilization_c6585a:2835:2851,0,rolling_32@0.975,7.739346300921712,151.82775327351968
ec2_cpu_utilization_c6585a:2843:2859,0,rolling_32@0.975,7.739346300921712,151.82775327351968
ec2_cpu_utilization_c6585a:2851:2867,0,rolling_32@0.975,7.739346300921712,151.82775327351968
ec2_cpu_utilization_c6585a:2859:2875,0,rolling_32@0.975,7.739346300921712,151.82775327351968
ec2_cpu_utilization_c6585a:2867:2883,0,rolling_32@0.975,7.739346300921712,151.82775327351968
ec2_cpu_utilization_c6585a:2875:2891,0,rolling_32@0.975,7.739346300921712,151.82775327351968
ec2_cpu_utilization_c6585a:2883:2899,0,rolling_32@0.975,7.739346300921712,151.82775327351968
ec2_cpu_utilization_c6585a:2891:2907,0,rolling_32@0.975,7.739346300921712,151.82775327351968
ec2_cpu_utilization_c6585a:2899:2915,0,rolling_32@0.975,7.739346300921712,151.82775327351968
ec2_cpu_utilization_c6585a:2907:2923,0,rolling_32@0.975,7.739346300921712,151.82775327351968
ec2_cpu_utilization_c6585a:2915:2931,0,rolling_32@0.975,7.739346300921712,151.82775327351968
ec2_cpu_utilization_c6585a:2923:2939,0,rolling_32@0.975,7.739346300921712,151.82775327351968
ec2_cpu_utilization_c6585a:2931:2947,0,rolling_32@0.975,7.739346300921712,151.82775327351968
ec2_cpu_utilization_c6585a:2939:2955,0,rolling_32@0.975,7.739346300921712,151.82775327351968
ec2_cpu_utilization_c6585a:2947:2963,0,rolling_32@0.975,7.739346300921712,151.82775327351968
ec2_cpu_utilization_c6585a:2955:2971,0,rolling_32@0.975,7.739346300921712,151.82775327351968
ec2_cpu_utilization_c6585a:2963:2979,0,rolling_32@0.975,7.739346300921712,151.82775327351968
ec2_cpu_utilization_c6585a:2971:2987,0,rolling_32@0.975,7.853160441576954,151.82775327351968
ec2_cpu_utilization_c6585a:2979:2995,0,rolling_32@0.975,7.853160441576954,151.82775327351968
ec2_cpu_utilization_c6585a:2987:3003,0,rolling_32@0.975,7.966974582232196,151.82775327351968
ec2_cpu_utilization_c6585a:2995:3011,0,rolling_32@0.975,7.966974582232196,151.82775327351968
ec2_cpu_utilization_c6585a:3003:3019,0,rolling_32@0.975,7.966974582232196,151.82775327351968
ec2_cpu_utilization_c6585a:3011:3027,0,rolling_32@0.975,7.966974582232196,151.82775327351968
ec2_cpu_utilization_c6585a:3019:3035,0,rolling_32@0.975,7.739346300921712,151.82775327351968
ec2_cpu_utilization_c6585a:3027:3043,0,rolling_32@0.975,7.739346300921712,151.82775327351968
ec2_cpu_utilization_c6585a:3035:3051,0,rolling_32@0.975,154.33166775985384,151.82775327351968
ec2_cpu_utilization_c6585a:3043:3059,0,rolling_32@0.975,154.33166775985384,151.82775327351968
ec2_cpu_utilization_c6585a:3051:3067,0,rolling_32@0.975,7.739346300921712,151.82775327351968
ec2_cpu_utilization_c6585a:3059:3075,0,rolling_32@0.975,7.739346300921712,151.82775327351968
ec2_cpu_utilization_c6585a:3067:3083,0,rolling_32@0.975,7.739346300921712,151.82775327351968
ec2_cpu_utilization_c6585a:3075:3091,0,rolling_32@0.975,7.966974582232196,151.82775327351968
ec2_cpu_utilization_c6585a:3083:3099,0,rolling_32@0.975,7.966974582232196,151.82775327351968
ec2_cpu_utilization_c6585a:3091:3107,0,rolling_32@0.975,7.739346300921712,151.82775327351968
ec2_cpu_utilization_c6585a:3099:3115,0,rolling_32@0.975,7.739346300921712,151.82775327351968
ec2_cpu_utilization_c6585a:3107:3123,0,rolling_32@0.975,7.739346300921712,151.82775327351968
ec2_cpu_utilization_c6585a:3115:3131,0,rolling_32@0.975,7.966974582232196,151.82775327351968
ec2_cpu_utilization_c6585a:3123:3139,0,rolling_32@0.975,7.966974582232196,151.82775327351968
ec2_cpu_utilization_c6585a:3131:3147,0,rolling_32@0.975,7.5117180196112265,151.82775327351968
ec2_cpu_utilization_c6585a:3139:3155,0,rolling_32@0.975,15.137250179877697,151.82775327351968
ec2_cpu_utilization_c6585a:3147:3163,0,rolling_32@0.975,15.137250179877697,151.82775327351968
ec2_cpu_utilization_c6585a:3155:3171,0,rolling_32@0.975,7.739346300921712,151.82775327351968
ec2_cpu_utilization_c6585a:3163:3179,0,rolling_32@0.975,7.966974582232196,151.82775327351968
ec2_cpu_utilization_c6585a:3171:3187,0,rolling_32@0.975,7.966974582232196,151.82775327351968
ec2_cpu_utilization_c6585a:3179:3195,0,rolling_32@0.975,7.739346300921712,151.82775327351968
ec2_cpu_utilization_c6585a:3187:3203,0,rolling_32@0.975,7.5117180196112265,151.82775327351968
ec2_cpu_utilization_c6585a:3195:3211,0,rolling_32@0.975,7.739346300921712,151.82775327351968
ec2_cpu_utilization_c6585a:3203:3219,0,rolling_32@0.975,7.739346300921712,151.82775327351968
ec2_cpu_utilization_c6585a:2419:2435,0,rolling_32@0.99,7.739346300921712,152.05537816291132
ec2_cpu_utilization_c6585a:2427:2443,0,rolling_32@0.99,7.739346300921712,152.05537816291132
ec2_cpu_utilization_c6585a:2435:2451,0,rolling_32@0.99,7.739346300921712,152.05537816291132
ec2_cpu_utilization_c6585a:2443:2459,0,rolling_32@0.99,7.739346300921712,152.05537816291132
ec2_cpu_utilization_c6585a:2451:2467,0,rolling_32@0.99,162.0710089728973,152.05537816291132
ec2_cpu_utilization_c6585a:2459:2475,0,rolling_32@0.99,162.0710089728973,152.05537816291132
ec2_cpu_utilization_c6585a:2467:2483,0,rolling_32@0.99,7.739346300921712,152.05537816291132
ec2_cpu_utilization_c6585a:2475:2491,0,rolling_32@0.99,7.739346300921712,152.05537816291132
ec2_cpu_utilization_c6585a:2483:2499,0,rolling_32@0.99,7.739346300921712,152.05537816291132
ec2_cpu_utilization_c6585a:2491:2507,0,rolling_32@0.99,7.625532160266469,152.05537816291132
ec2_cpu_utilization_c6585a:2499:2515,0,rolling_32@0.99,7.739346300921712,152.05537816291132
ec2_cpu_utilization_c6585a:2507:2523,0,rolling_32@0.99,15.251064320532938,152.05537816291132
ec2_cpu_utilization_c6585a:2515:2531,0,rolling_32@0.99,15.251064320532938,152.05537816291132
ec2_cpu_utilization_c6585a:2523:2539,0,rolling_32@0.99,7.966974582232196,152.05537816291132
ec2_cpu_utilization_c6585a:2531:2547,0,rolling_32@0.99,7.966974582232196,152.05537816291132
ec2_cpu_utilization_c6585a:2539:2555,0,rolling_32@0.99,7.739346300921712,152.05537816291132
ec2_cpu_utilization_c6585a:2547:2563,0,rolling_32@0.99,7.966974582232196,152.05537816291132
ec2_cpu_utilization_c6585a:2555:2571,0,rolling_32@0.99,7.966974582232196,152.05537816291132
ec2_cpu_utilization_c6585a:2563:2579,0,rolling_32@0.99,7.739346300921712,152.05537816291132
ec2_cpu_utilization_c6585a:2571:2587,0,rolling_32@0.99,7.966974582232196,152.05537816291132
ec2_cpu_utilization_c6585a:2579:2595,0,rolling_32@0.99,7.966974582232196,152.05537816291132
ec2_cpu_utilization_c6585a:2587:2603,0,rolling_32@0.99,7.739346300921712,152.05537816291132
ec2_cpu_utilization_c6585a:2595:2611,0,rolling_32@0.99,7.739346300921712,152.05537816291132
ec2_cpu_utilization_c6585a:2603:2619,0,rolling_32@0.99,7.966974582232196,152.05537816291132
ec2_cpu_utilization_c6585a:2611:2627,0,rolling_32@0.99,7.966974582232196,152.05537816291132
ec2_cpu_utilization_c6585a:2619:2635,0,rolling_32@0.99,7.966974582232196,152.05537816291132
ec2_cpu_utilization_c6585a:2627:2643,0,rolling_32@0.99,7.966974582232196,152.05537816291132
ec2_cpu_utilization_c6585a:2635:2651,0,rolling_32@0.99,7.739346300921712,152.05537816291132
ec2_cpu_utilization_c6585a:2643:2659,0,rolling_32@0.99,7.739346300921712,152.05537816291132
ec2_cpu_utilization_c6585a:2651:2667,0,rolling_32@0.99,7.739346300921712,152.05537816291132
ec2_cpu_utilization_c6585a:2659:2675,0,rolling_32@0.99,7.739346300921712,152.05537816291132
ec2_cpu_utilization_c6585a:2667:2683,0,rolling_32@0.99,7.739346300921712,152.05537816291132
ec2_cpu_utilization_c6585a:2675:2691,0,rolling_32@0.99,7.739346300921712,152.05537816291132
ec2_cpu_utilization_c6585a:2683:2699,0,rolling_32@0.99,7.739346300921712,152.05537816291132
ec2_cpu_utilization_c6585a:2691:2707,0,rolling_32@0.99,8.422229448893747,152.05537816291132
ec2_cpu_utilization_c6585a:2699:2715,0,rolling_32@0.99,8.422229448893747,152.05537816291132
ec2_cpu_utilization_c6585a:2707:2723,0,rolling_32@0.99,7.739346300921712,152.05537816291132
ec2_cpu_utilization_c6585a:2715:2731,0,rolling_32@0.99,7.966974582232196,152.05537816291132
ec2_cpu_utilization_c6585a:2723:2739,0,rolling_32@0.99,7.966974582232196,152.05537816291132
ec2_cpu_utilization_c6585a:2731:2747,0,rolling_32@0.99,159.33946959717147,152.05537816291132
ec2_cpu_utilization_c6585a:2739:2755,0,rolling_32@0.99,159.33946959717147,152.05537816291132
ec2_cpu_utilization_c6585a:2747:2763,0,rolling_32@0.99,7.739346300921712,152.05537816291132
ec2_cpu_utilization_c6585a:2755:2771,0,rolling_32@0.99,7.625532160266469,152.05537816291132
ec2_cpu_utilization_c6585a:2763:2779,0,rolling_32@0.99,7.625532160266469,152.05537816291132
ec2_cpu_utilization_c6585a:2771:2787,0,rolling_32@0.99,7.739346300921712,152.05537816291132
ec2_cpu_utilization_c6585a:2779:2795,0,rolling_32@0.99,15.023436039222453,152.05537816291132
ec2_cpu_utilization_c6585a:2787:2803,0,rolling_32@0.99,15.023436039222453,152.05537816291132
ec2_cpu_utilization_c6585a:2795:2811,0,rolling_32@0.99,7.739346300921712,152.05537816291132
ec2_cpu_utilization_c6585a:2803:2819,0,rolling_32@0.99,7.739346300921712,152.05537816291132
ec2_cpu_utilization_c6585a:2811:2827,0,rolling_32@0.99,7.739346300921712,152.05537816291132
ec2_cpu_utilization_c6585a:2819:2835,0,rolling_32@0.99,7.966974582232196,152.05537816291132
ec2_cpu_utilization_c6585a:2827:2843,0,rolling_32@0.99,7.966974582232196,152.05537816291132
ec2_cpu_utilization_c6585a:2835:2851,0,rolling_32@0.99,7.739346300921712,152.05537816291132
ec2_cpu_utilization_c6585a:2843:2859,0,rolling_32@0.99,7.739346300921712,152.05537816291132
ec2_cpu_utilization_c6585a:2851:2867,0,rolling_32@0.99,7.739346300921712,152.05537816291132
ec2_cpu_utilization_c6585a:2859:2875,0,rolling_32@0.99,7.739346300921712,152.05537816291132
ec2_cpu_utilization_c6585a:2867:2883,0,rolling_32@0.99,7.739346300921712,152.05537816291132
ec2_cpu_utilization_c6585a:2875:2891,0,rolling_32@0.99,7.739346300921712,152.05537816291132
ec2_cpu_utilization_c6585a:2883:2899,0,rolling_32@0.99,7.739346300921712,152.05537816291132
ec2_cpu_utilization_c6585a:2891:2907,0,rolling_32@0.99,7.739346300921712,152.05537816291132
ec2_cpu_utilization_c6585a:2899:2915,0,rolling_32@0.99,7.739346300921712,152.05537816291132
ec2_cpu_utilization_c6585a:2907:2923,0,rolling_32@0.99,7.739346300921712,152.05537816291132
ec2_cpu_utilization_c6585a:2915:2931,0,rolling_32@0.99,7.739346300921712,152.05537816291132
ec2_cpu_utilization_c6585a:2923:2939,0,rolling_32@0.99,7.739346300921712,152.05537816291132
ec2_cpu_utilization_c6585a:2931:2947,0,rolling_32@0.99,7.739346300921712,152.05537816291132
ec2_cpu_utilization_c6585a:2939:2955,0,rolling_32@0.99,7.739346300921712,152.05537816291132
ec2_cpu_utilization_c6585a:2947:2963,0,rolling_32@0.99,7.739346300921712,152.05537816291132
ec2_cpu_utilization_c6585a:2955:2971,0,rolling_32@0.99,7.739346300921712,152.05537816291132
ec2_cpu_utilization_c6585a:2963:2979,0,rolling_32@0.99,7.739346300921712,152.05537816291132
ec2_cpu_utilization_c6585a:2971:2987,0,rolling_32@0.99,7.853160441576954,152.05537816291132
ec2_cpu_utilization_c6585a:2979:2995,0,rolling_32@0.99,7.853160441576954,152.05537816291132
ec2_cpu_utilization_c6585a:2987:3003,0,rolling_32@0.99,7.966974582232196,152.05537816291132
ec2_cpu_utilization_c6585a:2995:3011,0,rolling_32@0.99,7.966974582232196,152.05537816291132
ec2_cpu_utilization_c6585a:3003:3019,0,rolling_32@0.99,7.966974582232196,152.05537816291132
ec2_cpu_utilization_c6585a:3011:3027,0,rolling_32@0.99,7.966974582232196,152.05537816291132
ec2_cpu_utilization_c6585a:3019:3035,0,rolling_32@0.99,7.739346300921712,152.05537816291132
ec2_cpu_utilization_c6585a:3027:3043,0,rolling_32@0.99,7.739346300921712,152.05537816291132
ec2_cpu_utilization_c6585a:3035:3051,0,rolling_32@0.99,154.33166775985384,152.05537816291132
ec2_cpu_utilization_c6585a:3043:3059,0,rolling_32@0.99,154.33166775985384,152.05537816291132
ec2_cpu_utilization_c6585a:3051:3067,0,rolling_32@0.99,7.739346300921712,152.05537816291132
ec2_cpu_utilization_c6585a:3059:3075,0,rolling_32@0.99,7.739346300921712,152.05537816291132
ec2_cpu_utilization_c6585a:3067:3083,0,rolling_32@0.99,7.739346300921712,152.05537816291132
ec2_cpu_utilization_c6585a:3075:3091,0,rolling_32@0.99,7.966974582232196,152.05537816291132
ec2_cpu_utilization_c6585a:3083:3099,0,rolling_32@0.99,7.966974582232196,152.05537816291132
ec2_cpu_utilization_c6585a:3091:3107,0,rolling_32@0.99,7.739346300921712,152.05537816291132
ec2_cpu_utilization_c6585a:3099:3115,0,rolling_32@0.99,7.739346300921712,152.05537816291132
ec2_cpu_utilization_c6585a:3107:3123,0,rolling_32@0.99,7.739346300921712,152.05537816291132
ec2_cpu_utilization_c6585a:3115:3131,0,rolling_32@0.99,7.966974582232196,152.05537816291132
ec2_cpu_utilization_c6585a:3123:3139,0,rolling_32@0.99,7.966974582232196,152.05537816291132
ec2_cpu_utilization_c6585a:3131:3147,0,rolling_32@0.99,7.5117180196112265,152.05537816291132
ec2_cpu_utilization_c6585a:3139:3155,0,rolling_32@0.99,15.137250179877697,152.05537816291132
ec2_cpu_utilization_c6585a:3147:3163,0,rolling_32@0.99,15.137250179877697,152.05537816291132
ec2_cpu_utilization_c6585a:3155:3171,0,rolling_32@0.99,7.739346300921712,152.05537816291132
ec2_cpu_utilization_c6585a:3163:3179,0,rolling_32@0.99,7.966974582232196,152.05537816291132
ec2_cpu_utilization_c6585a:3171:3187,0,rolling_32@0.99,7.966974582232196,152.05537816291132
ec2_cpu_utilization_c6585a:3179:3195,0,rolling_32@0.99,7.739346300921712,152.05537816291132
ec2_cpu_utilization_c6585a:3187:3203,0,rolling_32@0.99,7.5117180196112265,152.05537816291132
ec2_cpu_utilization_c6585a:3195:3211,0,rolling_32@0.99,7.739346300921712,152.05537816291132
ec2_cpu_utilization_c6585a:3203:3219,0,rolling_32@0.99,7.739346300921712,152.05537816291132
ec2_cpu_utilization_c6585a:2419:2435,0,rolling_64@0.95,7.739346300921712,15.706319187194488
ec2_cpu_utilization_c6585a:2427:2443,0,rolling_64@0.95,7.739346300921712,15.706319187194488
ec2_cpu_utilization_c6585a:2435:2451,0,rolling_64@0.95,7.739346300921712,15.706319187194488
ec2_cpu_utilization_c6585a:2443:2459,0,rolling_64@0.95,7.739346300921712,15.706319187194488
ec2_cpu_utilization_c6585a:2451:2467,0,rolling_64@0.95,162.0710089728973,15.706319187194488
ec2_cpu_utilization_c6585a:2459:2475,0,rolling_64@0.95,162.0710089728973,15.706319187194488
ec2_cpu_utilization_c6585a:2467:2483,0,rolling_64@0.95,7.739346300921712,15.706319187194488
ec2_cpu_utilization_c6585a:2475:2491,0,rolling_64@0.95,7.739346300921712,15.706319187194488
ec2_cpu_utilization_c6585a:2483:2499,0,rolling_64@0.95,7.739346300921712,15.706319187194488
ec2_cpu_utilization_c6585a:2491:2507,0,rolling_64@0.95,7.739346300921712,15.706319187194488
ec2_cpu_utilization_c6585a:2499:2515,0,rolling_64@0.95,7.739346300921712,15.706319187194488
ec2_cpu_utilization_c6585a:2507:2523,0,rolling_64@0.95,15.251064320532938,15.706319187194488
ec2_cpu_utilization_c6585a:2515:2531,0,rolling_64@0.95,15.251064320532938,15.706319187194488
ec2_cpu_utilization_c6585a:2523:2539,0,rolling_64@0.95,7.966974582232196,15.706319187194488
ec2_cpu_utilization_c6585a:2531:2547,0,rolling_64@0.95,7.966974582232196,15.706319187194488
ec2_cpu_utilization_c6585a:2539:2555,0,rolling_64@0.95,7.739346300921712,15.706319187194488
ec2_cpu_utilization_c6585a:2547:2563,0,rolling_64@0.95,7.966974582232196,15.706319187194488
ec2_cpu_utilization_c6585a:2555:2571,0,rolling_64@0.95,7.966974582232196,15.706319187194488
ec2_cpu_utilization_c6585a:2563:2579,0,rolling_64@0.95,7.739346300921712,15.706319187194488
ec2_cpu_utilization_c6585a:2571:2587,0,rolling_64@0.95,7.966974582232196,15.706319187194488
ec2_cpu_utilization_c6585a:2579:2595,0,rolling_64@0.95,7.966974582232196,15.706319187194488
ec2_cpu_utilization_c6585a:2587:2603,0,rolling_64@0.95,7.739346300921712,15.706319187194488
ec2_cpu_utilization_c6585a:2595:2611,0,rolling_64@0.95,7.739346300921712,15.706319187194488
ec2_cpu_utilization_c6585a:2603:2619,0,rolling_64@0.95,7.966974582232196,15.706319187194488
ec2_cpu_utilization_c6585a:2611:2627,0,rolling_64@0.95,7.966974582232196,15.706319187194488
ec2_cpu_utilization_c6585a:2619:2635,0,rolling_64@0.95,7.966974582232196,15.706319187194488
ec2_cpu_utilization_c6585a:2627:2643,0,rolling_64@0.95,7.966974582232196,15.706319187194488
ec2_cpu_utilization_c6585a:2635:2651,0,rolling_64@0.95,7.739346300921712,15.706319187194488
ec2_cpu_utilization_c6585a:2643:2659,0,rolling_64@0.95,7.739346300921712,15.706319187194488
ec2_cpu_utilization_c6585a:2651:2667,0,rolling_64@0.95,7.739346300921712,15.706319187194488
ec2_cpu_utilization_c6585a:2659:2675,0,rolling_64@0.95,7.739346300921712,15.706319187194488
ec2_cpu_utilization_c6585a:2667:2683,0,rolling_64@0.95,7.739346300921712,15.706319187194488
ec2_cpu_utilization_c6585a:2675:2691,0,rolling_64@0.95,7.739346300921712,15.706319187194488
ec2_cpu_utilization_c6585a:2683:2699,0,rolling_64@0.95,7.739346300921712,15.706319187194488
ec2_cpu_utilization_c6585a:2691:2707,0,rolling_64@0.95,8.422229448893747,15.706319187194488
ec2_cpu_utilization_c6585a:2699:2715,0,rolling_64@0.95,8.422229448893747,15.706319187194488
ec2_cpu_utilization_c6585a:2707:2723,0,rolling_64@0.95,7.739346300921712,15.706319187194488
ec2_cpu_utilization_c6585a:2715:2731,0,rolling_64@0.95,7.966974582232196,15.706319187194488
ec2_cpu_utilization_c6585a:2723:2739,0,rolling_64@0.95,7.966974582232196,15.706319187194488
ec2_cpu_utilization_c6585a:2731:2747,0,rolling_64@0.95,159.33946959717147,15.706319187194488
ec2_cpu_utilization_c6585a:2739:2755,0,rolling_64@0.95,159.33946959717147,15.706319187194488
ec2_cpu_utilization_c6585a:2747:2763,0,rolling_64@0.95,7.739346300921712,15.706319187194488
ec2_cpu_utilization_c6585a:2755:2771,0,rolling_64@0.95,7.739346300921712,15.706319187194488
ec2_cpu_utilization_c6585a:2763:2779,0,rolling_64@0.95,7.739346300921712,15.706319187194488
ec2_cpu_utilization_c6585a:2771:2787,0,rolling_64@0.95,7.739346300921712,15.706319187194488
ec2_cpu_utilization_c6585a:2779:2795,0,rolling_64@0.95,15.023436039222453,15.706319187194488
ec2_cpu_utilization_c6585a:2787:2803,0,rolling_64@0.95,15.023436039222453,15.706319187194488
ec2_cpu_utilization_c6585a:2795:2811,0,rolling_64@0.95,7.739346300921712,15.706319187194488
ec2_cpu_utilization_c6585a:2803:2819,0,rolling_64@0.95,7.739346300921712,15.706319187194488
ec2_cpu_utilization_c6585a:2811:2827,0,rolling_64@0.95,7.739346300921712,15.706319187194488
ec2_cpu_utilization_c6585a:2819:2835,0,rolling_64@0.95,7.966974582232196,15.706319187194488
ec2_cpu_utilization_c6585a:2827:2843,0,rolling_64@0.95,7.966974582232196,15.706319187194488
ec2_cpu_utilization_c6585a:2835:2851,0,rolling_64@0.95,7.739346300921712,15.706319187194488
ec2_cpu_utilization_c6585a:2843:2859,0,rolling_64@0.95,7.739346300921712,15.706319187194488
ec2_cpu_utilization_c6585a:2851:2867,0,rolling_64@0.95,7.739346300921712,15.706319187194488
ec2_cpu_utilization_c6585a:2859:2875,0,rolling_64@0.95,7.739346300921712,15.706319187194488
ec2_cpu_utilization_c6585a:2867:2883,0,rolling_64@0.95,7.739346300921712,15.706319187194488
ec2_cpu_utilization_c6585a:2875:2891,0,rolling_64@0.95,7.739346300921712,15.706319187194488
ec2_cpu_utilization_c6585a:2883:2899,0,rolling_64@0.95,7.739346300921712,15.706319187194488
ec2_cpu_utilization_c6585a:2891:2907,0,rolling_64@0.95,7.739346300921712,15.706319187194488
ec2_cpu_utilization_c6585a:2899:2915,0,rolling_64@0.95,7.739346300921712,15.706319187194488
ec2_cpu_utilization_c6585a:2907:2923,0,rolling_64@0.95,7.739346300921712,15.706319187194488
ec2_cpu_utilization_c6585a:2915:2931,0,rolling_64@0.95,7.739346300921712,15.706319187194488
ec2_cpu_utilization_c6585a:2923:2939,0,rolling_64@0.95,7.739346300921712,15.706319187194488
ec2_cpu_utilization_c6585a:2931:2947,0,rolling_64@0.95,7.739346300921712,15.706319187194488
ec2_cpu_utilization_c6585a:2939:2955,0,rolling_64@0.95,7.739346300921712,15.706319187194488
ec2_cpu_utilization_c6585a:2947:2963,0,rolling_64@0.95,7.739346300921712,15.706319187194488
ec2_cpu_utilization_c6585a:2955:2971,0,rolling_64@0.95,7.966974582232196,15.706319187194488
ec2_cpu_utilization_c6585a:2963:2979,0,rolling_64@0.95,7.966974582232196,15.706319187194488
ec2_cpu_utilization_c6585a:2971:2987,0,rolling_64@0.95,7.966974582232196,15.706319187194488
ec2_cpu_utilization_c6585a:2979:2995,0,rolling_64@0.95,7.966974582232196,15.706319187194488
ec2_cpu_utilization_c6585a:2987:3003,0,rolling_64@0.95,7.966974582232196,15.706319187194488
ec2_cpu_utilization_c6585a:2995:3011,0,rolling_64@0.95,7.966974582232196,15.706319187194488
ec2_cpu_utilization_c6585a:3003:3019,0,rolling_64@0.95,7.966974582232196,15.706319187194488
ec2_cpu_utilization_c6585a:3011:3027,0,rolling_64@0.95,7.966974582232196,15.706319187194488
ec2_cpu_utilization_c6585a:3019:3035,0,rolling_64@0.95,7.739346300921712,15.706319187194488
ec2_cpu_utilization_c6585a:3027:3043,0,rolling_64@0.95,7.739346300921712,15.706319187194488
ec2_cpu_utilization_c6585a:3035:3051,0,rolling_64@0.95,154.33166775985384,15.706319187194488
ec2_cpu_utilization_c6585a:3043:3059,0,rolling_64@0.95,154.33166775985384,15.706319187194488
ec2_cpu_utilization_c6585a:3051:3067,0,rolling_64@0.95,7.739346300921712,15.706319187194488
ec2_cpu_utilization_c6585a:3059:3075,0,rolling_64@0.95,7.739346300921712,15.706319187194488
ec2_cpu_utilization_c6585a:3067:3083,0,rolling_64@0.95,7.739346300921712,15.706319187194488
ec2_cpu_utilization_c6585a:3075:3091,0,rolling_64@0.95,7.966974582232196,15.706319187194488
ec2_cpu_utilization_c6585a:3083:3099,0,rolling_64@0.95,7.966974582232196,15.706319187194488
ec2_cpu_utilization_c6585a:3091:3107,0,rolling_64@0.95,7.739346300921712,15.706319187194488
ec2_cpu_utilization_c6585a:3099:3115,0,rolling_64@0.95,7.739346300921712,15.706319187194488
ec2_cpu_utilization_c6585a:3107:3123,0,rolling_64@0.95,7.739346300921712,15.706319187194488
ec2_cpu_utilization_c6585a:3115:3131,0,rolling_64@0.95,7.966974582232196,15.706319187194488
ec2_cpu_utilization_c6585a:3123:3139,0,rolling_64@0.95,7.966974582232196,15.706319187194488
ec2_cpu_utilization_c6585a:3131:3147,0,rolling_64@0.95,7.739346300921712,15.706319187194488
ec2_cpu_utilization_c6585a:3139:3155,0,rolling_64@0.95,15.251064320532938,15.706319187194488
ec2_cpu_utilization_c6585a:3147:3163,0,rolling_64@0.95,15.251064320532938,15.706319187194488
ec2_cpu_utilization_c6585a:3155:3171,0,rolling_64@0.95,7.625532160266469,15.706319187194488
ec2_cpu_utilization_c6585a:3163:3179,0,rolling_64@0.95,7.739346300921712,15.706319187194488
ec2_cpu_utilization_c6585a:3171:3187,0,rolling_64@0.95,7.739346300921712,15.706319187194488
ec2_cpu_utilization_c6585a:3179:3195,0,rolling_64@0.95,7.739346300921712,15.706319187194488
ec2_cpu_utilization_c6585a:3187:3203,0,rolling_64@0.95,7.5117180196112265,15.706319187194488
ec2_cpu_utilization_c6585a:3195:3211,0,rolling_64@0.95,7.853160441576954,15.706319187194488
ec2_cpu_utilization_c6585a:3203:3219,0,rolling_64@0.95,7.853160441576954,15.706319187194488
ec2_cpu_utilization_c6585a:2419:2435,0,rolling_64@0.975,7.739346300921712,151.82775327351968
ec2_cpu_utilization_c6585a:2427:2443,0,rolling_64@0.975,7.739346300921712,151.82775327351968
ec2_cpu_utilization_c6585a:2435:2451,0,rolling_64@0.975,7.739346300921712,151.82775327351968
ec2_cpu_utilization_c6585a:2443:2459,0,rolling_64@0.975,7.739346300921712,151.82775327351968
ec2_cpu_utilization_c6585a:2451:2467,0,rolling_64@0.975,162.0710089728973,151.82775327351968
ec2_cpu_utilization_c6585a:2459:2475,0,rolling_64@0.975,162.0710089728973,151.82775327351968
ec2_cpu_utilization_c6585a:2467:2483,0,rolling_64@0.975,7.739346300921712,151.82775327351968
ec2_cpu_utilization_c6585a:2475:2491,0,rolling_64@0.975,7.739346300921712,151.82775327351968
ec2_cpu_utilization_c6585a:2483:2499,0,rolling_64@0.975,7.739346300921712,151.82775327351968
ec2_cpu_utilization_c6585a:2491:2507,0,rolling_64@0.975,7.739346300921712,151.82775327351968
ec2_cpu_utilization_c6585a:2499:2515,0,rolling_64@0.975,7.739346300921712,151.82775327351968
ec2_cpu_utilization_c6585a:2507:2523,0,rolling_64@0.975,15.251064320532938,151.82775327351968
ec2_cpu_utilization_c6585a:2515:2531,0,rolling_64@0.975,15.251064320532938,151.82775327351968
ec2_cpu_utilization_c6585a:2523:2539,0,rolling_64@0.975,7.966974582232196,151.82775327351968
ec2_cpu_utilization_c6585a:2531:2547,0,rolling_64@0.975,7.966974582232196,151.82775327351968
ec2_cpu_utilization_c6585a:2539:2555,0,rolling_64@0.975,7.739346300921712,151.82775327351968
ec2_cpu_utilization_c6585a:2547:2563,0,rolling_64@0.975,7.966974582232196,151.82775327351968
ec2_cpu_utilization_c6585a:2555:2571,0,rolling_64@0.975,7.966974582232196,151.82775327351968
ec2_cpu_utilization_c6585a:2563:2579,0,rolling_64@0.975,7.739346300921712,151.82775327351968
ec2_cpu_utilization_c6585a:2571:2587,0,rolling_64@0.975,7.966974582232196,151.82775327351968
ec2_cpu_utilization_c6585a:2579:2595,0,rolling_64@0.975,7.966974582232196,151.82775327351968
ec2_cpu_utilization_c6585a:2587:2603,0,rolling_64@0.975,7.739346300921712,151.82775327351968
ec2_cpu_utilization_c6585a:2595:2611,0,rolling_64@0.975,7.739346300921712,151.82775327351968
ec2_cpu_utilization_c6585a:2603:2619,0,rolling_64@0.975,7.966974582232196,151.82775327351968
ec2_cpu_utilization_c6585a:2611:2627,0,rolling_64@0.975,7.966974582232196,151.82775327351968
ec2_cpu_utilization_c6585a:2619:2635,0,rolling_64@0.975,7.966974582232196,151.82775327351968
ec2_cpu_utilization_c6585a:2627:2643,0,rolling_64@0.975,7.966974582232196,151.82775327351968
ec2_cpu_utilization_c6585a:2635:2651,0,rolling_64@0.975,7.739346300921712,151.82775327351968
ec2_cpu_utilization_c6585a:2643:2659,0,rolling_64@0.975,7.739346300921712,151.82775327351968
ec2_cpu_utilization_c6585a:2651:2667,0,rolling_64@0.975,7.739346300921712,151.82775327351968
ec2_cpu_utilization_c6585a:2659:2675,0,rolling_64@0.975,7.739346300921712,151.82775327351968
ec2_cpu_utilization_c6585a:2667:2683,0,rolling_64@0.975,7.739346300921712,151.82775327351968
ec2_cpu_utilization_c6585a:2675:2691,0,rolling_64@0.975,7.739346300921712,151.82775327351968
ec2_cpu_utilization_c6585a:2683:2699,0,rolling_64@0.975,7.739346300921712,151.82775327351968
ec2_cpu_utilization_c6585a:2691:2707,0,rolling_64@0.975,8.422229448893747,151.82775327351968
ec2_cpu_utilization_c6585a:2699:2715,0,rolling_64@0.975,8.422229448893747,151.82775327351968
ec2_cpu_utilization_c6585a:2707:2723,0,rolling_64@0.975,7.739346300921712,151.82775327351968
ec2_cpu_utilization_c6585a:2715:2731,0,rolling_64@0.975,7.966974582232196,151.82775327351968
ec2_cpu_utilization_c6585a:2723:2739,0,rolling_64@0.975,7.966974582232196,151.82775327351968
ec2_cpu_utilization_c6585a:2731:2747,0,rolling_64@0.975,159.33946959717147,151.82775327351968
ec2_cpu_utilization_c6585a:2739:2755,0,rolling_64@0.975,159.33946959717147,151.82775327351968
ec2_cpu_utilization_c6585a:2747:2763,0,rolling_64@0.975,7.739346300921712,151.82775327351968
ec2_cpu_utilization_c6585a:2755:2771,0,rolling_64@0.975,7.739346300921712,151.82775327351968
ec2_cpu_utilization_c6585a:2763:2779,0,rolling_64@0.975,7.739346300921712,151.82775327351968
ec2_cpu_utilization_c6585a:2771:2787,0,rolling_64@0.975,7.739346300921712,151.82775327351968
ec2_cpu_utilization_c6585a:2779:2795,0,rolling_64@0.975,15.023436039222453,151.82775327351968
ec2_cpu_utilization_c6585a:2787:2803,0,rolling_64@0.975,15.023436039222453,151.82775327351968
ec2_cpu_utilization_c6585a:2795:2811,0,rolling_64@0.975,7.739346300921712,151.82775327351968
ec2_cpu_utilization_c6585a:2803:2819,0,rolling_64@0.975,7.739346300921712,151.82775327351968
ec2_cpu_utilization_c6585a:2811:2827,0,rolling_64@0.975,7.739346300921712,151.82775327351968
ec2_cpu_utilization_c6585a:2819:2835,0,rolling_64@0.975,7.966974582232196,151.82775327351968
ec2_cpu_utilization_c6585a:2827:2843,0,rolling_64@0.975,7.966974582232196,151.82775327351968
ec2_cpu_utilization_c6585a:2835:2851,0,rolling_64@0.975,7.739346300921712,151.82775327351968
ec2_cpu_utilization_c6585a:2843:2859,0,rolling_64@0.975,7.739346300921712,151.82775327351968
ec2_cpu_utilization_c6585a:2851:2867,0,rolling_64@0.975,7.739346300921712,151.82775327351968
ec2_cpu_utilization_c6585a:2859:2875,0,rolling_64@0.975,7.739346300921712,151.82775327351968
ec2_cpu_utilization_c6585a:2867:2883,0,rolling_64@0.975,7.739346300921712,151.82775327351968
ec2_cpu_utilization_c6585a:2875:2891,0,rolling_64@0.975,7.739346300921712,151.82775327351968
ec2_cpu_utilization_c6585a:2883:2899,0,rolling_64@0.975,7.739346300921712,151.82775327351968
ec2_cpu_utilization_c6585a:2891:2907,0,rolling_64@0.975,7.739346300921712,151.82775327351968
ec2_cpu_utilization_c6585a:2899:2915,0,rolling_64@0.975,7.739346300921712,151.82775327351968
ec2_cpu_utilization_c6585a:2907:2923,0,rolling_64@0.975,7.739346300921712,151.82775327351968
ec2_cpu_utilization_c6585a:2915:2931,0,rolling_64@0.975,7.739346300921712,151.82775327351968
ec2_cpu_utilization_c6585a:2923:2939,0,rolling_64@0.975,7.739346300921712,151.82775327351968
ec2_cpu_utilization_c6585a:2931:2947,0,rolling_64@0.975,7.739346300921712,151.82775327351968
ec2_cpu_utilization_c6585a:2939:2955,0,rolling_64@0.975,7.739346300921712,151.82775327351968
ec2_cpu_utilization_c6585a:2947:2963,0,rolling_64@0.975,7.739346300921712,151.82775327351968
ec2_cpu_utilization_c6585a:2955:2971,0,rolling_64@0.975,7.966974582232196,151.82775327351968
ec2_cpu_utilization_c6585a:2963:2979,0,rolling_64@0.975,7.966974582232196,151.82775327351968
ec2_cpu_utilization_c6585a:2971:2987,0,rolling_64@0.975,7.966974582232196,151.82775327351968
ec2_cpu_utilization_c6585a:2979:2995,0,rolling_64@0.975,7.966974582232196,151.82775327351968
ec2_cpu_utilization_c6585a:2987:3003,0,rolling_64@0.975,7.966974582232196,151.82775327351968
ec2_cpu_utilization_c6585a:2995:3011,0,rolling_64@0.975,7.966974582232196,151.82775327351968
ec2_cpu_utilization_c6585a:3003:3019,0,rolling_64@0.975,7.966974582232196,151.82775327351968
ec2_cpu_utilization_c6585a:3011:3027,0,rolling_64@0.975,7.966974582232196,151.82775327351968
ec2_cpu_utilization_c6585a:3019:3035,0,rolling_64@0.975,7.739346300921712,151.82775327351968
ec2_cpu_utilization_c6585a:3027:3043,0,rolling_64@0.975,7.739346300921712,151.82775327351968
ec2_cpu_utilization_c6585a:3035:3051,0,rolling_64@0.975,154.33166775985384,151.82775327351968
ec2_cpu_utilization_c6585a:3043:3059,0,rolling_64@0.975,154.33166775985384,151.82775327351968
ec2_cpu_utilization_c6585a:3051:3067,0,rolling_64@0.975,7.739346300921712,151.82775327351968
ec2_cpu_utilization_c6585a:3059:3075,0,rolling_64@0.975,7.739346300921712,151.82775327351968
ec2_cpu_utilization_c6585a:3067:3083,0,rolling_64@0.975,7.739346300921712,151.82775327351968
ec2_cpu_utilization_c6585a:3075:3091,0,rolling_64@0.975,7.966974582232196,151.82775327351968
ec2_cpu_utilization_c6585a:3083:3099,0,rolling_64@0.975,7.966974582232196,151.82775327351968
ec2_cpu_utilization_c6585a:3091:3107,0,rolling_64@0.975,7.739346300921712,151.82775327351968
ec2_cpu_utilization_c6585a:3099:3115,0,rolling_64@0.975,7.739346300921712,151.82775327351968
ec2_cpu_utilization_c6585a:3107:3123,0,rolling_64@0.975,7.739346300921712,151.82775327351968
ec2_cpu_utilization_c6585a:3115:3131,0,rolling_64@0.975,7.966974582232196,151.82775327351968
ec2_cpu_utilization_c6585a:3123:3139,0,rolling_64@0.975,7.966974582232196,151.82775327351968
ec2_cpu_utilization_c6585a:3131:3147,0,rolling_64@0.975,7.739346300921712,151.82775327351968
ec2_cpu_utilization_c6585a:3139:3155,0,rolling_64@0.975,15.251064320532938,151.82775327351968
ec2_cpu_utilization_c6585a:3147:3163,0,rolling_64@0.975,15.251064320532938,151.82775327351968
ec2_cpu_utilization_c6585a:3155:3171,0,rolling_64@0.975,7.625532160266469,151.82775327351968
ec2_cpu_utilization_c6585a:3163:3179,0,rolling_64@0.975,7.739346300921712,151.82775327351968
ec2_cpu_utilization_c6585a:3171:3187,0,rolling_64@0.975,7.739346300921712,151.82775327351968
ec2_cpu_utilization_c6585a:3179:3195,0,rolling_64@0.975,7.739346300921712,151.82775327351968
ec2_cpu_utilization_c6585a:3187:3203,0,rolling_64@0.975,7.5117180196112265,151.82775327351968
ec2_cpu_utilization_c6585a:3195:3211,0,rolling_64@0.975,7.853160441576954,151.82775327351968
ec2_cpu_utilization_c6585a:3203:3219,0,rolling_64@0.975,7.853160441576954,151.82775327351968
ec2_cpu_utilization_c6585a:2419:2435,0,rolling_64@0.99,7.739346300921712,152.05537816291132
ec2_cpu_utilization_c6585a:2427:2443,0,rolling_64@0.99,7.739346300921712,152.05537816291132
ec2_cpu_utilization_c6585a:2435:2451,0,rolling_64@0.99,7.739346300921712,152.05537816291132
ec2_cpu_utilization_c6585a:2443:2459,0,rolling_64@0.99,7.739346300921712,152.05537816291132
ec2_cpu_utilization_c6585a:2451:2467,0,rolling_64@0.99,162.0710089728973,152.05537816291132
ec2_cpu_utilization_c6585a:2459:2475,0,rolling_64@0.99,162.0710089728973,152.05537816291132
ec2_cpu_utilization_c6585a:2467:2483,0,rolling_64@0.99,7.739346300921712,152.05537816291132
ec2_cpu_utilization_c6585a:2475:2491,0,rolling_64@0.99,7.739346300921712,152.05537816291132
ec2_cpu_utilization_c6585a:2483:2499,0,rolling_64@0.99,7.739346300921712,152.05537816291132
ec2_cpu_utilization_c6585a:2491:2507,0,rolling_64@0.99,7.739346300921712,152.05537816291132
ec2_cpu_utilization_c6585a:2499:2515,0,rolling_64@0.99,7.739346300921712,152.05537816291132
ec2_cpu_utilization_c6585a:2507:2523,0,rolling_64@0.99,15.251064320532938,152.05537816291132
ec2_cpu_utilization_c6585a:2515:2531,0,rolling_64@0.99,15.251064320532938,152.05537816291132
ec2_cpu_utilization_c6585a:2523:2539,0,rolling_64@0.99,7.966974582232196,152.05537816291132
ec2_cpu_utilization_c6585a:2531:2547,0,rolling_64@0.99,7.966974582232196,152.05537816291132
ec2_cpu_utilization_c6585a:2539:2555,0,rolling_64@0.99,7.739346300921712,152.05537816291132
ec2_cpu_utilization_c6585a:2547:2563,0,rolling_64@0.99,7.966974582232196,152.05537816291132
ec2_cpu_utilization_c6585a:2555:2571,0,rolling_64@0.99,7.966974582232196,152.05537816291132
ec2_cpu_utilization_c6585a:2563:2579,0,rolling_64@0.99,7.739346300921712,152.05537816291132
ec2_cpu_utilization_c6585a:2571:2587,0,rolling_64@0.99,7.966974582232196,152.05537816291132
ec2_cpu_utilization_c6585a:2579:2595,0,rolling_64@0.99,7.966974582232196,152.05537816291132
ec2_cpu_utilization_c6585a:2587:2603,0,rolling_64@0.99,7.739346300921712,152.05537816291132
ec2_cpu_utilization_c6585a:2595:2611,0,rolling_64@0.99,7.739346300921712,152.05537816291132
ec2_cpu_utilization_c6585a:2603:2619,0,rolling_64@0.99,7.966974582232196,152.05537816291132
ec2_cpu_utilization_c6585a:2611:2627,0,rolling_64@0.99,7.966974582232196,152.05537816291132
ec2_cpu_utilization_c6585a:2619:2635,0,rolling_64@0.99,7.966974582232196,152.05537816291132
ec2_cpu_utilization_c6585a:2627:2643,0,rolling_64@0.99,7.966974582232196,152.05537816291132
ec2_cpu_utilization_c6585a:2635:2651,0,rolling_64@0.99,7.739346300921712,152.05537816291132
ec2_cpu_utilization_c6585a:2643:2659,0,rolling_64@0.99,7.739346300921712,152.05537816291132
ec2_cpu_utilization_c6585a:2651:2667,0,rolling_64@0.99,7.739346300921712,152.05537816291132
ec2_cpu_utilization_c6585a:2659:2675,0,rolling_64@0.99,7.739346300921712,152.05537816291132
ec2_cpu_utilization_c6585a:2667:2683,0,rolling_64@0.99,7.739346300921712,152.05537816291132
ec2_cpu_utilization_c6585a:2675:2691,0,rolling_64@0.99,7.739346300921712,152.05537816291132
ec2_cpu_utilization_c6585a:2683:2699,0,rolling_64@0.99,7.739346300921712,152.05537816291132
ec2_cpu_utilization_c6585a:2691:2707,0,rolling_64@0.99,8.422229448893747,152.05537816291132
ec2_cpu_utilization_c6585a:2699:2715,0,rolling_64@0.99,8.422229448893747,152.05537816291132
ec2_cpu_utilization_c6585a:2707:2723,0,rolling_64@0.99,7.739346300921712,152.05537816291132
ec2_cpu_utilization_c6585a:2715:2731,0,rolling_64@0.99,7.966974582232196,152.05537816291132
ec2_cpu_utilization_c6585a:2723:2739,0,rolling_64@0.99,7.966974582232196,152.05537816291132
ec2_cpu_utilization_c6585a:2731:2747,0,rolling_64@0.99,159.33946959717147,152.05537816291132
ec2_cpu_utilization_c6585a:2739:2755,0,rolling_64@0.99,159.33946959717147,152.05537816291132
ec2_cpu_utilization_c6585a:2747:2763,0,rolling_64@0.99,7.739346300921712,152.05537816291132
ec2_cpu_utilization_c6585a:2755:2771,0,rolling_64@0.99,7.739346300921712,152.05537816291132
ec2_cpu_utilization_c6585a:2763:2779,0,rolling_64@0.99,7.739346300921712,152.05537816291132
ec2_cpu_utilization_c6585a:2771:2787,0,rolling_64@0.99,7.739346300921712,152.05537816291132
ec2_cpu_utilization_c6585a:2779:2795,0,rolling_64@0.99,15.023436039222453,152.05537816291132
ec2_cpu_utilization_c6585a:2787:2803,0,rolling_64@0.99,15.023436039222453,152.05537816291132
ec2_cpu_utilization_c6585a:2795:2811,0,rolling_64@0.99,7.739346300921712,152.05537816291132
ec2_cpu_utilization_c6585a:2803:2819,0,rolling_64@0.99,7.739346300921712,152.05537816291132
ec2_cpu_utilization_c6585a:2811:2827,0,rolling_64@0.99,7.739346300921712,152.05537816291132
ec2_cpu_utilization_c6585a:2819:2835,0,rolling_64@0.99,7.966974582232196,152.05537816291132
ec2_cpu_utilization_c6585a:2827:2843,0,rolling_64@0.99,7.966974582232196,152.05537816291132
ec2_cpu_utilization_c6585a:2835:2851,0,rolling_64@0.99,7.739346300921712,152.05537816291132
ec2_cpu_utilization_c6585a:2843:2859,0,rolling_64@0.99,7.739346300921712,152.05537816291132
ec2_cpu_utilization_c6585a:2851:2867,0,rolling_64@0.99,7.739346300921712,152.05537816291132
ec2_cpu_utilization_c6585a:2859:2875,0,rolling_64@0.99,7.739346300921712,152.05537816291132
ec2_cpu_utilization_c6585a:2867:2883,0,rolling_64@0.99,7.739346300921712,152.05537816291132
ec2_cpu_utilization_c6585a:2875:2891,0,rolling_64@0.99,7.739346300921712,152.05537816291132
ec2_cpu_utilization_c6585a:2883:2899,0,rolling_64@0.99,7.739346300921712,152.05537816291132
ec2_cpu_utilization_c6585a:2891:2907,0,rolling_64@0.99,7.739346300921712,152.05537816291132
ec2_cpu_utilization_c6585a:2899:2915,0,rolling_64@0.99,7.739346300921712,152.05537816291132
ec2_cpu_utilization_c6585a:2907:2923,0,rolling_64@0.99,7.739346300921712,152.05537816291132
ec2_cpu_utilization_c6585a:2915:2931,0,rolling_64@0.99,7.739346300921712,152.05537816291132
ec2_cpu_utilization_c6585a:2923:2939,0,rolling_64@0.99,7.739346300921712,152.05537816291132
ec2_cpu_utilization_c6585a:2931:2947,0,rolling_64@0.99,7.739346300921712,152.05537816291132
ec2_cpu_utilization_c6585a:2939:2955,0,rolling_64@0.99,7.739346300921712,152.05537816291132
ec2_cpu_utilization_c6585a:2947:2963,0,rolling_64@0.99,7.739346300921712,152.05537816291132
ec2_cpu_utilization_c6585a:2955:2971,0,rolling_64@0.99,7.966974582232196,152.05537816291132
ec2_cpu_utilization_c6585a:2963:2979,0,rolling_64@0.99,7.966974582232196,152.05537816291132
ec2_cpu_utilization_c6585a:2971:2987,0,rolling_64@0.99,7.966974582232196,152.05537816291132
ec2_cpu_utilization_c6585a:2979:2995,0,rolling_64@0.99,7.966974582232196,152.05537816291132
ec2_cpu_utilization_c6585a:2987:3003,0,rolling_64@0.99,7.966974582232196,152.05537816291132
ec2_cpu_utilization_c6585a:2995:3011,0,rolling_64@0.99,7.966974582232196,152.05537816291132
ec2_cpu_utilization_c6585a:3003:3019,0,rolling_64@0.99,7.966974582232196,152.05537816291132
ec2_cpu_utilization_c6585a:3011:3027,0,rolling_64@0.99,7.966974582232196,152.05537816291132
ec2_cpu_utilization_c6585a:3019:3035,0,rolling_64@0.99,7.739346300921712,152.05537816291132
ec2_cpu_utilization_c6585a:3027:3043,0,rolling_64@0.99,7.739346300921712,152.05537816291132
ec2_cpu_utilization_c6585a:3035:3051,0,rolling_64@0.99,154.33166775985384,152.05537816291132
ec2_cpu_utilization_c6585a:3043:3059,0,rolling_64@0.99,154.33166775985384,152.05537816291132
ec2_cpu_utilization_c6585a:3051:3067,0,rolling_64@0.99,7.739346300921712,152.05537816291132
ec2_cpu_utilization_c6585a:3059:3075,0,rolling_64@0.99,7.739346300921712,152.05537816291132
ec2_cpu_utilization_c6585a:3067:3083,0,rolling_64@0.99,7.739346300921712,152.05537816291132
ec2_cpu_utilization_c6585a:3075:3091,0,rolling_64@0.99,7.966974582232196,152.05537816291132
ec2_cpu_utilization_c6585a:3083:3099,0,rolling_64@0.99,7.966974582232196,152.05537816291132
ec2_cpu_utilization_c6585a:3091:3107,0,rolling_64@0.99,7.739346300921712,152.05537816291132
ec2_cpu_utilization_c6585a:3099:3115,0,rolling_64@0.99,7.739346300921712,152.05537816291132
ec2_cpu_utilization_c6585a:3107:3123,0,rolling_64@0.99,7.739346300921712,152.05537816291132
ec2_cpu_utilization_c6585a:3115:3131,0,rolling_64@0.99,7.966974582232196,152.05537816291132
ec2_cpu_utilization_c6585a:3123:3139,0,rolling_64@0.99,7.966974582232196,152.05537816291132
ec2_cpu_utilization_c6585a:3131:3147,0,rolling_64@0.99,7.739346300921712,152.05537816291132
ec2_cpu_utilization_c6585a:3139:3155,0,rolling_64@0.99,15.251064320532938,152.05537816291132
ec2_cpu_utilization_c6585a:3147:3163,0,rolling_64@0.99,15.251064320532938,152.05537816291132
ec2_cpu_utilization_c6585a:3155:3171,0,rolling_64@0.99,7.625532160266469,152.05537816291132
ec2_cpu_utilization_c6585a:3163:3179,0,rolling_64@0.99,7.739346300921712,152.05537816291132
ec2_cpu_utilization_c6585a:3171:3187,0,rolling_64@0.99,7.739346300921712,152.05537816291132
ec2_cpu_utilization_c6585a:3179:3195,0,rolling_64@0.99,7.739346300921712,152.05537816291132
ec2_cpu_utilization_c6585a:3187:3203,0,rolling_64@0.99,7.5117180196112265,152.05537816291132
ec2_cpu_utilization_c6585a:3195:3211,0,rolling_64@0.99,7.853160441576954,152.05537816291132
ec2_cpu_utilization_c6585a:3203:3219,0,rolling_64@0.99,7.853160441576954,152.05537816291132
ec2_cpu_utilization_c6585a:2419:2435,0,rolling_128@0.95,7.739346300921712,15.706319187194488
ec2_cpu_utilization_c6585a:2427:2443,0,rolling_128@0.95,7.739346300921712,15.706319187194488
ec2_cpu_utilization_c6585a:2435:2451,0,rolling_128@0.95,7.739346300921712,15.706319187194488
ec2_cpu_utilization_c6585a:2443:2459,0,rolling_128@0.95,7.739346300921712,15.706319187194488
ec2_cpu_utilization_c6585a:2451:2467,0,rolling_128@0.95,162.0710089728973,15.706319187194488
ec2_cpu_utilization_c6585a:2459:2475,0,rolling_128@0.95,162.0710089728973,15.706319187194488
ec2_cpu_utilization_c6585a:2467:2483,0,rolling_128@0.95,7.739346300921712,15.706319187194488
ec2_cpu_utilization_c6585a:2475:2491,0,rolling_128@0.95,7.739346300921712,15.706319187194488
ec2_cpu_utilization_c6585a:2483:2499,0,rolling_128@0.95,7.739346300921712,15.706319187194488
ec2_cpu_utilization_c6585a:2491:2507,0,rolling_128@0.95,7.739346300921712,15.706319187194488
ec2_cpu_utilization_c6585a:2499:2515,0,rolling_128@0.95,7.739346300921712,15.706319187194488
ec2_cpu_utilization_c6585a:2507:2523,0,rolling_128@0.95,15.251064320532938,15.706319187194488
ec2_cpu_utilization_c6585a:2515:2531,0,rolling_128@0.95,15.251064320532938,15.706319187194488
ec2_cpu_utilization_c6585a:2523:2539,0,rolling_128@0.95,7.966974582232196,15.706319187194488
ec2_cpu_utilization_c6585a:2531:2547,0,rolling_128@0.95,7.966974582232196,15.706319187194488
ec2_cpu_utilization_c6585a:2539:2555,0,rolling_128@0.95,7.739346300921712,15.706319187194488
ec2_cpu_utilization_c6585a:2547:2563,0,rolling_128@0.95,7.966974582232196,15.706319187194488
ec2_cpu_utilization_c6585a:2555:2571,0,rolling_128@0.95,7.966974582232196,15.706319187194488
ec2_cpu_utilization_c6585a:2563:2579,0,rolling_128@0.95,7.739346300921712,15.706319187194488
ec2_cpu_utilization_c6585a:2571:2587,0,rolling_128@0.95,7.966974582232196,15.706319187194488
ec2_cpu_utilization_c6585a:2579:2595,0,rolling_128@0.95,7.966974582232196,15.706319187194488
ec2_cpu_utilization_c6585a:2587:2603,0,rolling_128@0.95,7.739346300921712,15.706319187194488
ec2_cpu_utilization_c6585a:2595:2611,0,rolling_128@0.95,7.739346300921712,15.706319187194488
ec2_cpu_utilization_c6585a:2603:2619,0,rolling_128@0.95,7.966974582232196,15.706319187194488
ec2_cpu_utilization_c6585a:2611:2627,0,rolling_128@0.95,7.966974582232196,15.706319187194488
ec2_cpu_utilization_c6585a:2619:2635,0,rolling_128@0.95,7.966974582232196,15.706319187194488
ec2_cpu_utilization_c6585a:2627:2643,0,rolling_128@0.95,7.966974582232196,15.706319187194488
ec2_cpu_utilization_c6585a:2635:2651,0,rolling_128@0.95,7.739346300921712,15.706319187194488
ec2_cpu_utilization_c6585a:2643:2659,0,rolling_128@0.95,7.739346300921712,15.706319187194488
ec2_cpu_utilization_c6585a:2651:2667,0,rolling_128@0.95,7.739346300921712,15.706319187194488
ec2_cpu_utilization_c6585a:2659:2675,0,rolling_128@0.95,7.739346300921712,15.706319187194488
ec2_cpu_utilization_c6585a:2667:2683,0,rolling_128@0.95,7.739346300921712,15.706319187194488
ec2_cpu_utilization_c6585a:2675:2691,0,rolling_128@0.95,7.739346300921712,15.706319187194488
ec2_cpu_utilization_c6585a:2683:2699,0,rolling_128@0.95,7.739346300921712,15.706319187194488
ec2_cpu_utilization_c6585a:2691:2707,0,rolling_128@0.95,8.422229448893747,15.706319187194488
ec2_cpu_utilization_c6585a:2699:2715,0,rolling_128@0.95,8.422229448893747,15.706319187194488
ec2_cpu_utilization_c6585a:2707:2723,0,rolling_128@0.95,7.739346300921712,15.706319187194488
ec2_cpu_utilization_c6585a:2715:2731,0,rolling_128@0.95,7.966974582232196,15.706319187194488
ec2_cpu_utilization_c6585a:2723:2739,0,rolling_128@0.95,7.966974582232196,15.706319187194488
ec2_cpu_utilization_c6585a:2731:2747,0,rolling_128@0.95,159.33946959717147,15.706319187194488
ec2_cpu_utilization_c6585a:2739:2755,0,rolling_128@0.95,159.33946959717147,15.706319187194488
ec2_cpu_utilization_c6585a:2747:2763,0,rolling_128@0.95,7.739346300921712,15.706319187194488
ec2_cpu_utilization_c6585a:2755:2771,0,rolling_128@0.95,7.739346300921712,15.706319187194488
ec2_cpu_utilization_c6585a:2763:2779,0,rolling_128@0.95,7.739346300921712,15.706319187194488
ec2_cpu_utilization_c6585a:2771:2787,0,rolling_128@0.95,7.739346300921712,15.706319187194488
ec2_cpu_utilization_c6585a:2779:2795,0,rolling_128@0.95,15.023436039222453,15.706319187194488
ec2_cpu_utilization_c6585a:2787:2803,0,rolling_128@0.95,15.023436039222453,15.706319187194488
ec2_cpu_utilization_c6585a:2795:2811,0,rolling_128@0.95,7.739346300921712,15.706319187194488
ec2_cpu_utilization_c6585a:2803:2819,0,rolling_128@0.95,7.739346300921712,15.706319187194488
ec2_cpu_utilization_c6585a:2811:2827,0,rolling_128@0.95,7.739346300921712,15.706319187194488
ec2_cpu_utilization_c6585a:2819:2835,0,rolling_128@0.95,7.966974582232196,15.706319187194488
ec2_cpu_utilization_c6585a:2827:2843,0,rolling_128@0.95,7.966974582232196,15.706319187194488
ec2_cpu_utilization_c6585a:2835:2851,0,rolling_128@0.95,7.739346300921712,15.706319187194488
ec2_cpu_utilization_c6585a:2843:2859,0,rolling_128@0.95,7.739346300921712,15.706319187194488
ec2_cpu_utilization_c6585a:2851:2867,0,rolling_128@0.95,7.739346300921712,15.706319187194488
ec2_cpu_utilization_c6585a:2859:2875,0,rolling_128@0.95,7.739346300921712,15.706319187194488
ec2_cpu_utilization_c6585a:2867:2883,0,rolling_128@0.95,7.739346300921712,15.706319187194488
ec2_cpu_utilization_c6585a:2875:2891,0,rolling_128@0.95,7.739346300921712,15.706319187194488
ec2_cpu_utilization_c6585a:2883:2899,0,rolling_128@0.95,7.739346300921712,15.706319187194488
ec2_cpu_utilization_c6585a:2891:2907,0,rolling_128@0.95,7.739346300921712,15.706319187194488
ec2_cpu_utilization_c6585a:2899:2915,0,rolling_128@0.95,7.739346300921712,15.706319187194488
ec2_cpu_utilization_c6585a:2907:2923,0,rolling_128@0.95,7.739346300921712,15.706319187194488
ec2_cpu_utilization_c6585a:2915:2931,0,rolling_128@0.95,7.739346300921712,15.706319187194488
ec2_cpu_utilization_c6585a:2923:2939,0,rolling_128@0.95,7.739346300921712,15.706319187194488
ec2_cpu_utilization_c6585a:2931:2947,0,rolling_128@0.95,7.739346300921712,15.706319187194488
ec2_cpu_utilization_c6585a:2939:2955,0,rolling_128@0.95,7.739346300921712,15.706319187194488
ec2_cpu_utilization_c6585a:2947:2963,0,rolling_128@0.95,7.739346300921712,15.706319187194488
ec2_cpu_utilization_c6585a:2955:2971,0,rolling_128@0.95,7.966974582232196,15.706319187194488
ec2_cpu_utilization_c6585a:2963:2979,0,rolling_128@0.95,7.966974582232196,15.706319187194488
ec2_cpu_utilization_c6585a:2971:2987,0,rolling_128@0.95,7.966974582232196,15.706319187194488
ec2_cpu_utilization_c6585a:2979:2995,0,rolling_128@0.95,7.966974582232196,15.706319187194488
ec2_cpu_utilization_c6585a:2987:3003,0,rolling_128@0.95,7.966974582232196,15.706319187194488
ec2_cpu_utilization_c6585a:2995:3011,0,rolling_128@0.95,7.966974582232196,15.706319187194488
ec2_cpu_utilization_c6585a:3003:3019,0,rolling_128@0.95,7.966974582232196,15.706319187194488
ec2_cpu_utilization_c6585a:3011:3027,0,rolling_128@0.95,7.966974582232196,15.706319187194488
ec2_cpu_utilization_c6585a:3019:3035,0,rolling_128@0.95,7.739346300921712,15.706319187194488
ec2_cpu_utilization_c6585a:3027:3043,0,rolling_128@0.95,7.739346300921712,15.706319187194488
ec2_cpu_utilization_c6585a:3035:3051,0,rolling_128@0.95,154.33166775985384,15.706319187194488
ec2_cpu_utilization_c6585a:3043:3059,0,rolling_128@0.95,154.33166775985384,15.706319187194488
ec2_cpu_utilization_c6585a:3051:3067,0,rolling_128@0.95,7.739346300921712,15.706319187194488
ec2_cpu_utilization_c6585a:3059:3075,0,rolling_128@0.95,7.739346300921712,15.706319187194488
ec2_cpu_utilization_c6585a:3067:3083,0,rolling_128@0.95,7.739346300921712,15.706319187194488
ec2_cpu_utilization_c6585a:3075:3091,0,rolling_128@0.95,7.966974582232196,15.706319187194488
ec2_cpu_utilization_c6585a:3083:3099,0,rolling_128@0.95,7.966974582232196,15.706319187194488
ec2_cpu_utilization_c6585a:3091:3107,0,rolling_128@0.95,7.739346300921712,15.706319187194488
ec2_cpu_utilization_c6585a:3099:3115,0,rolling_128@0.95,7.739346300921712,15.706319187194488
ec2_cpu_utilization_c6585a:3107:3123,0,rolling_128@0.95,7.739346300921712,15.706319187194488
ec2_cpu_utilization_c6585a:3115:3131,0,rolling_128@0.95,7.966974582232196,15.706319187194488
ec2_cpu_utilization_c6585a:3123:3139,0,rolling_128@0.95,7.966974582232196,15.706319187194488
ec2_cpu_utilization_c6585a:3131:3147,0,rolling_128@0.95,7.739346300921712,15.706319187194488
ec2_cpu_utilization_c6585a:3139:3155,0,rolling_128@0.95,15.251064320532938,15.706319187194488
ec2_cpu_utilization_c6585a:3147:3163,0,rolling_128@0.95,15.251064320532938,15.706319187194488
ec2_cpu_utilization_c6585a:3155:3171,0,rolling_128@0.95,7.739346300921712,15.706319187194488
ec2_cpu_utilization_c6585a:3163:3179,0,rolling_128@0.95,7.966974582232196,15.706319187194488
ec2_cpu_utilization_c6585a:3171:3187,0,rolling_128@0.95,7.966974582232196,15.706319187194488
ec2_cpu_utilization_c6585a:3179:3195,0,rolling_128@0.95,7.739346300921712,15.706319187194488
ec2_cpu_utilization_c6585a:3187:3203,0,rolling_128@0.95,7.739346300921712,15.706319187194488
ec2_cpu_utilization_c6585a:3195:3211,0,rolling_128@0.95,7.966974582232196,15.706319187194488
ec2_cpu_utilization_c6585a:3203:3219,0,rolling_128@0.95,7.966974582232196,15.706319187194488
ec2_cpu_utilization_c6585a:2419:2435,0,rolling_128@0.975,7.739346300921712,151.82775327351968
ec2_cpu_utilization_c6585a:2427:2443,0,rolling_128@0.975,7.739346300921712,151.82775327351968
ec2_cpu_utilization_c6585a:2435:2451,0,rolling_128@0.975,7.739346300921712,151.82775327351968
ec2_cpu_utilization_c6585a:2443:2459,0,rolling_128@0.975,7.739346300921712,151.82775327351968
ec2_cpu_utilization_c6585a:2451:2467,0,rolling_128@0.975,162.0710089728973,151.82775327351968
ec2_cpu_utilization_c6585a:2459:2475,0,rolling_128@0.975,162.0710089728973,151.82775327351968
ec2_cpu_utilization_c6585a:2467:2483,0,rolling_128@0.975,7.739346300921712,151.82775327351968
ec2_cpu_utilization_c6585a:2475:2491,0,rolling_128@0.975,7.739346300921712,151.82775327351968
ec2_cpu_utilization_c6585a:2483:2499,0,rolling_128@0.975,7.739346300921712,151.82775327351968
ec2_cpu_utilization_c6585a:2491:2507,0,rolling_128@0.975,7.739346300921712,151.82775327351968
ec2_cpu_utilization_c6585a:2499:2515,0,rolling_128@0.975,7.739346300921712,151.82775327351968
ec2_cpu_utilization_c6585a:2507:2523,0,rolling_128@0.975,15.251064320532938,151.82775327351968
ec2_cpu_utilization_c6585a:2515:2531,0,rolling_128@0.975,15.251064320532938,151.82775327351968
ec2_cpu_utilization_c6585a:2523:2539,0,rolling_128@0.975,7.966974582232196,151.82775327351968
ec2_cpu_utilization_c6585a:2531:2547,0,rolling_128@0.975,7.966974582232196,151.82775327351968
ec2_cpu_utilization_c6585a:2539:2555,0,rolling_128@0.975,7.739346300921712,151.82775327351968
ec2_cpu_utilization_c6585a:2547:2563,0,rolling_128@0.975,7.966974582232196,151.82775327351968
ec2_cpu_utilization_c6585a:2555:2571,0,rolling_128@0.975,7.966974582232196,151.82775327351968
ec2_cpu_utilization_c6585a:2563:2579,0,rolling_128@0.975,7.739346300921712,151.82775327351968
ec2_cpu_utilization_c6585a:2571:2587,0,rolling_128@0.975,7.966974582232196,151.82775327351968
ec2_cpu_utilization_c6585a:2579:2595,0,rolling_128@0.975,7.966974582232196,151.82775327351968
ec2_cpu_utilization_c6585a:2587:2603,0,rolling_128@0.975,7.739346300921712,151.82775327351968
ec2_cpu_utilization_c6585a:2595:2611,0,rolling_128@0.975,7.739346300921712,151.82775327351968
ec2_cpu_utilization_c6585a:2603:2619,0,rolling_128@0.975,7.966974582232196,151.82775327351968
ec2_cpu_utilization_c6585a:2611:2627,0,rolling_128@0.975,7.966974582232196,151.82775327351968
ec2_cpu_utilization_c6585a:2619:2635,0,rolling_128@0.975,7.966974582232196,151.82775327351968
ec2_cpu_utilization_c6585a:2627:2643,0,rolling_128@0.975,7.966974582232196,151.82775327351968
ec2_cpu_utilization_c6585a:2635:2651,0,rolling_128@0.975,7.739346300921712,151.82775327351968
ec2_cpu_utilization_c6585a:2643:2659,0,rolling_128@0.975,7.739346300921712,151.82775327351968
ec2_cpu_utilization_c6585a:2651:2667,0,rolling_128@0.975,7.739346300921712,151.82775327351968
ec2_cpu_utilization_c6585a:2659:2675,0,rolling_128@0.975,7.739346300921712,151.82775327351968
ec2_cpu_utilization_c6585a:2667:2683,0,rolling_128@0.975,7.739346300921712,151.82775327351968
ec2_cpu_utilization_c6585a:2675:2691,0,rolling_128@0.975,7.739346300921712,151.82775327351968
ec2_cpu_utilization_c6585a:2683:2699,0,rolling_128@0.975,7.739346300921712,151.82775327351968
ec2_cpu_utilization_c6585a:2691:2707,0,rolling_128@0.975,8.422229448893747,151.82775327351968
ec2_cpu_utilization_c6585a:2699:2715,0,rolling_128@0.975,8.422229448893747,151.82775327351968
ec2_cpu_utilization_c6585a:2707:2723,0,rolling_128@0.975,7.739346300921712,151.82775327351968
ec2_cpu_utilization_c6585a:2715:2731,0,rolling_128@0.975,7.966974582232196,151.82775327351968
ec2_cpu_utilization_c6585a:2723:2739,0,rolling_128@0.975,7.966974582232196,151.82775327351968
ec2_cpu_utilization_c6585a:2731:2747,0,rolling_128@0.975,159.33946959717147,151.82775327351968
ec2_cpu_utilization_c6585a:2739:2755,0,rolling_128@0.975,159.33946959717147,151.82775327351968
ec2_cpu_utilization_c6585a:2747:2763,0,rolling_128@0.975,7.739346300921712,151.82775327351968
ec2_cpu_utilization_c6585a:2755:2771,0,rolling_128@0.975,7.739346300921712,151.82775327351968
ec2_cpu_utilization_c6585a:2763:2779,0,rolling_128@0.975,7.739346300921712,151.82775327351968
ec2_cpu_utilization_c6585a:2771:2787,0,rolling_128@0.975,7.739346300921712,151.82775327351968
ec2_cpu_utilization_c6585a:2779:2795,0,rolling_128@0.975,15.023436039222453,151.82775327351968
ec2_cpu_utilization_c6585a:2787:2803,0,rolling_128@0.975,15.023436039222453,151.82775327351968
ec2_cpu_utilization_c6585a:2795:2811,0,rolling_128@0.975,7.739346300921712,151.82775327351968
ec2_cpu_utilization_c6585a:2803:2819,0,rolling_128@0.975,7.739346300921712,151.82775327351968
ec2_cpu_utilization_c6585a:2811:2827,0,rolling_128@0.975,7.739346300921712,151.82775327351968
ec2_cpu_utilization_c6585a:2819:2835,0,rolling_128@0.975,7.966974582232196,151.82775327351968
ec2_cpu_utilization_c6585a:2827:2843,0,rolling_128@0.975,7.966974582232196,151.82775327351968
ec2_cpu_utilization_c6585a:2835:2851,0,rolling_128@0.975,7.739346300921712,151.82775327351968
ec2_cpu_utilization_c6585a:2843:2859,0,rolling_128@0.975,7.739346300921712,151.82775327351968
ec2_cpu_utilization_c6585a:2851:2867,0,rolling_128@0.975,7.739346300921712,151.82775327351968
ec2_cpu_utilization_c6585a:2859:2875,0,rolling_128@0.975,7.739346300921712,151.82775327351968
ec2_cpu_utilization_c6585a:2867:2883,0,rolling_128@0.975,7.739346300921712,151.82775327351968
ec2_cpu_utilization_c6585a:2875:2891,0,rolling_128@0.975,7.739346300921712,151.82775327351968
ec2_cpu_utilization_c6585a:2883:2899,0,rolling_128@0.975,7.739346300921712,151.82775327351968
ec2_cpu_utilization_c6585a:2891:2907,0,rolling_128@0.975,7.739346300921712,151.82775327351968
ec2_cpu_utilization_c6585a:2899:2915,0,rolling_128@0.975,7.739346300921712,151.82775327351968
ec2_cpu_utilization_c6585a:2907:2923,0,rolling_128@0.975,7.739346300921712,151.82775327351968
ec2_cpu_utilization_c6585a:2915:2931,0,rolling_128@0.975,7.739346300921712,151.82775327351968
ec2_cpu_utilization_c6585a:2923:2939,0,rolling_128@0.975,7.739346300921712,151.82775327351968
ec2_cpu_utilization_c6585a:2931:2947,0,rolling_128@0.975,7.739346300921712,151.82775327351968
ec2_cpu_utilization_c6585a:2939:2955,0,rolling_128@0.975,7.739346300921712,151.82775327351968
ec2_cpu_utilization_c6585a:2947:2963,0,rolling_128@0.975,7.739346300921712,151.82775327351968
ec2_cpu_utilization_c6585a:2955:2971,0,rolling_128@0.975,7.966974582232196,151.82775327351968
ec2_cpu_utilization_c6585a:2963:2979,0,rolling_128@0.975,7.966974582232196,151.82775327351968
ec2_cpu_utilization_c6585a:2971:2987,0,rolling_128@0.975,7.966974582232196,151.82775327351968
ec2_cpu_utilization_c6585a:2979:2995,0,rolling_128@0.975,7.966974582232196,151.82775327351968
ec2_cpu_utilization_c6585a:2987:3003,0,rolling_128@0.975,7.966974582232196,151.82775327351968
ec2_cpu_utilization_c6585a:2995:3011,0,rolling_128@0.975,7.966974582232196,151.82775327351968
ec2_cpu_utilization_c6585a:3003:3019,0,rolling_128@0.975,7.966974582232196,151.82775327351968
ec2_cpu_utilization_c6585a:3011:3027,0,rolling_128@0.975,7.966974582232196,151.82775327351968
ec2_cpu_utilization_c6585a:3019:3035,0,rolling_128@0.975,7.739346300921712,151.82775327351968
ec2_cpu_utilization_c6585a:3027:3043,0,rolling_128@0.975,7.739346300921712,151.82775327351968
ec2_cpu_utilization_c6585a:3035:3051,0,rolling_128@0.975,154.33166775985384,151.82775327351968
ec2_cpu_utilization_c6585a:3043:3059,0,rolling_128@0.975,154.33166775985384,151.82775327351968
ec2_cpu_utilization_c6585a:3051:3067,0,rolling_128@0.975,7.739346300921712,151.82775327351968
ec2_cpu_utilization_c6585a:3059:3075,0,rolling_128@0.975,7.739346300921712,151.82775327351968
ec2_cpu_utilization_c6585a:3067:3083,0,rolling_128@0.975,7.739346300921712,151.82775327351968
ec2_cpu_utilization_c6585a:3075:3091,0,rolling_128@0.975,7.966974582232196,151.82775327351968
ec2_cpu_utilization_c6585a:3083:3099,0,rolling_128@0.975,7.966974582232196,151.82775327351968
ec2_cpu_utilization_c6585a:3091:3107,0,rolling_128@0.975,7.739346300921712,151.82775327351968
ec2_cpu_utilization_c6585a:3099:3115,0,rolling_128@0.975,7.739346300921712,151.82775327351968
ec2_cpu_utilization_c6585a:3107:3123,0,rolling_128@0.975,7.739346300921712,151.82775327351968
ec2_cpu_utilization_c6585a:3115:3131,0,rolling_128@0.975,7.966974582232196,151.82775327351968
ec2_cpu_utilization_c6585a:3123:3139,0,rolling_128@0.975,7.966974582232196,151.82775327351968
ec2_cpu_utilization_c6585a:3131:3147,0,rolling_128@0.975,7.739346300921712,151.82775327351968
ec2_cpu_utilization_c6585a:3139:3155,0,rolling_128@0.975,15.251064320532938,151.82775327351968
ec2_cpu_utilization_c6585a:3147:3163,0,rolling_128@0.975,15.251064320532938,151.82775327351968
ec2_cpu_utilization_c6585a:3155:3171,0,rolling_128@0.975,7.739346300921712,151.82775327351968
ec2_cpu_utilization_c6585a:3163:3179,0,rolling_128@0.975,7.966974582232196,151.82775327351968
ec2_cpu_utilization_c6585a:3171:3187,0,rolling_128@0.975,7.966974582232196,151.82775327351968
ec2_cpu_utilization_c6585a:3179:3195,0,rolling_128@0.975,7.739346300921712,151.82775327351968
ec2_cpu_utilization_c6585a:3187:3203,0,rolling_128@0.975,7.739346300921712,151.82775327351968
ec2_cpu_utilization_c6585a:3195:3211,0,rolling_128@0.975,7.966974582232196,151.82775327351968
ec2_cpu_utilization_c6585a:3203:3219,0,rolling_128@0.975,7.966974582232196,151.82775327351968
ec2_cpu_utilization_c6585a:2419:2435,0,rolling_128@0.99,7.739346300921712,152.05537816291132
ec2_cpu_utilization_c6585a:2427:2443,0,rolling_128@0.99,7.739346300921712,152.05537816291132
ec2_cpu_utilization_c6585a:2435:2451,0,rolling_128@0.99,7.739346300921712,152.05537816291132
ec2_cpu_utilization_c6585a:2443:2459,0,rolling_128@0.99,7.739346300921712,152.05537816291132
ec2_cpu_utilization_c6585a:2451:2467,0,rolling_128@0.99,162.0710089728973,152.05537816291132
ec2_cpu_utilization_c6585a:2459:2475,0,rolling_128@0.99,162.0710089728973,152.05537816291132
ec2_cpu_utilization_c6585a:2467:2483,0,rolling_128@0.99,7.739346300921712,152.05537816291132
ec2_cpu_utilization_c6585a:2475:2491,0,rolling_128@0.99,7.739346300921712,152.05537816291132
ec2_cpu_utilization_c6585a:2483:2499,0,rolling_128@0.99,7.739346300921712,152.05537816291132
ec2_cpu_utilization_c6585a:2491:2507,0,rolling_128@0.99,7.739346300921712,152.05537816291132
ec2_cpu_utilization_c6585a:2499:2515,0,rolling_128@0.99,7.739346300921712,152.05537816291132
ec2_cpu_utilization_c6585a:2507:2523,0,rolling_128@0.99,15.251064320532938,152.05537816291132
ec2_cpu_utilization_c6585a:2515:2531,0,rolling_128@0.99,15.251064320532938,152.05537816291132
ec2_cpu_utilization_c6585a:2523:2539,0,rolling_128@0.99,7.966974582232196,152.05537816291132
ec2_cpu_utilization_c6585a:2531:2547,0,rolling_128@0.99,7.966974582232196,152.05537816291132
ec2_cpu_utilization_c6585a:2539:2555,0,rolling_128@0.99,7.739346300921712,152.05537816291132
ec2_cpu_utilization_c6585a:2547:2563,0,rolling_128@0.99,7.966974582232196,152.05537816291132
ec2_cpu_utilization_c6585a:2555:2571,0,rolling_128@0.99,7.966974582232196,152.05537816291132
ec2_cpu_utilization_c6585a:2563:2579,0,rolling_128@0.99,7.739346300921712,152.05537816291132
ec2_cpu_utilization_c6585a:2571:2587,0,rolling_128@0.99,7.966974582232196,152.05537816291132
ec2_cpu_utilization_c6585a:2579:2595,0,rolling_128@0.99,7.966974582232196,152.05537816291132
ec2_cpu_utilization_c6585a:2587:2603,0,rolling_128@0.99,7.739346300921712,152.05537816291132
ec2_cpu_utilization_c6585a:2595:2611,0,rolling_128@0.99,7.739346300921712,152.05537816291132
ec2_cpu_utilization_c6585a:2603:2619,0,rolling_128@0.99,7.966974582232196,152.05537816291132
ec2_cpu_utilization_c6585a:2611:2627,0,rolling_128@0.99,7.966974582232196,152.05537816291132
ec2_cpu_utilization_c6585a:2619:2635,0,rolling_128@0.99,7.966974582232196,152.05537816291132
ec2_cpu_utilization_c6585a:2627:2643,0,rolling_128@0.99,7.966974582232196,152.05537816291132
ec2_cpu_utilization_c6585a:2635:2651,0,rolling_128@0.99,7.739346300921712,152.05537816291132
ec2_cpu_utilization_c6585a:2643:2659,0,rolling_128@0.99,7.739346300921712,152.05537816291132
ec2_cpu_utilization_c6585a:2651:2667,0,rolling_128@0.99,7.739346300921712,152.05537816291132
ec2_cpu_utilization_c6585a:2659:2675,0,rolling_128@0.99,7.739346300921712,152.05537816291132
ec2_cpu_utilization_c6585a:2667:2683,0,rolling_128@0.99,7.739346300921712,152.05537816291132
ec2_cpu_utilization_c6585a:2675:2691,0,rolling_128@0.99,7.739346300921712,152.05537816291132
ec2_cpu_utilization_c6585a:2683:2699,0,rolling_128@0.99,7.739346300921712,152.05537816291132
ec2_cpu_utilization_c6585a:2691:2707,0,rolling_128@0.99,8.422229448893747,152.05537816291132
ec2_cpu_utilization_c6585a:2699:2715,0,rolling_128@0.99,8.422229448893747,152.05537816291132
ec2_cpu_utilization_c6585a:2707:2723,0,rolling_128@0.99,7.739346300921712,152.05537816291132
ec2_cpu_utilization_c6585a:2715:2731,0,rolling_128@0.99,7.966974582232196,152.05537816291132
ec2_cpu_utilization_c6585a:2723:2739,0,rolling_128@0.99,7.966974582232196,152.05537816291132
ec2_cpu_utilization_c6585a:2731:2747,0,rolling_128@0.99,159.33946959717147,152.05537816291132
ec2_cpu_utilization_c6585a:2739:2755,0,rolling_128@0.99,159.33946959717147,152.05537816291132
ec2_cpu_utilization_c6585a:2747:2763,0,rolling_128@0.99,7.739346300921712,152.05537816291132
ec2_cpu_utilization_c6585a:2755:2771,0,rolling_128@0.99,7.739346300921712,152.05537816291132
ec2_cpu_utilization_c6585a:2763:2779,0,rolling_128@0.99,7.739346300921712,152.05537816291132
ec2_cpu_utilization_c6585a:2771:2787,0,rolling_128@0.99,7.739346300921712,152.05537816291132
ec2_cpu_utilization_c6585a:2779:2795,0,rolling_128@0.99,15.023436039222453,152.05537816291132
ec2_cpu_utilization_c6585a:2787:2803,0,rolling_128@0.99,15.023436039222453,152.05537816291132
ec2_cpu_utilization_c6585a:2795:2811,0,rolling_128@0.99,7.739346300921712,152.05537816291132
ec2_cpu_utilization_c6585a:2803:2819,0,rolling_128@0.99,7.739346300921712,152.05537816291132
ec2_cpu_utilization_c6585a:2811:2827,0,rolling_128@0.99,7.739346300921712,152.05537816291132
ec2_cpu_utilization_c6585a:2819:2835,0,rolling_128@0.99,7.966974582232196,152.05537816291132
ec2_cpu_utilization_c6585a:2827:2843,0,rolling_128@0.99,7.966974582232196,152.05537816291132
ec2_cpu_utilization_c6585a:2835:2851,0,rolling_128@0.99,7.739346300921712,152.05537816291132
ec2_cpu_utilization_c6585a:2843:2859,0,rolling_128@0.99,7.739346300921712,152.05537816291132
ec2_cpu_utilization_c6585a:2851:2867,0,rolling_128@0.99,7.739346300921712,152.05537816291132
ec2_cpu_utilization_c6585a:2859:2875,0,rolling_128@0.99,7.739346300921712,152.05537816291132
ec2_cpu_utilization_c6585a:2867:2883,0,rolling_128@0.99,7.739346300921712,152.05537816291132
ec2_cpu_utilization_c6585a:2875:2891,0,rolling_128@0.99,7.739346300921712,152.05537816291132
ec2_cpu_utilization_c6585a:2883:2899,0,rolling_128@0.99,7.739346300921712,152.05537816291132
ec2_cpu_utilization_c6585a:2891:2907,0,rolling_128@0.99,7.739346300921712,152.05537816291132
ec2_cpu_utilization_c6585a:2899:2915,0,rolling_128@0.99,7.739346300921712,152.05537816291132
ec2_cpu_utilization_c6585a:2907:2923,0,rolling_128@0.99,7.739346300921712,152.05537816291132
ec2_cpu_utilization_c6585a:2915:2931,0,rolling_128@0.99,7.739346300921712,152.05537816291132
ec2_cpu_utilization_c6585a:2923:2939,0,rolling_128@0.99,7.739346300921712,152.05537816291132
ec2_cpu_utilization_c6585a:2931:2947,0,rolling_128@0.99,7.739346300921712,152.05537816291132
ec2_cpu_utilization_c6585a:2939:2955,0,rolling_128@0.99,7.739346300921712,152.05537816291132
ec2_cpu_utilization_c6585a:2947:2963,0,rolling_128@0.99,7.739346300921712,152.05537816291132
ec2_cpu_utilization_c6585a:2955:2971,0,rolling_128@0.99,7.966974582232196,152.05537816291132
ec2_cpu_utilization_c6585a:2963:2979,0,rolling_128@0.99,7.966974582232196,152.05537816291132
ec2_cpu_utilization_c6585a:2971:2987,0,rolling_128@0.99,7.966974582232196,152.05537816291132
ec2_cpu_utilization_c6585a:2979:2995,0,rolling_128@0.99,7.966974582232196,152.05537816291132
ec2_cpu_utilization_c6585a:2987:3003,0,rolling_128@0.99,7.966974582232196,152.05537816291132
ec2_cpu_utilization_c6585a:2995:3011,0,rolling_128@0.99,7.966974582232196,152.05537816291132
ec2_cpu_utilization_c6585a:3003:3019,0,rolling_128@0.99,7.966974582232196,152.05537816291132
ec2_cpu_utilization_c6585a:3011:3027,0,rolling_128@0.99,7.966974582232196,152.05537816291132
ec2_cpu_utilization_c6585a:3019:3035,0,rolling_128@0.99,7.739346300921712,152.05537816291132
ec2_cpu_utilization_c6585a:3027:3043,0,rolling_128@0.99,7.739346300921712,152.05537816291132
ec2_cpu_utilization_c6585a:3035:3051,0,rolling_128@0.99,154.33166775985384,152.05537816291132
ec2_cpu_utilization_c6585a:3043:3059,0,rolling_128@0.99,154.33166775985384,152.05537816291132
ec2_cpu_utilization_c6585a:3051:3067,0,rolling_128@0.99,7.739346300921712,152.05537816291132
ec2_cpu_utilization_c6585a:3059:3075,0,rolling_128@0.99,7.739346300921712,152.05537816291132
ec2_cpu_utilization_c6585a:3067:3083,0,rolling_128@0.99,7.739346300921712,152.05537816291132
ec2_cpu_utilization_c6585a:3075:3091,0,rolling_128@0.99,7.966974582232196,152.05537816291132
ec2_cpu_utilization_c6585a:3083:3099,0,rolling_128@0.99,7.966974582232196,152.05537816291132
ec2_cpu_utilization_c6585a:3091:3107,0,rolling_128@0.99,7.739346300921712,152.05537816291132
ec2_cpu_utilization_c6585a:3099:3115,0,rolling_128@0.99,7.739346300921712,152.05537816291132
ec2_cpu_utilization_c6585a:3107:3123,0,rolling_128@0.99,7.739346300921712,152.05537816291132
ec2_cpu_utilization_c6585a:3115:3131,0,rolling_128@0.99,7.966974582232196,152.05537816291132
ec2_cpu_utilization_c6585a:3123:3139,0,rolling_128@0.99,7.966974582232196,152.05537816291132
ec2_cpu_utilization_c6585a:3131:3147,0,rolling_128@0.99,7.739346300921712,152.05537816291132
ec2_cpu_utilization_c6585a:3139:3155,0,rolling_128@0.99,15.251064320532938,152.05537816291132
ec2_cpu_utilization_c6585a:3147:3163,0,rolling_128@0.99,15.251064320532938,152.05537816291132
ec2_cpu_utilization_c6585a:3155:3171,0,rolling_128@0.99,7.739346300921712,152.05537816291132
ec2_cpu_utilization_c6585a:3163:3179,0,rolling_128@0.99,7.966974582232196,152.05537816291132
ec2_cpu_utilization_c6585a:3171:3187,0,rolling_128@0.99,7.966974582232196,152.05537816291132
ec2_cpu_utilization_c6585a:3179:3195,0,rolling_128@0.99,7.739346300921712,152.05537816291132
ec2_cpu_utilization_c6585a:3187:3203,0,rolling_128@0.99,7.739346300921712,152.05537816291132
ec2_cpu_utilization_c6585a:3195:3211,0,rolling_128@0.99,7.966974582232196,152.05537816291132
ec2_cpu_utilization_c6585a:3203:3219,0,rolling_128@0.99,7.966974582232196,152.05537816291132
