window_id,truth,detector,score,threshold
grok_asg_anomaly:2772:2788,0,autoencoder@0.95,3.4097486,2.916194438934326
grok_asg_anomaly:2780:2796,0,autoencoder@0.95,2.6346867,2.916194438934326
grok_asg_anomaly:2788:2804,0,autoencoder@0.95,1.4619138,2.916194438934326
grok_asg_anomaly:2796:2812,0,autoencoder@0.95,2.7087452,2.916194438934326
grok_asg_anomaly:2804:2820,0,autoencoder@0.95,1.2856902,2.916194438934326
grok_asg_anomaly:2812:2828,0,autoencoder@0.95,2.5759406,2.916194438934326
grok_asg_anomaly:2820:2836,0,autoencoder@0.95,3.334227,2.916194438934326
grok_asg_anomaly:2828:2844,0,autoencoder@0.95,2.5952876,2.916194438934326
grok_asg_anomaly:2836:2852,0,autoencoder@0.95,2.9147186,2.916194438934326
grok_asg_anomaly:2844:2860,0,autoencoder@0.95,1.1929524,2.916194438934326
grok_asg_anomaly:2852:2868,0,autoencoder@0.95,2.170269,2.916194438934326
grok_asg_anomaly:2860:2876,0,autoencoder@0.95,1.5713835,2.916194438934326
grok_asg_anomaly:2868:2884,0,autoencoder@0.95,1.442812,2.916194438934326
grok_asg_anomaly:2876:2892,0,autoencoder@0.95,1.9801055,2.916194438934326
grok_asg_anomaly:2884:2900,0,autoencoder@0.95,1.9123511,2.916194438934326
grok_asg_anomaly:2892:2908,0,autoencoder@0.95,2.3703856,2.916194438934326
grok_asg_anomaly:2900:2916,0,autoencoder@0.95,2.082528,2.916194438934326
grok_asg_anomaly:2908:2924,0,autoencoder@0.95,2.5386372,2.916194438934326
grok_asg_anomaly:2916:2932,0,autoencoder@0.95,3.2436857,2.916194438934326
grok_asg_anomaly:2924:2940,0,autoencoder@0.95,2.2822082,2.916194438934326
grok_asg_anomaly:2932:2948,0,autoencoder@0.95,2.3272696,2.916194438934326
grok_asg_anomaly:2940:2956,0,autoencoder@0.95,1.6830943,2.916194438934326
grok_asg_anomaly:2948:2964,0,autoencoder@0.95,0.6688126,2.916194438934326
grok_asg_anomaly:2956:2972,0,autoencoder@0.95,1.3959519,2.916194438934326
grok_asg_anomaly:2964:2980,0,autoencoder@0.95,2.318591,2.916194438934326
grok_asg_anomaly:2972:2988,0,autoencoder@0.95,1.8851249,2.916194438934326
grok_asg_anomaly:2980:2996,0,autoencoder@0.95,2.5185814,2.916194438934326
grok_asg_anomaly:2988:3004,0,autoencoder@0.95,2.7684855,2.916194438934326
grok_asg_anomaly:2996:3012,0,autoencoder@0.95,1.0415276,2.916194438934326
grok_asg_anomaly:3004:3020,0,autoencoder@0.95,0.87018204,2.916194438934326
grok_asg_anomaly:3012:3028,0,autoencoder@0.95,1.3978542,2.916194438934326
grok_asg_anomaly:3020:3036,0,autoencoder@0.95,1.6458642,2.916194438934326
grok_asg_anomaly:3028:3044,0,autoencoder@0.95,1.3061389,2.916194438934326
grok_asg_anomaly:3036:3052,0,autoencoder@0.95,2.3867369,2.916194438934326
grok_asg_anomaly:3044:3060,0,autoencoder@0.95,1.9520003,2.916194438934326
grok_asg_anomaly:3052:3068,0,autoencoder@0.95,1.4313095,2.916194438934326
grok_asg_anomaly:3060:3076,0,autoencoder@0.95,3.2066789,2.916194438934326
grok_asg_anomaly:3068:3084,0,autoencoder@0.95,2.4170773,2.916194438934326
grok_asg_anomaly:3076:3092,0,autoencoder@0.95,0.9338963,2.916194438934326
grok_asg_anomaly:3084:3100,0,autoencoder@0.95,0.72463244,2.916194438934326
grok_asg_anomaly:3092:3108,0,autoencoder@0.95,1.7474371,2.916194438934326
grok_asg_anomaly:3100:3116,0,autoencoder@0.95,2.0688555,2.916194438934326
grok_asg_anomaly:3108:3124,0,autoencoder@0.95,2.4386363,2.916194438934326
grok_asg_anomaly:3116:3132,0,autoencoder@0.95,1.1691724,2.916194438934326
grok_asg_anomaly:3124:3140,0,autoencoder@0.95,2.1129365,2.916194438934326
grok_asg_anomaly:3132:3148,0,autoencoder@0.95,2.2279809,2.916194438934326
grok_asg_anomaly:3140:3156,0,autoencoder@0.95,1.3725939,2.916194438934326
grok_asg_anomaly:3148:3164,0,autoencoder@0.95,2.1779728,2.916194438934326
grok_asg_anomaly:3156:3172,0,autoencoder@0.95,2.7706552,2.916194438934326
grok_asg_anomaly:3164:3180,0,autoencoder@0.95,3.221959,2.916194438934326
grok_asg_anomaly:3172:3188,0,autoencoder@0.95,3.7772324,2.916194438934326
grok_asg_anomaly:3180:3196,0,autoencoder@0.95,1.240841,2.916194438934326
grok_asg_anomaly:3188:3204,0,autoencoder@0.95,2.6590843,2.916194438934326
grok_asg_anomaly:3196:3212,0,autoencoder@0.95,2.8294861,2.916194438934326
grok_asg_anomaly:3204:3220,0,autoencoder@0.95,1.5656939,2.916194438934326
grok_asg_anomaly:3212:3228,0,autoencoder@0.95,2.9294558,2.916194438934326
grok_asg_anomaly:3220:3236,0,autoencoder@0.95,1.739831,2.916194438934326
grok_asg_anomaly:3228:3244,0,autoencoder@0.95,1.6563656,2.916194438934326
grok_asg_anomaly:3236:3252,0,autoencoder@0.95,1.4559187,2.916194438934326
grok_asg_anomaly:3244:3260,0,autoencoder@0.95,2.00867,2.916194438934326
grok_asg_anomaly:3252:3268,0,autoencoder@0.95,1.9127623,2.916194438934326
grok_asg_anomaly:3260:3276,0,autoencoder@0.95,1.2608519,2.916194438934326
grok_asg_anomaly:3268:3284,0,autoencoder@0.95,1.7240525,2.916194438934326
grok_asg_anomaly:3276:3292,0,autoencoder@0.95,0.95145094,2.916194438934326
grok_asg_anomaly:3284:3300,0,autoencoder@0.95,1.6266996,2.916194438934326
grok_asg_anomaly:3292:3308,0,autoencoder@0.95,2.13765,2.916194438934326
grok_asg_anomaly:3300:3316,0,autoencoder@0.95,1.3161772,2.916194438934326
grok_asg_anomaly:3308:3324,0,autoencoder@0.95,1.5256472,2.916194438934326
grok_asg_anomaly:3316:3332,0,autoencoder@0.95,2.7923424,2.916194438934326
grok_asg_anomaly:3324:3340,0,autoencoder@0.95,1.4379665,2.916194438934326
grok_asg_anomaly:3332:3348,0,autoencoder@0.95,1.4298321,2.916194438934326
grok_asg_anomaly:3340:3356,0,autoencoder@0.95,1.9753814,2.916194438934326
grok_asg_anomaly:3348:3364,0,autoencoder@0.95,1.9382584,2.916194438934326
grok_asg_anomaly:3356:3372,0,autoencoder@0.95,0.47398466,2.916194438934326
grok_asg_anomaly:3364:3380,0,autoencoder@0.95,3.800263,2.916194438934326
grok_asg_anomaly:3372:3388,0,autoencoder@0.95,3.4479241,2.916194438934326
grok_asg_anomaly:3380:3396,0,autoencoder@0.95,0.015393106,2.916194438934326
grok_asg_anomaly:3388:3404,0,autoencoder@0.95,1.0855049,2.916194438934326
grok_asg_anomaly:3396:3412,0,autoencoder@0.95,2.5970345,2.916194438934326
grok_asg_anomaly:3404:3420,0,autoencoder@0.95,2.0967445,2.916194438934326
grok_asg_anomaly:3412:3428,0,autoencoder@0.95,1.1016582,2.916194438934326
grok_asg_anomaly:3420:3436,0,autoencoder@0.95,1.2930169,2.916194438934326
grok_asg_anomaly:3428:3444,0,autoencoder@0.95,1.3012398,2.916194438934326
grok_asg_anomaly:3436:3452,0,autoencoder@0.95,0.8488756,2.916194438934326
grok_asg_anomaly:3444:3460,0,autoencoder@0.95,1.8227539,2.916194438934326
grok_asg_anomaly:3452:3468,0,autoencoder@0.95,1.6396948,2.916194438934326
grok_asg_anomaly:3460:3476,0,autoencoder@0.95,0.83082706,2.916194438934326
grok_asg_anomaly:3468:3484,0,autoencoder@0.95,1.6197525,2.916194438934326
grok_asg_anomaly:3476:3492,0,autoencoder@0.95,0.88267815,2.916194438934326
grok_asg_anomaly:3484:3500,0,autoencoder@0.95,1.2047433,2.916194438934326
grok_asg_anomaly:3492:3508,0,autoencoder@0.95,1.2709063,2.916194438934326
grok_asg_anomaly:3500:3516,0,autoencoder@0.95,1.0962771,2.916194438934326
grok_asg_anomaly:3508:3524,0,autoencoder@0.95,1.7915454,2.916194438934326
grok_asg_anomaly:3516:3532,0,autoencoder@0.95,2.7186291,2.916194438934326
grok_asg_anomaly:3524:3540,0,autoencoder@0.95,1.0584587,2.916194438934326
grok_asg_anomaly:3532:3548,0,autoencoder@0.95,1.7968798,2.916194438934326
grok_asg_anomaly:3540:3556,0,autoencoder@0.95,1.5459263,2.916194438934326
grok_asg_anomaly:3548:3564,0,autoencoder@0.95,1.4067916,2.916194438934326
grok_asg_anomaly:3556:3572,0,autoencoder@0.95,2.0508778,2.916194438934326
grok_asg_anomaly:3564:3580,0,autoencoder@0.95,1.60451,2.916194438934326
grok_asg_anomaly:3572:3588,0,autoencoder@0.95,2.4276736,2.916194438934326
grok_asg_anomaly:3580:3596,0,autoencoder@0.95,1.6821988,2.916194438934326
grok_asg_anomaly:3588:3604,0,autoencoder@0.95,5.7575283,2.916194438934326
grok_asg_anomaly:3596:3612,0,autoencoder@0.95,6.114686,2.916194438934326
grok_asg_anomaly:3604:3620,0,autoencoder@0.95,0.40363964,2.916194438934326
grok_asg_anomaly:3612:3628,0,autoencoder@0.95,4.5320096,2.916194438934326
grok_asg_anomaly:3620:3636,0,autoencoder@0.95,5.2335367,2.916194438934326
grok_asg_anomaly:3628:3644,0,autoencoder@0.95,1.2782834,2.916194438934326
grok_asg_anomaly:3636:3652,0,autoencoder@0.95,0.41158026,2.916194438934326
grok_asg_anomaly:3644:3660,0,autoencoder@0.95,0.90082955,2.916194438934326
grok_asg_anomaly:3652:3668,0,autoencoder@0.95,1.2558069,2.916194438934326
grok_asg_anomaly:3660:3676,0,autoencoder@0.95,1.7628335,2.916194438934326
grok_asg_anomaly:3668:3684,1,autoencoder@0.95,2.0534961,2.916194438934326
grok_asg_anomaly:3676:3692,1,autoencoder@0.95,2.0350168,2.916194438934326
grok_asg_anomaly:2772:2788,0,autoencoder@0.975,3.4097486,4.461697101593018
grok_asg_anomaly:2780:2796,0,autoencoder@0.975,2.6346867,4.461697101593018
grok_asg_anomaly:2788:2804,0,autoencoder@0.975,1.4619138,4.461697101593018
grok_asg_anomaly:2796:2812,0,autoencoder@0.975,2.7087452,4.461697101593018
grok_asg_anomaly:2804:2820,0,autoencoder@0.975,1.2856902,4.461697101593018
grok_asg_anomaly:2812:2828,0,autoencoder@0.975,2.5759406,4.461697101593018
grok_asg_anomaly:2820:2836,0,autoencoder@0.975,3.334227,4.461697101593018
grok_asg_anomaly:2828:2844,0,autoencoder@0.975,2.5952876,4.461697101593018
grok_asg_anomaly:2836:2852,0,autoencoder@0.975,2.9147186,4.461697101593018
grok_asg_anomaly:2844:2860,0,autoencoder@0.975,1.1929524,4.461697101593018
grok_asg_anomaly:2852:2868,0,autoencoder@0.975,2.170269,4.461697101593018
grok_asg_anomaly:2860:2876,0,autoencoder@0.975,1.5713835,4.461697101593018
grok_asg_anomaly:2868:2884,0,autoencoder@0.975,1.442812,4.461697101593018
grok_asg_anomaly:2876:2892,0,autoencoder@0.975,1.9801055,4.461697101593018
grok_asg_anomaly:2884:2900,0,autoencoder@0.975,1.9123511,4.461697101593018
grok_asg_anomaly:2892:2908,0,autoencoder@0.975,2.3703856,4.461697101593018
grok_asg_anomaly:2900:2916,0,autoencoder@0.975,2.082528,4.461697101593018
grok_asg_anomaly:2908:2924,0,autoencoder@0.975,2.5386372,4.461697101593018
grok_asg_anomaly:2916:2932,0,autoencoder@0.975,3.2436857,4.461697101593018
grok_asg_anomaly:2924:2940,0,autoencoder@0.975,2.2822082,4.461697101593018
grok_asg_anomaly:2932:2948,0,autoencoder@0.975,2.3272696,4.461697101593018
grok_asg_anomaly:2940:2956,0,autoencoder@0.975,1.6830943,4.461697101593018
grok_asg_anomaly:2948:2964,0,autoencoder@0.975,0.6688126,4.461697101593018
grok_asg_anomaly:2956:2972,0,autoencoder@0.975,1.3959519,4.461697101593018
grok_asg_anomaly:2964:2980,0,autoencoder@0.975,2.318591,4.461697101593018
grok_asg_anomaly:2972:2988,0,autoencoder@0.975,1.8851249,4.461697101593018
grok_asg_anomaly:2980:2996,0,autoencoder@0.975,2.5185814,4.461697101593018
grok_asg_anomaly:2988:3004,0,autoencoder@0.975,2.7684855,4.461697101593018
grok_asg_anomaly:2996:3012,0,autoencoder@0.975,1.0415276,4.461697101593018
grok_asg_anomaly:3004:3020,0,autoencoder@0.975,0.87018204,4.461697101593018
grok_asg_anomaly:3012:3028,0,autoencoder@0.975,1.3978542,4.461697101593018
grok_asg_anomaly:3020:3036,0,autoencoder@0.975,1.6458642,4.461697101593018
grok_asg_anomaly:3028:3044,0,autoencoder@0.975,1.3061389,4.461697101593018
grok_asg_anomaly:3036:3052,0,autoencoder@0.975,2.3867369,4.461697101593018
grok_asg_anomaly:3044:3060,0,autoencoder@0.975,1.9520003,4.461697101593018
grok_asg_anomaly:3052:3068,0,autoencoder@0.975,1.4313095,4.461697101593018
grok_asg_anomaly:3060:3076,0,autoencoder@0.975,3.2066789,4.461697101593018
grok_asg_anomaly:3068:3084,0,autoencoder@0.975,2.4170773,4.461697101593018
grok_asg_anomaly:3076:3092,0,autoencoder@0.975,0.9338963,4.461697101593018
grok_asg_anomaly:3084:3100,0,autoencoder@0.975,0.72463244,4.461697101593018
grok_asg_anomaly:3092:3108,0,autoencoder@0.975,1.7474371,4.461697101593018
grok_asg_anomaly:3100:3116,0,autoencoder@0.975,2.0688555,4.461697101593018
grok_asg_anomaly:3108:3124,0,autoencoder@0.975,2.4386363,4.461697101593018
grok_asg_anomaly:3116:3132,0,autoencoder@0.975,1.1691724,4.461697101593018
grok_asg_anomaly:3124:3140,0,autoencoder@0.975,2.1129365,4.461697101593018
grok_asg_anomaly:3132:3148,0,autoencoder@0.975,2.2279809,4.461697101593018
grok_asg_anomaly:3140:3156,0,autoencoder@0.975,1.3725939,4.461697101593018
grok_asg_anomaly:3148:3164,0,autoencoder@0.975,2.1779728,4.461697101593018
grok_asg_anomaly:3156:3172,0,autoencoder@0.975,2.7706552,4.461697101593018
grok_asg_anomaly:3164:3180,0,autoencoder@0.975,3.221959,4.461697101593018
grok_asg_anomaly:3172:3188,0,autoencoder@0.975,3.7772324,4.461697101593018
grok_asg_anomaly:3180:3196,0,autoencoder@0.975,1.240841,4.461697101593018
grok_asg_anomaly:3188:3204,0,autoencoder@0.975,2.6590843,4.461697101593018
grok_asg_anomaly:3196:3212,0,autoencoder@0.975,2.8294861,4.461697101593018
grok_asg_anomaly:3204:3220,0,autoencoder@0.975,1.5656939,4.461697101593018
grok_asg_anomaly:3212:3228,0,autoencoder@0.975,2.9294558,4.461697101593018
grok_asg_anomaly:3220:3236,0,autoencoder@0.975,1.739831,4.461697101593018
grok_asg_anomaly:3228:3244,0,autoencoder@0.975,1.6563656,4.461697101593018
grok_asg_anomaly:3236:3252,0,autoencoder@0.975,1.4559187,4.461697101593018
grok_asg_anomaly:3244:3260,0,autoencoder@0.975,2.00867,4.461697101593018
grok_asg_anomaly:3252:3268,0,autoencoder@0.975,1.9127623,4.461697101593018
grok_asg_anomaly:3260:3276,0,autoencoder@0.975,1.2608519,4.461697101593018
grok_asg_anomaly:3268:3284,0,autoencoder@0.975,1.7240525,4.461697101593018
grok_asg_anomaly:3276:3292,0,autoencoder@0.975,0.95145094,4.461697101593018
grok_asg_anomaly:3284:3300,0,autoencoder@0.975,1.6266996,4.461697101593018
grok_asg_anomaly:3292:3308,0,autoencoder@0.975,2.13765,4.461697101593018
grok_asg_anomaly:3300:3316,0,autoencoder@0.975,1.3161772,4.461697101593018
grok_asg_anomaly:3308:3324,0,autoencoder@0.975,1.5256472,4.461697101593018
grok_asg_anomaly:3316:3332,0,autoencoder@0.975,2.7923424,4.461697101593018
grok_asg_anomaly:3324:3340,0,autoencoder@0.975,1.4379665,4.461697101593018
grok_asg_anomaly:3332:3348,0,autoencoder@0.975,1.4298321,4.461697101593018
grok_asg_anomaly:3340:3356,0,autoencoder@0.975,1.9753814,4.461697101593018
grok_asg_anomaly:3348:3364,0,autoencoder@0.975,1.9382584,4.461697101593018
grok_asg_anomaly:3356:3372,0,autoencoder@0.975,0.47398466,4.461697101593018
grok_asg_anomaly:3364:3380,0,autoencoder@0.975,3.800263,4.461697101593018
grok_asg_anomaly:3372:3388,0,autoencoder@0.975,3.4479241,4.461697101593018
grok_asg_anomaly:3380:3396,0,autoencoder@0.975,0.015393106,4.461697101593018
grok_asg_anomaly:3388:3404,0,autoencoder@0.975,1.0855049,4.461697101593018
grok_asg_anomaly:3396:3412,0,autoencoder@0.975,2.5970345,4.461697101593018
grok_asg_anomaly:3404:3420,0,autoencoder@0.975,2.0967445,4.461697101593018
grok_asg_anomaly:3412:3428,0,autoencoder@0.975,1.1016582,4.461697101593018
grok_asg_anomaly:3420:3436,0,autoencoder@0.975,1.2930169,4.461697101593018
grok_asg_anomaly:3428:3444,0,autoencoder@0.975,1.3012398,4.461697101593018
grok_asg_anomaly:3436:3452,0,autoencoder@0.975,0.8488756,4.461697101593018
grok_asg_anomaly:3444:3460,0,autoencoder@0.975,1.8227539,4.461697101593018
grok_asg_anomaly:3452:3468,0,autoencoder@0.975,1.6396948,4.461697101593018
grok_asg_anomaly:3460:3476,0,autoencoder@0.975,0.83082706,4.461697101593018
grok_asg_anomaly:3468:3484,0,autoencoder@0.975,1.6197525,4.461697101593018
grok_asg_anomaly:3476:3492,0,autoencoder@0.975,0.88267815,4.461697101593018
grok_asg_anomaly:3484:3500,0,autoencoder@0.975,1.2047433,4.461697101593018
grok_asg_anomaly:3492:3508,0,autoencoder@0.975,1.2709063,4.461697101593018
grok_asg_anomaly:3500:3516,0,autoencoder@0.975,1.0962771,4.461697101593018
grok_asg_anomaly:3508:3524,0,autoencoder@0.975,1.7915454,4.461697101593018
grok_asg_anomaly:3516:3532,0,autoencoder@0.975,2.7186291,4.461697101593018
grok_asg_anomaly:3524:3540,0,autoencoder@0.975,1.0584587,4.461697101593018
grok_asg_anomaly:3532:3548,0,autoencoder@0.975,1.7968798,4.461697101593018
grok_asg_anomaly:3540:3556,0,autoencoder@0.975,1.5459263,4.461697101593018
grok_asg_anomaly:3548:3564,0,autoencoder@0.975,1.4067916,4.461697101593018
grok_asg_anomaly:3556:3572,0,autoencoder@0.975,2.0508778,4.461697101593018
grok_asg_anomaly:3564:3580,0,autoencoder@0.975,1.60451,4.461697101593018
grok_asg_anomaly:3572:3588,0,autoencoder@0.975,2.4276736,4.461697101593018
grok_asg_anomaly:3580:3596,0,autoencoder@0.975,1.6821988,4.461697101593018
grok_asg_anomaly:3588:3604,0,autoencoder@0.975,5.7575283,4.461697101593018
grok_asg_anomaly:3596:3612,0,autoencoder@0.975,6.114686,4.461697101593018
grok_asg_anomaly:3604:3620,0,autoencoder@0.975,0.40363964,4.461697101593018
grok_asg_anomaly:3612:3628,0,autoencoder@0.975,4.5320096,4.461697101593018
grok_asg_anomaly:3620:3636,0,autoencoder@0.975,5.2335367,4.461697101593018
grok_asg_anomaly:3628:3644,0,autoencoder@0.975,1.2782834,4.461697101593018
grok_asg_anomaly:3636:3652,0,autoencoder@0.975,0.41158026,4.461697101593018
grok_asg_anomaly:3644:3660,0,autoencoder@0.975,0.90082955,4.461697101593018
grok_asg_anomaly:3652:3668,0,autoencoder@0.975,1.2558069,4.461697101593018
grok_asg_anomaly:3660:3676,0,autoencoder@0.975,1.7628335,4.461697101593018
grok_asg_anomaly:3668:3684,1,autoencoder@0.975,2.0534961,4.461697101593018
grok_asg_anomaly:3676:3692,1,autoencoder@0.975,2.0350168,4.461697101593018
grok_asg_anomaly:2772:2788,0,autoencoder@0.99,3.4097486,4.665332317352295
grok_asg_anomaly:2780:2796,0,autoencoder@0.99,2.6346867,4.665332317352295
grok_asg_anomaly:2788:2804,0,autoencoder@0.99,1.4619138,4.665332317352295
grok_asg_anomaly:2796:2812,0,autoencoder@0.99,2.7087452,4.665332317352295
grok_asg_anomaly:2804:2820,0,autoencoder@0.99,1.2856902,4.665332317352295
grok_asg_anomaly:2812:2828,0,autoencoder@0.99,2.5759406,4.665332317352295
grok_asg_anomaly:2820:2836,0,autoencoder@0.99,3.334227,4.665332317352295
grok_asg_anomaly:2828:2844,0,autoencoder@0.99,2.5952876,4.665332317352295
grok_asg_anomaly:2836:2852,0,autoencoder@0.99,2.9147186,4.665332317352295
grok_asg_anomaly:2844:2860,0,autoencoder@0.99,1.1929524,4.665332317352295
grok_asg_anomaly:2852:2868,0,autoencoder@0.99,2.170269,4.665332317352295
grok_asg_anomaly:2860:2876,0,autoencoder@0.99,1.5713835,4.665332317352295
grok_asg_anomaly:2868:2884,0,autoencoder@0.99,1.442812,4.665332317352295
grok_asg_anomaly:2876:2892,0,autoencoder@0.99,1.9801055,4.665332317352295
grok_asg_anomaly:2884:2900,0,autoencoder@0.99,1.9123511,4.665332317352295
grok_asg_anomaly:2892:2908,0,autoencoder@0.99,2.3703856,4.665332317352295
grok_asg_anomaly:2900:2916,0,autoencoder@0.99,2.082528,4.665332317352295
grok_asg_anomaly:2908:2924,0,autoencoder@0.99,2.5386372,4.665332317352295
grok_asg_anomaly:2916:2932,0,autoencoder@0.99,3.2436857,4.665332317352295
grok_asg_anomaly:2924:2940,0,autoencoder@0.99,2.2822082,4.665332317352295
grok_asg_anomaly:2932:2948,0,autoencoder@0.99,2.3272696,4.665332317352295
grok_asg_anomaly:2940:2956,0,autoencoder@0.99,1.6830943,4.665332317352295
grok_asg_anomaly:2948:2964,0,autoencoder@0.99,0.6688126,4.665332317352295
grok_asg_anomaly:2956:2972,0,autoencoder@0.99,1.3959519,4.665332317352295
grok_asg_anomaly:2964:2980,0,autoencoder@0.99,2.318591,4.665332317352295
grok_asg_anomaly:2972:2988,0,autoencoder@0.99,1.8851249,4.665332317352295
grok_asg_anomaly:2980:2996,0,autoencoder@0.99,2.5185814,4.665332317352295
grok_asg_anomaly:2988:3004,0,autoencoder@0.99,2.7684855,4.665332317352295
grok_asg_anomaly:2996:3012,0,autoencoder@0.99,1.0415276,4.665332317352295
grok_asg_anomaly:3004:3020,0,autoencoder@0.99,0.87018204,4.665332317352295
grok_asg_anomaly:3012:3028,0,autoencoder@0.99,1.3978542,4.665332317352295
grok_asg_anomaly:3020:3036,0,autoencoder@0.99,1.6458642,4.665332317352295
grok_asg_anomaly:3028:3044,0,autoencoder@0.99,1.3061389,4.665332317352295
grok_asg_anomaly:3036:3052,0,autoencoder@0.99,2.3867369,4.665332317352295
grok_asg_anomaly:3044:3060,0,autoencoder@0.99,1.9520003,4.665332317352295
grok_asg_anomaly:3052:3068,0,autoencoder@0.99,1.4313095,4.665332317352295
grok_asg_anomaly:3060:3076,0,autoencoder@0.99,3.2066789,4.665332317352295
grok_asg_anomaly:3068:3084,0,autoencoder@0.99,2.4170773,4.665332317352295
grok_asg_anomaly:3076:3092,0,autoencoder@0.99,0.9338963,4.665332317352295
grok_asg_anomaly:3084:3100,0,autoencoder@0.99,0.72463244,4.665332317352295
grok_asg_anomaly:3092:3108,0,autoencoder@0.99,1.7474371,4.665332317352295
grok_asg_anomaly:3100:3116,0,autoencoder@0.99,2.0688555,4.665332317352295
grok_asg_anomaly:3108:3124,0,autoencoder@0.99,2.4386363,4.665332317352295
grok_asg_anomaly:3116:3132,0,autoencoder@0.99,1.1691724,4.665332317352295
grok_asg_anomaly:3124:3140,0,autoencoder@0.99,2.1129365,4.665332317352295
grok_asg_anomaly:3132:3148,0,autoencoder@0.99,2.2279809,4.665332317352295
grok_asg_anomaly:3140:3156,0,autoencoder@0.99,1.3725939,4.665332317352295
grok_asg_anomaly:3148:3164,0,autoencoder@0.99,2.1779728,4.665332317352295
grok_asg_anomaly:3156:3172,0,autoencoder@0.99,2.7706552,4.665332317352295
grok_asg_anomaly:3164:3180,0,autoencoder@0.99,3.221959,4.665332317352295
grok_asg_anomaly:3172:3188,0,autoencoder@0.99,3.7772324,4.665332317352295
grok_asg_anomaly:3180:3196,0,autoencoder@0.99,1.240841,4.665332317352295
grok_asg_anomaly:3188:3204,0,autoencoder@0.99,2.6590843,4.665332317352295
grok_asg_anomaly:3196:3212,0,autoencoder@0.99,2.8294861,4.665332317352295
grok_asg_anomaly:3204:3220,0,autoencoder@0.99,1.5656939,4.665332317352295
grok_asg_anomaly:3212:3228,0,autoencoder@0.99,2.9294558,4.665332317352295
grok_asg_anomaly:3220:3236,0,autoencoder@0.99,1.739831,4.665332317352295
grok_asg_anomaly:3228:3244,0,autoencoder@0.99,1.6563656,4.665332317352295
grok_asg_anomaly:3236:3252,0,autoencoder@0.99,1.4559187,4.665332317352295
grok_asg_anomaly:3244:3260,0,autoencoder@0.99,2.00867,4.665332317352295
grok_asg_anomaly:3252:3268,0,autoencoder@0.99,1.9127623,4.665332317352295
grok_asg_anomaly:3260:3276,0,autoencoder@0.99,1.2608519,4.665332317352295
grok_asg_anomaly:3268:3284,0,autoencoder@0.99,1.7240525,4.665332317352295
grok_asg_anomaly:3276:3292,0,autoencoder@0.99,0.95145094,4.665332317352295
grok_asg_anomaly:3284:3300,0,autoencoder@0.99,1.6266996,4.665332317352295
grok_asg_anomaly:3292:3308,0,autoencoder@0.99,2.13765,4.665332317352295
grok_asg_anomaly:3300:3316,0,autoencoder@0.99,1.3161772,4.665332317352295
grok_asg_anomaly:3308:3324,0,autoencoder@0.99,1.5256472,4.665332317352295
grok_asg_anomaly:3316:3332,0,autoencoder@0.99,2.7923424,4.665332317352295
grok_asg_anomaly:3324:3340,0,autoencoder@0.99,1.4379665,4.665332317352295
grok_asg_anomaly:3332:3348,0,autoencoder@0.99,1.4298321,4.665332317352295
grok_asg_anomaly:3340:3356,0,autoencoder@0.99,1.9753814,4.665332317352295
grok_asg_anomaly:3348:3364,0,autoencoder@0.99,1.9382584,4.665332317352295
grok_asg_anomaly:3356:3372,0,autoencoder@0.99,0.47398466,4.665332317352295
grok_asg_anomaly:3364:3380,0,autoencoder@0.99,3.800263,4.665332317352295
grok_asg_anomaly:3372:3388,0,autoencoder@0.99,3.4479241,4.665332317352295
grok_asg_anomaly:3380:3396,0,autoencoder@0.99,0.015393106,4.665332317352295
grok_asg_anomaly:3388:3404,0,autoencoder@0.99,1.0855049,4.665332317352295
grok_asg_anomaly:3396:3412,0,autoencoder@0.99,2.5970345,4.665332317352295
grok_asg_anomaly:3404:3420,0,autoencoder@0.99,2.0967445,4.665332317352295
grok_asg_anomaly:3412:3428,0,autoencoder@0.99,1.1016582,4.665332317352295
grok_asg_anomaly:3420:3436,0,autoencoder@0.99,1.2930169,4.665332317352295
grok_asg_anomaly:3428:3444,0,autoencoder@0.99,1.3012398,4.665332317352295
grok_asg_anomaly:3436:3452,0,autoencoder@0.99,0.8488756,4.665332317352295
grok_asg_anomaly:3444:3460,0,autoencoder@0.99,1.8227539,4.665332317352295
grok_asg_anomaly:3452:3468,0,autoencoder@0.99,1.6396948,4.665332317352295
grok_asg_anomaly:3460:3476,0,autoencoder@0.99,0.83082706,4.665332317352295
grok_asg_anomaly:3468:3484,0,autoencoder@0.99,1.6197525,4.665332317352295
grok_asg_anomaly:3476:3492,0,autoencoder@0.99,0.88267815,4.665332317352295
grok_asg_anomaly:3484:3500,0,autoencoder@0.99,1.2047433,4.665332317352295
grok_asg_anomaly:3492:3508,0,autoencoder@0.99,1.2709063,4.665332317352295
grok_asg_anomaly:3500:3516,0,autoencoder@0.99,1.0962771,4.665332317352295
grok_asg_anomaly:3508:3524,0,autoencoder@0.99,1.7915454,4.665332317352295
grok_asg_anomaly:3516:3532,0,autoencoder@0.99,2.7186291,4.665332317352295
grok_asg_anomaly:3524:3540,0,autoencoder@0.99,1.0584587,4.665332317352295
grok_asg_anomaly:3532:3548,0,autoencoder@0.99,1.7968798,4.665332317352295
grok_asg_anomaly:3540:3556,0,autoencoder@0.99,1.5459263,4.665332317352295
grok_asg_anomaly:3548:3564,0,autoencoder@0.99,1.4067916,4.665332317352295
grok_asg_anomaly:3556:3572,0,autoencoder@0.99,2.0508778,4.665332317352295
grok_asg_anomaly:3564:3580,0,autoencoder@0.99,1.60451,4.665332317352295
grok_asg_anomaly:3572:3588,0,autoencoder@0.99,2.4276736,4.665332317352295
grok_asg_anomaly:3580:3596,0,autoencoder@0.99,1.6821988,4.665332317352295
grok_asg_anomaly:3588:3604,0,autoencoder@0.99,5.7575283,4.665332317352295
grok_asg_anomaly:3596:3612,0,autoencoder@0.99,6.114686,4.665332317352295
grok_asg_anomaly:3604:3620,0,autoencoder@0.99,0.40363964,4.665332317352295
grok_asg_anomaly:3612:3628,0,autoencoder@0.99,4.5320096,4.665332317352295
grok_asg_anomaly:3620:3636,0,autoencoder@0.99,5.2335367,4.665332317352295
grok_asg_anomaly:3628:3644,0,autoencoder@0.99,1.2782834,4.665332317352295
grok_asg_anomaly:3636:3652,0,autoencoder@0.99,0.41158026,4.665332317352295
grok_asg_anomaly:3644:3660,0,autoencoder@0.99,0.90082955,4.665332317352295
grok_asg_anomaly:3652:3668,0,autoencoder@0.99,1.2558069,4.665332317352295
grok_asg_anomaly:3660:3676,0,autoencoder@0.99,1.7628335,4.665332317352295
grok_asg_anomaly:3668:3684,1,autoencoder@0.99,2.0534961,4.665332317352295
grok_asg_anomaly:3676:3692,1,autoencoder@0.99,2.0350168,4.665332317352295
grok_asg_anomaly:2772:2788,0,max_abs_z@0.95,5.2092824,7.874698638916016
grok_asg_anomaly:2780:2796,0,max_abs_z@0.95,2.9479005,7.874698638916016
grok_asg_anomaly:2788:2804,0,max_abs_z@0.95,6.3029485,7.874698638916016
grok_asg_anomaly:2796:2812,0,max_abs_z@0.95,6.200959,7.874698638916016
grok_asg_anomaly:2804:2820,0,max_abs_z@0.95,2.7831051,7.874698638916016
grok_asg_anomaly:2812:2828,0,max_abs_z@0.95,6.771874,7.874698638916016
grok_asg_anomaly:2820:2836,0,max_abs_z@0.95,6.3953476,7.874698638916016
grok_asg_anomaly:2828:2844,0,max_abs_z@0.95,5.3649945,7.874698638916016
grok_asg_anomaly:2836:2852,0,max_abs_z@0.95,5.061814,7.874698638916016
grok_asg_anomaly:2844:2860,0,max_abs_z@0.95,4.11583,7.874698638916016
grok_asg_anomaly:2852:2868,0,max_abs_z@0.95,4.0774293,7.874698638916016
grok_asg_anomaly:2860:2876,0,max_abs_z@0.95,2.7831051,7.874698638916016
grok_asg_anomaly:2868:2884,0,max_abs_z@0.95,4.6517777,7.874698638916016
grok_asg_anomaly:2876:2892,0,max_abs_z@0.95,4.7439194,7.874698638916016
grok_asg_anomaly:2884:2900,0,max_abs_z@0.95,3.757026,7.874698638916016
grok_asg_anomaly:2892:2908,0,max_abs_z@0.95,3.6907785,7.874698638916016
grok_asg_anomaly:2900:2916,0,max_abs_z@0.95,2.812154,7.874698638916016
grok_asg_anomaly:2908:2924,0,max_abs_z@0.95,6.611267,7.874698638916016
grok_asg_anomaly:2916:2932,0,max_abs_z@0.95,6.5680566,7.874698638916016
grok_asg_anomaly:2924:2940,0,max_abs_z@0.95,5.6852827,7.874698638916016
grok_asg_anomaly:2932:2948,0,max_abs_z@0.95,5.591965,7.874698638916016
grok_asg_anomaly:2940:2956,0,max_abs_z@0.95,2.6116707,7.874698638916016
grok_asg_anomaly:2948:2964,0,max_abs_z@0.95,2.6259487,7.874698638916016
grok_asg_anomaly:2956:2972,0,max_abs_z@0.95,2.781257,7.874698638916016
grok_asg_anomaly:2964:2980,0,max_abs_z@0.95,2.7831051,7.874698638916016
grok_asg_anomaly:2972:2988,0,max_abs_z@0.95,2.6192079,7.874698638916016
grok_asg_anomaly:2980:2996,0,max_abs_z@0.95,2.89918,7.874698638916016
grok_asg_anomaly:2988:3004,0,max_abs_z@0.95,4.880017,7.874698638916016
grok_asg_anomaly:2996:3012,0,max_abs_z@0.95,4.60212,7.874698638916016
grok_asg_anomaly:3004:3020,0,max_abs_z@0.95,2.3004744,7.874698638916016
grok_asg_anomaly:3012:3028,0,max_abs_z@0.95,2.3454165,7.874698638916016
grok_asg_anomaly:3020:3036,0,max_abs_z@0.95,2.763889,7.874698638916016
grok_asg_anomaly:3028:3044,0,max_abs_z@0.95,2.8022187,7.874698638916016
grok_asg_anomaly:3036:3052,0,max_abs_z@0.95,3.1147203,7.874698638916016
grok_asg_anomaly:3044:3060,0,max_abs_z@0.95,3.0844967,7.874698638916016
grok_asg_anomaly:3052:3068,0,max_abs_z@0.95,4.532425,7.874698638916016
grok_asg_anomaly:3060:3076,0,max_abs_z@0.95,4.4552917,7.874698638916016
grok_asg_anomaly:3068:3084,0,max_abs_z@0.95,3.1780992,7.874698638916016
grok_asg_anomaly:3076:3092,0,max_abs_z@0.95,3.1777337,7.874698638916016
grok_asg_anomaly:3084:3100,0,max_abs_z@0.95,2.4825068,7.874698638916016
grok_asg_anomaly:3092:3108,0,max_abs_z@0.95,3.4801915,7.874698638916016
grok_asg_anomaly:3100:3116,0,max_abs_z@0.95,3.5487728,7.874698638916016
grok_asg_anomaly:3108:3124,0,max_abs_z@0.95,4.2597337,7.874698638916016
grok_asg_anomaly:3116:3132,0,max_abs_z@0.95,4.259637,7.874698638916016
grok_asg_anomaly:3124:3140,0,max_abs_z@0.95,2.89918,7.874698638916016
grok_asg_anomaly:3132:3148,0,max_abs_z@0.95,3.4819012,7.874698638916016
grok_asg_anomaly:3140:3156,0,max_abs_z@0.95,3.5505054,7.874698638916016
grok_asg_anomaly:3148:3164,0,max_abs_z@0.95,4.8646226,7.874698638916016
grok_asg_anomaly:3156:3172,0,max_abs_z@0.95,4.9520345,7.874698638916016
grok_asg_anomaly:3164:3180,0,max_abs_z@0.95,4.5982246,7.874698638916016
grok_asg_anomaly:3172:3188,0,max_abs_z@0.95,4.5982127,7.874698638916016
grok_asg_anomaly:3180:3196,0,max_abs_z@0.95,3.0752327,7.874698638916016
grok_asg_anomaly:3188:3204,0,max_abs_z@0.95,3.9573472,7.874698638916016
grok_asg_anomaly:3196:3212,0,max_abs_z@0.95,4.0324183,7.874698638916016
grok_asg_anomaly:3204:3220,0,max_abs_z@0.95,4.720099,7.874698638916016
grok_asg_anomaly:3212:3228,0,max_abs_z@0.95,4.720117,7.874698638916016
grok_asg_anomaly:3220:3236,0,max_abs_z@0.95,3.0752327,7.874698638916016
grok_asg_anomaly:3228:3244,0,max_abs_z@0.95,4.739573,7.874698638916016
grok_asg_anomaly:3236:3252,0,max_abs_z@0.95,4.8252835,7.874698638916016
grok_asg_anomaly:3244:3260,0,max_abs_z@0.95,6.0749273,7.874698638916016
grok_asg_anomaly:3252:3268,0,max_abs_z@0.95,6.0752826,7.874698638916016
grok_asg_anomaly:3260:3276,0,max_abs_z@0.95,2.6116707,7.874698638916016
grok_asg_anomaly:3268:3284,0,max_abs_z@0.95,3.1023102,7.874698638916016
grok_asg_anomaly:3276:3292,0,max_abs_z@0.95,3.1657515,7.874698638916016
grok_asg_anomaly:3284:3300,0,max_abs_z@0.95,5.04277,7.874698638916016
grok_asg_anomaly:3292:3308,0,max_abs_z@0.95,5.042868,7.874698638916016
grok_asg_anomaly:3300:3316,0,max_abs_z@0.95,2.939906,7.874698638916016
grok_asg_anomaly:3308:3324,0,max_abs_z@0.95,3.525091,7.874698638916016
grok_asg_anomaly:3316:3332,0,max_abs_z@0.95,3.5942826,7.874698638916016
grok_asg_anomaly:3324:3340,0,max_abs_z@0.95,3.037045,7.874698638916016
grok_asg_anomaly:3332:3348,0,max_abs_z@0.95,3.0752327,7.874698638916016
grok_asg_anomaly:3340:3356,0,max_abs_z@0.95,3.1147203,7.874698638916016
grok_asg_anomaly:3348:3364,0,max_abs_z@0.95,3.0844967,7.874698638916016
grok_asg_anomaly:3356:3372,0,max_abs_z@0.95,2.2167933,7.874698638916016
grok_asg_anomaly:3364:3380,0,max_abs_z@0.95,5.8125987,7.874698638916016
grok_asg_anomaly:3372:3388,0,max_abs_z@0.95,5.4860826,7.874698638916016
grok_asg_anomaly:3380:3396,0,max_abs_z@0.95,0.4229924,7.874698638916016
grok_asg_anomaly:3388:3404,0,max_abs_z@0.95,2.4716666,7.874698638916016
grok_asg_anomaly:3396:3412,0,max_abs_z@0.95,3.037045,7.874698638916016
grok_asg_anomaly:3404:3420,0,max_abs_z@0.95,3.626068,7.874698638916016
grok_asg_anomaly:3412:3428,0,max_abs_z@0.95,4.92142,7.874698638916016
grok_asg_anomaly:3420:3436,0,max_abs_z@0.95,4.8388257,7.874698638916016
grok_asg_anomaly:3428:3444,0,max_abs_z@0.95,2.7831051,7.874698638916016
grok_asg_anomaly:3436:3452,0,max_abs_z@0.95,2.4733617,7.874698638916016
grok_asg_anomaly:3444:3460,0,max_abs_z@0.95,3.9976218,7.874698638916016
grok_asg_anomaly:3452:3468,0,max_abs_z@0.95,3.9557722,7.874698638916016
grok_asg_anomaly:3460:3476,0,max_abs_z@0.95,2.3964531,7.874698638916016
grok_asg_anomaly:3468:3484,0,max_abs_z@0.95,2.736202,7.874698638916016
grok_asg_anomaly:3476:3492,0,max_abs_z@0.95,2.6259487,7.874698638916016
grok_asg_anomaly:3484:3500,0,max_abs_z@0.95,4.004962,7.874698638916016
grok_asg_anomaly:3492:3508,0,max_abs_z@0.95,3.7726846,7.874698638916016
grok_asg_anomaly:3500:3516,0,max_abs_z@0.95,2.5147712,7.874698638916016
grok_asg_anomaly:3508:3524,0,max_abs_z@0.95,2.8376381,7.874698638916016
grok_asg_anomaly:3516:3532,0,max_abs_z@0.95,2.8113046,7.874698638916016
grok_asg_anomaly:3524:3540,0,max_abs_z@0.95,2.5147712,7.874698638916016
grok_asg_anomaly:3532:3548,0,max_abs_z@0.95,2.8975694,7.874698638916016
grok_asg_anomaly:3540:3556,0,max_abs_z@0.95,2.9358296,7.874698638916016
grok_asg_anomaly:3548:3564,0,max_abs_z@0.95,3.1147203,7.874698638916016
grok_asg_anomaly:3556:3572,0,max_abs_z@0.95,3.0844967,7.874698638916016
grok_asg_anomaly:3564:3580,0,max_abs_z@0.95,4.7250366,7.874698638916016
grok_asg_anomaly:3572:3588,0,max_abs_z@0.95,4.6828084,7.874698638916016
grok_asg_anomaly:3580:3596,0,max_abs_z@0.95,2.8005028,7.874698638916016
grok_asg_anomaly:3588:3604,0,max_abs_z@0.95,8.578,7.874698638916016
grok_asg_anomaly:3596:3612,0,max_abs_z@0.95,8.107314,7.874698638916016
grok_asg_anomaly:3604:3620,0,max_abs_z@0.95,2.3469257,7.874698638916016
grok_asg_anomaly:3612:3628,0,max_abs_z@0.95,7.787228,7.874698638916016
grok_asg_anomaly:3620:3636,0,max_abs_z@0.95,7.788009,7.874698638916016
grok_asg_anomaly:3628:3644,0,max_abs_z@0.95,2.659856,7.874698638916016
grok_asg_anomaly:3636:3652,0,max_abs_z@0.95,2.3454165,7.874698638916016
grok_asg_anomaly:3644:3660,0,max_abs_z@0.95,2.3940957,7.874698638916016
grok_asg_anomaly:3652:3668,0,max_abs_z@0.95,3.037045,7.874698638916016
grok_asg_anomaly:3660:3676,0,max_abs_z@0.95,3.9587495,7.874698638916016
grok_asg_anomaly:3668:3684,1,max_abs_z@0.95,4.6954217,7.874698638916016
grok_asg_anomaly:3676:3692,1,max_abs_z@0.95,4.6532087,7.874698638916016
grok_asg_anomaly:2772:2788,0,max_abs_z@0.975,5.2092824,8.296978950500488
grok_asg_anomaly:2780:2796,0,max_abs_z@0.975,2.9479005,8.296978950500488
grok_asg_anomaly:2788:2804,0,max_abs_z@0.975,6.3029485,8.296978950500488
grok_asg_anomaly:2796:2812,0,max_abs_z@0.975,6.200959,8.296978950500488
grok_asg_anomaly:2804:2820,0,max_abs_z@0.975,2.7831051,8.296978950500488
grok_asg_anomaly:2812:2828,0,max_abs_z@0.975,6.771874,8.296978950500488
grok_asg_anomaly:2820:2836,0,max_abs_z@0.975,6.3953476,8.296978950500488
grok_asg_anomaly:2828:2844,0,max_abs_z@0.975,5.3649945,8.296978950500488
grok_asg_anomaly:2836:2852,0,max_abs_z@0.975,5.061814,8.296978950500488
grok_asg_anomaly:2844:2860,0,max_abs_z@0.975,4.11583,8.296978950500488
grok_asg_anomaly:2852:2868,0,max_abs_z@0.975,4.0774293,8.296978950500488
grok_asg_anomaly:2860:2876,0,max_abs_z@0.975,2.7831051,8.296978950500488
grok_asg_anomaly:2868:2884,0,max_abs_z@0.975,4.6517777,8.296978950500488
grok_asg_anomaly:2876:2892,0,max_abs_z@0.975,4.7439194,8.296978950500488
grok_asg_anomaly:2884:2900,0,max_abs_z@0.975,3.757026,8.296978950500488
grok_asg_anomaly:2892:2908,0,max_abs_z@0.975,3.6907785,8.296978950500488
grok_asg_anomaly:2900:2916,0,max_abs_z@0.975,2.812154,8.296978950500488
grok_asg_anomaly:2908:2924,0,max_abs_z@0.975,6.611267,8.296978950500488
grok_asg_anomaly:2916:2932,0,max_abs_z@0.975,6.5680566,8.296978950500488
grok_asg_anomaly:2924:2940,0,max_abs_z@0.975,5.6852827,8.296978950500488
grok_asg_anomaly:2932:2948,0,max_abs_z@0.975,5.591965,8.296978950500488
grok_asg_anomaly:2940:2956,0,max_abs_z@0.975,2.6116707,8.296978950500488
grok_asg_anomaly:2948:2964,0,max_abs_z@0.975,2.6259487,8.296978950500488
grok_asg_anomaly:2956:2972,0,max_abs_z@0.975,2.781257,8.296978950500488
grok_asg_anomaly:2964:2980,0,max_abs_z@0.975,2.7831051,8.296978950500488
grok_asg_anomaly:2972:2988,0,max_abs_z@0.975,2.6192079,8.296978950500488
grok_asg_anomaly:2980:2996,0,max_abs_z@0.975,2.89918,8.296978950500488
grok_asg_anomaly:2988:3004,0,max_abs_z@0.975,4.880017,8.296978950500488
grok_asg_anomaly:2996:3012,0,max_abs_z@0.975,4.60212,8.296978950500488
grok_asg_anomaly:3004:3020,0,max_abs_z@0.975,2.3004744,8.296978950500488
grok_asg_anomaly:3012:3028,0,max_abs_z@0.975,2.3454165,8.296978950500488
grok_asg_anomaly:3020:3036,0,max_abs_z@0.975,2.763889,8.296978950500488
grok_asg_anomaly:3028:3044,0,max_abs_z@0.975,2.8022187,8.296978950500488
grok_asg_anomaly:3036:3052,0,max_abs_z@0.975,3.1147203,8.296978950500488
grok_asg_anomaly:3044:3060,0,max_abs_z@0.975,3.0844967,8.296978950500488
grok_asg_anomaly:3052:3068,0,max_abs_z@0.975,4.532425,8.296978950500488
grok_asg_anomaly:3060:3076,0,max_abs_z@0.975,4.4552917,8.296978950500488
grok_asg_anomaly:3068:3084,0,max_abs_z@0.975,3.1780992,8.296978950500488
grok_asg_anomaly:3076:3092,0,max_abs_z@0.975,3.1777337,8.296978950500488
grok_asg_anomaly:3084:3100,0,max_abs_z@0.975,2.4825068,8.296978950500488
grok_asg_anomaly:3092:3108,0,max_abs_z@0.975,3.4801915,8.296978950500488
grok_asg_anomaly:3100:3116,0,max_abs_z@0.975,3.5487728,8.296978950500488
grok_asg_anomaly:3108:3124,0,max_abs_z@0.975,4.2597337,8.296978950500488
grok_asg_anomaly:3116:3132,0,max_abs_z@0.975,4.259637,8.296978950500488
grok_asg_anomaly:3124:3140,0,max_abs_z@0.975,2.89918,8.296978950500488
grok_asg_anomaly:3132:3148,0,max_abs_z@0.975,3.4819012,8.296978950500488
grok_asg_anomaly:3140:3156,0,max_abs_z@0.975,3.5505054,8.296978950500488
grok_asg_anomaly:3148:3164,0,max_abs_z@0.975,4.8646226,8.296978950500488
grok_asg_anomaly:3156:3172,0,max_abs_z@0.975,4.9520345,8.296978950500488
grok_asg_anomaly:3164:3180,0,max_abs_z@0.975,4.5982246,8.296978950500488
grok_asg_anomaly:3172:3188,0,max_abs_z@0.975,4.5982127,8.296978950500488
grok_asg_anomaly:3180:3196,0,max_abs_z@0.975,3.0752327,8.296978950500488
grok_asg_anomaly:3188:3204,0,max_abs_z@0.975,3.9573472,8.296978950500488
grok_asg_anomaly:3196:3212,0,max_abs_z@0.975,4.0324183,8.296978950500488
grok_asg_anomaly:3204:3220,0,max_abs_z@0.975,4.720099,8.296978950500488
grok_asg_anomaly:3212:3228,0,max_abs_z@0.975,4.720117,8.296978950500488
grok_asg_anomaly:3220:3236,0,max_abs_z@0.975,3.0752327,8.296978950500488
grok_asg_anomaly:3228:3244,0,max_abs_z@0.975,4.739573,8.296978950500488
grok_asg_anomaly:3236:3252,0,max_abs_z@0.975,4.8252835,8.296978950500488
grok_asg_anomaly:3244:3260,0,max_abs_z@0.975,6.0749273,8.296978950500488
grok_asg_anomaly:3252:3268,0,max_abs_z@0.975,6.0752826,8.296978950500488
grok_asg_anomaly:3260:3276,0,max_abs_z@0.975,2.6116707,8.296978950500488
grok_asg_anomaly:3268:3284,0,max_abs_z@0.975,3.1023102,8.296978950500488
grok_asg_anomaly:3276:3292,0,max_abs_z@0.975,3.1657515,8.296978950500488
grok_asg_anomaly:3284:3300,0,max_abs_z@0.975,5.04277,8.296978950500488
grok_asg_anomaly:3292:3308,0,max_abs_z@0.975,5.042868,8.296978950500488
grok_asg_anomaly:3300:3316,0,max_abs_z@0.975,2.939906,8.296978950500488
grok_asg_anomaly:3308:3324,0,max_abs_z@0.975,3.525091,8.296978950500488
grok_asg_anomaly:3316:3332,0,max_abs_z@0.975,3.5942826,8.296978950500488
grok_asg_anomaly:3324:3340,0,max_abs_z@0.975,3.037045,8.296978950500488
grok_asg_anomaly:3332:3348,0,max_abs_z@0.975,3.0752327,8.296978950500488
grok_asg_anomaly:3340:3356,0,max_abs_z@0.975,3.1147203,8.296978950500488
grok_asg_anomaly:3348:3364,0,max_abs_z@0.975,3.0844967,8.296978950500488
grok_asg_anomaly:3356:3372,0,max_abs_z@0.975,2.2167933,8.296978950500488
grok_asg_anomaly:3364:3380,0,max_abs_z@0.975,5.8125987,8.296978950500488
grok_asg_anomaly:3372:3388,0,max_abs_z@0.975,5.4860826,8.296978950500488
grok_asg_anomaly:3380:3396,0,max_abs_z@0.975,0.4229924,8.296978950500488
grok_asg_anomaly:3388:3404,0,max_abs_z@0.975,2.4716666,8.296978950500488
grok_asg_anomaly:3396:3412,0,max_abs_z@0.975,3.037045,8.296978950500488
grok_asg_anomaly:3404:3420,0,max_abs_z@0.975,3.626068,8.296978950500488
grok_asg_anomaly:3412:3428,0,max_abs_z@0.975,4.92142,8.296978950500488
grok_asg_anomaly:3420:3436,0,max_abs_z@0.975,4.8388257,8.296978950500488
grok_asg_anomaly:3428:3444,0,max_abs_z@0.975,2.7831051,8.296978950500488
grok_asg_anomaly:3436:3452,0,max_abs_z@0.975,2.4733617,8.296978950500488
grok_asg_anomaly:3444:3460,0,max_abs_z@0.975,3.9976218,8.296978950500488
grok_asg_anomaly:3452:3468,0,max_abs_z@0.975,3.9557722,8.296978950500488
grok_asg_anomaly:3460:3476,0,max_abs_z@0.975,2.3964531,8.296978950500488
grok_asg_anomaly:3468:3484,0,max_abs_z@0.975,2.736202,8.296978950500488
grok_asg_anomaly:3476:3492,0,max_abs_z@0.975,2.6259487,8.296978950500488
grok_asg_anomaly:3484:3500,0,max_abs_z@0.975,4.004962,8.296978950500488
grok_asg_anomaly:3492:3508,0,max_abs_z@0.975,3.7726846,8.296978950500488
grok_asg_anomaly:3500:3516,0,max_abs_z@0.975,2.5147712,8.296978950500488
grok_asg_anomaly:3508:3524,0,max_abs_z@0.975,2.8376381,8.296978950500488
grok_asg_anomaly:3516:3532,0,max_abs_z@0.975,2.8113046,8.296978950500488
grok_asg_anomaly:3524:3540,0,max_abs_z@0.975,2.5147712,8.296978950500488
grok_asg_anomaly:3532:3548,0,max_abs_z@0.975,2.8975694,8.296978950500488
grok_asg_anomaly:3540:3556,0,max_abs_z@0.975,2.9358296,8.296978950500488
grok_asg_anomaly:3548:3564,0,max_abs_z@0.975,3.1147203,8.296978950500488
grok_asg_anomaly:3556:3572,0,max_abs_z@0.975,3.0844967,8.296978950500488
grok_asg_anomaly:3564:3580,0,max_abs_z@0.975,4.7250366,8.296978950500488
grok_asg_anomaly:3572:3588,0,max_abs_z@0.975,4.6828084,8.296978950500488
grok_asg_anomaly:3580:3596,0,max_abs_z@0.975,2.8005028,8.296978950500488
grok_asg_anomaly:3588:3604,0,max_abs_z@0.975,8.578,8.296978950500488
grok_asg_anomaly:3596:3612,0,max_abs_z@0.975,8.107314,8.296978950500488
grok_asg_anomaly:3604:3620,0,max_abs_z@0.975,2.3469257,8.296978950500488
grok_asg_anomaly:3612:3628,0,max_abs_z@0.975,7.787228,8.296978950500488
grok_asg_anomaly:3620:3636,0,max_abs_z@0.975,7.788009,8.296978950500488
grok_asg_anomaly:3628:3644,0,max_abs_z@0.975,2.659856,8.296978950500488
grok_asg_anomaly:3636:3652,0,max_abs_z@0.975,2.3454165,8.296978950500488
grok_asg_anomaly:3644:3660,0,max_abs_z@0.975,2.3940957,8.296978950500488
grok_asg_anomaly:3652:3668,0,max_abs_z@0.975,3.037045,8.296978950500488
grok_asg_anomaly:3660:3676,0,max_abs_z@0.975,3.9587495,8.296978950500488
grok_asg_anomaly:3668:3684,1,max_abs_z@0.975,4.6954217,8.296978950500488
grok_asg_anomaly:3676:3692,1,max_abs_z@0.975,4.6532087,8.296978950500488
grok_asg_anomaly:2772:2788,0,max_abs_z@0.99,5.2092824,8.306633949279785
grok_asg_anomaly:2780:2796,0,max_abs_z@0.99,2.9479005,8.306633949279785
grok_asg_anomaly:2788:2804,0,max_abs_z@0.99,6.3029485,8.306633949279785
grok_asg_anomaly:2796:2812,0,max_abs_z@0.99,6.200959,8.306633949279785
grok_asg_anomaly:2804:2820,0,max_abs_z@0.99,2.7831051,8.306633949279785
grok_asg_anomaly:2812:2828,0,max_abs_z@0.99,6.771874,8.306633949279785
grok_asg_anomaly:2820:2836,0,max_abs_z@0.99,6.3953476,8.306633949279785
grok_asg_anomaly:2828:2844,0,max_abs_z@0.99,5.3649945,8.306633949279785
grok_asg_anomaly:2836:2852,0,max_abs_z@0.99,5.061814,8.306633949279785
grok_asg_anomaly:2844:2860,0,max_abs_z@0.99,4.11583,8.306633949279785
grok_asg_anomaly:2852:2868,0,max_abs_z@0.99,4.0774293,8.306633949279785
grok_asg_anomaly:2860:2876,0,max_abs_z@0.99,2.7831051,8.306633949279785
grok_asg_anomaly:2868:2884,0,max_abs_z@0.99,4.6517777,8.306633949279785
grok_asg_anomaly:2876:2892,0,max_abs_z@0.99,4.7439194,8.306633949279785
grok_asg_anomaly:2884:2900,0,max_abs_z@0.99,3.757026,8.306633949279785
grok_asg_anomaly:2892:2908,0,max_abs_z@0.99,3.6907785,8.306633949279785
grok_asg_anomaly:2900:2916,0,max_abs_z@0.99,2.812154,8.306633949279785
grok_asg_anomaly:2908:2924,0,max_abs_z@0.99,6.611267,8.306633949279785
grok_asg_anomaly:2916:2932,0,max_abs_z@0.99,6.5680566,8.306633949279785
grok_asg_anomaly:2924:2940,0,max_abs_z@0.99,5.6852827,8.306633949279785
grok_asg_anomaly:2932:2948,0,max_abs_z@0.99,5.591965,8.306633949279785
grok_asg_anomaly:2940:2956,0,max_abs_z@0.99,2.6116707,8.306633949279785
grok_asg_anomaly:2948:2964,0,max_abs_z@0.99,2.6259487,8.306633949279785
grok_asg_anomaly:2956:2972,0,max_abs_z@0.99,2.781257,8.306633949279785
grok_asg_anomaly:2964:2980,0,max_abs_z@0.99,2.7831051,8.306633949279785
grok_asg_anomaly:2972:2988,0,max_abs_z@0.99,2.6192079,8.306633949279785
grok_asg_anomaly:2980:2996,0,max_abs_z@0.99,2.89918,8.306633949279785
grok_asg_anomaly:2988:3004,0,max_abs_z@0.99,4.880017,8.306633949279785
grok_asg_anomaly:2996:3012,0,max_abs_z@0.99,4.60212,8.306633949279785
grok_asg_anomaly:3004:3020,0,max_abs_z@0.99,2.3004744,8.306633949279785
grok_asg_anomaly:3012:3028,0,max_abs_z@0.99,2.3454165,8.306633949279785
grok_asg_anomaly:3020:3036,0,max_abs_z@0.99,2.763889,8.306633949279785
grok_asg_anomaly:3028:3044,0,max_abs_z@0.99,2.8022187,8.306633949279785
grok_asg_anomaly:3036:3052,0,max_abs_z@0.99,3.1147203,8.306633949279785
grok_asg_anomaly:3044:3060,0,max_abs_z@0.99,3.0844967,8.306633949279785
grok_asg_anomaly:3052:3068,0,max_abs_z@0.99,4.532425,8.306633949279785
grok_asg_anomaly:3060:3076,0,max_abs_z@0.99,4.4552917,8.306633949279785
grok_asg_anomaly:3068:3084,0,max_abs_z@0.99,3.1780992,8.306633949279785
grok_asg_anomaly:3076:3092,0,max_abs_z@0.99,3.1777337,8.306633949279785
grok_asg_anomaly:3084:3100,0,max_abs_z@0.99,2.4825068,8.306633949279785
grok_asg_anomaly:3092:3108,0,max_abs_z@0.99,3.4801915,8.306633949279785
grok_asg_anomaly:3100:3116,0,max_abs_z@0.99,3.5487728,8.306633949279785
grok_asg_anomaly:3108:3124,0,max_abs_z@0.99,4.2597337,8.306633949279785
grok_asg_anomaly:3116:3132,0,max_abs_z@0.99,4.259637,8.306633949279785
grok_asg_anomaly:3124:3140,0,max_abs_z@0.99,2.89918,8.306633949279785
grok_asg_anomaly:3132:3148,0,max_abs_z@0.99,3.4819012,8.306633949279785
grok_asg_anomaly:3140:3156,0,max_abs_z@0.99,3.5505054,8.306633949279785
grok_asg_anomaly:3148:3164,0,max_abs_z@0.99,4.8646226,8.306633949279785
grok_asg_anomaly:3156:3172,0,max_abs_z@0.99,4.9520345,8.306633949279785
grok_asg_anomaly:3164:3180,0,max_abs_z@0.99,4.5982246,8.306633949279785
grok_asg_anomaly:3172:3188,0,max_abs_z@0.99,4.5982127,8.306633949279785
grok_asg_anomaly:3180:3196,0,max_abs_z@0.99,3.0752327,8.306633949279785
grok_asg_anomaly:3188:3204,0,max_abs_z@0.99,3.9573472,8.306633949279785
grok_asg_anomaly:3196:3212,0,max_abs_z@0.99,4.0324183,8.306633949279785
grok_asg_anomaly:3204:3220,0,max_abs_z@0.99,4.720099,8.306633949279785
grok_asg_anomaly:3212:3228,0,max_abs_z@0.99,4.720117,8.306633949279785
grok_asg_anomaly:3220:3236,0,max_abs_z@0.99,3.0752327,8.306633949279785
grok_asg_anomaly:3228:3244,0,max_abs_z@0.99,4.739573,8.306633949279785
grok_asg_anomaly:3236:3252,0,max_abs_z@0.99,4.8252835,8.306633949279785
grok_asg_anomaly:3244:3260,0,max_abs_z@0.99,6.0749273,8.306633949279785
grok_asg_anomaly:3252:3268,0,max_abs_z@0.99,6.0752826,8.306633949279785
grok_asg_anomaly:3260:3276,0,max_abs_z@0.99,2.6116707,8.306633949279785
grok_asg_anomaly:3268:3284,0,max_abs_z@0.99,3.1023102,8.306633949279785
grok_asg_anomaly:3276:3292,0,max_abs_z@0.99,3.1657515,8.306633949279785
grok_asg_anomaly:3284:3300,0,max_abs_z@0.99,5.04277,8.306633949279785
grok_asg_anomaly:3292:3308,0,max_abs_z@0.99,5.042868,8.306633949279785
grok_asg_anomaly:3300:3316,0,max_abs_z@0.99,2.939906,8.306633949279785
grok_asg_anomaly:3308:3324,0,max_abs_z@0.99,3.525091,8.306633949279785
grok_asg_anomaly:3316:3332,0,max_abs_z@0.99,3.5942826,8.306633949279785
grok_asg_anomaly:3324:3340,0,max_abs_z@0.99,3.037045,8.306633949279785
grok_asg_anomaly:3332:3348,0,max_abs_z@0.99,3.0752327,8.306633949279785
grok_asg_anomaly:3340:3356,0,max_abs_z@0.99,3.1147203,8.306633949279785
grok_asg_anomaly:3348:3364,0,max_abs_z@0.99,3.0844967,8.306633949279785
grok_asg_anomaly:3356:3372,0,max_abs_z@0.99,2.2167933,8.306633949279785
grok_asg_anomaly:3364:3380,0,max_abs_z@0.99,5.8125987,8.306633949279785
grok_asg_anomaly:3372:3388,0,max_abs_z@0.99,5.4860826,8.306633949279785
grok_asg_anomaly:3380:3396,0,max_abs_z@0.99,0.4229924,8.306633949279785
grok_asg_anomaly:3388:3404,0,max_abs_z@0.99,2.4716666,8.306633949279785
grok_asg_anomaly:3396:3412,0,max_abs_z@0.99,3.037045,8.306633949279785
grok_asg_anomaly:3404:3420,0,max_abs_z@0.99,3.626068,8.306633949279785
grok_asg_anomaly:3412:3428,0,max_abs_z@0.99,4.92142,8.306633949279785
grok_asg_anomaly:3420:3436,0,max_abs_z@0.99,4.8388257,8.306633949279785
grok_asg_anomaly:3428:3444,0,max_abs_z@0.99,2.7831051,8.306633949279785
grok_asg_anomaly:3436:3452,0,max_abs_z@0.99,2.4733617,8.306633949279785
grok_asg_anomaly:3444:3460,0,max_abs_z@0.99,3.9976218,8.306633949279785
grok_asg_anomaly:3452:3468,0,max_abs_z@0.99,3.9557722,8.306633949279785
grok_asg_anomaly:3460:3476,0,max_abs_z@0.99,2.3964531,8.306633949279785
grok_asg_anomaly:3468:3484,0,max_abs_z@0.99,2.736202,8.306633949279785
grok_asg_anomaly:3476:3492,0,max_abs_z@0.99,2.6259487,8.306633949279785
grok_asg_anomaly:3484:3500,0,max_abs_z@0.99,4.004962,8.306633949279785
grok_asg_anomaly:3492:3508,0,max_abs_z@0.99,3.7726846,8.306633949279785
grok_asg_anomaly:3500:3516,0,max_abs_z@0.99,2.5147712,8.306633949279785
grok_asg_anomaly:3508:3524,0,max_abs_z@0.99,2.8376381,8.306633949279785
grok_asg_anomaly:3516:3532,0,max_abs_z@0.99,2.8113046,8.306633949279785
grok_asg_anomaly:3524:3540,0,max_abs_z@0.99,2.5147712,8.306633949279785
grok_asg_anomaly:3532:3548,0,max_abs_z@0.99,2.8975694,8.306633949279785
grok_asg_anomaly:3540:3556,0,max_abs_z@0.99,2.9358296,8.306633949279785
grok_asg_anomaly:3548:3564,0,max_abs_z@0.99,3.1147203,8.306633949279785
grok_asg_anomaly:3556:3572,0,max_abs_z@0.99,3.0844967,8.306633949279785
grok_asg_anomaly:3564:3580,0,max_abs_z@0.99,4.7250366,8.306633949279785
grok_asg_anomaly:3572:3588,0,max_abs_z@0.99,4.6828084,8.306633949279785
grok_asg_anomaly:3580:3596,0,max_abs_z@0.99,2.8005028,8.306633949279785
grok_asg_anomaly:3588:3604,0,max_abs_z@0.99,8.578,8.306633949279785
grok_asg_anomaly:3596:3612,0,max_abs_z@0.99,8.107314,8.306633949279785
grok_asg_anomaly:3604:3620,0,max_abs_z@0.99,2.3469257,8.306633949279785
grok_asg_anomaly:3612:3628,0,max_abs_z@0.99,7.787228,8.306633949279785
grok_asg_anomaly:3620:3636,0,max_abs_z@0.99,7.788009,8.306633949279785
grok_asg_anomaly:3628:3644,0,max_abs_z@0.99,2.659856,8.306633949279785
grok_asg_anomaly:3636:3652,0,max_abs_z@0.99,2.3454165,8.306633949279785
grok_asg_anomaly:3644:3660,0,max_abs_z@0.99,2.3940957,8.306633949279785
grok_asg_anomaly:3652:3668,0,max_abs_z@0.99,3.037045,8.306633949279785
grok_asg_anomaly:3660:3676,0,max_abs_z@0.99,3.9587495,8.306633949279785
grok_asg_anomaly:3668:3684,1,max_abs_z@0.99,4.6954217,8.306633949279785
grok_asg_anomaly:3676:3692,1,max_abs_z@0.99,4.6532087,8.306633949279785
grok_asg_anomaly:2772:2788,0,rolling_32@0.95,43.8745297945011,38.08981850930555
grok_asg_anomaly:2780:2796,0,rolling_32@0.95,43.8745297945011,38.08981850930555
grok_asg_anomaly:2788:2804,0,rolling_32@0.95,18.72928446068057,38.08981850930555
grok_asg_anomaly:2796:2812,0,rolling_32@0.95,17.805228396085553,38.08981850930555
grok_asg_anomaly:2804:2820,0,rolling_32@0.95,3.6098877241772724,38.08981850930555
grok_asg_anomaly:2812:2828,0,rolling_32@0.95,3.6098877241772724,38.08981850930555
grok_asg_anomaly:2820:2836,0,rolling_32@0.95,3.3618420607803814,38.08981850930555
grok_asg_anomaly:2828:2844,0,rolling_32@0.95,7.392786779321317,38.08981850930555
grok_asg_anomaly:2836:2852,0,rolling_32@0.95,7.392786779321317,38.08981850930555
grok_asg_anomaly:2844:2860,0,rolling_32@0.95,36.43117478453107,38.08981850930555
grok_asg_anomaly:2852:2868,0,rolling_32@0.95,36.43117478453107,38.08981850930555
grok_asg_anomaly:2860:2876,0,rolling_32@0.95,15.094711672107085,38.08981850930555
grok_asg_anomaly:2868:2884,0,rolling_32@0.95,38.39592814428458,38.08981850930555
grok_asg_anomaly:2876:2892,0,rolling_32@0.95,38.39592814428458,38.08981850930555
grok_asg_anomaly:2884:2900,0,rolling_32@0.95,10.848123174136854,38.08981850930555
grok_asg_anomaly:2892:2908,0,rolling_32@0.95,10.848123174136854,38.08981850930555
grok_asg_anomaly:2900:2916,0,rolling_32@0.95,1.8864462994882931,38.08981850930555
grok_asg_anomaly:2908:2924,0,rolling_32@0.95,18.683474443416475,38.08981850930555
grok_asg_anomaly:2916:2932,0,rolling_32@0.95,18.683474443416475,38.08981850930555
grok_asg_anomaly:2924:2940,0,rolling_32@0.95,22.08488007160371,38.08981850930555
grok_asg_anomaly:2932:2948,0,rolling_32@0.95,22.08488007160371,38.08981850930555
grok_asg_anomaly:2940:2956,0,rolling_32@0.95,9.447809808466573,38.08981850930555
grok_asg_anomaly:2948:2964,0,rolling_32@0.95,7.038702121227774,38.08981850930555
grok_asg_anomaly:2956:2972,0,rolling_32@0.95,7.292997979253687,38.08981850930555
grok_asg_anomaly:2964:2980,0,rolling_32@0.95,8.64636051248762,38.08981850930555
grok_asg_anomaly:2972:2988,0,rolling_32@0.95,14.298071692493366,38.08981850930555
grok_asg_anomaly:2980:2996,0,rolling_32@0.95,14.298071692493366,38.08981850930555
grok_asg_anomaly:2988:3004,0,rolling_32@0.95,5.992688670002413,38.08981850930555
grok_asg_anomaly:2996:3012,0,rolling_32@0.95,2.790057525460506,38.08981850930555
grok_asg_anomaly:3004:3020,0,rolling_32@0.95,8.02361360560848,38.08981850930555
grok_asg_anomaly:3012:3028,0,rolling_32@0.95,11.373950188376986,38.08981850930555
grok_asg_anomaly:3020:3036,0,rolling_32@0.95,11.373950188376986,38.08981850930555
grok_asg_anomaly:3028:3044,0,rolling_32@0.95,10.625594708610645,38.08981850930555
grok_asg_anomaly:3036:3052,0,rolling_32@0.95,14.931895271250044,38.08981850930555
grok_asg_anomaly:3044:3060,0,rolling_32@0.95,14.931895271250044,38.08981850930555
grok_asg_anomaly:3052:3068,0,rolling_32@0.95,13.0635046285283,38.08981850930555
grok_asg_anomaly:3060:3076,0,rolling_32@0.95,13.0635046285283,38.08981850930555
grok_asg_anomaly:3068:3084,0,rolling_32@0.95,10.417229070682469,38.08981850930555
grok_asg_anomaly:3076:3092,0,rolling_32@0.95,10.417229070682469,38.08981850930555
grok_asg_anomaly:3084:3100,0,rolling_32@0.95,7.282057033536697,38.08981850930555
grok_asg_anomaly:3092:3108,0,rolling_32@0.95,7.276243729571992,38.08981850930555
grok_asg_anomaly:3100:3116,0,rolling_32@0.95,13.708539473415302,38.08981850930555
grok_asg_anomaly:3108:3124,0,rolling_32@0.95,13.708539473415302,38.08981850930555
grok_asg_anomaly:3116:3132,0,rolling_32@0.95,14.298962883159454,38.08981850930555
grok_asg_anomaly:3124:3140,0,rolling_32@0.95,14.298962883159454,38.08981850930555
grok_asg_anomaly:3132:3148,0,rolling_32@0.95,13.89750071128945,38.08981850930555
grok_asg_anomaly:3140:3156,0,rolling_32@0.95,12.784891643550276,38.08981850930555
grok_asg_anomaly:3148:3164,0,rolling_32@0.95,12.784891643550276,38.08981850930555
grok_asg_anomaly:3156:3172,0,rolling_32@0.95,12.931453181468235,38.08981850930555
grok_asg_anomaly:3164:3180,0,rolling_32@0.95,12.931453181468235,38.08981850930555
grok_asg_anomaly:3172:3188,0,rolling_32@0.95,11.990947962464157,38.08981850930555
grok_asg_anomaly:3180:3196,0,rolling_32@0.95,12.61386699958603,38.08981850930555
grok_asg_anomaly:3188:3204,0,rolling_32@0.95,12.61386699958603,38.08981850930555
grok_asg_anomaly:3196:3212,0,rolling_32@0.95,10.421377857394553,38.08981850930555
grok_asg_anomaly:3204:3220,0,rolling_32@0.95,15.16044334075457,38.08981850930555
grok_asg_anomaly:3212:3228,0,rolling_32@0.95,15.16044334075457,38.08981850930555
grok_asg_anomaly:3220:3236,0,rolling_32@0.95,3.534779368695262,38.08981850930555
grok_asg_anomaly:3228:3244,0,rolling_32@0.95,23.94505473566311,38.08981850930555
grok_asg_anomaly:3236:3252,0,rolling_32@0.95,23.94505473566311,38.08981850930555
grok_asg_anomaly:3244:3260,0,rolling_32@0.95,39.721643608839045,38.08981850930555
grok_asg_anomaly:3252:3268,0,rolling_32@0.95,39.721643608839045,38.08981850930555
grok_asg_anomaly:3260:3276,0,rolling_32@0.95,15.012082592262212,38.08981850930555
grok_asg_anomaly:3268:3284,0,rolling_32@0.95,21.664525995712417,38.08981850930555
grok_asg_anomaly:3276:3292,0,rolling_32@0.95,21.664525995712417,38.08981850930555
grok_asg_anomaly:3284:3300,0,rolling_32@0.95,26.417276005662046,38.08981850930555
grok_asg_anomaly:3292:3308,0,rolling_32@0.95,26.417276005662046,38.08981850930555
grok_asg_anomaly:3300:3316,0,rolling_32@0.95,12.087655495849953,38.08981850930555
grok_asg_anomaly:3308:3324,0,rolling_32@0.95,27.330988280343103,38.08981850930555
grok_asg_anomaly:3316:3332,0,rolling_32@0.95,27.330988280343103,38.08981850930555
grok_asg_anomaly:3324:3340,0,rolling_32@0.95,14.406061545381405,38.08981850930555
grok_asg_anomaly:3332:3348,0,rolling_32@0.95,14.990530303160025,38.08981850930555
grok_asg_anomaly:3340:3356,0,rolling_32@0.95,14.990530303160025,38.08981850930555
grok_asg_anomaly:3348:3364,0,rolling_32@0.95,1.9939861900570528,38.08981850930555
grok_asg_anomaly:3356:3372,0,rolling_32@0.95,13.471575113929184,38.08981850930555
grok_asg_anomaly:3364:3380,0,rolling_32@0.95,13.471575113929184,38.08981850930555
grok_asg_anomaly:3372:3388,0,rolling_32@0.95,9.089974585407912,38.08981850930555
grok_asg_anomaly:3380:3396,0,rolling_32@0.95,1.1873191254158129,38.08981850930555
grok_asg_anomaly:3388:3404,0,rolling_32@0.95,27.42186989872948,38.08981850930555
grok_asg_anomaly:3396:3412,0,rolling_32@0.95,27.42186989872948,38.08981850930555
grok_asg_anomaly:3404:3420,0,rolling_32@0.95,20.114835787735885,38.08981850930555
grok_asg_anomaly:3412:3428,0,rolling_32@0.95,20.114835787735885,38.08981850930555
grok_asg_anomaly:3420:3436,0,rolling_32@0.95,12.633002208785518,38.08981850930555
grok_asg_anomaly:3428:3444,0,rolling_32@0.95,1.967901164071861,38.08981850930555
grok_asg_anomaly:3436:3452,0,rolling_32@0.95,4.607123352133313,38.08981850930555
grok_asg_anomaly:3444:3460,0,rolling_32@0.95,6.219321389205687,38.08981850930555
grok_asg_anomaly:3452:3468,0,rolling_32@0.95,11.42149550440341,38.08981850930555
grok_asg_anomaly:3460:3476,0,rolling_32@0.95,15.103139218578372,38.08981850930555
grok_asg_anomaly:3468:3484,0,rolling_32@0.95,15.103139218578372,38.08981850930555
grok_asg_anomaly:3476:3492,0,rolling_32@0.95,10.907224076428497,38.08981850930555
grok_asg_anomaly:3484:3500,0,rolling_32@0.95,23.153630086405506,38.08981850930555
grok_asg_anomaly:3492:3508,0,rolling_32@0.95,23.153630086405506,38.08981850930555
grok_asg_anomaly:3500:3516,0,rolling_32@0.95,18.757513395319865,38.08981850930555
grok_asg_anomaly:3508:3524,0,rolling_32@0.95,18.757513395319865,38.08981850930555
grok_asg_anomaly:3516:3532,0,rolling_32@0.95,15.245616767396154,38.08981850930555
grok_asg_anomaly:3524:3540,0,rolling_32@0.95,2.9541876460249843,38.08981850930555
grok_asg_anomaly:3532:3548,0,rolling_32@0.95,2.7822397280279083,38.08981850930555
grok_asg_anomaly:3540:3556,0,rolling_32@0.95,2.7822397280279083,38.08981850930555
grok_asg_anomaly:3548:3564,0,rolling_32@0.95,8.696828013620006,38.08981850930555
grok_asg_anomaly:3556:3572,0,rolling_32@0.95,8.696828013620006,38.08981850930555
grok_asg_anomaly:3564:3580,0,rolling_32@0.95,27.605893732685082,38.08981850930555
grok_asg_anomaly:3572:3588,0,rolling_32@0.95,27.605893732685082,38.08981850930555
grok_asg_anomaly:3580:3596,0,rolling_32@0.95,15.094711672107085,38.08981850930555
grok_asg_anomaly:3588:3604,0,rolling_32@0.95,29.92302467528429,38.08981850930555
grok_asg_anomaly:3596:3612,0,rolling_32@0.95,29.92302467528429,38.08981850930555
grok_asg_anomaly:3604:3620,0,rolling_32@0.95,14.451129668314724,38.08981850930555
grok_asg_anomaly:3612:3628,0,rolling_32@0.95,27.16574718071744,38.08981850930555
grok_asg_anomaly:3620:3636,0,rolling_32@0.95,27.16574718071744,38.08981850930555
grok_asg_anomaly:3628:3644,0,rolling_32@0.95,2.016033189579755,38.08981850930555
grok_asg_anomaly:3636:3652,0,rolling_32@0.95,1.1149629048245633,38.08981850930555
grok_asg_anomaly:3644:3660,0,rolling_32@0.95,1.1149629048245633,38.08981850930555
grok_asg_anomaly:3652:3668,0,rolling_32@0.95,1.315671016944125,38.08981850930555
grok_asg_anomaly:3660:3676,0,rolling_32@0.95,9.163362373525247,38.08981850930555
grok_asg_anomaly:3668:3684,1,rolling_32@0.95,9.163362373525247,38.08981850930555
grok_asg_anomaly:3676:3692,1,rolling_32@0.95,3.50136577480842,38.08981850930555
grok_asg_anomaly:2772:2788,0,rolling_32@0.975,43.8745297945011,39.742089167548585
grok_asg_anomaly:2780:2796,0,rolling_32@0.975,43.8745297945011,39.742089167548585
grok_asg_anomaly:2788:2804,0,rolling_32@0.975,18.72928446068057,39.742089167548585
grok_asg_anomaly:2796:2812,0,rolling_32@0.975,17.805228396085553,39.742089167548585
grok_asg_anomaly:2804:2820,0,rolling_32@0.975,3.6098877241772724,39.742089167548585
grok_asg_anomaly:2812:2828,0,rolling_32@0.975,3.6098877241772724,39.742089167548585
grok_asg_anomaly:2820:2836,0,rolling_32@0.975,3.3618420607803814,39.742089167548585
grok_asg_anomaly:2828:2844,0,rolling_32@0.975,7.392786779321317,39.742089167548585
grok_asg_anomaly:2836:2852,0,rolling_32@0.975,7.392786779321317,39.742089167548585
grok_asg_anomaly:2844:2860,0,rolling_32@0.975,36.43117478453107,39.742089167548585
grok_asg_anomaly:2852:2868,0,rolling_32@0.975,36.43117478453107,39.742089167548585
grok_asg_anomaly:2860:2876,0,rolling_32@0.975,15.094711672107085,39.742089167548585
grok_asg_anomaly:2868:2884,0,rolling_32@0.975,38.39592814428458,39.742089167548585
grok_asg_anomaly:2876:2892,0,rolling_32@0.975,38.39592814428458,39.742089167548585
grok_asg_anomaly:2884:2900,0,rolling_32@0.975,10.848123174136854,39.742089167548585
grok_asg_anomaly:2892:2908,0,rolling_32@0.975,10.848123174136854,39.742089167548585
grok_asg_anomaly:2900:2916,0,rolling_32@0.975,1.8864462994882931,39.742089167548585
grok_asg_anomaly:2908:2924,0,rolling_32@0.975,18.683474443416475,39.742089167548585
grok_asg_anomaly:2916:2932,0,rolling_32@0.975,18.683474443416475,39.742089167548585
grok_asg_anomaly:2924:2940,0,rolling_32@0.975,22.08488007160371,39.742089167548585
grok_asg_anomaly:2932:2948,0,rolling_32@0.975,22.08488007160371,39.742089167548585
grok_asg_anomaly:2940:2956,0,rolling_32@0.975,9.447809808466573,39.742089167548585
grok_asg_anomaly:2948:2964,0,rolling_32@0.975,7.038702121227774,39.742089167548585
grok_asg_anomaly:2956:2972,0,rolling_32@0.975,7.292997979253687,39.742089167548585
grok_asg_anomaly:2964:2980,0,rolling_32@0.975,8.64636051248762,39.742089167548585
grok_asg_anomaly:2972:2988,0,rolling_32@0.975,14.298071692493366,39.742089167548585
grok_asg_anomaly:2980:2996,0,rolling_32@0.975,14.298071692493366,39.742089167548585
grok_asg_anomaly:2988:3004,0,rolling_32@0.975,5.992688670002413,39.742089167548585
grok_asg_anomaly:2996:3012,0,rolling_32@0.975,2.790057525460506,39.742089167548585
grok_asg_anomaly:3004:3020,0,rolling_32@0.975,8.02361360560848,39.742089167548585
grok_asg_anomaly:3012:3028,0,rolling_32@0.975,11.373950188376986,39.742089167548585
grok_asg_anomaly:3020:3036,0,rolling_32@0.975,11.373950188376986,39.742089167548585
grok_asg_anomaly:3028:3044,0,rolling_32@0.975,10.625594708610645,39.742089167548585
grok_asg_anomaly:3036:3052,0,rolling_32@0.975,14.931895271250044,39.742089167548585
grok_asg_anomaly:3044:3060,0,rolling_32@0.975,14.931895271250044,39.742089167548585
grok_asg_anomaly:3052:3068,0,rolling_32@0.975,13.0635046285283,39.742089167548585
grok_asg_anomaly:3060:3076,0,rolling_32@0.975,13.0635046285283,39.742089167548585
grok_asg_anomaly:3068:3084,0,rolling_32@0.975,10.417229070682469,39.742089167548585
grok_asg_anomaly:3076:3092,0,rolling_32@0.975,10.417229070682469,39.742089167548585
grok_asg_anomaly:3084:3100,0,rolling_32@0.975,7.282057033536697,39.742089167548585
grok_asg_anomaly:3092:3108,0,rolling_32@0.975,7.276243729571992,39.742089167548585
grok_asg_anomaly:3100:3116,0,rolling_32@0.975,13.708539473415302,39.742089167548585
grok_asg_anomaly:3108:3124,0,rolling_32@0.975,13.708539473415302,39.742089167548585
grok_asg_anomaly:3116:3132,0,rolling_32@0.975,14.298962883159454,39.742089167548585
grok_asg_anomaly:3124:3140,0,rolling_32@0.975,14.298962883159454,39.742089167548585
grok_asg_anomaly:3132:3148,0,rolling_32@0.975,13.89750071128945,39.742089167548585
grok_asg_anomaly:3140:3156,0,rolling_32@0.975,12.784891643550276,39.742089167548585
grok_asg_anomaly:3148:3164,0,rolling_32@0.975,12.784891643550276,39.742089167548585
grok_asg_anomaly:3156:3172,0,rolling_32@0.975,12.931453181468235,39.742089167548585
grok_asg_anomaly:3164:3180,0,rolling_32@0.975,12.931453181468235,39.742089167548585
grok_asg_anomaly:3172:3188,0,rolling_32@0.975,11.990947962464157,39.742089167548585
grok_asg_anomaly:3180:3196,0,rolling_32@0.975,12.61386699958603,39.742089167548585
grok_asg_anomaly:3188:3204,0,rolling_32@0.975,12.61386699958603,39.742089167548585
grok_asg_anomaly:3196:3212,0,rolling_32@0.975,10.421377857394553,39.742089167548585
grok_asg_anomaly:3204:3220,0,rolling_32@0.975,15.16044334075457,39.742089167548585
grok_asg_anomaly:3212:3228,0,rolling_32@0.975,15.16044334075457,39.742089167548585
grok_asg_anomaly:3220:3236,0,rolling_32@0.975,3.534779368695262,39.742089167548585
grok_asg_anomaly:3228:3244,0,rolling_32@0.975,23.94505473566311,39.742089167548585
grok_asg_anomaly:3236:3252,0,rolling_32@0.975,23.94505473566311,39.742089167548585
grok_asg_anomaly:3244:3260,0,rolling_32@0.975,39.721643608839045,39.742089167548585
grok_asg_anomaly:3252:3268,0,rolling_32@0.975,39.721643608839045,39.742089167548585
grok_asg_anomaly:3260:3276,0,rolling_32@0.975,15.012082592262212,39.742089167548585
grok_asg_anomaly:3268:3284,0,rolling_32@0.975,21.664525995712417,39.742089167548585
grok_asg_anomaly:3276:3292,0,rolling_32@0.975,21.664525995712417,39.742089167548585
grok_asg_anomaly:3284:3300,0,rolling_32@0.975,26.417276005662046,39.742089167548585
grok_asg_anomaly:3292:3308,0,rolling_32@0.975,26.417276005662046,39.742089167548585
grok_asg_anomaly:3300:3316,0,rolling_32@0.975,12.087655495849953,39.742089167548585
grok_asg_anomaly:3308:3324,0,rolling_32@0.975,27.330988280343103,39.742089167548585
grok_asg_anomaly:3316:3332,0,rolling_32@0.975,27.330988280343103,39.742089167548585
grok_asg_anomaly:3324:3340,0,rolling_32@0.975,14.406061545381405,39.742089167548585
grok_asg_anomaly:3332:3348,0,rolling_32@0.975,14.990530303160025,39.742089167548585
grok_asg_anomaly:3340:3356,0,rolling_32@0.975,14.990530303160025,39.742089167548585
grok_asg_anomaly:3348:3364,0,rolling_32@0.975,1.9939861900570528,39.742089167548585
grok_asg_anomaly:3356:3372,0,rolling_32@0.975,13.471575113929184,39.742089167548585
grok_asg_anomaly:3364:3380,0,rolling_32@0.975,13.471575113929184,39.742089167548585
grok_asg_anomaly:3372:3388,0,rolling_32@0.975,9.089974585407912,39.742089167548585
grok_asg_anomaly:3380:3396,0,rolling_32@0.975,1.1873191254158129,39.742089167548585
grok_asg_anomaly:3388:3404,0,rolling_32@0.975,27.42186989872948,39.742089167548585
grok_asg_anomaly:3396:3412,0,rolling_32@0.975,27.42186989872948,39.742089167548585
grok_asg_anomaly:3404:3420,0,rolling_32@0.975,20.114835787735885,39.742089167548585
grok_asg_anomaly:3412:3428,0,rolling_32@0.975,20.114835787735885,39.742089167548585
grok_asg_anomaly:3420:3436,0,rolling_32@0.975,12.633002208785518,39.742089167548585
grok_asg_anomaly:3428:3444,0,rolling_32@0.975,1.967901164071861,39.742089167548585
grok_asg_anomaly:3436:3452,0,rolling_32@0.975,4.607123352133313,39.742089167548585
grok_asg_anomaly:3444:3460,0,rolling_32@0.975,6.219321389205687,39.742089167548585
grok_asg_anomaly:3452:3468,0,rolling_32@0.975,11.42149550440341,39.742089167548585
grok_asg_anomaly:3460:3476,0,rolling_32@0.975,15.103139218578372,39.742089167548585
grok_asg_anomaly:3468:3484,0,rolling_32@0.975,15.103139218578372,39.742089167548585
grok_asg_anomaly:3476:3492,0,rolling_32@0.975,10.907224076428497,39.742089167548585
grok_asg_anomaly:3484:3500,0,rolling_32@0.975,23.153630086405506,39.742089167548585
grok_asg_anomaly:3492:3508,0,rolling_32@0.975,23.153630086405506,39.742089167548585
grok_asg_anomaly:3500:3516,0,rolling_32@0.975,18.757513395319865,39.742089167548585
grok_asg_anomaly:3508:3524,0,rolling_32@0.975,18.757513395319865,39.742089167548585
grok_asg_anomaly:3516:3532,0,rolling_32@0.975,15.245616767396154,39.742089167548585
grok_asg_anomaly:3524:3540,0,rolling_32@0.975,2.9541876460249843,39.742089167548585
grok_asg_anomaly:3532:3548,0,rolling_32@0.975,2.7822397280279083,39.742089167548585
grok_asg_anomaly:3540:3556,0,rolling_32@0.975,2.7822397280279083,39.742089167548585
grok_asg_anomaly:3548:3564,0,rolling_32@0.975,8.696828013620006,39.742089167548585
grok_asg_anomaly:3556:3572,0,rolling_32@0.975,8.696828013620006,39.742089167548585
grok_asg_anomaly:3564:3580,0,rolling_32@0.975,27.605893732685082,39.742089167548585
grok_asg_anomaly:3572:3588,0,rolling_32@0.975,27.605893732685082,39.742089167548585
grok_asg_anomaly:3580:3596,0,rolling_32@0.975,15.094711672107085,39.742089167548585
grok_asg_anomaly:3588:3604,0,rolling_32@0.975,29.92302467528429,39.742089167548585
grok_asg_anomaly:3596:3612,0,rolling_32@0.975,29.92302467528429,39.742089167548585
grok_asg_anomaly:3604:3620,0,rolling_32@0.975,14.451129668314724,39.742089167548585
grok_asg_anomaly:3612:3628,0,rolling_32@0.975,27.16574718071744,39.742089167548585
grok_asg_anomaly:3620:3636,0,rolling_32@0.975,27.16574718071744,39.742089167548585
grok_asg_anomaly:3628:3644,0,rolling_32@0.975,2.016033189579755,39.742089167548585
grok_asg_anomaly:3636:3652,0,rolling_32@0.975,1.1149629048245633,39.742089167548585
grok_asg_anomaly:3644:3660,0,rolling_32@0.975,1.1149629048245633,39.742089167548585
grok_asg_anomaly:3652:3668,0,rolling_32@0.975,1.315671016944125,39.742089167548585
grok_asg_anomaly:3660:3676,0,rolling_32@0.975,9.163362373525247,39.742089167548585
grok_asg_anomaly:3668:3684,1,rolling_32@0.975,9.163362373525247,39.742089167548585
grok_asg_anomaly:3676:3692,1,rolling_32@0.975,3.50136577480842,39.742089167548585
grok_asg_anomaly:2772:2788,0,rolling_32@0.99,43.8745297945011,66.0763732122051
grok_asg_anomaly:2780:2796,0,rolling_32@0.99,43.8745297945011,66.0763732122051
grok_asg_anomaly:2788:2804,0,rolling_32@0.99,18.72928446068057,66.0763732122051
grok_asg_anomaly:2796:2812,0,rolling_32@0.99,17.805228396085553,66.0763732122051
grok_asg_anomaly:2804:2820,0,rolling_32@0.99,3.6098877241772724,66.0763732122051
grok_asg_anomaly:2812:2828,0,rolling_32@0.99,3.6098877241772724,66.0763732122051
grok_asg_anomaly:2820:2836,0,rolling_32@0.99,3.3618420607803814,66.0763732122051
grok_asg_anomaly:2828:2844,0,rolling_32@0.99,7.392786779321317,66.0763732122051
grok_asg_anomaly:2836:2852,0,rolling_32@0.99,7.392786779321317,66.0763732122051
grok_asg_anomaly:2844:2860,0,rolling_32@0.99,36.43117478453107,66.0763732122051
grok_asg_anomaly:2852:2868,0,rolling_32@0.99,36.43117478453107,66.0763732122051
grok_asg_anomaly:2860:2876,0,rolling_32@0.99,15.094711672107085,66.0763732122051
grok_asg_anomaly:2868:2884,0,rolling_32@0.99,38.39592814428458,66.0763732122051
grok_asg_anomaly:2876:2892,0,rolling_32@0.99,38.39592814428458,66.0763732122051
grok_asg_anomaly:2884:2900,0,rolling_32@0.99,10.848123174136854,66.0763732122051
grok_asg_anomaly:2892:2908,0,rolling_32@0.99,10.848123174136854,66.0763732122051
grok_asg_anomaly:2900:2916,0,rolling_32@0.99,1.8864462994882931,66.0763732122051
grok_asg_anomaly:2908:2924,0,rolling_32@0.99,18.683474443416475,66.0763732122051
grok_asg_anomaly:2916:2932,0,rolling_32@0.99,18.683474443416475,66.0763732122051
grok_asg_anomaly:2924:2940,0,rolling_32@0.99,22.08488007160371,66.0763732122051
grok_asg_anomaly:2932:2948,0,rolling_32@0.99,22.08488007160371,66.0763732122051
grok_asg_anomaly:2940:2956,0,rolling_32@0.99,9.447809808466573,66.0763732122051
grok_asg_anomaly:2948:2964,0,rolling_32@0.99,7.038702121227774,66.0763732122051
grok_asg_anomaly:2956:2972,0,rolling_32@0.99,7.292997979253687,66.0763732122051
grok_asg_anomaly:2964:2980,0,rolling_32@0.99,8.64636051248762,66.0763732122051
grok_asg_anomaly:2972:2988,0,rolling_32@0.99,14.298071692493366,66.0763732122051
grok_asg_anomaly:2980:2996,0,rolling_32@0.99,14.298071692493366,66.0763732122051
grok_asg_anomaly:2988:3004,0,rolling_32@0.99,5.992688670002413,66.0763732122051
grok_asg_anomaly:2996:3012,0,rolling_32@0.99,2.790057525460506,66.0763732122051
grok_asg_anomaly:3004:3020,0,rolling_32@0.99,8.02361360560848,66.0763732122051
grok_asg_anomaly:3012:3028,0,rolling_32@0.99,11.373950188376986,66.0763732122051
grok_asg_anomaly:3020:3036,0,rolling_32@0.99,11.373950188376986,66.0763732122051
grok_asg_anomaly:3028:3044,0,rolling_32@0.99,10.625594708610645,66.0763732122051
grok_asg_anomaly:3036:3052,0,rolling_32@0.99,14.931895271250044,66.0763732122051
grok_asg_anomaly:3044:3060,0,rolling_32@0.99,14.931895271250044,66.0763732122051
grok_asg_anomaly:3052:3068,0,rolling_32@0.99,13.0635046285283,66.0763732122051
grok_asg_anomaly:3060:3076,0,rolling_32@0.99,13.0635046285283,66.0763732122051
grok_asg_anomaly:3068:3084,0,rolling_32@0.99,10.417229070682469,66.0763732122051
grok_asg_anomaly:3076:3092,0,rolling_32@0.99,10.417229070682469,66.0763732122051
grok_asg_anomaly:3084:3100,0,rolling_32@0.99,7.282057033536697,66.0763732122051
grok_asg_anomaly:3092:3108,0,rolling_32@0.99,7.276243729571992,66.0763732122051
grok_asg_anomaly:3100:3116,0,rolling_32@0.99,13.708539473415302,66.0763732122051
grok_asg_anomaly:3108:3124,0,rolling_32@0.99,13.708539473415302,66.0763732122051
grok_asg_anomaly:3116:3132,0,rolling_32@0.99,14.298962883159454,66.0763732122051
grok_asg_anomaly:3124:3140,0,rolling_32@0.99,14.298962883159454,66.0763732122051
grok_asg_anomaly:3132:3148,0,rolling_32@0.99,13.89750071128945,66.0763732122051
grok_asg_anomaly:3140:3156,0,rolling_32@0.99,12.784891643550276,66.0763732122051
grok_asg_anomaly:3148:3164,0,rolling_32@0.99,12.784891643550276,66.0763732122051
grok_asg_anomaly:3156:3172,0,rolling_32@0.99,12.931453181468235,66.0763732122051
grok_asg_anomaly:3164:3180,0,rolling_32@0.99,12.931453181468235,66.0763732122051
grok_asg_anomaly:3172:3188,0,rolling_32@0.99,11.990947962464157,66.0763732122051
grok_asg_anomaly:3180:3196,0,rolling_32@0.99,12.61386699958603,66.0763732122051
grok_asg_anomaly:3188:3204,0,rolling_32@0.99,12.61386699958603,66.0763732122051
grok_asg_anomaly:3196:3212,0,rolling_32@0.99,10.421377857394553,66.0763732122051
grok_asg_anomaly:3204:3220,0,rolling_32@0.99,15.16044334075457,66.0763732122051
grok_asg_anomaly:3212:3228,0,rolling_32@0.99,15.16044334075457,66.0763732122051
grok_asg_anomaly:3220:3236,0,rolling_32@0.99,3.534779368695262,66.0763732122051
grok_asg_anomaly:3228:3244,0,rolling_32@0.99,23.94505473566311,66.0763732122051
grok_asg_anomaly:3236:3252,0,rolling_32@0.99,23.94505473566311,66.0763732122051
grok_asg_anomaly:3244:3260,0,rolling_32@0.99,39.721643608839045,66.0763732122051
grok_asg_anomaly:3252:3268,0,rolling_32@0.99,39.721643608839045,66.0763732122051
grok_asg_anomaly:3260:3276,0,rolling_32@0.99,15.012082592262212,66.0763732122051
grok_asg_anomaly:3268:3284,0,rolling_32@0.99,21.664525995712417,66.0763732122051
grok_asg_anomaly:3276:3292,0,rolling_32@0.99,21.664525995712417,66.0763732122051
grok_asg_anomaly:3284:3300,0,rolling_32@0.99,26.417276005662046,66.0763732122051
grok_asg_anomaly:3292:3308,0,rolling_32@0.99,26.417276005662046,66.0763732122051
grok_asg_anomaly:3300:3316,0,rolling_32@0.99,12.087655495849953,66.0763732122051
grok_asg_anomaly:3308:3324,0,rolling_32@0.99,27.330988280343103,66.0763732122051
grok_asg_anomaly:3316:3332,0,rolling_32@0.99,27.330988280343103,66.0763732122051
grok_asg_anomaly:3324:3340,0,rolling_32@0.99,14.406061545381405,66.0763732122051
grok_asg_anomaly:3332:3348,0,rolling_32@0.99,14.990530303160025,66.0763732122051
grok_asg_anomaly:3340:3356,0,rolling_32@0.99,14.990530303160025,66.0763732122051
grok_asg_anomaly:3348:3364,0,rolling_32@0.99,1.9939861900570528,66.0763732122051
grok_asg_anomaly:3356:3372,0,rolling_32@0.99,13.471575113929184,66.0763732122051
grok_asg_anomaly:3364:3380,0,rolling_32@0.99,13.471575113929184,66.0763732122051
grok_asg_anomaly:3372:3388,0,rolling_32@0.99,9.089974585407912,66.0763732122051
grok_asg_anomaly:3380:3396,0,rolling_32@0.99,1.1873191254158129,66.0763732122051
grok_asg_anomaly:3388:3404,0,rolling_32@0.99,27.42186989872948,66.0763732122051
grok_asg_anomaly:3396:3412,0,rolling_32@0.99,27.42186989872948,66.0763732122051
grok_asg_anomaly:3404:3420,0,rolling_32@0.99,20.114835787735885,66.0763732122051
grok_asg_anomaly:3412:3428,0,rolling_32@0.99,20.114835787735885,66.0763732122051
grok_asg_anomaly:3420:3436,0,rolling_32@0.99,12.633002208785518,66.0763732122051
grok_asg_anomaly:3428:3444,0,rolling_32@0.99,1.967901164071861,66.0763732122051
grok_asg_anomaly:3436:3452,0,rolling_32@0.99,4.607123352133313,66.0763732122051
grok_asg_anomaly:3444:3460,0,rolling_32@0.99,6.219321389205687,66.0763732122051
grok_asg_anomaly:3452:3468,0,rolling_32@0.99,11.42149550440341,66.0763732122051
grok_asg_anomaly:3460:3476,0,rolling_32@0.99,15.103139218578372,66.0763732122051
grok_asg_anomaly:3468:3484,0,rolling_32@0.99,15.103139218578372,66.0763732122051
grok_asg_anomaly:3476:3492,0,rolling_32@0.99,10.907224076428497,66.0763732122051
grok_asg_anomaly:3484:3500,0,rolling_32@0.99,23.153630086405506,66.0763732122051
grok_asg_anomaly:3492:3508,0,rolling_32@0.99,23.153630086405506,66.0763732122051
grok_asg_anomaly:3500:3516,0,rolling_32@0.99,18.757513395319865,66.0763732122051
grok_asg_anomaly:3508:3524,0,rolling_32@0.99,18.757513395319865,66.0763732122051
grok_asg_anomaly:3516:3532,0,rolling_32@0.99,15.245616767396154,66.0763732122051
grok_asg_anomaly:3524:3540,0,rolling_32@0.99,2.9541876460249843,66.0763732122051
grok_asg_anomaly:3532:3548,0,rolling_32@0.99,2.7822397280279083,66.0763732122051
grok_asg_anomaly:3540:3556,0,rolling_32@0.99,2.7822397280279083,66.0763732122051
grok_asg_anomaly:3548:3564,0,rolling_32@0.99,8.696828013620006,66.0763732122051
grok_asg_anomaly:3556:3572,0,rolling_32@0.99,8.696828013620006,66.0763732122051
grok_asg_anomaly:3564:3580,0,rolling_32@0.99,27.605893732685082,66.0763732122051
grok_asg_anomaly:3572:3588,0,rolling_32@0.99,27.605893732685082,66.0763732122051
grok_asg_anomaly:3580:3596,0,rolling_32@0.99,15.094711672107085,66.0763732122051
grok_asg_anomaly:3588:3604,0,rolling_32@0.99,29.92302467528429,66.0763732122051
grok_asg_anomaly:3596:3612,0,rolling_32@0.99,29.92302467528429,66.0763732122051
grok_asg_anomaly:3604:3620,0,rolling_32@0.99,14.451129668314724,66.0763732122051
grok_asg_anomaly:3612:3628,0,rolling_32@0.99,27.16574718071744,66.0763732122051
grok_asg_anomaly:3620:3636,0,rolling_32@0.99,27.16574718071744,66.0763732122051
grok_asg_anomaly:3628:3644,0,rolling_32@0.99,2.016033189579755,66.0763732122051
grok_asg_anomaly:3636:3652,0,rolling_32@0.99,1.1149629048245633,66.0763732122051
grok_asg_anomaly:3644:3660,0,rolling_32@0.99,1.1149629048245633,66.0763732122051
grok_asg_anomaly:3652:3668,0,rolling_32@0.99,1.315671016944125,66.0763732122051
grok_asg_anomaly:3660:3676,0,rolling_32@0.99,9.163362373525247,66.0763732122051
grok_asg_anomaly:3668:3684,1,rolling_32@0.99,9.163362373525247,66.0763732122051
grok_asg_anomaly:3676:3692,1,rolling_32@0.99,3.50136577480842,66.0763732122051
grok_asg_anomaly:2772:2788,0,rolling_64@0.95,43.8745297945011,27.63380605071824
grok_asg_anomaly:2780:2796,0,rolling_64@0.95,43.8745297945011,27.63380605071824
grok_asg_anomaly:2788:2804,0,rolling_64@0.95,47.55177510848953,27.63380605071824
grok_asg_anomaly:2796:2812,0,rolling_64@0.95,47.55177510848953,27.63380605071824
grok_asg_anomaly:2804:2820,0,rolling_64@0.95,20.995562006600533,27.63380605071824
grok_asg_anomaly:2812:2828,0,rolling_64@0.95,24.344135535316695,27.63380605071824
grok_asg_anomaly:2820:2836,0,rolling_64@0.95,24.344135535316695,27.63380605071824
grok_asg_anomaly:2828:2844,0,rolling_64@0.95,1.6839290190765812,27.63380605071824
grok_asg_anomaly:2836:2852,0,rolling_64@0.95,1.6839290190765812,27.63380605071824
grok_asg_anomaly:2844:2860,0,rolling_64@0.95,11.680666206103792,27.63380605071824
grok_asg_anomaly:2852:2868,0,rolling_64@0.95,11.680666206103792,27.63380605071824
grok_asg_anomaly:2860:2876,0,rolling_64@0.95,15.003703683257442,27.63380605071824
grok_asg_anomaly:2868:2884,0,rolling_64@0.95,15.003703683257442,27.63380605071824
grok_asg_anomaly:2876:2892,0,rolling_64@0.95,16.020271374753946,27.63380605071824
grok_asg_anomaly:2884:2900,0,rolling_64@0.95,16.020271374753946,27.63380605071824
grok_asg_anomaly:2892:2908,0,rolling_64@0.95,13.124722479567692,27.63380605071824
grok_asg_anomaly:2900:2916,0,rolling_64@0.95,0.8419232018114698,27.63380605071824
grok_asg_anomaly:2908:2924,0,rolling_64@0.95,1.9402339034765872,27.63380605071824
grok_asg_anomaly:2916:2932,0,rolling_64@0.95,1.9402339034765872,27.63380605071824
grok_asg_anomaly:2924:2940,0,rolling_64@0.95,1.680474968452249,27.63380605071824
grok_asg_anomaly:2932:2948,0,rolling_64@0.95,1.680474968452249,27.63380605071824
grok_asg_anomaly:2940:2956,0,rolling_64@0.95,0.8711199592549999,27.63380605071824
grok_asg_anomaly:2948:2964,0,rolling_64@0.95,7.02659391366038,27.63380605071824
grok_asg_anomaly:2956:2972,0,rolling_64@0.95,8.464861349428244,27.63380605071824
grok_asg_anomaly:2964:2980,0,rolling_64@0.95,8.464861349428244,27.63380605071824
grok_asg_anomaly:2972:2988,0,rolling_64@0.95,8.464861349428244,27.63380605071824
grok_asg_anomaly:2980:2996,0,rolling_64@0.95,1.0116352573177905,27.63380605071824
grok_asg_anomaly:2988:3004,0,rolling_64@0.95,1.5324121247527807,27.63380605071824
grok_asg_anomaly:2996:3012,0,rolling_64@0.95,1.5324121247527807,27.63380605071824
grok_asg_anomaly:3004:3020,0,rolling_64@0.95,0.8713699941829657,27.63380605071824
grok_asg_anomaly:3012:3028,0,rolling_64@0.95,1.3482800623421596,27.63380605071824
grok_asg_anomaly:3020:3036,0,rolling_64@0.95,1.3482800623421596,27.63380605071824
grok_asg_anomaly:3028:3044,0,rolling_64@0.95,0.9783909259845865,27.63380605071824
grok_asg_anomaly:3036:3052,0,rolling_64@0.95,1.00050834446411,27.63380605071824
grok_asg_anomaly:3044:3060,0,rolling_64@0.95,1.00050834446411,27.63380605071824
grok_asg_anomaly:3052:3068,0,rolling_64@0.95,7.761801277247858,27.63380605071824
grok_asg_anomaly:3060:3076,0,rolling_64@0.95,7.761801277247858,27.63380605071824
grok_asg_anomaly:3068:3084,0,rolling_64@0.95,10.417229070682469,27.63380605071824
grok_asg_anomaly:3076:3092,0,rolling_64@0.95,10.417229070682469,27.63380605071824
grok_asg_anomaly:3084:3100,0,rolling_64@0.95,6.9220257435445856,27.63380605071824
grok_asg_anomaly:3092:3108,0,rolling_64@0.95,2.7797333460438565,27.63380605071824
grok_asg_anomaly:3100:3116,0,rolling_64@0.95,2.7797333460438565,27.63380605071824
grok_asg_anomaly:3108:3124,0,rolling_64@0.95,1.5264462899611075,27.63380605071824
grok_asg_anomaly:3116:3132,0,rolling_64@0.95,1.5264462899611075,27.63380605071824
grok_asg_anomaly:3124:3140,0,rolling_64@0.95,1.0462794517704441,27.63380605071824
grok_asg_anomaly:3132:3148,0,rolling_64@0.95,1.360252356976602,27.63380605071824
grok_asg_anomaly:3140:3156,0,rolling_64@0.95,1.360252356976602,27.63380605071824
grok_asg_anomaly:3148:3164,0,rolling_64@0.95,3.3281283272803606,27.63380605071824
grok_asg_anomaly:3156:3172,0,rolling_64@0.95,10.723409673649613,27.63380605071824
grok_asg_anomaly:3164:3180,0,rolling_64@0.95,23.891099646667353,27.63380605071824
grok_asg_anomaly:3172:3188,0,rolling_64@0.95,23.891099646667353,27.63380605071824
grok_asg_anomaly:3180:3196,0,rolling_64@0.95,7.5882389385694395,27.63380605071824
grok_asg_anomaly:3188:3204,0,rolling_64@0.95,16.06319170058547,27.63380605071824
grok_asg_anomaly:3196:3212,0,rolling_64@0.95,16.06319170058547,27.63380605071824
grok_asg_anomaly:3204:3220,0,rolling_64@0.95,1.7777864529774683,27.63380605071824
grok_asg_anomaly:3212:3228,0,rolling_64@0.95,1.7777864529774683,27.63380605071824
grok_asg_anomaly:3220:3236,0,rolling_64@0.95,0.9850863542860311,27.63380605071824
grok_asg_anomaly:3228:3244,0,rolling_64@0.95,2.054575108633064,27.63380605071824
grok_asg_anomaly:3236:3252,0,rolling_64@0.95,2.054575108633064,27.63380605071824
grok_asg_anomaly:3244:3260,0,rolling_64@0.95,4.674346489159855,27.63380605071824
grok_asg_anomaly:3252:3268,0,rolling_64@0.95,4.674346489159855,27.63380605071824
grok_asg_anomaly:3260:3276,0,rolling_64@0.95,0.9836106490508333,27.63380605071824
grok_asg_anomaly:3268:3284,0,rolling_64@0.95,1.2203128989813605,27.63380605071824
grok_asg_anomaly:3276:3292,0,rolling_64@0.95,1.2203128989813605,27.63380605071824
grok_asg_anomaly:3284:3300,0,rolling_64@0.95,10.963293042673989,27.63380605071824
grok_asg_anomaly:3292:3308,0,rolling_64@0.95,10.963293042673989,27.63380605071824
grok_asg_anomaly:3300:3316,0,rolling_64@0.95,0.8223802457083885,27.63380605071824
grok_asg_anomaly:3308:3324,0,rolling_64@0.95,18.41367124769028,27.63380605071824
grok_asg_anomaly:3316:3332,0,rolling_64@0.95,18.41367124769028,27.63380605071824
grok_asg_anomaly:3324:3340,0,rolling_64@0.95,14.990530303160025,27.63380605071824
grok_asg_anomaly:3332:3348,0,rolling_64@0.95,15.173455177564486,27.63380605071824
grok_asg_anomaly:3340:3356,0,rolling_64@0.95,15.173455177564486,27.63380605071824
grok_asg_anomaly:3348:3364,0,rolling_64@0.95,15.012082592262212,27.63380605071824
grok_asg_anomaly:3356:3372,0,rolling_64@0.95,13.471575113929184,27.63380605071824
grok_asg_anomaly:3364:3380,0,rolling_64@0.95,13.471575113929184,27.63380605071824
grok_asg_anomaly:3372:3388,0,rolling_64@0.95,11.93117255470295,27.63380605071824
grok_asg_anomaly:3380:3396,0,rolling_64@0.95,0.6744907594765952,27.63380605071824
grok_asg_anomaly:3388:3404,0,rolling_64@0.95,22.146396995329017,27.63380605071824
grok_asg_anomaly:3396:3412,0,rolling_64@0.95,22.146396995329017,27.63380605071824
grok_asg_anomaly:3404:3420,0,rolling_64@0.95,11.189493337767217,27.63380605071824
grok_asg_anomaly:3412:3428,0,rolling_64@0.95,14.224960192107634,27.63380605071824
grok_asg_anomaly:3420:3436,0,rolling_64@0.95,14.224960192107634,27.63380605071824
grok_asg_anomaly:3428:3444,0,rolling_64@0.95,4.609145616456146,27.63380605071824
grok_asg_anomaly:3436:3452,0,rolling_64@0.95,11.367207669140534,27.63380605071824
grok_asg_anomaly:3444:3460,0,rolling_64@0.95,11.367207669140534,27.63380605071824
grok_asg_anomaly:3452:3468,0,rolling_64@0.95,1.191163297888477,27.63380605071824
grok_asg_anomaly:3460:3476,0,rolling_64@0.95,1.0450459572719812,27.63380605071824
grok_asg_anomaly:3468:3484,0,rolling_64@0.95,1.9259290533966353,27.63380605071824
grok_asg_anomaly:3476:3492,0,rolling_64@0.95,1.9259290533966353,27.63380605071824
grok_asg_anomaly:3484:3500,0,rolling_64@0.95,20.86487854107066,27.63380605071824
grok_asg_anomaly:3492:3508,0,rolling_64@0.95,20.86487854107066,27.63380605071824
grok_asg_anomaly:3500:3516,0,rolling_64@0.95,14.298071692493366,27.63380605071824
grok_asg_anomaly:3508:3524,0,rolling_64@0.95,15.012082592262212,27.63380605071824
grok_asg_anomaly:3516:3532,0,rolling_64@0.95,15.012082592262212,27.63380605071824
grok_asg_anomaly:3524:3540,0,rolling_64@0.95,0.9279826291674697,27.63380605071824
grok_asg_anomaly:3532:3548,0,rolling_64@0.95,0.9279826291674697,27.63380605071824
grok_asg_anomaly:3540:3556,0,rolling_64@0.95,1.1953145411523711,27.63380605071824
grok_asg_anomaly:3548:3564,0,rolling_64@0.95,1.1953145411523711,27.63380605071824
grok_asg_anomaly:3556:3572,0,rolling_64@0.95,0.9532706439618572,27.63380605071824
grok_asg_anomaly:3564:3580,0,rolling_64@0.95,2.0544334428665563,27.63380605071824
grok_asg_anomaly:3572:3588,0,rolling_64@0.95,2.0544334428665563,27.63380605071824
grok_asg_anomaly:3580:3596,0,rolling_64@0.95,1.7519771824580626,27.63380605071824
grok_asg_anomaly:3588:3604,0,rolling_64@0.95,2.6406028431351545,27.63380605071824
grok_asg_anomaly:3596:3612,0,rolling_64@0.95,2.6406028431351545,27.63380605071824
grok_asg_anomaly:3604:3620,0,rolling_64@0.95,14.363329233113824,27.63380605071824
grok_asg_anomaly:3612:3628,0,rolling_64@0.95,14.363329233113824,27.63380605071824
grok_asg_anomaly:3620:3636,0,rolling_64@0.95,2.9445044233402387,27.63380605071824
grok_asg_anomaly:3628:3644,0,rolling_64@0.95,1.8205782317733217,27.63380605071824
grok_asg_anomaly:3636:3652,0,rolling_64@0.95,19.953858101527622,27.63380605071824
grok_asg_anomaly:3644:3660,0,rolling_64@0.95,19.953858101527622,27.63380605071824
grok_asg_anomaly:3652:3668,0,rolling_64@0.95,2.5191591943743714,27.63380605071824
grok_asg_anomaly:3660:3676,0,rolling_64@0.95,3.8320237981894016,27.63380605071824
grok_asg_anomaly:3668:3684,1,rolling_64@0.95,3.8320237981894016,27.63380605071824
grok_asg_anomaly:3676:3692,1,rolling_64@0.95,1.696472202510529,27.63380605071824
grok_asg_anomaly:2772:2788,0,rolling_64@0.975,43.8745297945011,47.20829168463907
grok_asg_anomaly:2780:2796,0,rolling_64@0.975,43.8745297945011,47.20829168463907
grok_asg_anomaly:2788:2804,0,rolling_64@0.975,47.55177510848953,47.20829168463907
grok_asg_anomaly:2796:2812,0,rolling_64@0.975,47.55177510848953,47.20829168463907
grok_asg_anomaly:2804:2820,0,rolling_64@0.975,20.995562006600533,47.20829168463907
grok_asg_anomaly:2812:2828,0,rolling_64@0.975,24.344135535316695,47.20829168463907
grok_asg_anomaly:2820:2836,0,rolling_64@0.975,24.344135535316695,47.20829168463907
grok_asg_anomaly:2828:2844,0,rolling_64@0.975,1.6839290190765812,47.20829168463907
grok_asg_anomaly:2836:2852,0,rolling_64@0.975,1.6839290190765812,47.20829168463907
grok_asg_anomaly:2844:2860,0,rolling_64@0.975,11.680666206103792,47.20829168463907
grok_asg_anomaly:2852:2868,0,rolling_64@0.975,11.680666206103792,47.20829168463907
grok_asg_anomaly:2860:2876,0,rolling_64@0.975,15.003703683257442,47.20829168463907
grok_asg_anomaly:2868:2884,0,rolling_64@0.975,15.003703683257442,47.20829168463907
grok_asg_anomaly:2876:2892,0,rolling_64@0.975,16.020271374753946,47.20829168463907
grok_asg_anomaly:2884:2900,0,rolling_64@0.975,16.020271374753946,47.20829168463907
grok_asg_anomaly:2892:2908,0,rolling_64@0.975,13.124722479567692,47.20829168463907
grok_asg_anomaly:2900:2916,0,rolling_64@0.975,0.8419232018114698,47.20829168463907
grok_asg_anomaly:2908:2924,0,rolling_64@0.975,1.9402339034765872,47.20829168463907
grok_asg_anomaly:2916:2932,0,rolling_64@0.975,1.9402339034765872,47.20829168463907
grok_asg_anomaly:2924:2940,0,rolling_64@0.975,1.680474968452249,47.20829168463907
grok_asg_anomaly:2932:2948,0,rolling_64@0.975,1.680474968452249,47.20829168463907
grok_asg_anomaly:2940:2956,0,rolling_64@0.975,0.8711199592549999,47.20829168463907
grok_asg_anomaly:2948:2964,0,rolling_64@0.975,7.02659391366038,47.20829168463907
grok_asg_anomaly:2956:2972,0,rolling_64@0.975,8.464861349428244,47.20829168463907
grok_asg_anomaly:2964:2980,0,rolling_64@0.975,8.464861349428244,47.20829168463907
grok_asg_anomaly:2972:2988,0,rolling_64@0.975,8.464861349428244,47.20829168463907
grok_asg_anomaly:2980:2996,0,rolling_64@0.975,1.0116352573177905,47.20829168463907
grok_asg_anomaly:2988:3004,0,rolling_64@0.975,1.5324121247527807,47.20829168463907
grok_asg_anomaly:2996:3012,0,rolling_64@0.975,1.5324121247527807,47.20829168463907
grok_asg_anomaly:3004:3020,0,rolling_64@0.975,0.8713699941829657,47.20829168463907
grok_asg_anomaly:3012:3028,0,rolling_64@0.975,1.3482800623421596,47.20829168463907
grok_asg_anomaly:3020:3036,0,rolling_64@0.975,1.3482800623421596,47.20829168463907
grok_asg_anomaly:3028:3044,0,rolling_64@0.975,0.9783909259845865,47.20829168463907
grok_asg_anomaly:3036:3052,0,rolling_64@0.975,1.00050834446411,47.20829168463907
grok_asg_anomaly:3044:3060,0,rolling_64@0.975,1.00050834446411,47.20829168463907
grok_asg_anomaly:3052:3068,0,rolling_64@0.975,7.761801277247858,47.20829168463907
grok_asg_anomaly:3060:3076,0,rolling_64@0.975,7.761801277247858,47.20829168463907
grok_asg_anomaly:3068:3084,0,rolling_64@0.975,10.417229070682469,47.20829168463907
grok_asg_anomaly:3076:3092,0,rolling_64@0.975,10.417229070682469,47.20829168463907
grok_asg_anomaly:3084:3100,0,rolling_64@0.975,6.9220257435445856,47.20829168463907
grok_asg_anomaly:3092:3108,0,rolling_64@0.975,2.7797333460438565,47.20829168463907
grok_asg_anomaly:3100:3116,0,rolling_64@0.975,2.7797333460438565,47.20829168463907
grok_asg_anomaly:3108:3124,0,rolling_64@0.975,1.5264462899611075,47.20829168463907
grok_asg_anomaly:3116:3132,0,rolling_64@0.975,1.5264462899611075,47.20829168463907
grok_asg_anomaly:3124:3140,0,rolling_64@0.975,1.0462794517704441,47.20829168463907
grok_asg_anomaly:3132:3148,0,rolling_64@0.975,1.360252356976602,47.20829168463907
grok_asg_anomaly:3140:3156,0,rolling_64@0.975,1.360252356976602,47.20829168463907
grok_asg_anomaly:3148:3164,0,rolling_64@0.975,3.3281283272803606,47.20829168463907
grok_asg_anomaly:3156:3172,0,rolling_64@0.975,10.723409673649613,47.20829168463907
grok_asg_anomaly:3164:3180,0,rolling_64@0.975,23.891099646667353,47.20829168463907
grok_asg_anomaly:3172:3188,0,rolling_64@0.975,23.891099646667353,47.20829168463907
grok_asg_anomaly:3180:3196,0,rolling_64@0.975,7.5882389385694395,47.20829168463907
grok_asg_anomaly:3188:3204,0,rolling_64@0.975,16.06319170058547,47.20829168463907
grok_asg_anomaly:3196:3212,0,rolling_64@0.975,16.06319170058547,47.20829168463907
grok_asg_anomaly:3204:3220,0,rolling_64@0.975,1.7777864529774683,47.20829168463907
grok_asg_anomaly:3212:3228,0,rolling_64@0.975,1.7777864529774683,47.20829168463907
grok_asg_anomaly:3220:3236,0,rolling_64@0.975,0.9850863542860311,47.20829168463907
grok_asg_anomaly:3228:3244,0,rolling_64@0.975,2.054575108633064,47.20829168463907
grok_asg_anomaly:3236:3252,0,rolling_64@0.975,2.054575108633064,47.20829168463907
grok_asg_anomaly:3244:3260,0,rolling_64@0.975,4.674346489159855,47.20829168463907
grok_asg_anomaly:3252:3268,0,rolling_64@0.975,4.674346489159855,47.20829168463907
grok_asg_anomaly:3260:3276,0,rolling_64@0.975,0.9836106490508333,47.20829168463907
grok_asg_anomaly:3268:3284,0,rolling_64@0.975,1.2203128989813605,47.20829168463907
grok_asg_anomaly:3276:3292,0,rolling_64@0.975,1.2203128989813605,47.20829168463907
grok_asg_anomaly:3284:3300,0,rolling_64@0.975,10.963293042673989,47.20829168463907
grok_asg_anomaly:3292:3308,0,rolling_64@0.975,10.963293042673989,47.20829168463907
grok_asg_anomaly:3300:3316,0,rolling_64@0.975,0.8223802457083885,47.20829168463907
grok_asg_anomaly:3308:3324,0,rolling_64@0.975,18.41367124769028,47.20829168463907
grok_asg_anomaly:3316:3332,0,rolling_64@0.975,18.41367124769028,47.20829168463907
grok_asg_anomaly:3324:3340,0,rolling_64@0.975,14.990530303160025,47.20829168463907
grok_asg_anomaly:3332:3348,0,rolling_64@0.975,15.173455177564486,47.20829168463907
grok_asg_anomaly:3340:3356,0,rolling_64@0.975,15.173455177564486,47.20829168463907
grok_asg_anomaly:3348:3364,0,rolling_64@0.975,15.012082592262212,47.20829168463907
grok_asg_anomaly:3356:3372,0,rolling_64@0.975,13.471575113929184,47.20829168463907
grok_asg_anomaly:3364:3380,0,rolling_64@0.975,13.471575113929184,47.20829168463907
grok_asg_anomaly:3372:3388,0,rolling_64@0.975,11.93117255470295,47.20829168463907
grok_asg_anomaly:3380:3396,0,rolling_64@0.975,0.6744907594765952,47.20829168463907
grok_asg_anomaly:3388:3404,0,rolling_64@0.975,22.146396995329017,47.20829168463907
grok_asg_anomaly:3396:3412,0,rolling_64@0.975,22.146396995329017,47.20829168463907
grok_asg_anomaly:3404:3420,0,rolling_64@0.975,11.189493337767217,47.20829168463907
grok_asg_anomaly:3412:3428,0,rolling_64@0.975,14.224960192107634,47.20829168463907
grok_asg_anomaly:3420:3436,0,rolling_64@0.975,14.224960192107634,47.20829168463907
grok_asg_anomaly:3428:3444,0,rolling_64@0.975,4.609145616456146,47.20829168463907
grok_asg_anomaly:3436:3452,0,rolling_64@0.975,11.367207669140534,47.20829168463907
grok_asg_anomaly:3444:3460,0,rolling_64@0.975,11.367207669140534,47.20829168463907
grok_asg_anomaly:3452:3468,0,rolling_64@0.975,1.191163297888477,47.20829168463907
grok_asg_anomaly:3460:3476,0,rolling_64@0.975,1.0450459572719812,47.20829168463907
grok_asg_anomaly:3468:3484,0,rolling_64@0.975,1.9259290533966353,47.20829168463907
grok_asg_anomaly:3476:3492,0,rolling_64@0.975,1.9259290533966353,47.20829168463907
grok_asg_anomaly:3484:3500,0,rolling_64@0.975,20.86487854107066,47.20829168463907
grok_asg_anomaly:3492:3508,0,rolling_64@0.975,20.86487854107066,47.20829168463907
grok_asg_anomaly:3500:3516,0,rolling_64@0.975,14.298071692493366,47.20829168463907
grok_asg_anomaly:3508:3524,0,rolling_64@0.975,15.012082592262212,47.20829168463907
grok_asg_anomaly:3516:3532,0,rolling_64@0.975,15.012082592262212,47.20829168463907
grok_asg_anomaly:3524:3540,0,rolling_64@0.975,0.9279826291674697,47.20829168463907
grok_asg_anomaly:3532:3548,0,rolling_64@0.975,0.9279826291674697,47.20829168463907
grok_asg_anomaly:3540:3556,0,rolling_64@0.975,1.1953145411523711,47.20829168463907
grok_asg_anomaly:3548:3564,0,rolling_64@0.975,1.1953145411523711,47.20829168463907
grok_asg_anomaly:3556:3572,0,rolling_64@0.975,0.9532706439618572,47.20829168463907
grok_asg_anomaly:3564:3580,0,rolling_64@0.975,2.0544334428665563,47.20829168463907
grok_asg_anomaly:3572:3588,0,rolling_64@0.975,2.0544334428665563,47.20829168463907
grok_asg_anomaly:3580:3596,0,rolling_64@0.975,1.7519771824580626,47.20829168463907
grok_asg_anomaly:3588:3604,0,rolling_64@0.975,2.6406028431351545,47.20829168463907
grok_asg_anomaly:3596:3612,0,rolling_64@0.975,2.6406028431351545,47.20829168463907
grok_asg_anomaly:3604:3620,0,rolling_64@0.975,14.363329233113824,47.20829168463907
grok_asg_anomaly:3612:3628,0,rolling_64@0.975,14.363329233113824,47.20829168463907
grok_asg_anomaly:3620:3636,0,rolling_64@0.975,2.9445044233402387,47.20829168463907
grok_asg_anomaly:3628:3644,0,rolling_64@0.975,1.8205782317733217,47.20829168463907
grok_asg_anomaly:3636:3652,0,rolling_64@0.975,19.953858101527622,47.20829168463907
grok_asg_anomaly:3644:3660,0,rolling_64@0.975,19.953858101527622,47.20829168463907
grok_asg_anomaly:3652:3668,0,rolling_64@0.975,2.5191591943743714,47.20829168463907
grok_asg_anomaly:3660:3676,0,rolling_64@0.975,3.8320237981894016,47.20829168463907
grok_asg_anomaly:3668:3684,1,rolling_64@0.975,3.8320237981894016,47.20829168463907
grok_asg_anomaly:3676:3692,1,rolling_64@0.975,1.696472202510529,47.20829168463907
grok_asg_anomaly:2772:2788,0,rolling_64@0.99,43.8745297945011,66.0763732122051
grok_asg_anomaly:2780:2796,0,rolling_64@0.99,43.8745297945011,66.0763732122051
grok_asg_anomaly:2788:2804,0,rolling_64@0.99,47.55177510848953,66.0763732122051
grok_asg_anomaly:2796:2812,0,rolling_64@0.99,47.55177510848953,66.0763732122051
grok_asg_anomaly:2804:2820,0,rolling_64@0.99,20.995562006600533,66.0763732122051
grok_asg_anomaly:2812:2828,0,rolling_64@0.99,24.344135535316695,66.0763732122051
grok_asg_anomaly:2820:2836,0,rolling_64@0.99,24.344135535316695,66.0763732122051
grok_asg_anomaly:2828:2844,0,rolling_64@0.99,1.6839290190765812,66.0763732122051
grok_asg_anomaly:2836:2852,0,rolling_64@0.99,1.6839290190765812,66.0763732122051
grok_asg_anomaly:2844:2860,0,rolling_64@0.99,11.680666206103792,66.0763732122051
grok_asg_anomaly:2852:2868,0,rolling_64@0.99,11.680666206103792,66.0763732122051
grok_asg_anomaly:2860:2876,0,rolling_64@0.99,15.003703683257442,66.0763732122051
grok_asg_anomaly:2868:2884,0,rolling_64@0.99,15.003703683257442,66.0763732122051
grok_asg_anomaly:2876:2892,0,rolling_64@0.99,16.020271374753946,66.0763732122051
grok_asg_anomaly:2884:2900,0,rolling_64@0.99,16.020271374753946,66.0763732122051
grok_asg_anomaly:2892:2908,0,rolling_64@0.99,13.124722479567692,66.0763732122051
grok_asg_anomaly:2900:2916,0,rolling_64@0.99,0.8419232018114698,66.0763732122051
grok_asg_anomaly:2908:2924,0,rolling_64@0.99,1.9402339034765872,66.0763732122051
grok_asg_anomaly:2916:2932,0,rolling_64@0.99,1.9402339034765872,66.0763732122051
grok_asg_anomaly:2924:2940,0,rolling_64@0.99,1.680474968452249,66.0763732122051
grok_asg_anomaly:2932:2948,0,rolling_64@0.99,1.680474968452249,66.0763732122051
grok_asg_anomaly:2940:2956,0,rolling_64@0.99,0.8711199592549999,66.0763732122051
grok_asg_anomaly:2948:2964,0,rolling_64@0.99,7.02659391366038,66.0763732122051
grok_asg_anomaly:2956:2972,0,rolling_64@0.99,8.464861349428244,66.0763732122051
grok_asg_anomaly:2964:2980,0,rolling_64@0.99,8.464861349428244,66.0763732122051
grok_asg_anomaly:2972:2988,0,rolling_64@0.99,8.464861349428244,66.0763732122051
grok_asg_anomaly:2980:2996,0,rolling_64@0.99,1.0116352573177905,66.0763732122051
grok_asg_anomaly:2988:3004,0,rolling_64@0.99,1.5324121247527807,66.0763732122051
grok_asg_anomaly:2996:3012,0,rolling_64@0.99,1.5324121247527807,66.0763732122051
grok_asg_anomaly:3004:3020,0,rolling_64@0.99,0.8713699941829657,66.0763732122051
grok_asg_anomaly:3012:3028,0,rolling_64@0.99,1.3482800623421596,66.0763732122051
grok_asg_anomaly:3020:3036,0,rolling_64@0.99,1.3482800623421596,66.0763732122051
grok_asg_anomaly:3028:3044,0,rolling_64@0.99,0.9783909259845865,66.0763732122051
grok_asg_anomaly:3036:3052,0,rolling_64@0.99,1.00050834446411,66.0763732122051
grok_asg_anomaly:3044:3060,0,rolling_64@0.99,1.00050834446411,66.0763732122051
grok_asg_anomaly:3052:3068,0,rolling_64@0.99,7.761801277247858,66.0763732122051
grok_asg_anomaly:3060:3076,0,rolling_64@0.99,7.761801277247858,66.0763732122051
grok_asg_anomaly:3068:3084,0,rolling_64@0.99,10.417229070682469,66.0763732122051
grok_asg_anomaly:3076:3092,0,rolling_64@0.99,10.417229070682469,66.0763732122051
grok_asg_anomaly:3084:3100,0,rolling_64@0.99,6.9220257435445856,66.0763732122051
grok_asg_anomaly:3092:3108,0,rolling_64@0.99,2.7797333460438565,66.0763732122051
grok_asg_anomaly:3100:3116,0,rolling_64@0.99,2.7797333460438565,66.0763732122051
grok_asg_anomaly:3108:3124,0,rolling_64@0.99,1.5264462899611075,66.0763732122051
grok_asg_anomaly:3116:3132,0,rolling_64@0.99,1.5264462899611075,66.0763732122051
grok_asg_anomaly:3124:3140,0,rolling_64@0.99,1.0462794517704441,66.0763732122051
grok_asg_anomaly:3132:3148,0,rolling_64@0.99,1.360252356976602,66.0763732122051
grok_asg_anomaly:3140:3156,0,rolling_64@0.99,1.360252356976602,66.0763732122051
grok_asg_anomaly:3148:3164,0,rolling_64@0.99,3.3281283272803606,66.0763732122051
grok_asg_anomaly:3156:3172,0,rolling_64@0.99,10.723409673649613,66.0763732122051
grok_asg_anomaly:3164:3180,0,rolling_64@0.99,23.891099646667353,66.0763732122051
grok_asg_anomaly:3172:3188,0,rolling_64@0.99,23.891099646667353,66.0763732122051
grok_asg_anomaly:3180:3196,0,rolling_64@0.99,7.5882389385694395,66.0763732122051
grok_asg_anomaly:3188:3204,0,rolling_64@0.99,16.06319170058547,66.0763732122051
grok_asg_anomaly:3196:3212,0,rolling_64@0.99,16.06319170058547,66.0763732122051
grok_asg_anomaly:3204:3220,0,rolling_64@0.99,1.7777864529774683,66.0763732122051
grok_asg_anomaly:3212:3228,0,rolling_64@0.99,1.7777864529774683,66.0763732122051
grok_asg_anomaly:3220:3236,0,rolling_64@0.99,0.9850863542860311,66.0763732122051
grok_asg_anomaly:3228:3244,0,rolling_64@0.99,2.054575108633064,66.0763732122051
grok_asg_anomaly:3236:3252,0,rolling_64@0.99,2.054575108633064,66.0763732122051
grok_asg_anomaly:3244:3260,0,rolling_64@0.99,4.674346489159855,66.0763732122051
grok_asg_anomaly:3252:3268,0,rolling_64@0.99,4.674346489159855,66.0763732122051
grok_asg_anomaly:3260:3276,0,rolling_64@0.99,0.9836106490508333,66.0763732122051
grok_asg_anomaly:3268:3284,0,rolling_64@0.99,1.2203128989813605,66.0763732122051
grok_asg_anomaly:3276:3292,0,rolling_64@0.99,1.2203128989813605,66.0763732122051
grok_asg_anomaly:3284:3300,0,rolling_64@0.99,10.963293042673989,66.0763732122051
grok_asg_anomaly:3292:3308,0,rolling_64@0.99,10.963293042673989,66.0763732122051
grok_asg_anomaly:3300:3316,0,rolling_64@0.99,0.8223802457083885,66.0763732122051
grok_asg_anomaly:3308:3324,0,rolling_64@0.99,18.41367124769028,66.0763732122051
grok_asg_anomaly:3316:3332,0,rolling_64@0.99,18.41367124769028,66.0763732122051
grok_asg_anomaly:3324:3340,0,rolling_64@0.99,14.990530303160025,66.0763732122051
grok_asg_anomaly:3332:3348,0,rolling_64@0.99,15.173455177564486,66.0763732122051
grok_asg_anomaly:3340:3356,0,rolling_64@0.99,15.173455177564486,66.0763732122051
grok_asg_anomaly:3348:3364,0,rolling_64@0.99,15.012082592262212,66.0763732122051
grok_asg_anomaly:3356:3372,0,rolling_64@0.99,13.471575113929184,66.0763732122051
grok_asg_anomaly:3364:3380,0,rolling_64@0.99,13.471575113929184,66.0763732122051
grok_asg_anomaly:3372:3388,0,rolling_64@0.99,11.93117255470295,66.0763732122051
grok_asg_anomaly:3380:3396,0,rolling_64@0.99,0.6744907594765952,66.0763732122051
grok_asg_anomaly:3388:3404,0,rolling_64@0.99,22.146396995329017,66.0763732122051
grok_asg_anomaly:3396:3412,0,rolling_64@0.99,22.146396995329017,66.0763732122051
grok_asg_anomaly:3404:3420,0,rolling_64@0.99,11.189493337767217,66.0763732122051
grok_asg_anomaly:3412:3428,0,rolling_64@0.99,14.224960192107634,66.0763732122051
grok_asg_anomaly:3420:3436,0,rolling_64@0.99,14.224960192107634,66.0763732122051
grok_asg_anomaly:3428:3444,0,rolling_64@0.99,4.609145616456146,66.0763732122051
grok_asg_anomaly:3436:3452,0,rolling_64@0.99,11.367207669140534,66.0763732122051
grok_asg_anomaly:3444:3460,0,rolling_64@0.99,11.367207669140534,66.0763732122051
grok_asg_anomaly:3452:3468,0,rolling_64@0.99,1.191163297888477,66.0763732122051
grok_asg_anomaly:3460:3476,0,rolling_64@0.99,1.0450459572719812,66.0763732122051
grok_asg_anomaly:3468:3484,0,rolling_64@0.99,1.9259290533966353,66.0763732122051
grok_asg_anomaly:3476:3492,0,rolling_64@0.99,1.9259290533966353,66.0763732122051
grok_asg_anomaly:3484:3500,0,rolling_64@0.99,20.86487854107066,66.0763732122051
grok_asg_anomaly:3492:3508,0,rolling_64@0.99,20.86487854107066,66.0763732122051
grok_asg_anomaly:3500:3516,0,rolling_64@0.99,14.298071692493366,66.0763732122051
grok_asg_anomaly:3508:3524,0,rolling_64@0.99,15.012082592262212,66.0763732122051
grok_asg_anomaly:3516:3532,0,rolling_64@0.99,15.012082592262212,66.0763732122051
grok_asg_anomaly:3524:3540,0,rolling_64@0.99,0.9279826291674697,66.0763732122051
grok_asg_anomaly:3532:3548,0,rolling_64@0.99,0.9279826291674697,66.0763732122051
grok_asg_anomaly:3540:3556,0,rolling_64@0.99,1.1953145411523711,66.0763732122051
grok_asg_anomaly:3548:3564,0,rolling_64@0.99,1.1953145411523711,66.0763732122051
grok_asg_anomaly:3556:3572,0,rolling_64@0.99,0.9532706439618572,66.0763732122051
grok_asg_anomaly:3564:3580,0,rolling_64@0.99,2.0544334428665563,66.0763732122051
grok_asg_anomaly:3572:3588,0,rolling_64@0.99,2.0544334428665563,66.0763732122051
grok_asg_anomaly:3580:3596,0,rolling_64@0.99,1.7519771824580626,66.0763732122051
grok_asg_anomaly:3588:3604,0,rolling_64@0.99,2.6406028431351545,66.0763732122051
grok_asg_anomaly:3596:3612,0,rolling_64@0.99,2.6406028431351545,66.0763732122051
grok_asg_anomaly:3604:3620,0,rolling_64@0.99,14.363329233113824,66.0763732122051
grok_asg_anomaly:3612:3628,0,rolling_64@0.99,14.363329233113824,66.0763732122051
grok_asg_anomaly:3620:3636,0,rolling_64@0.99,2.9445044233402387,66.0763732122051
grok_asg_anomaly:3628:3644,0,rolling_64@0.99,1.8205782317733217,66.0763732122051
grok_asg_anomaly:3636:3652,0,rolling_64@0.99,19.953858101527622,66.0763732122051
grok_asg_anomaly:3644:3660,0,rolling_64@0.99,19.953858101527622,66.0763732122051
grok_asg_anomaly:3652:3668,0,rolling_64@0.99,2.5191591943743714,66.0763732122051
grok_asg_anomaly:3660:3676,0,rolling_64@0.99,3.8320237981894016,66.0763732122051
grok_asg_anomaly:3668:3684,1,rolling_64@0.99,3.8320237981894016,66.0763732122051
grok_asg_anomaly:3676:3692,1,rolling_64@0.99,1.696472202510529,66.0763732122051
grok_asg_anomaly:2772:2788,0,rolling_128@0.95,43.8745297945011,30.69687514045232
grok_asg_anomaly:2780:2796,0,rolling_128@0.95,43.8745297945011,30.69687514045232
grok_asg_anomaly:2788:2804,0,rolling_128@0.95,47.55177510848953,30.69687514045232
grok_asg_anomaly:2796:2812,0,rolling_128@0.95,47.55177510848953,30.69687514045232
grok_asg_anomaly:2804:2820,0,rolling_128@0.95,21.51508815788895,30.69687514045232
grok_asg_anomaly:2812:2828,0,rolling_128@0.95,54.093314328195596,30.69687514045232
grok_asg_anomaly:2820:2836,0,rolling_128@0.95,54.093314328195596,30.69687514045232
grok_asg_anomaly:2828:2844,0,rolling_128@0.95,43.13450063944486,30.69687514045232
grok_asg_anomaly:2836:2852,0,rolling_128@0.95,43.13450063944486,30.69687514045232
grok_asg_anomaly:2844:2860,0,rolling_128@0.95,46.77253078442218,30.69687514045232
grok_asg_anomaly:2852:2868,0,rolling_128@0.95,46.77253078442218,30.69687514045232
grok_asg_anomaly:2860:2876,0,rolling_128@0.95,18.99762398359324,30.69687514045232
grok_asg_anomaly:2868:2884,0,rolling_128@0.95,38.39592814428458,30.69687514045232
grok_asg_anomaly:2876:2892,0,rolling_128@0.95,38.39592814428458,30.69687514045232
grok_asg_anomaly:2884:2900,0,rolling_128@0.95,16.02000024912142,30.69687514045232
grok_asg_anomaly:2892:2908,0,rolling_128@0.95,1.6531077742766622,30.69687514045232
grok_asg_anomaly:2900:2916,0,rolling_128@0.95,0.8718361221434692,30.69687514045232
grok_asg_anomaly:2908:2924,0,rolling_128@0.95,4.94247151430837,30.69687514045232
grok_asg_anomaly:2916:2932,0,rolling_128@0.95,4.94247151430837,30.69687514045232
grok_asg_anomaly:2924:2940,0,rolling_128@0.95,6.965152305727332,30.69687514045232
grok_asg_anomaly:2932:2948,0,rolling_128@0.95,6.965152305727332,30.69687514045232
grok_asg_anomaly:2940:2956,0,rolling_128@0.95,1.854555364378452,30.69687514045232
grok_asg_anomaly:2948:2964,0,rolling_128@0.95,11.47834043192127,30.69687514045232
grok_asg_anomaly:2956:2972,0,rolling_128@0.95,11.47834043192127,30.69687514045232
grok_asg_anomaly:2964:2980,0,rolling_128@0.95,4.224781804310831,30.69687514045232
grok_asg_anomaly:2972:2988,0,rolling_128@0.95,1.469216871982362,30.69687514045232
grok_asg_anomaly:2980:2996,0,rolling_128@0.95,0.8610917034899449,30.69687514045232
grok_asg_anomaly:2988:3004,0,rolling_128@0.95,1.5328095250982499,30.69687514045232
grok_asg_anomaly:2996:3012,0,rolling_128@0.95,1.5328095250982499,30.69687514045232
grok_asg_anomaly:3004:3020,0,rolling_128@0.95,0.8713699941829657,30.69687514045232
grok_asg_anomaly:3012:3028,0,rolling_128@0.95,1.3997196275725956,30.69687514045232
grok_asg_anomaly:3020:3036,0,rolling_128@0.95,1.3997196275725956,30.69687514045232
grok_asg_anomaly:3028:3044,0,rolling_128@0.95,1.6822127194536707,30.69687514045232
grok_asg_anomaly:3036:3052,0,rolling_128@0.95,1.6822127194536707,30.69687514045232
grok_asg_anomaly:3044:3060,0,rolling_128@0.95,0.8806209583328456,30.69687514045232
grok_asg_anomaly:3052:3068,0,rolling_128@0.95,1.3969290315985283,30.69687514045232
grok_asg_anomaly:3060:3076,0,rolling_128@0.95,1.510958599418686,30.69687514045232
grok_asg_anomaly:3068:3084,0,rolling_128@0.95,2.188536638890416,30.69687514045232
grok_asg_anomaly:3076:3092,0,rolling_128@0.95,2.188536638890416,30.69687514045232
grok_asg_anomaly:3084:3100,0,rolling_128@0.95,0.8610365122247411,30.69687514045232
grok_asg_anomaly:3092:3108,0,rolling_128@0.95,1.644447625410657,30.69687514045232
grok_asg_anomaly:3100:3116,0,rolling_128@0.95,1.644447625410657,30.69687514045232
grok_asg_anomaly:3108:3124,0,rolling_128@0.95,5.526874871804996,30.69687514045232
grok_asg_anomaly:3116:3132,0,rolling_128@0.95,5.531969426794188,30.69687514045232
grok_asg_anomaly:3124:3140,0,rolling_128@0.95,5.531969426794188,30.69687514045232
grok_asg_anomaly:3132:3148,0,rolling_128@0.95,1.8152262184252677,30.69687514045232
grok_asg_anomaly:3140:3156,0,rolling_128@0.95,3.069084420624817,30.69687514045232
grok_asg_anomaly:3148:3164,0,rolling_128@0.95,3.069084420624817,30.69687514045232
grok_asg_anomaly:3156:3172,0,rolling_128@0.95,2.4915647640880825,30.69687514045232
grok_asg_anomaly:3164:3180,0,rolling_128@0.95,1.6317548682557532,30.69687514045232
grok_asg_anomaly:3172:3188,0,rolling_128@0.95,1.6317548682557532,30.69687514045232
grok_asg_anomaly:3180:3196,0,rolling_128@0.95,1.0449294700619438,30.69687514045232
grok_asg_anomaly:3188:3204,0,rolling_128@0.95,2.2539819339199565,30.69687514045232
grok_asg_anomaly:3196:3212,0,rolling_128@0.95,2.2539819339199565,30.69687514045232
grok_asg_anomaly:3204:3220,0,rolling_128@0.95,1.7770356390855295,30.69687514045232
grok_asg_anomaly:3212:3228,0,rolling_128@0.95,1.7770356390855295,30.69687514045232
grok_asg_anomaly:3220:3236,0,rolling_128@0.95,0.9839135258297046,30.69687514045232
grok_asg_anomaly:3228:3244,0,rolling_128@0.95,4.221835255064893,30.69687514045232
grok_asg_anomaly:3236:3252,0,rolling_128@0.95,4.221835255064893,30.69687514045232
grok_asg_anomaly:3244:3260,0,rolling_128@0.95,4.557375859010048,30.69687514045232
grok_asg_anomaly:3252:3268,0,rolling_128@0.95,4.557375859010048,30.69687514045232
grok_asg_anomaly:3260:3276,0,rolling_128@0.95,1.7386800134253444,30.69687514045232
grok_asg_anomaly:3268:3284,0,rolling_128@0.95,1.2209832685530881,30.69687514045232
grok_asg_anomaly:3276:3292,0,rolling_128@0.95,1.2209832685530881,30.69687514045232
grok_asg_anomaly:3284:3300,0,rolling_128@0.95,2.1917286221211136,30.69687514045232
grok_asg_anomaly:3292:3308,0,rolling_128@0.95,2.1917286221211136,30.69687514045232
grok_asg_anomaly:3300:3316,0,rolling_128@0.95,0.8305250921222471,30.69687514045232
grok_asg_anomaly:3308:3324,0,rolling_128@0.95,14.131062955049616,30.69687514045232
grok_asg_anomaly:3316:3332,0,rolling_128@0.95,14.131062955049616,30.69687514045232
grok_asg_anomaly:3324:3340,0,rolling_128@0.95,11.871567310760572,30.69687514045232
grok_asg_anomaly:3332:3348,0,rolling_128@0.95,12.0093539187178,30.69687514045232
grok_asg_anomaly:3340:3356,0,rolling_128@0.95,13.023993860112455,30.69687514045232
grok_asg_anomaly:3348:3364,0,rolling_128@0.95,13.023993860112455,30.69687514045232
grok_asg_anomaly:3356:3372,0,rolling_128@0.95,12.229674088737763,30.69687514045232
grok_asg_anomaly:3364:3380,0,rolling_128@0.95,12.24002625610799,30.69687514045232
grok_asg_anomaly:3372:3388,0,rolling_128@0.95,12.24002625610799,30.69687514045232
grok_asg_anomaly:3380:3396,0,rolling_128@0.95,0.6744907594765952,30.69687514045232
grok_asg_anomaly:3388:3404,0,rolling_128@0.95,24.57132139241419,30.69687514045232
grok_asg_anomaly:3396:3412,0,rolling_128@0.95,24.57132139241419,30.69687514045232
grok_asg_anomaly:3404:3420,0,rolling_128@0.95,18.021633227831465,30.69687514045232
grok_asg_anomaly:3412:3428,0,rolling_128@0.95,18.021633227831465,30.69687514045232
grok_asg_anomaly:3420:3436,0,rolling_128@0.95,14.268869212715105,30.69687514045232
grok_asg_anomaly:3428:3444,0,rolling_128@0.95,9.874678095559867,30.69687514045232
grok_asg_anomaly:3436:3452,0,rolling_128@0.95,9.874678095559867,30.69687514045232
grok_asg_anomaly:3444:3460,0,rolling_128@0.95,3.3861865549643597,30.69687514045232
grok_asg_anomaly:3452:3468,0,rolling_128@0.95,8.944562644676955,30.69687514045232
grok_asg_anomaly:3460:3476,0,rolling_128@0.95,9.103408756942043,30.69687514045232
grok_asg_anomaly:3468:3484,0,rolling_128@0.95,9.103408756942043,30.69687514045232
grok_asg_anomaly:3476:3492,0,rolling_128@0.95,1.769685079366998,30.69687514045232
grok_asg_anomaly:3484:3500,0,rolling_128@0.95,9.644858421117206,30.69687514045232
grok_asg_anomaly:3492:3508,0,rolling_128@0.95,9.644858421117206,30.69687514045232
grok_asg_anomaly:3500:3516,0,rolling_128@0.95,10.281339049015452,30.69687514045232
grok_asg_anomaly:3508:3524,0,rolling_128@0.95,10.281339049015452,30.69687514045232
grok_asg_anomaly:3516:3532,0,rolling_128@0.95,1.0683382160193733,30.69687514045232
grok_asg_anomaly:3524:3540,0,rolling_128@0.95,0.9071854339728072,30.69687514045232
grok_asg_anomaly:3532:3548,0,rolling_128@0.95,0.9071854339728072,30.69687514045232
grok_asg_anomaly:3540:3556,0,rolling_128@0.95,1.2151713697673852,30.69687514045232
grok_asg_anomaly:3548:3564,0,rolling_128@0.95,1.2151713697673852,30.69687514045232
grok_asg_anomaly:3556:3572,0,rolling_128@0.95,1.0910531745548346,30.69687514045232
grok_asg_anomaly:3564:3580,0,rolling_128@0.95,1.8000521425045968,30.69687514045232
grok_asg_anomaly:3572:3588,0,rolling_128@0.95,1.8000521425045968,30.69687514045232
grok_asg_anomaly:3580:3596,0,rolling_128@0.95,1.0115669865848218,30.69687514045232
grok_asg_anomaly:3588:3604,0,rolling_128@0.95,2.8469142931293994,30.69687514045232
grok_asg_anomaly:3596:3612,0,rolling_128@0.95,2.8469142931293994,30.69687514045232
grok_asg_anomaly:3604:3620,0,rolling_128@0.95,0.9958101111097483,30.69687514045232
grok_asg_anomaly:3612:3628,0,rolling_128@0.95,2.7351183804484753,30.69687514045232
grok_asg_anomaly:3620:3636,0,rolling_128@0.95,2.7351183804484753,30.69687514045232
grok_asg_anomaly:3628:3644,0,rolling_128@0.95,0.8293748897846036,30.69687514045232
grok_asg_anomaly:3636:3652,0,rolling_128@0.95,1.8559405525771753,30.69687514045232
grok_asg_anomaly:3644:3660,0,rolling_128@0.95,1.8559405525771753,30.69687514045232
grok_asg_anomaly:3652:3668,0,rolling_128@0.95,1.3911742406340488,30.69687514045232
grok_asg_anomaly:3660:3676,0,rolling_128@0.95,6.509657657050661,30.69687514045232
grok_asg_anomaly:3668:3684,1,rolling_128@0.95,6.509657657050661,30.69687514045232
grok_asg_anomaly:3676:3692,1,rolling_128@0.95,2.2358943405474347,30.69687514045232
grok_asg_anomaly:2772:2788,0,rolling_128@0.975,43.8745297945011,61.9045868370431
grok_asg_anomaly:2780:2796,0,rolling_128@0.975,43.8745297945011,61.9045868370431
grok_asg_anomaly:2788:2804,0,rolling_128@0.975,47.55177510848953,61.9045868370431
grok_asg_anomaly:2796:2812,0,rolling_128@0.975,47.55177510848953,61.9045868370431
grok_asg_anomaly:2804:2820,0,rolling_128@0.975,21.51508815788895,61.9045868370431
grok_asg_anomaly:2812:2828,0,rolling_128@0.975,54.093314328195596,61.9045868370431
grok_asg_anomaly:2820:2836,0,rolling_128@0.975,54.093314328195596,61.9045868370431
grok_asg_anomaly:2828:2844,0,rolling_128@0.975,43.13450063944486,61.9045868370431
grok_asg_anomaly:2836:2852,0,rolling_128@0.975,43.13450063944486,61.9045868370431
grok_asg_anomaly:2844:2860,0,rolling_128@0.975,46.77253078442218,61.9045868370431
grok_asg_anomaly:2852:2868,0,rolling_128@0.975,46.77253078442218,61.9045868370431
grok_asg_anomaly:2860:2876,0,rolling_128@0.975,18.99762398359324,61.9045868370431
grok_asg_anomaly:2868:2884,0,rolling_128@0.975,38.39592814428458,61.9045868370431
grok_asg_anomaly:2876:2892,0,rolling_128@0.975,38.39592814428458,61.9045868370431
grok_asg_anomaly:2884:2900,0,rolling_128@0.975,16.02000024912142,61.9045868370431
grok_asg_anomaly:2892:2908,0,rolling_128@0.975,1.6531077742766622,61.9045868370431
grok_asg_anomaly:2900:2916,0,rolling_128@0.975,0.8718361221434692,61.9045868370431
grok_asg_anomaly:2908:2924,0,rolling_128@0.975,4.94247151430837,61.9045868370431
grok_asg_anomaly:2916:2932,0,rolling_128@0.975,4.94247151430837,61.9045868370431
grok_asg_anomaly:2924:2940,0,rolling_128@0.975,6.965152305727332,61.9045868370431
grok_asg_anomaly:2932:2948,0,rolling_128@0.975,6.965152305727332,61.9045868370431
grok_asg_anomaly:2940:2956,0,rolling_128@0.975,1.854555364378452,61.9045868370431
grok_asg_anomaly:2948:2964,0,rolling_128@0.975,11.47834043192127,61.9045868370431
grok_asg_anomaly:2956:2972,0,rolling_128@0.975,11.47834043192127,61.9045868370431
grok_asg_anomaly:2964:2980,0,rolling_128@0.975,4.224781804310831,61.9045868370431
grok_asg_anomaly:2972:2988,0,rolling_128@0.975,1.469216871982362,61.9045868370431
grok_asg_anomaly:2980:2996,0,rolling_128@0.975,0.8610917034899449,61.9045868370431
grok_asg_anomaly:2988:3004,0,rolling_128@0.975,1.5328095250982499,61.9045868370431
grok_asg_anomaly:2996:3012,0,rolling_128@0.975,1.5328095250982499,61.9045868370431
grok_asg_anomaly:3004:3020,0,rolling_128@0.975,0.8713699941829657,61.9045868370431
grok_asg_anomaly:3012:3028,0,rolling_128@0.975,1.3997196275725956,61.9045868370431
grok_asg_anomaly:3020:3036,0,rolling_128@0.975,1.3997196275725956,61.9045868370431
grok_asg_anomaly:3028:3044,0,rolling_128@0.975,1.6822127194536707,61.9045868370431
grok_asg_anomaly:3036:3052,0,rolling_128@0.975,1.6822127194536707,61.9045868370431
grok_asg_anomaly:3044:3060,0,rolling_128@0.975,0.8806209583328456,61.9045868370431
grok_asg_anomaly:3052:3068,0,rolling_128@0.975,1.3969290315985283,61.9045868370431
grok_asg_anomaly:3060:3076,0,rolling_128@0.975,1.510958599418686,61.9045868370431
grok_asg_anomaly:3068:3084,0,rolling_128@0.975,2.188536638890416,61.9045868370431
grok_asg_anomaly:3076:3092,0,rolling_128@0.975,2.188536638890416,61.9045868370431
grok_asg_anomaly:3084:3100,0,rolling_128@0.975,0.8610365122247411,61.9045868370431
grok_asg_anomaly:3092:3108,0,rolling_128@0.975,1.644447625410657,61.9045868370431
grok_asg_anomaly:3100:3116,0,rolling_128@0.975,1.644447625410657,61.9045868370431
grok_asg_anomaly:3108:3124,0,rolling_128@0.975,5.526874871804996,61.9045868370431
grok_asg_anomaly:3116:3132,0,rolling_128@0.975,5.531969426794188,61.9045868370431
grok_asg_anomaly:3124:3140,0,rolling_128@0.975,5.531969426794188,61.9045868370431
grok_asg_anomaly:3132:3148,0,rolling_128@0.975,1.8152262184252677,61.9045868370431
grok_asg_anomaly:3140:3156,0,rolling_128@0.975,3.069084420624817,61.9045868370431
grok_asg_anomaly:3148:3164,0,rolling_128@0.975,3.069084420624817,61.9045868370431
grok_asg_anomaly:3156:3172,0,rolling_128@0.975,2.4915647640880825,61.9045868370431
grok_asg_anomaly:3164:3180,0,rolling_128@0.975,1.6317548682557532,61.9045868370431
grok_asg_anomaly:3172:3188,0,rolling_128@0.975,1.6317548682557532,61.9045868370431
grok_asg_anomaly:3180:3196,0,rolling_128@0.975,1.0449294700619438,61.9045868370431
grok_asg_anomaly:3188:3204,0,rolling_128@0.975,2.2539819339199565,61.9045868370431
grok_asg_anomaly:3196:3212,0,rolling_128@0.975,2.2539819339199565,61.9045868370431
grok_asg_anomaly:3204:3220,0,rolling_128@0.975,1.7770356390855295,61.9045868370431
grok_asg_anomaly:3212:3228,0,rolling_128@0.975,1.7770356390855295,61.9045868370431
grok_asg_anomaly:3220:3236,0,rolling_128@0.975,0.9839135258297046,61.9045868370431
grok_asg_anomaly:3228:3244,0,rolling_128@0.975,4.221835255064893,61.9045868370431
grok_asg_anomaly:3236:3252,0,rolling_128@0.975,4.221835255064893,61.9045868370431
grok_asg_anomaly:3244:3260,0,rolling_128@0.975,4.557375859010048,61.9045868370431
grok_asg_anomaly:3252:3268,0,rolling_128@0.975,4.557375859010048,61.9045868370431
grok_asg_anomaly:3260:3276,0,rolling_128@0.975,1.7386800134253444,61.9045868370431
grok_asg_anomaly:3268:3284,0,rolling_128@0.975,1.2209832685530881,61.9045868370431
grok_asg_anomaly:3276:3292,0,rolling_128@0.975,1.2209832685530881,61.9045868370431
grok_asg_anomaly:3284:3300,0,rolling_128@0.975,2.1917286221211136,61.9045868370431
grok_asg_anomaly:3292:3308,0,rolling_128@0.975,2.1917286221211136,61.9045868370431
grok_asg_anomaly:3300:3316,0,rolling_128@0.975,0.8305250921222471,61.9045868370431
grok_asg_anomaly:3308:3324,0,rolling_128@0.975,14.131062955049616,61.9045868370431
grok_asg_anomaly:3316:3332,0,rolling_128@0.975,14.131062955049616,61.9045868370431
grok_asg_anomaly:3324:3340,0,rolling_128@0.975,11.871567310760572,61.9045868370431
grok_asg_anomaly:3332:3348,0,rolling_128@0.975,12.0093539187178,61.9045868370431
grok_asg_anomaly:3340:3356,0,rolling_128@0.975,13.023993860112455,61.9045868370431
grok_asg_anomaly:3348:3364,0,rolling_128@0.975,13.023993860112455,61.9045868370431
grok_asg_anomaly:3356:3372,0,rolling_128@0.975,12.229674088737763,61.9045868370431
grok_asg_anomaly:3364:3380,0,rolling_128@0.975,12.24002625610799,61.9045868370431
grok_asg_anomaly:3372:3388,0,rolling_128@0.975,12.24002625610799,61.9045868370431
grok_asg_anomaly:3380:3396,0,rolling_128@0.975,0.6744907594765952,61.9045868370431
grok_asg_anomaly:3388:3404,0,rolling_128@0.975,24.57132139241419,61.9045868370431
grok_asg_anomaly:3396:3412,0,rolling_128@0.975,24.57132139241419,61.9045868370431
grok_asg_anomaly:3404:3420,0,rolling_128@0.975,18.021633227831465,61.9045868370431
grok_asg_anomaly:3412:3428,0,rolling_128@0.975,18.021633227831465,61.9045868370431
grok_asg_anomaly:3420:3436,0,rolling_128@0.975,14.268869212715105,61.9045868370431
grok_asg_anomaly:3428:3444,0,rolling_128@0.975,9.874678095559867,61.9045868370431
grok_asg_anomaly:3436:3452,0,rolling_128@0.975,9.874678095559867,61.9045868370431
grok_asg_anomaly:3444:3460,0,rolling_128@0.975,3.3861865549643597,61.9045868370431
grok_asg_anomaly:3452:3468,0,rolling_128@0.975,8.944562644676955,61.9045868370431
grok_asg_anomaly:3460:3476,0,rolling_128@0.975,9.103408756942043,61.9045868370431
grok_asg_anomaly:3468:3484,0,rolling_128@0.975,9.103408756942043,61.9045868370431
grok_asg_anomaly:3476:3492,0,rolling_128@0.975,1.769685079366998,61.9045868370431
grok_asg_anomaly:3484:3500,0,rolling_128@0.975,9.644858421117206,61.9045868370431
grok_asg_anomaly:3492:3508,0,rolling_128@0.975,9.644858421117206,61.9045868370431
grok_asg_anomaly:3500:3516,0,rolling_128@0.975,10.281339049015452,61.9045868370431
grok_asg_anomaly:3508:3524,0,rolling_128@0.975,10.281339049015452,61.9045868370431
grok_asg_anomaly:3516:3532,0,rolling_128@0.975,1.0683382160193733,61.9045868370431
grok_asg_anomaly:3524:3540,0,rolling_128@0.975,0.9071854339728072,61.9045868370431
grok_asg_anomaly:3532:3548,0,rolling_128@0.975,0.9071854339728072,61.9045868370431
grok_asg_anomaly:3540:3556,0,rolling_128@0.975,1.2151713697673852,61.9045868370431
grok_asg_anomaly:3548:3564,0,rolling_128@0.975,1.2151713697673852,61.9045868370431
grok_asg_anomaly:3556:3572,0,rolling_128@0.975,1.0910531745548346,61.9045868370431
grok_asg_anomaly:3564:3580,0,rolling_128@0.975,1.8000521425045968,61.9045868370431
grok_asg_anomaly:3572:3588,0,rolling_128@0.975,1.8000521425045968,61.9045868370431
grok_asg_anomaly:3580:3596,0,rolling_128@0.975,1.0115669865848218,61.9045868370431
grok_asg_anomaly:3588:3604,0,rolling_128@0.975,2.8469142931293994,61.9045868370431
grok_asg_anomaly:3596:3612,0,rolling_128@0.975,2.8469142931293994,61.9045868370431
grok_asg_anomaly:3604:3620,0,rolling_128@0.975,0.9958101111097483,61.9045868370431
grok_asg_anomaly:3612:3628,0,rolling_128@0.975,2.7351183804484753,61.9045868370431
grok_asg_anomaly:3620:3636,0,rolling_128@0.975,2.7351183804484753,61.9045868370431
grok_asg_anomaly:3628:3644,0,rolling_128@0.975,0.8293748897846036,61.9045868370431
grok_asg_anomaly:3636:3652,0,rolling_128@0.975,1.8559405525771753,61.9045868370431
grok_asg_anomaly:3644:3660,0,rolling_128@0.975,1.8559405525771753,61.9045868370431
grok_asg_anomaly:3652:3668,0,rolling_128@0.975,1.3911742406340488,61.9045868370431
grok_asg_anomaly:3660:3676,0,rolling_128@0.975,6.509657657050661,61.9045868370431
grok_asg_anomaly:3668:3684,1,rolling_128@0.975,6.509657657050661,61.9045868370431
grok_asg_anomaly:3676:3692,1,rolling_128@0.975,2.2358943405474347,61.9045868370431
grok_asg_anomaly:2772:2788,0,rolling_128@0.99,43.8745297945011,66.0763732122051
grok_asg_anomaly:2780:2796,0,rolling_128@0.99,43.8745297945011,66.0763732122051
grok_asg_anomaly:2788:2804,0,rolling_128@0.99,47.55177510848953,66.0763732122051
grok_asg_anomaly:2796:2812,0,rolling_128@0.99,47.55177510848953,66.0763732122051
grok_asg_anomaly:2804:2820,0,rolling_128@0.99,21.51508815788895,66.0763732122051
grok_asg_anomaly:2812:2828,0,rolling_128@0.99,54.093314328195596,66.0763732122051
grok_asg_anomaly:2820:2836,0,rolling_128@0.99,54.093314328195596,66.0763732122051
grok_asg_anomaly:2828:2844,0,rolling_128@0.99,43.13450063944486,66.0763732122051
grok_asg_anomaly:2836:2852,0,rolling_128@0.99,43.13450063944486,66.0763732122051
grok_asg_anomaly:2844:2860,0,rolling_128@0.99,46.77253078442218,66.0763732122051
grok_asg_anomaly:2852:2868,0,rolling_128@0.99,46.77253078442218,66.0763732122051
grok_asg_anomaly:2860:2876,0,rolling_128@0.99,18.99762398359324,66.0763732122051
grok_asg_anomaly:2868:2884,0,rolling_128@0.99,38.39592814428458,66.0763732122051
grok_asg_anomaly:2876:2892,0,rolling_128@0.99,38.39592814428458,66.0763732122051
grok_asg_anomaly:2884:2900,0,rolling_128@0.99,16.02000024912142,66.0763732122051
grok_asg_anomaly:2892:2908,0,rolling_128@0.99,1.6531077742766622,66.0763732122051
grok_asg_anomaly:2900:2916,0,rolling_128@0.99,0.8718361221434692,66.0763732122051
grok_asg_anomaly:2908:2924,0,rolling_128@0.99,4.94247151430837,66.0763732122051
grok_asg_anomaly:2916:2932,0,rolling_128@0.99,4.94247151430837,66.0763732122051
grok_asg_anomaly:2924:2940,0,rolling_128@0.99,6.965152305727332,66.0763732122051
grok_asg_anomaly:2932:2948,0,rolling_128@0.99,6.965152305727332,66.0763732122051
grok_asg_anomaly:2940:2956,0,rolling_128@0.99,1.854555364378452,66.0763732122051
grok_asg_anomaly:2948:2964,0,rolling_128@0.99,11.47834043192127,66.0763732122051
grok_asg_anomaly:2956:2972,0,rolling_128@0.99,11.47834043192127,66.0763732122051
grok_asg_anomaly:2964:2980,0,rolling_128@0.99,4.224781804310831,66.0763732122051
grok_asg_anomaly:2972:2988,0,rolling_128@0.99,1.469216871982362,66.0763732122051
grok_asg_anomaly:2980:2996,0,rolling_128@0.99,0.8610917034899449,66.0763732122051
grok_asg_anomaly:2988:3004,0,rolling_128@0.99,1.5328095250982499,66.0763732122051
grok_asg_anomaly:2996:3012,0,rolling_128@0.99,1.5328095250982499,66.0763732122051
grok_asg_anomaly:3004:3020,0,rolling_128@0.99,0.8713699941829657,66.0763732122051
grok_asg_anomaly:3012:3028,0,rolling_128@0.99,1.3997196275725956,66.0763732122051
grok_asg_anomaly:3020:3036,0,rolling_128@0.99,1.3997196275725956,66.0763732122051
grok_asg_anomaly:3028:3044,0,rolling_128@0.99,1.6822127194536707,66.0763732122051
grok_asg_anomaly:3036:3052,0,rolling_128@0.99,1.6822127194536707,66.0763732122051
grok_asg_anomaly:3044:3060,0,rolling_128@0.99,0.8806209583328456,66.0763732122051
grok_asg_anomaly:3052:3068,0,rolling_128@0.99,1.3969290315985283,66.0763732122051
grok_asg_anomaly:3060:3076,0,rolling_128@0.99,1.510958599418686,66.0763732122051
grok_asg_anomaly:3068:3084,0,rolling_128@0.99,2.188536638890416,66.0763732122051
grok_asg_anomaly:3076:3092,0,rolling_128@0.99,2.188536638890416,66.0763732122051
grok_asg_anomaly:3084:3100,0,rolling_128@0.99,0.8610365122247411,66.0763732122051
grok_asg_anomaly:3092:3108,0,rolling_128@0.99,1.644447625410657,66.0763732122051
grok_asg_anomaly:3100:3116,0,rolling_128@0.99,1.644447625410657,66.0763732122051
grok_asg_anomaly:3108:3124,0,rolling_128@0.99,5.526874871804996,66.0763732122051
grok_asg_anomaly:3116:3132,0,rolling_128@0.99,5.531969426794188,66.0763732122051
grok_asg_anomaly:3124:3140,0,rolling_128@0.99,5.531969426794188,66.0763732122051
grok_asg_anomaly:3132:3148,0,rolling_128@0.99,1.8152262184252677,66.0763732122051
grok_asg_anomaly:3140:3156,0,rolling_128@0.99,3.069084420624817,66.0763732122051
grok_asg_anomaly:3148:3164,0,rolling_128@0.99,3.069084420624817,66.0763732122051
grok_asg_anomaly:3156:3172,0,rolling_128@0.99,2.4915647640880825,66.0763732122051
grok_asg_anomaly:3164:3180,0,rolling_128@0.99,1.6317548682557532,66.0763732122051
grok_asg_anomaly:3172:3188,0,rolling_128@0.99,1.6317548682557532,66.0763732122051
grok_asg_anomaly:3180:3196,0,rolling_128@0.99,1.0449294700619438,66.0763732122051
grok_asg_anomaly:3188:3204,0,rolling_128@0.99,2.2539819339199565,66.0763732122051
grok_asg_anomaly:3196:3212,0,rolling_128@0.99,2.2539819339199565,66.0763732122051
grok_asg_anomaly:3204:3220,0,rolling_128@0.99,1.7770356390855295,66.0763732122051
grok_asg_anomaly:3212:3228,0,rolling_128@0.99,1.7770356390855295,66.0763732122051
grok_asg_anomaly:3220:3236,0,rolling_128@0.99,0.9839135258297046,66.0763732122051
grok_asg_anomaly:3228:3244,0,rolling_128@0.99,4.221835255064893,66.0763732122051
grok_asg_anomaly:3236:3252,0,rolling_128@0.99,4.221835255064893,66.0763732122051
grok_asg_anomaly:3244:3260,0,rolling_128@0.99,4.557375859010048,66.0763732122051
grok_asg_anomaly:3252:3268,0,rolling_128@0.99,4.557375859010048,66.0763732122051
grok_asg_anomaly:3260:3276,0,rolling_128@0.99,1.7386800134253444,66.0763732122051
grok_asg_anomaly:3268:3284,0,rolling_128@0.99,1.2209832685530881,66.0763732122051
grok_asg_anomaly:3276:3292,0,rolling_128@0.99,1.2209832685530881,66.0763732122051
grok_asg_anomaly:3284:3300,0,rolling_128@0.99,2.1917286221211136,66.0763732122051
grok_asg_anomaly:3292:3308,0,rolling_128@0.99,2.1917286221211136,66.0763732122051
grok_asg_anomaly:3300:3316,0,rolling_128@0.99,0.8305250921222471,66.0763732122051
grok_asg_anomaly:3308:3324,0,rolling_128@0.99,14.131062955049616,66.0763732122051
grok_asg_anomaly:3316:3332,0,rolling_128@0.99,14.131062955049616,66.0763732122051
grok_asg_anomaly:3324:3340,0,rolling_128@0.99,11.871567310760572,66.0763732122051
grok_asg_anomaly:3332:3348,0,rolling_128@0.99,12.0093539187178,66.0763732122051
grok_asg_anomaly:3340:3356,0,rolling_128@0.99,13.023993860112455,66.0763732122051
grok_asg_anomaly:3348:3364,0,rolling_128@0.99,13.023993860112455,66.0763732122051
grok_asg_anomaly:3356:3372,0,rolling_128@0.99,12.229674088737763,66.0763732122051
grok_asg_anomaly:3364:3380,0,rolling_128@0.99,12.24002625610799,66.0763732122051
grok_asg_anomaly:3372:3388,0,rolling_128@0.99,12.24002625610799,66.0763732122051
grok_asg_anomaly:3380:3396,0,rolling_128@0.99,0.6744907594765952,66.0763732122051
grok_asg_anomaly:3388:3404,0,rolling_128@0.99,24.57132139241419,66.0763732122051
grok_asg_anomaly:3396:3412,0,rolling_128@0.99,24.57132139241419,66.0763732122051
grok_asg_anomaly:3404:3420,0,rolling_128@0.99,18.021633227831465,66.0763732122051
grok_asg_anomaly:3412:3428,0,rolling_128@0.99,18.021633227831465,66.0763732122051
grok_asg_anomaly:3420:3436,0,rolling_128@0.99,14.268869212715105,66.0763732122051
grok_asg_anomaly:3428:3444,0,rolling_128@0.99,9.874678095559867,66.0763732122051
grok_asg_anomaly:3436:3452,0,rolling_128@0.99,9.874678095559867,66.0763732122051
grok_asg_anomaly:3444:3460,0,rolling_128@0.99,3.3861865549643597,66.0763732122051
grok_asg_anomaly:3452:3468,0,rolling_128@0.99,8.944562644676955,66.0763732122051
grok_asg_anomaly:3460:3476,0,rolling_128@0.99,9.103408756942043,66.0763732122051
grok_asg_anomaly:3468:3484,0,rolling_128@0.99,9.103408756942043,66.0763732122051
grok_asg_anomaly:3476:3492,0,rolling_128@0.99,1.769685079366998,66.0763732122051
grok_asg_anomaly:3484:3500,0,rolling_128@0.99,9.644858421117206,66.0763732122051
grok_asg_anomaly:3492:3508,0,rolling_128@0.99,9.644858421117206,66.0763732122051
grok_asg_anomaly:3500:3516,0,rolling_128@0.99,10.281339049015452,66.0763732122051
grok_asg_anomaly:3508:3524,0,rolling_128@0.99,10.281339049015452,66.0763732122051
grok_asg_anomaly:3516:3532,0,rolling_128@0.99,1.0683382160193733,66.0763732122051
grok_asg_anomaly:3524:3540,0,rolling_128@0.99,0.9071854339728072,66.0763732122051
grok_asg_anomaly:3532:3548,0,rolling_128@0.99,0.9071854339728072,66.0763732122051
grok_asg_anomaly:3540:3556,0,rolling_128@0.99,1.2151713697673852,66.0763732122051
grok_asg_anomaly:3548:3564,0,rolling_128@0.99,1.2151713697673852,66.0763732122051
grok_asg_anomaly:3556:3572,0,rolling_128@0.99,1.0910531745548346,66.0763732122051
grok_asg_anomaly:3564:3580,0,rolling_128@0.99,1.8000521425045968,66.0763732122051
grok_asg_anomaly:3572:3588,0,rolling_128@0.99,1.8000521425045968,66.0763732122051
grok_asg_anomaly:3580:3596,0,rolling_128@0.99,1.0115669865848218,66.0763732122051
grok_asg_anomaly:3588:3604,0,rolling_128@0.99,2.8469142931293994,66.0763732122051
grok_asg_anomaly:3596:3612,0,rolling_128@0.99,2.8469142931293994,66.0763732122051
grok_asg_anomaly:3604:3620,0,rolling_128@0.99,0.9958101111097483,66.0763732122051
grok_asg_anomaly:3612:3628,0,rolling_128@0.99,2.7351183804484753,66.0763732122051
grok_asg_anomaly:3620:3636,0,rolling_128@0.99,2.7351183804484753,66.0763732122051
grok_asg_anomaly:3628:3644,0,rolling_128@0.99,0.8293748897846036,66.0763732122051
grok_asg_anomaly:3636:3652,0,rolling_128@0.99,1.8559405525771753,66.0763732122051
grok_asg_anomaly:3644:3660,0,rolling_128@0.99,1.8559405525771753,66.0763732122051
grok_asg_anomaly:3652:3668,0,rolling_128@0.99,1.3911742406340488,66.0763732122051
grok_asg_anomaly:3660:3676,0,rolling_128@0.99,6.509657657050661,66.0763732122051
grok_asg_anomaly:3668:3684,1,rolling_128@0.99,6.509657657050661,66.0763732122051
grok_asg_anomaly:3676:3692,1,rolling_128@0.99,2.2358943405474347,66.0763732122051
