window_id,truth,detector,score,threshold
rds_cpu_utilization_cc0c53:2419:2435,0,autoencoder@0.95,2.5097985,1.1159977912902832
rds_cpu_utilization_cc0c53:2427:2443,0,autoencoder@0.95,1.2959951,1.1159977912902832
rds_cpu_utilization_cc0c53:2435:2451,0,autoencoder@0.95,1.1317686,1.1159977912902832
rds_cpu_utilization_cc0c53:2443:2459,0,autoencoder@0.95,1.3654016,1.1159977912902832
rds_cpu_utilization_cc0c53:2451:2467,0,autoencoder@0.95,1.4764527,1.1159977912902832
rds_cpu_utilization_cc0c53:2459:2475,0,autoencoder@0.95,1.039029,1.1159977912902832
rds_cpu_utilization_cc0c53:2467:2483,0,autoencoder@0.95,0.5093455,1.1159977912902832
rds_cpu_utilization_cc0c53:2475:2491,0,autoencoder@0.95,0.9437701,1.1159977912902832
rds_cpu_utilization_cc0c53:2483:2499,0,autoencoder@0.95,0.65186447,1.1159977912902832
rds_cpu_utilization_cc0c53:2491:2507,0,autoencoder@0.95,0.45222193,1.1159977912902832
rds_cpu_utilization_cc0c53:2499:2515,0,autoencoder@0.95,0.8337196,1.1159977912902832
rds_cpu_utilization_cc0c53:2507:2523,0,autoencoder@0.95,0.7959449,1.1159977912902832
rds_cpu_utilization_cc0c53:2515:2531,0,autoencoder@0.95,0.56404036,1.1159977912902832
rds_cpu_utilization_cc0c53:2523:2539,0,autoencoder@0.95,0.7884133,1.1159977912902832
rds_cpu_utilization_cc0c53:2531:2547,0,autoencoder@0.95,0.80684304,1.1159977912902832
rds_cpu_utilization_cc0c53:2539:2555,0,autoencoder@0.95,0.48413965,1.1159977912902832
rds_cpu_utilization_cc0c53:2547:2563,0,autoencoder@0.95,0.5429234,1.1159977912902832
rds_cpu_utilization_cc0c53:2555:2571,0,autoencoder@0.95,0.43401644,1.1159977912902832
rds_cpu_utilization_cc0c53:2563:2579,0,autoencoder@0.95,1.2668723,1.1159977912902832
rds_cpu_utilization_cc0c53:2571:2587,0,autoencoder@0.95,1.3664742,1.1159977912902832
rds_cpu_utilization_cc0c53:2579:2595,0,autoencoder@0.95,0.5901846,1.1159977912902832
rds_cpu_utilization_cc0c53:2587:2603,0,autoencoder@0.95,0.80579025,1.1159977912902832
rds_cpu_utilization_cc0c53:2595:2611,0,autoencoder@0.95,0.937142,1.1159977912902832
rds_cpu_utilization_cc0c53:2603:2619,0,autoencoder@0.95,1.0154228,1.1159977912902832
rds_cpu_utilization_cc0c53:2611:2627,0,autoencoder@0.95,0.8559325,1.1159977912902832
rds_cpu_utilization_cc0c53:2619:2635,0,autoencoder@0.95,0.6719615,1.1159977912902832
rds_cpu_utilization_cc0c53:2627:2643,0,autoencoder@0.95,0.82786626,1.1159977912902832
rds_cpu_utilization_cc0c53:2635:2651,0,autoencoder@0.95,1.3928607,1.1159977912902832
rds_cpu_utilization_cc0c53:2643:2659,0,autoencoder@0.95,1.378999,1.1159977912902832
rds_cpu_utilization_cc0c53:2651:2667,0,autoencoder@0.95,1.0522447,1.1159977912902832
rds_cpu_utilization_cc0c53:2659:2675,0,autoencoder@0.95,1.0521774,1.1159977912902832
rds_cpu_utilization_cc0c53:2667:2683,0,autoencoder@0.95,1.1850066,1.1159977912902832
rds_cpu_utilization_cc0c53:2675:2691,0,autoencoder@0.95,1.0378675,1.1159977912902832
rds_cpu_utilization_cc0c53:2683:2699,0,autoencoder@0.95,0.75175345,1.1159977912902832
rds_cpu_utilization_cc0c53:2691:2707,0,autoencoder@0.95,0.49529183,1.1159977912902832
rds_cpu_utilization_cc0c53:2699:2715,0,autoencoder@0.95,0.9894833,1.1159977912902832
rds_cpu_utilization_cc0c53:2707:2723,0,autoencoder@0.95,0.91051286,1.1159977912902832
rds_cpu_utilization_cc0c53:2715:2731,0,autoencoder@0.95,0.6333344,1.1159977912902832
rds_cpu_utilization_cc0c53:2723:2739,0,autoencoder@0.95,0.710384,1.1159977912902832
rds_cpu_utilization_cc0c53:2731:2747,0,autoencoder@0.95,1.01973,1.1159977912902832
rds_cpu_utilization_cc0c53:2739:2755,0,autoencoder@0.95,0.8486722,1.1159977912902832
rds_cpu_utilization_cc0c53:2747:2763,0,autoencoder@0.95,0.5783982,1.1159977912902832
rds_cpu_utilization_cc0c53:2755:2771,0,autoencoder@0.95,0.8368173,1.1159977912902832
rds_cpu_utilization_cc0c53:2763:2779,0,autoencoder@0.95,0.7930065,1.1159977912902832
rds_cpu_utilization_cc0c53:2771:2787,0,autoencoder@0.95,0.46472415,1.1159977912902832
rds_cpu_utilization_cc0c53:2779:2795,0,autoencoder@0.95,0.7935322,1.1159977912902832
rds_cpu_utilization_cc0c53:2787:2803,0,autoencoder@0.95,0.9063111,1.1159977912902832
rds_cpu_utilization_cc0c53:2795:2811,0,autoencoder@0.95,0.77491,1.1159977912902832
rds_cpu_utilization_cc0c53:2803:2819,0,autoencoder@0.95,0.31241357,1.1159977912902832
rds_cpu_utilization_cc0c53:2811:2827,0,autoencoder@0.95,0.5431293,1.1159977912902832
rds_cpu_utilization_cc0c53:2819:2835,0,autoencoder@0.95,0.3065982,1.1159977912902832
rds_cpu_utilization_cc0c53:2827:2843,0,autoencoder@0.95,0.5778392,1.1159977912902832
rds_cpu_utilization_cc0c53:2835:2851,0,autoencoder@0.95,0.5818094,1.1159977912902832
rds_cpu_utilization_cc0c53:2843:2859,0,autoencoder@0.95,0.46094233,1.1159977912902832
rds_cpu_utilization_cc0c53:2851:2867,0,autoencoder@0.95,0.4326639,1.1159977912902832
rds_cpu_utilization_cc0c53:2859:2875,0,autoencoder@0.95,0.76680636,1.1159977912902832
rds_cpu_utilization_cc0c53:2867:2883,0,autoencoder@0.95,0.8558202,1.1159977912902832
rds_cpu_utilization_cc0c53:2875:2891,0,autoencoder@0.95,0.6836182,1.1159977912902832
rds_cpu_utilization_cc0c53:2883:2899,0,autoencoder@0.95,1.3941795,1.1159977912902832
rds_cpu_utilization_cc0c53:2891:2907,0,autoencoder@0.95,1.5379566,1.1159977912902832
rds_cpu_utilization_cc0c53:2899:2915,0,autoencoder@0.95,1.1925309,1.1159977912902832
rds_cpu_utilization_cc0c53:2907:2923,0,autoencoder@0.95,0.94249463,1.1159977912902832
rds_cpu_utilization_cc0c53:2915:2931,0,autoencoder@0.95,1.8457985,1.1159977912902832
rds_cpu_utilization_cc0c53:2923:2939,0,autoencoder@0.95,1.5561868,1.1159977912902832
rds_cpu_utilization_cc0c53:2931:2947,0,autoencoder@0.95,1.4858363,1.1159977912902832
rds_cpu_utilization_cc0c53:2939:2955,0,autoencoder@0.95,1.2451819,1.1159977912902832
rds_cpu_utilization_cc0c53:2947:2963,0,autoencoder@0.95,0.4842881,1.1159977912902832
rds_cpu_utilization_cc0c53:2955:2971,0,autoencoder@0.95,0.37998968,1.1159977912902832
rds_cpu_utilization_cc0c53:2963:2979,0,autoencoder@0.95,0.6082584,1.1159977912902832
rds_cpu_utilization_cc0c53:2971:2987,1,autoencoder@0.95,0.7297362,1.1159977912902832
rds_cpu_utilization_cc0c53:2979:2995,1,autoencoder@0.95,1.0541699,1.1159977912902832
rds_cpu_utilization_cc0c53:2987:3003,1,autoencoder@0.95,1.8119981,1.1159977912902832
rds_cpu_utilization_cc0c53:2995:3011,1,autoencoder@0.95,2.0991333,1.1159977912902832
rds_cpu_utilization_cc0c53:3003:3019,1,autoencoder@0.95,1.2113543,1.1159977912902832
rds_cpu_utilization_cc0c53:3011:3027,1,autoencoder@0.95,0.9261679,1.1159977912902832
rds_cpu_utilization_cc0c53:3019:3035,1,autoencoder@0.95,1.7712623,1.1159977912902832
rds_cpu_utilization_cc0c53:3027:3043,1,autoencoder@0.95,1.5450594,1.1159977912902832
rds_cpu_utilization_cc0c53:3035:3051,1,autoencoder@0.95,0.4378372,1.1159977912902832
rds_cpu_utilization_cc0c53:3043:3059,1,autoencoder@0.95,0.39074033,1.1159977912902832
rds_cpu_utilization_cc0c53:3051:3067,1,autoencoder@0.95,0.46851256,1.1159977912902832
rds_cpu_utilization_cc0c53:3059:3075,1,autoencoder@0.95,0.4235986,1.1159977912902832
rds_cpu_utilization_cc0c53:3067:3083,1,autoencoder@0.95,243.30913,1.1159977912902832
rds_cpu_utilization_cc0c53:3075:3091,1,autoencoder@0.95,377.82355,1.1159977912902832
rds_cpu_utilization_cc0c53:3083:3099,1,autoencoder@0.95,348.896,1.1159977912902832
rds_cpu_utilization_cc0c53:3091:3107,1,autoencoder@0.95,309.6267,1.1159977912902832
rds_cpu_utilization_cc0c53:3099:3115,1,autoencoder@0.95,327.4409,1.1159977912902832
rds_cpu_utilization_cc0c53:3107:3123,1,autoencoder@0.95,306.74805,1.1159977912902832
rds_cpu_utilization_cc0c53:3115:3131,1,autoencoder@0.95,318.0365,1.1159977912902832
rds_cpu_utilization_cc0c53:3123:3139,1,autoencoder@0.95,315.6805,1.1159977912902832
rds_cpu_utilization_cc0c53:3131:3147,1,autoencoder@0.95,296.4429,1.1159977912902832
rds_cpu_utilization_cc0c53:3139:3155,1,autoencoder@0.95,300.12662,1.1159977912902832
rds_cpu_utilization_cc0c53:3147:3163,1,autoencoder@0.95,305.20343,1.1159977912902832
rds_cpu_utilization_cc0c53:3155:3171,1,autoencoder@0.95,298.1776,1.1159977912902832
rds_cpu_utilization_cc0c53:3163:3179,1,autoencoder@0.95,287.345,1.1159977912902832
rds_cpu_utilization_cc0c53:3171:3187,1,autoencoder@0.95,278.97775,1.1159977912902832
rds_cpu_utilization_cc0c53:3179:3195,1,autoencoder@0.95,285.1907,1.1159977912902832
rds_cpu_utilization_cc0c53:3187:3203,0,autoencoder@0.95,296.6096,1.1159977912902832
rds_cpu_utilization_cc0c53:3195:3211,0,autoencoder@0.95,309.03253,1.1159977912902832
rds_cpu_utilization_cc0c53:3203:3219,0,autoencoder@0.95,299.65042,1.1159977912902832
rds_cpu_utilization_cc0c53:2419:2435,0,autoencoder@0.975,2.5097985,1.1696538925170898
rds_cpu_utilization_cc0c53:2427:2443,0,autoencoder@0.975,1.2959951,1.1696538925170898
rds_cpu_utilization_cc0c53:2435:2451,0,autoencoder@0.975,1.1317686,1.1696538925170898
rds_cpu_utilization_cc0c53:2443:2459,0,autoencoder@0.975,1.3654016,1.1696538925170898
rds_cpu_utilization_cc0c53:2451:2467,0,autoencoder@0.975,1.4764527,1.1696538925170898
rds_cpu_utilization_cc0c53:2459:2475,0,autoencoder@0.975,1.039029,1.1696538925170898
rds_cpu_utilization_cc0c53:2467:2483,0,autoencoder@0.975,0.5093455,1.1696538925170898
rds_cpu_utilization_cc0c53:2475:2491,0,autoencoder@0.975,0.9437701,1.1696538925170898
rds_cpu_utilization_cc0c53:2483:2499,0,autoencoder@0.975,0.65186447,1.1696538925170898
rds_cpu_utilization_cc0c53:2491:2507,0,autoencoder@0.975,0.45222193,1.1696538925170898
rds_cpu_utilization_cc0c53:2499:2515,0,autoencoder@0.975,0.8337196,1.1696538925170898
rds_cpu_utilization_cc0c53:2507:2523,0,autoencoder@0.975,0.7959449,1.1696538925170898
rds_cpu_utilization_cc0c53:2515:2531,0,autoencoder@0.975,0.56404036,1.1696538925170898
rds_cpu_utilization_cc0c53:2523:2539,0,autoencoder@0.975,0.7884133,1.1696538925170898
rds_cpu_utilization_cc0c53:2531:2547,0,autoencoder@0.975,0.80684304,1.1696538925170898
rds_cpu_utilization_cc0c53:2539:2555,0,autoencoder@0.975,0.48413965,1.1696538925170898
rds_cpu_utilization_cc0c53:2547:2563,0,autoencoder@0.975,0.5429234,1.1696538925170898
rds_cpu_utilization_cc0c53:2555:2571,0,autoencoder@0.975,0.43401644,1.1696538925170898
rds_cpu_utilization_cc0c53:2563:2579,0,autoencoder@0.975,1.2668723,1.1696538925170898
rds_cpu_utilization_cc0c53:2571:2587,0,autoencoder@0.975,1.3664742,1.1696538925170898
rds_cpu_utilization_cc0c53:2579:2595,0,autoencoder@0.975,0.5901846,1.1696538925170898
rds_cpu_utilization_cc0c53:2587:2603,0,autoencoder@0.975,0.80579025,1.1696538925170898
rds_cpu_utilization_cc0c53:2595:2611,0,autoencoder@0.975,0.937142,1.1696538925170898
rds_cpu_utilization_cc0c53:2603:2619,0,autoencoder@0.975,1.0154228,1.1696538925170898
rds_cpu_utilization_cc0c53:2611:2627,0,autoencoder@0.975,0.8559325,1.1696538925170898
rds_cpu_utilization_cc0c53:2619:2635,0,autoencoder@0.975,0.6719615,1.1696538925170898
rds_cpu_utilization_cc0c53:2627:2643,0,autoencoder@0.975,0.82786626,1.1696538925170898
rds_cpu_utilization_cc0c53:2635:2651,0,autoencoder@0.975,1.3928607,1.1696538925170898
rds_cpu_utilization_cc0c53:2643:2659,0,autoencoder@0.975,1.378999,1.1696538925170898
rds_cpu_utilization_cc0c53:2651:2667,0,autoencoder@0.975,1.0522447,1.1696538925170898
rds_cpu_utilization_cc0c53:2659:2675,0,autoencoder@0.975,1.0521774,1.1696538925170898
rds_cpu_utilization_cc0c53:2667:2683,0,autoencoder@0.975,1.1850066,1.1696538925170898
rds_cpu_utilization_cc0c53:2675:2691,0,autoencoder@0.975,1.0378675,1.1696538925170898
rds_cpu_utilization_cc0c53:2683:2699,0,autoencoder@0.975,0.75175345,1.1696538925170898
rds_cpu_utilization_cc0c53:2691:2707,0,autoencoder@0.975,0.49529183,1.1696538925170898
rds_cpu_utilization_cc0c53:2699:2715,0,autoencoder@0.975,0.9894833,1.1696538925170898
rds_cpu_utilization_cc0c53:2707:2723,0,autoencoder@0.975,0.91051286,1.1696538925170898
rds_cpu_utilization_cc0c53:2715:2731,0,autoencoder@0.975,0.6333344,1.1696538925170898
rds_cpu_utilization_cc0c53:2723:2739,0,autoencoder@0.975,0.710384,1.1696538925170898
rds_cpu_utilization_cc0c53:2731:2747,0,autoencoder@0.975,1.01973,1.1696538925170898
rds_cpu_utilization_cc0c53:2739:2755,0,autoencoder@0.975,0.8486722,1.1696538925170898
rds_cpu_utilization_cc0c53:2747:2763,0,autoencoder@0.975,0.5783982,1.1696538925170898
rds_cpu_utilization_cc0c53:2755:2771,0,autoencoder@0.975,0.8368173,1.1696538925170898
rds_cpu_utilization_cc0c53:2763:2779,0,autoencoder@0.975,0.7930065,1.1696538925170898
rds_cpu_utilization_cc0c53:2771:2787,0,autoencoder@0.975,0.46472415,1.1696538925170898
rds_cpu_utilization_cc0c53:2779:2795,0,autoencoder@0.975,0.7935322,1.1696538925170898
rds_cpu_utilization_cc0c53:2787:2803,0,autoencoder@0.975,0.9063111,1.1696538925170898
rds_cpu_utilization_cc0c53:2795:2811,0,autoencoder@0.975,0.77491,1.1696538925170898
rds_cpu_utilization_cc0c53:2803:2819,0,autoencoder@0.975,0.31241357,1.1696538925170898
rds_cpu_utilization_cc0c53:2811:2827,0,autoencoder@0.975,0.5431293,1.1696538925170898
rds_cpu_utilization_cc0c53:2819:2835,0,autoencoder@0.975,0.3065982,1.1696538925170898
rds_cpu_utilization_cc0c53:2827:2843,0,autoencoder@0.975,0.5778392,1.1696538925170898
rds_cpu_utilization_cc0c53:2835:2851,0,autoencoder@0.975,0.5818094,1.1696538925170898
rds_cpu_utilization_cc0c53:2843:2859,0,autoencoder@0.975,0.46094233,1.1696538925170898
rds_cpu_utilization_cc0c53:2851:2867,0,autoencoder@0.975,0.4326639,1.1696538925170898
rds_cpu_utilization_cc0c53:2859:2875,0,autoencoder@0.975,0.76680636,1.1696538925170898
rds_cpu_utilization_cc0c53:2867:2883,0,autoencoder@0.975,0.8558202,1.1696538925170898
rds_cpu_utilization_cc0c53:2875:2891,0,autoencoder@0.975,0.6836182,1.1696538925170898
rds_cpu_utilization_cc0c53:2883:2899,0,autoencoder@0.975,1.3941795,1.1696538925170898
rds_cpu_utilization_cc0c53:2891:2907,0,autoencoder@0.975,1.5379566,1.1696538925170898
rds_cpu_utilization_cc0c53:2899:2915,0,autoencoder@0.975,1.1925309,1.1696538925170898
rds_cpu_utilization_cc0c53:2907:2923,0,autoencoder@0.975,0.94249463,1.1696538925170898
rds_cpu_utilization_cc0c53:2915:2931,0,autoencoder@0.975,1.8457985,1.1696538925170898
rds_cpu_utilization_cc0c53:2923:2939,0,autoencoder@0.975,1.5561868,1.1696538925170898
rds_cpu_utilization_cc0c53:2931:2947,0,autoencoder@0.975,1.4858363,1.1696538925170898
rds_cpu_utilization_cc0c53:2939:2955,0,autoencoder@0.975,1.2451819,1.1696538925170898
rds_cpu_utilization_cc0c53:2947:2963,0,autoencoder@0.975,0.4842881,1.1696538925170898
rds_cpu_utilization_cc0c53:2955:2971,0,autoencoder@0.975,0.37998968,1.1696538925170898
rds_cpu_utilization_cc0c53:2963:2979,0,autoencoder@0.975,0.6082584,1.1696538925170898
rds_cpu_utilization_cc0c53:2971:2987,1,autoencoder@0.975,0.7297362,1.1696538925170898
rds_cpu_utilization_cc0c53:2979:2995,1,autoencoder@0.975,1.0541699,1.1696538925170898
rds_cpu_utilization_cc0c53:2987:3003,1,autoencoder@0.975,1.8119981,1.1696538925170898
rds_cpu_utilization_cc0c53:2995:3011,1,autoencoder@0.975,2.0991333,1.1696538925170898
rds_cpu_utilization_cc0c53:3003:3019,1,autoencoder@0.975,1.2113543,1.1696538925170898
rds_cpu_utilization_cc0c53:3011:3027,1,autoencoder@0.975,0.9261679,1.1696538925170898
rds_cpu_utilization_cc0c53:3019:3035,1,autoencoder@0.975,1.7712623,1.1696538925170898
rds_cpu_utilization_cc0c53:3027:3043,1,autoencoder@0.975,1.5450594,1.1696538925170898
rds_cpu_utilization_cc0c53:3035:3051,1,autoencoder@0.975,0.4378372,1.1696538925170898
rds_cpu_utilization_cc0c53:3043:3059,1,autoencoder@0.975,0.39074033,1.1696538925170898
rds_cpu_utilization_cc0c53:3051:3067,1,autoencoder@0.975,0.46851256,1.1696538925170898
rds_cpu_utilization_cc0c53:3059:3075,1,autoencoder@0.975,0.4235986,1.1696538925170898
rds_cpu_utilization_cc0c53:3067:3083,1,autoencoder@0.975,243.30913,1.1696538925170898
rds_cpu_utilization_cc0c53:3075:3091,1,autoencoder@0.975,377.82355,1.1696538925170898
rds_cpu_utilization_cc0c53:3083:3099,1,autoencoder@0.975,348.896,1.1696538925170898
rds_cpu_utilization_cc0c53:3091:3107,1,autoencoder@0.975,309.6267,1.1696538925170898
rds_cpu_utilization_cc0c53:3099:3115,1,autoencoder@0.975,327.4409,1.1696538925170898
rds_cpu_utilization_cc0c53:3107:3123,1,autoencoder@0.975,306.74805,1.1696538925170898
rds_cpu_utilization_cc0c53:3115:3131,1,autoencoder@0.975,318.0365,1.1696538925170898
rds_cpu_utilization_cc0c53:3123:3139,1,autoencoder@0.975,315.6805,1.1696538925170898
rds_cpu_utilization_cc0c53:3131:3147,1,autoencoder@0.975,296.4429,1.1696538925170898
rds_cpu_utilization_cc0c53:3139:3155,1,autoencoder@0.975,300.12662,1.1696538925170898
rds_cpu_utilization_cc0c53:3147:3163,1,autoencoder@0.975,305.20343,1.1696538925170898
rds_cpu_utilization_cc0c53:3155:3171,1,autoencoder@0.975,298.1776,1.1696538925170898
rds_cpu_utilization_cc0c53:3163:3179,1,autoencoder@0.975,287.345,1.1696538925170898
rds_cpu_utilization_cc0c53:3171:3187,1,autoencoder@0.975,278.97775,1.1696538925170898
rds_cpu_utilization_cc0c53:3179:3195,1,autoencoder@0.975,285.1907,1.1696538925170898
rds_cpu_utilization_cc0c53:3187:3203,0,autoencoder@0.975,296.6096,1.1696538925170898
rds_cpu_utilization_cc0c53:3195:3211,0,autoencoder@0.975,309.03253,1.1696538925170898
rds_cpu_utilization_cc0c53:3203:3219,0,autoencoder@0.975,299.65042,1.1696538925170898
rds_cpu_utilization_cc0c53:2419:2435,0,autoencoder@0.99,2.5097985,1.525272011756897
rds_cpu_utilization_cc0c53:2427:2443,0,autoencoder@0.99,1.2959951,1.525272011756897
rds_cpu_utilization_cc0c53:2435:2451,0,autoencoder@0.99,1.1317686,1.525272011756897
rds_cpu_utilization_cc0c53:2443:2459,0,autoencoder@0.99,1.3654016,1.525272011756897
rds_cpu_utilization_cc0c53:2451:2467,0,autoencoder@0.99,1.4764527,1.525272011756897
rds_cpu_utilization_cc0c53:2459:2475,0,autoencoder@0.99,1.039029,1.525272011756897
rds_cpu_utilization_cc0c53:2467:2483,0,autoencoder@0.99,0.5093455,1.525272011756897
rds_cpu_utilization_cc0c53:2475:2491,0,autoencoder@0.99,0.9437701,1.525272011756897
rds_cpu_utilization_cc0c53:2483:2499,0,autoencoder@0.99,0.65186447,1.525272011756897
rds_cpu_utilization_cc0c53:2491:2507,0,autoencoder@0.99,0.45222193,1.525272011756897
rds_cpu_utilization_cc0c53:2499:2515,0,autoencoder@0.99,0.8337196,1.525272011756897
rds_cpu_utilization_cc0c53:2507:2523,0,autoencoder@0.99,0.7959449,1.525272011756897
rds_cpu_utilization_cc0c53:2515:2531,0,autoencoder@0.99,0.56404036,1.525272011756897
rds_cpu_utilization_cc0c53:2523:2539,0,autoencoder@0.99,0.7884133,1.525272011756897
rds_cpu_utilization_cc0c53:2531:2547,0,autoencoder@0.99,0.80684304,1.525272011756897
rds_cpu_utilization_cc0c53:2539:2555,0,autoencoder@0.99,0.48413965,1.525272011756897
rds_cpu_utilization_cc0c53:2547:2563,0,autoencoder@0.99,0.5429234,1.525272011756897
rds_cpu_utilization_cc0c53:2555:2571,0,autoencoder@0.99,0.43401644,1.525272011756897
rds_cpu_utilization_cc0c53:2563:2579,0,autoencoder@0.99,1.2668723,1.525272011756897
rds_cpu_utilization_cc0c53:2571:2587,0,autoencoder@0.99,1.3664742,1.525272011756897
rds_cpu_utilization_cc0c53:2579:2595,0,autoencoder@0.99,0.5901846,1.525272011756897
rds_cpu_utilization_cc0c53:2587:2603,0,autoencoder@0.99,0.80579025,1.525272011756897
rds_cpu_utilization_cc0c53:2595:2611,0,autoencoder@0.99,0.937142,1.525272011756897
rds_cpu_utilization_cc0c53:2603:2619,0,autoencoder@0.99,1.0154228,1.525272011756897
rds_cpu_utilization_cc0c53:2611:2627,0,autoencoder@0.99,0.8559325,1.525272011756897
rds_cpu_utilization_cc0c53:2619:2635,0,autoencoder@0.99,0.6719615,1.525272011756897
rds_cpu_utilization_cc0c53:2627:2643,0,autoencoder@0.99,0.82786626,1.525272011756897
rds_cpu_utilization_cc0c53:2635:2651,0,autoencoder@0.99,1.3928607,1.525272011756897
rds_cpu_utilization_cc0c53:2643:2659,0,autoencoder@0.99,1.378999,1.525272011756897
rds_cpu_utilization_cc0c53:2651:2667,0,autoencoder@0.99,1.0522447,1.525272011756897
rds_cpu_utilization_cc0c53:2659:2675,0,autoencoder@0.99,1.0521774,1.525272011756897
rds_cpu_utilization_cc0c53:2667:2683,0,autoencoder@0.99,1.1850066,1.525272011756897
rds_cpu_utilization_cc0c53:2675:2691,0,autoencoder@0.99,1.0378675,1.525272011756897
rds_cpu_utilization_cc0c53:2683:2699,0,autoencoder@0.99,0.75175345,1.525272011756897
rds_cpu_utilization_cc0c53:2691:2707,0,autoencoder@0.99,0.49529183,1.525272011756897
rds_cpu_utilization_cc0c53:2699:2715,0,autoencoder@0.99,0.9894833,1.525272011756897
rds_cpu_utilization_cc0c53:2707:2723,0,autoencoder@0.99,0.91051286,1.525272011756897
rds_cpu_utilization_cc0c53:2715:2731,0,autoencoder@0.99,0.6333344,1.525272011756897
rds_cpu_utilization_cc0c53:2723:2739,0,autoencoder@0.99,0.710384,1.525272011756897
rds_cpu_utilization_cc0c53:2731:2747,0,autoencoder@0.99,1.01973,1.525272011756897
rds_cpu_utilization_cc0c53:2739:2755,0,autoencoder@0.99,0.8486722,1.525272011756897
rds_cpu_utilization_cc0c53:2747:2763,0,autoencoder@0.99,0.5783982,1.525272011756897
rds_cpu_utilization_cc0c53:2755:2771,0,autoencoder@0.99,0.8368173,1.525272011756897
rds_cpu_utilization_cc0c53:2763:2779,0,autoencoder@0.99,0.7930065,1.525272011756897
rds_cpu_utilization_cc0c53:2771:2787,0,autoencoder@0.99,0.46472415,1.525272011756897
rds_cpu_utilization_cc0c53:2779:2795,0,autoencoder@0.99,0.7935322,1.525272011756897
rds_cpu_utilization_cc0c53:2787:2803,0,autoencoder@0.99,0.9063111,1.525272011756897
rds_cpu_utilization_cc0c53:2795:2811,0,autoencoder@0.99,0.77491,1.525272011756897
rds_cpu_utilization_cc0c53:2803:2819,0,autoencoder@0.99,0.31241357,1.525272011756897
rds_cpu_utilization_cc0c53:2811:2827,0,autoencoder@0.99,0.5431293,1.525272011756897
rds_cpu_utilization_cc0c53:2819:2835,0,autoencoder@0.99,0.3065982,1.525272011756897
rds_cpu_utilization_cc0c53:2827:2843,0,autoencoder@0.99,0.5778392,1.525272011756897
rds_cpu_utilization_cc0c53:2835:2851,0,autoencoder@0.99,0.5818094,1.525272011756897
rds_cpu_utilization_cc0c53:2843:2859,0,autoencoder@0.99,0.46094233,1.525272011756897
rds_cpu_utilization_cc0c53:2851:2867,0,autoencoder@0.99,0.4326639,1.525272011756897
rds_cpu_utilization_cc0c53:2859:2875,0,autoencoder@0.99,0.76680636,1.525272011756897
rds_cpu_utilization_cc0c53:2867:2883,0,autoencoder@0.99,0.8558202,1.525272011756897
rds_cpu_utilization_cc0c53:2875:2891,0,autoencoder@0.99,0.6836182,1.525272011756897
rds_cpu_utilization_cc0c53:2883:2899,0,autoencoder@0.99,1.3941795,1.525272011756897
rds_cpu_utilization_cc0c53:2891:2907,0,autoencoder@0.99,1.5379566,1.525272011756897
rds_cpu_utilization_cc0c53:2899:2915,0,autoencoder@0.99,1.1925309,1.525272011756897
rds_cpu_utilization_cc0c53:2907:2923,0,autoencoder@0.99,0.94249463,1.525272011756897
rds_cpu_utilization_cc0c53:2915:2931,0,autoencoder@0.99,1.8457985,1.525272011756897
rds_cpu_utilization_cc0c53:2923:2939,0,autoencoder@0.99,1.5561868,1.525272011756897
rds_cpu_utilization_cc0c53:2931:2947,0,autoencoder@0.99,1.4858363,1.525272011756897
rds_cpu_utilization_cc0c53:2939:2955,0,autoencoder@0.99,1.2451819,1.525272011756897
rds_cpu_utilization_cc0c53:2947:2963,0,autoencoder@0.99,0.4842881,1.525272011756897
rds_cpu_utilization_cc0c53:2955:2971,0,autoencoder@0.99,0.37998968,1.525272011756897
rds_cpu_utilization_cc0c53:2963:2979,0,autoencoder@0.99,0.6082584,1.525272011756897
rds_cpu_utilization_cc0c53:2971:2987,1,autoencoder@0.99,0.7297362,1.525272011756897
rds_cpu_utilization_cc0c53:2979:2995,1,autoencoder@0.99,1.0541699,1.525272011756897
rds_cpu_utilization_cc0c53:2987:3003,1,autoencoder@0.99,1.8119981,1.525272011756897
rds_cpu_utilization_cc0c53:2995:3011,1,autoencoder@0.99,2.0991333,1.525272011756897
rds_cpu_utilization_cc0c53:3003:3019,1,autoencoder@0.99,1.2113543,1.525272011756897
rds_cpu_utilization_cc0c53:3011:3027,1,autoencoder@0.99,0.9261679,1.525272011756897
rds_cpu_utilization_cc0c53:3019:3035,1,autoencoder@0.99,1.7712623,1.525272011756897
rds_cpu_utilization_cc0c53:3027:3043,1,autoencoder@0.99,1.5450594,1.525272011756897
rds_cpu_utilization_cc0c53:3035:3051,1,autoencoder@0.99,0.4378372,1.525272011756897
rds_cpu_utilization_cc0c53:3043:3059,1,autoencoder@0.99,0.39074033,1.525272011756897
rds_cpu_utilization_cc0c53:3051:3067,1,autoencoder@0.99,0.46851256,1.525272011756897
rds_cpu_utilization_cc0c53:3059:3075,1,autoencoder@0.99,0.4235986,1.525272011756897
rds_cpu_utilization_cc0c53:3067:3083,1,autoencoder@0.99,243.30913,1.525272011756897
rds_cpu_utilization_cc0c53:3075:3091,1,autoencoder@0.99,377.82355,1.525272011756897
rds_cpu_utilization_cc0c53:3083:3099,1,autoencoder@0.99,348.896,1.525272011756897
rds_cpu_utilization_cc0c53:3091:3107,1,autoencoder@0.99,309.6267,1.525272011756897
rds_cpu_utilization_cc0c53:3099:3115,1,autoencoder@0.99,327.4409,1.525272011756897
rds_cpu_utilization_cc0c53:3107:3123,1,autoencoder@0.99,306.74805,1.525272011756897
rds_cpu_utilization_cc0c53:3115:3131,1,autoencoder@0.99,318.0365,1.525272011756897
rds_cpu_utilization_cc0c53:3123:3139,1,autoencoder@0.99,315.6805,1.525272011756897
rds_cpu_utilization_cc0c53:3131:3147,1,autoencoder@0.99,296.4429,1.525272011756897
rds_cpu_utilization_cc0c53:3139:3155,1,autoencoder@0.99,300.12662,1.525272011756897
rds_cpu_utilization_cc0c53:3147:3163,1,autoencoder@0.99,305.20343,1.525272011756897
rds_cpu_utilization_cc0c53:3155:3171,1,autoencoder@0.99,298.1776,1.525272011756897
rds_cpu_utilization_cc0c53:3163:3179,1,autoencoder@0.99,287.345,1.525272011756897
rds_cpu_utilization_cc0c53:3171:3187,1,autoencoder@0.99,278.97775,1.525272011756897
rds_cpu_utilization_cc0c53:3179:3195,1,autoencoder@0.99,285.1907,1.525272011756897
rds_cpu_utilization_cc0c53:3187:3203,0,autoencoder@0.99,296.6096,1.525272011756897
rds_cpu_utilization_cc0c53:3195:3211,0,autoencoder@0.99,309.03253,1.525272011756897
rds_cpu_utilization_cc0c53:3203:3219,0,autoencoder@0.99,299.65042,1.525272011756897
rds_cpu_utilization_cc0c53:2419:2435,0,max_abs_z@0.95,5.9081407,3.221214771270752
rds_cpu_utilization_cc0c53:2427:2443,0,max_abs_z@0.95,2.8466206,3.221214771270752
rds_cpu_utilization_cc0c53:2435:2451,0,max_abs_z@0.95,2.8466475,3.221214771270752
rds_cpu_utilization_cc0c53:2443:2459,0,max_abs_z@0.95,3.206902,3.221214771270752
rds_cpu_utilization_cc0c53:2451:2467,0,max_abs_z@0.95,3.200921,3.221214771270752
rds_cpu_utilization_cc0c53:2459:2475,0,max_abs_z@0.95,1.9005992,3.221214771270752
rds_cpu_utilization_cc0c53:2467:2483,0,max_abs_z@0.95,1.7127507,3.221214771270752
rds_cpu_utilization_cc0c53:2475:2491,0,max_abs_z@0.95,3.117506,3.221214771270752
rds_cpu_utilization_cc0c53:2483:2499,0,max_abs_z@0.95,3.117759,3.221214771270752
rds_cpu_utilization_cc0c53:2491:2507,0,max_abs_z@0.95,1.8494363,3.221214771270752
rds_cpu_utilization_cc0c53:2499:2515,0,max_abs_z@0.95,2.6104681,3.221214771270752
rds_cpu_utilization_cc0c53:2507:2523,0,max_abs_z@0.95,2.5936315,3.221214771270752
rds_cpu_utilization_cc0c53:2515:2531,0,max_abs_z@0.95,1.9984578,3.221214771270752
rds_cpu_utilization_cc0c53:2523:2539,0,max_abs_z@0.95,2.3196826,3.221214771270752
rds_cpu_utilization_cc0c53:2531:2547,0,max_abs_z@0.95,2.3119507,3.221214771270752
rds_cpu_utilization_cc0c53:2539:2555,0,max_abs_z@0.95,1.9160523,3.221214771270752
rds_cpu_utilization_cc0c53:2547:2563,0,max_abs_z@0.95,1.9099301,3.221214771270752
rds_cpu_utilization_cc0c53:2555:2571,0,max_abs_z@0.95,1.9291984,3.221214771270752
rds_cpu_utilization_cc0c53:2563:2579,0,max_abs_z@0.95,3.2514317,3.221214771270752
rds_cpu_utilization_cc0c53:2571:2587,0,max_abs_z@0.95,3.2528827,3.221214771270752
rds_cpu_utilization_cc0c53:2579:2595,0,max_abs_z@0.95,1.9732833,3.221214771270752
rds_cpu_utilization_cc0c53:2587:2603,0,max_abs_z@0.95,2.7061625,3.221214771270752
rds_cpu_utilization_cc0c53:2595:2611,0,max_abs_z@0.95,2.7132304,3.221214771270752
rds_cpu_utilization_cc0c53:2603:2619,0,max_abs_z@0.95,1.971799,3.221214771270752
rds_cpu_utilization_cc0c53:2611:2627,0,max_abs_z@0.95,3.3727086,3.221214771270752
rds_cpu_utilization_cc0c53:2619:2635,0,max_abs_z@0.95,3.3516068,3.221214771270752
rds_cpu_utilization_cc0c53:2627:2643,0,max_abs_z@0.95,1.9291575,3.221214771270752
rds_cpu_utilization_cc0c53:2635:2651,0,max_abs_z@0.95,4.1291537,3.221214771270752
rds_cpu_utilization_cc0c53:2643:2659,0,max_abs_z@0.95,4.105376,3.221214771270752
rds_cpu_utilization_cc0c53:2651:2667,0,max_abs_z@0.95,2.4024353,3.221214771270752
rds_cpu_utilization_cc0c53:2659:2675,0,max_abs_z@0.95,2.4000423,3.221214771270752
rds_cpu_utilization_cc0c53:2667:2683,0,max_abs_z@0.95,2.7580388,3.221214771270752
rds_cpu_utilization_cc0c53:2675:2691,0,max_abs_z@0.95,2.7580638,3.221214771270752
rds_cpu_utilization_cc0c53:2683:2699,0,max_abs_z@0.95,1.8777558,3.221214771270752
rds_cpu_utilization_cc0c53:2691:2707,0,max_abs_z@0.95,1.8764879,3.221214771270752
rds_cpu_utilization_cc0c53:2699:2715,0,max_abs_z@0.95,2.248694,3.221214771270752
rds_cpu_utilization_cc0c53:2707:2723,0,max_abs_z@0.95,2.248709,3.221214771270752
rds_cpu_utilization_cc0c53:2715:2731,0,max_abs_z@0.95,1.9099301,3.221214771270752
rds_cpu_utilization_cc0c53:2723:2739,0,max_abs_z@0.95,1.8614575,3.221214771270752
rds_cpu_utilization_cc0c53:2731:2747,0,max_abs_z@0.95,2.2597656,3.221214771270752
rds_cpu_utilization_cc0c53:2739:2755,0,max_abs_z@0.95,2.2597811,3.221214771270752
rds_cpu_utilization_cc0c53:2747:2763,0,max_abs_z@0.95,1.8852313,3.221214771270752
rds_cpu_utilization_cc0c53:2755:2771,0,max_abs_z@0.95,2.0867496,3.221214771270752
rds_cpu_utilization_cc0c53:2763:2779,0,max_abs_z@0.95,2.070197,3.221214771270752
rds_cpu_utilization_cc0c53:2771:2787,0,max_abs_z@0.95,1.9606794,3.221214771270752
rds_cpu_utilization_cc0c53:2779:2795,0,max_abs_z@0.95,1.9655181,3.221214771270752
rds_cpu_utilization_cc0c53:2787:2803,0,max_abs_z@0.95,3.2904742,3.221214771270752
rds_cpu_utilization_cc0c53:2795:2811,0,max_abs_z@0.95,3.2718525,3.221214771270752
rds_cpu_utilization_cc0c53:2803:2819,0,max_abs_z@0.95,1.2872986,3.221214771270752
rds_cpu_utilization_cc0c53:2811:2827,0,max_abs_z@0.95,1.8671979,3.221214771270752
rds_cpu_utilization_cc0c53:2819:2835,0,max_abs_z@0.95,1.8674694,3.221214771270752
rds_cpu_utilization_cc0c53:2827:2843,0,max_abs_z@0.95,1.7273021,3.221214771270752
rds_cpu_utilization_cc0c53:2835:2851,0,max_abs_z@0.95,1.7208402,3.221214771270752
rds_cpu_utilization_cc0c53:2843:2859,0,max_abs_z@0.95,1.6487598,3.221214771270752
rds_cpu_utilization_cc0c53:2851:2867,0,max_abs_z@0.95,1.9995294,3.221214771270752
rds_cpu_utilization_cc0c53:2859:2875,0,max_abs_z@0.95,2.00608,3.221214771270752
rds_cpu_utilization_cc0c53:2867:2883,0,max_abs_z@0.95,1.8614575,3.221214771270752
rds_cpu_utilization_cc0c53:2875:2891,0,max_abs_z@0.95,1.7518753,3.221214771270752
rds_cpu_utilization_cc0c53:2883:2899,0,max_abs_z@0.95,2.3428116,3.221214771270752
rds_cpu_utilization_cc0c53:2891:2907,0,max_abs_z@0.95,2.3428288,3.221214771270752
rds_cpu_utilization_cc0c53:2899:2915,0,max_abs_z@0.95,2.2529585,3.221214771270752
rds_cpu_utilization_cc0c53:2907:2923,0,max_abs_z@0.95,2.4743178,3.221214771270752
rds_cpu_utilization_cc0c53:2915:2931,0,max_abs_z@0.95,2.8725712,3.221214771270752
rds_cpu_utilization_cc0c53:2923:2939,0,max_abs_z@0.95,2.863654,3.221214771270752
rds_cpu_utilization_cc0c53:2931:2947,0,max_abs_z@0.95,2.602907,3.221214771270752
rds_cpu_utilization_cc0c53:2939:2955,0,max_abs_z@0.95,2.60606,3.221214771270752
rds_cpu_utilization_cc0c53:2947:2963,0,max_abs_z@0.95,1.6380646,3.221214771270752
rds_cpu_utilization_cc0c53:2955:2971,0,max_abs_z@0.95,1.3563762,3.221214771270752
rds_cpu_utilization_cc0c53:2963:2979,0,max_abs_z@0.95,2.7758543,3.221214771270752
rds_cpu_utilization_cc0c53:2971:2987,1,max_abs_z@0.95,2.7708833,3.221214771270752
rds_cpu_utilization_cc0c53:2979:2995,1,max_abs_z@0.95,2.2210114,3.221214771270752
rds_cpu_utilization_cc0c53:2987:3003,1,max_abs_z@0.95,3.9270196,3.221214771270752
rds_cpu_utilization_cc0c53:2995:3011,1,max_abs_z@0.95,3.9251127,3.221214771270752
rds_cpu_utilization_cc0c53:3003:3019,1,max_abs_z@0.95,2.6660821,3.221214771270752
rds_cpu_utilization_cc0c53:3011:3027,1,max_abs_z@0.95,2.6050591,3.221214771270752
rds_cpu_utilization_cc0c53:3019:3035,1,max_abs_z@0.95,3.815446,3.221214771270752
rds_cpu_utilization_cc0c53:3027:3043,1,max_abs_z@0.95,3.8095315,3.221214771270752
rds_cpu_utilization_cc0c53:3035:3051,1,max_abs_z@0.95,2.2103434,3.221214771270752
rds_cpu_utilization_cc0c53:3043:3059,1,max_abs_z@0.95,1.8371418,3.221214771270752
rds_cpu_utilization_cc0c53:3051:3067,1,max_abs_z@0.95,1.8491645,3.221214771270752
rds_cpu_utilization_cc0c53:3059:3075,1,max_abs_z@0.95,1.9480876,3.221214771270752
rds_cpu_utilization_cc0c53:3067:3083,1,max_abs_z@0.95,58.57611,3.221214771270752
rds_cpu_utilization_cc0c53:3075:3091,1,max_abs_z@0.95,58.576187,3.221214771270752
rds_cpu_utilization_cc0c53:3083:3099,1,max_abs_z@0.95,37.76662,3.221214771270752
rds_cpu_utilization_cc0c53:3091:3107,1,max_abs_z@0.95,27.998043,3.221214771270752
rds_cpu_utilization_cc0c53:3099:3115,1,max_abs_z@0.95,27.997322,3.221214771270752
rds_cpu_utilization_cc0c53:3107:3123,1,max_abs_z@0.95,29.315485,3.221214771270752
rds_cpu_utilization_cc0c53:3115:3131,1,max_abs_z@0.95,29.228554,3.221214771270752
rds_cpu_utilization_cc0c53:3123:3139,1,max_abs_z@0.95,27.795269,3.221214771270752
rds_cpu_utilization_cc0c53:3131:3147,1,max_abs_z@0.95,27.480566,3.221214771270752
rds_cpu_utilization_cc0c53:3139:3155,1,max_abs_z@0.95,29.315485,3.221214771270752
rds_cpu_utilization_cc0c53:3147:3163,1,max_abs_z@0.95,29.228554,3.221214771270752
rds_cpu_utilization_cc0c53:3155:3171,1,max_abs_z@0.95,28.167437,3.221214771270752
rds_cpu_utilization_cc0c53:3163:3179,1,max_abs_z@0.95,27.480566,3.221214771270752
rds_cpu_utilization_cc0c53:3171:3187,1,max_abs_z@0.95,27.573286,3.221214771270752
rds_cpu_utilization_cc0c53:3179:3195,1,max_abs_z@0.95,28.228268,3.221214771270752
rds_cpu_utilization_cc0c53:3187:3203,0,max_abs_z@0.95,28.227547,3.221214771270752
rds_cpu_utilization_cc0c53:3195:3211,0,max_abs_z@0.95,29.315485,3.221214771270752
rds_cpu_utilization_cc0c53:3203:3219,0,max_abs_z@0.95,29.228554,3.221214771270752
rds_cpu_utilization_cc0c53:2419:2435,0,max_abs_z@0.975,5.9081407,3.5653741359710693
rds_cpu_utilization_cc0c53:2427:2443,0,max_abs_z@0.975,2.8466206,3.5653741359710693
rds_cpu_utilization_cc0c53:2435:2451,0,max_abs_z@0.975,2.8466475,3.5653741359710693
rds_cpu_utilization_cc0c53:2443:2459,0,max_abs_z@0.975,3.206902,3.5653741359710693
rds_cpu_utilization_cc0c53:2451:2467,0,max_abs_z@0.975,3.200921,3.5653741359710693
rds_cpu_utilization_cc0c53:2459:2475,0,max_abs_z@0.975,1.9005992,3.5653741359710693
rds_cpu_utilization_cc0c53:2467:2483,0,max_abs_z@0.975,1.7127507,3.5653741359710693
rds_cpu_utilization_cc0c53:2475:2491,0,max_abs_z@0.975,3.117506,3.5653741359710693
rds_cpu_utilization_cc0c53:2483:2499,0,max_abs_z@0.975,3.117759,3.5653741359710693
rds_cpu_utilization_cc0c53:2491:2507,0,max_abs_z@0.975,1.8494363,3.5653741359710693
rds_cpu_utilization_cc0c53:2499:2515,0,max_abs_z@0.975,2.6104681,3.5653741359710693
rds_cpu_utilization_cc0c53:2507:2523,0,max_abs_z@0.975,2.5936315,3.5653741359710693
rds_cpu_utilization_cc0c53:2515:2531,0,max_abs_z@0.975,1.9984578,3.5653741359710693
rds_cpu_utilization_cc0c53:2523:2539,0,max_abs_z@0.975,2.3196826,3.5653741359710693
rds_cpu_utilization_cc0c53:2531:2547,0,max_abs_z@0.975,2.3119507,3.5653741359710693
rds_cpu_utilization_cc0c53:2539:2555,0,max_abs_z@0.975,1.9160523,3.5653741359710693
rds_cpu_utilization_cc0c53:2547:2563,0,max_abs_z@0.975,1.9099301,3.5653741359710693
rds_cpu_utilization_cc0c53:2555:2571,0,max_abs_z@0.975,1.9291984,3.5653741359710693
rds_cpu_utilization_cc0c53:2563:2579,0,max_abs_z@0.975,3.2514317,3.5653741359710693
rds_cpu_utilization_cc0c53:2571:2587,0,max_abs_z@0.975,3.2528827,3.5653741359710693
rds_cpu_utilization_cc0c53:2579:2595,0,max_abs_z@0.975,1.9732833,3.5653741359710693
rds_cpu_utilization_cc0c53:2587:2603,0,max_abs_z@0.975,2.7061625,3.5653741359710693
rds_cpu_utilization_cc0c53:2595:2611,0,max_abs_z@0.975,2.7132304,3.5653741359710693
rds_cpu_utilization_cc0c53:2603:2619,0,max_abs_z@0.975,1.971799,3.5653741359710693
rds_cpu_utilization_cc0c53:2611:2627,0,max_abs_z@0.975,3.3727086,3.5653741359710693
rds_cpu_utilization_cc0c53:2619:2635,0,max_abs_z@0.975,3.3516068,3.5653741359710693
rds_cpu_utilization_cc0c53:2627:2643,0,max_abs_z@0.975,1.9291575,3.5653741359710693
rds_cpu_utilization_cc0c53:2635:2651,0,max_abs_z@0.975,4.1291537,3.5653741359710693
rds_cpu_utilization_cc0c53:2643:2659,0,max_abs_z@0.975,4.105376,3.5653741359710693
rds_cpu_utilization_cc0c53:2651:2667,0,max_abs_z@0.975,2.4024353,3.5653741359710693
rds_cpu_utilization_cc0c53:2659:2675,0,max_abs_z@0.975,2.4000423,3.5653741359710693
rds_cpu_utilization_cc0c53:2667:2683,0,max_abs_z@0.975,2.7580388,3.5653741359710693
rds_cpu_utilization_cc0c53:2675:2691,0,max_abs_z@0.975,2.7580638,3.5653741359710693
rds_cpu_utilization_cc0c53:2683:2699,0,max_abs_z@0.975,1.8777558,3.5653741359710693
rds_cpu_utilization_cc0c53:2691:2707,0,max_abs_z@0.975,1.8764879,3.5653741359710693
rds_cpu_utilization_cc0c53:2699:2715,0,max_abs_z@0.975,2.248694,3.5653741359710693
rds_cpu_utilization_cc0c53:2707:2723,0,max_abs_z@0.975,2.248709,3.5653741359710693
rds_cpu_utilization_cc0c53:2715:2731,0,max_abs_z@0.975,1.9099301,3.5653741359710693
rds_cpu_utilization_cc0c53:2723:2739,0,max_abs_z@0.975,1.8614575,3.5653741359710693
rds_cpu_utilization_cc0c53:2731:2747,0,max_abs_z@0.975,2.2597656,3.5653741359710693
rds_cpu_utilization_cc0c53:2739:2755,0,max_abs_z@0.975,2.2597811,3.5653741359710693
rds_cpu_utilization_cc0c53:2747:2763,0,max_abs_z@0.975,1.8852313,3.5653741359710693
rds_cpu_utilization_cc0c53:2755:2771,0,max_abs_z@0.975,2.0867496,3.5653741359710693
rds_cpu_utilization_cc0c53:2763:2779,0,max_abs_z@0.975,2.070197,3.5653741359710693
rds_cpu_utilization_cc0c53:2771:2787,0,max_abs_z@0.975,1.9606794,3.5653741359710693
rds_cpu_utilization_cc0c53:2779:2795,0,max_abs_z@0.975,1.9655181,3.5653741359710693
rds_cpu_utilization_cc0c53:2787:2803,0,max_abs_z@0.975,3.2904742,3.5653741359710693
rds_cpu_utilization_cc0c53:2795:2811,0,max_abs_z@0.975,3.2718525,3.5653741359710693
rds_cpu_utilization_cc0c53:2803:2819,0,max_abs_z@0.975,1.2872986,3.5653741359710693
rds_cpu_utilization_cc0c53:2811:2827,0,max_abs_z@0.975,1.8671979,3.5653741359710693
rds_cpu_utilization_cc0c53:2819:2835,0,max_abs_z@0.975,1.8674694,3.5653741359710693
rds_cpu_utilization_cc0c53:2827:2843,0,max_abs_z@0.975,1.7273021,3.5653741359710693
rds_cpu_utilization_cc0c53:2835:2851,0,max_abs_z@0.975,1.7208402,3.5653741359710693
rds_cpu_utilization_cc0c53:2843:2859,0,max_abs_z@0.975,1.6487598,3.5653741359710693
rds_cpu_utilization_cc0c53:2851:2867,0,max_abs_z@0.975,1.9995294,3.5653741359710693
rds_cpu_utilization_cc0c53:2859:2875,0,max_abs_z@0.975,2.00608,3.5653741359710693
rds_cpu_utilization_cc0c53:2867:2883,0,max_abs_z@0.975,1.8614575,3.5653741359710693
rds_cpu_utilization_cc0c53:2875:2891,0,max_abs_z@0.975,1.7518753,3.5653741359710693
rds_cpu_utilization_cc0c53:2883:2899,0,max_abs_z@0.975,2.3428116,3.5653741359710693
rds_cpu_utilization_cc0c53:2891:2907,0,max_abs_z@0.975,2.3428288,3.5653741359710693
rds_cpu_utilization_cc0c53:2899:2915,0,max_abs_z@0.975,2.2529585,3.5653741359710693
rds_cpu_utilization_cc0c53:2907:2923,0,max_abs_z@0.975,2.4743178,3.5653741359710693
rds_cpu_utilization_cc0c53:2915:2931,0,max_abs_z@0.975,2.8725712,3.5653741359710693
rds_cpu_utilization_cc0c53:2923:2939,0,max_abs_z@0.975,2.863654,3.5653741359710693
rds_cpu_utilization_cc0c53:2931:2947,0,max_abs_z@0.975,2.602907,3.5653741359710693
rds_cpu_utilization_cc0c53:2939:2955,0,max_abs_z@0.975,2.60606,3.5653741359710693
rds_cpu_utilization_cc0c53:2947:2963,0,max_abs_z@0.975,1.6380646,3.5653741359710693
rds_cpu_utilization_cc0c53:2955:2971,0,max_abs_z@0.975,1.3563762,3.5653741359710693
rds_cpu_utilization_cc0c53:2963:2979,0,max_abs_z@0.975,2.7758543,3.5653741359710693
rds_cpu_utilization_cc0c53:2971:2987,1,max_abs_z@0.975,2.7708833,3.5653741359710693
rds_cpu_utilization_cc0c53:2979:2995,1,max_abs_z@0.975,2.2210114,3.5653741359710693
rds_cpu_utilization_cc0c53:2987:3003,1,max_abs_z@0.975,3.9270196,3.5653741359710693
rds_cpu_utilization_cc0c53:2995:3011,1,max_abs_z@0.975,3.9251127,3.5653741359710693
rds_cpu_utilization_cc0c53:3003:3019,1,max_abs_z@0.975,2.6660821,3.5653741359710693
rds_cpu_utilization_cc0c53:3011:3027,1,max_abs_z@0.975,2.6050591,3.5653741359710693
rds_cpu_utilization_cc0c53:3019:3035,1,max_abs_z@0.975,3.815446,3.5653741359710693
rds_cpu_utilization_cc0c53:3027:3043,1,max_abs_z@0.975,3.8095315,3.5653741359710693
rds_cpu_utilization_cc0c53:3035:3051,1,max_abs_z@0.975,2.2103434,3.5653741359710693
rds_cpu_utilization_cc0c53:3043:3059,1,max_abs_z@0.975,1.8371418,3.5653741359710693
rds_cpu_utilization_cc0c53:3051:3067,1,max_abs_z@0.975,1.8491645,3.5653741359710693
rds_cpu_utilization_cc0c53:3059:3075,1,max_abs_z@0.975,1.9480876,3.5653741359710693
rds_cpu_utilization_cc0c53:3067:3083,1,max_abs_z@0.975,58.57611,3.5653741359710693
rds_cpu_utilization_cc0c53:3075:3091,1,max_abs_z@0.975,58.576187,3.5653741359710693
rds_cpu_utilization_cc0c53:3083:3099,1,max_abs_z@0.975,37.76662,3.5653741359710693
rds_cpu_utilization_cc0c53:3091:3107,1,max_abs_z@0.975,27.998043,3.5653741359710693
rds_cpu_utilization_cc0c53:3099:3115,1,max_abs_z@0.975,27.997322,3.5653741359710693
rds_cpu_utilization_cc0c53:3107:3123,1,max_abs_z@0.975,29.315485,3.5653741359710693
rds_cpu_utilization_cc0c53:3115:3131,1,max_abs_z@0.975,29.228554,3.5653741359710693
rds_cpu_utilization_cc0c53:3123:3139,1,max_abs_z@0.975,27.795269,3.5653741359710693
rds_cpu_utilization_cc0c53:3131:3147,1,max_abs_z@0.975,27.480566,3.5653741359710693
rds_cpu_utilization_cc0c53:3139:3155,1,max_abs_z@0.975,29.315485,3.5653741359710693
rds_cpu_utilization_cc0c53:3147:3163,1,max_abs_z@0.975,29.228554,3.5653741359710693
rds_cpu_utilization_cc0c53:3155:3171,1,max_abs_z@0.975,28.167437,3.5653741359710693
rds_cpu_utilization_cc0c53:3163:3179,1,max_abs_z@0.975,27.480566,3.5653741359710693
rds_cpu_utilization_cc0c53:3171:3187,1,max_abs_z@0.975,27.573286,3.5653741359710693
rds_cpu_utilization_cc0c53:3179:3195,1,max_abs_z@0.975,28.228268,3.5653741359710693
rds_cpu_utilization_cc0c53:3187:3203,0,max_abs_z@0.975,28.227547,3.5653741359710693
rds_cpu_utilization_cc0c53:3195:3211,0,max_abs_z@0.975,29.315485,3.5653741359710693
rds_cpu_utilization_cc0c53:3203:3219,0,max_abs_z@0.975,29.228554,3.5653741359710693
rds_cpu_utilization_cc0c53:2419:2435,0,max_abs_z@0.99,5.9081407,3.7416839599609375
rds_cpu_utilization_cc0c53:2427:2443,0,max_abs_z@0.99,2.8466206,3.7416839599609375
rds_cpu_utilization_cc0c53:2435:2451,0,max_abs_z@0.99,2.8466475,3.7416839599609375
rds_cpu_utilization_cc0c53:2443:2459,0,max_abs_z@0.99,3.206902,3.7416839599609375
rds_cpu_utilization_cc0c53:2451:2467,0,max_abs_z@0.99,3.200921,3.7416839599609375
rds_cpu_utilization_cc0c53:2459:2475,0,max_abs_z@0.99,1.9005992,3.7416839599609375
rds_cpu_utilization_cc0c53:2467:2483,0,max_abs_z@0.99,1.7127507,3.7416839599609375
rds_cpu_utilization_cc0c53:2475:2491,0,max_abs_z@0.99,3.117506,3.7416839599609375
rds_cpu_utilization_cc0c53:2483:2499,0,max_abs_z@0.99,3.117759,3.7416839599609375
rds_cpu_utilization_cc0c53:2491:2507,0,max_abs_z@0.99,1.8494363,3.7416839599609375
rds_cpu_utilization_cc0c53:2499:2515,0,max_abs_z@0.99,2.6104681,3.7416839599609375
rds_cpu_utilization_cc0c53:2507:2523,0,max_abs_z@0.99,2.5936315,3.7416839599609375
rds_cpu_utilization_cc0c53:2515:2531,0,max_abs_z@0.99,1.9984578,3.7416839599609375
rds_cpu_utilization_cc0c53:2523:2539,0,max_abs_z@0.99,2.3196826,3.7416839599609375
rds_cpu_utilization_cc0c53:2531:2547,0,max_abs_z@0.99,2.3119507,3.7416839599609375
rds_cpu_utilization_cc0c53:2539:2555,0,max_abs_z@0.99,1.9160523,3.7416839599609375
rds_cpu_utilization_cc0c53:2547:2563,0,max_abs_z@0.99,1.9099301,3.7416839599609375
rds_cpu_utilization_cc0c53:2555:2571,0,max_abs_z@0.99,1.9291984,3.7416839599609375
rds_cpu_utilization_cc0c53:2563:2579,0,max_abs_z@0.99,3.2514317,3.7416839599609375
rds_cpu_utilization_cc0c53:2571:2587,0,max_abs_z@0.99,3.2528827,3.7416839599609375
rds_cpu_utilization_cc0c53:2579:2595,0,max_abs_z@0.99,1.9732833,3.7416839599609375
rds_cpu_utilization_cc0c53:2587:2603,0,max_abs_z@0.99,2.7061625,3.7416839599609375
rds_cpu_utilization_cc0c53:2595:2611,0,max_abs_z@0.99,2.7132304,3.7416839599609375
rds_cpu_utilization_cc0c53:2603:2619,0,max_abs_z@0.99,1.971799,3.7416839599609375
rds_cpu_utilization_cc0c53:2611:2627,0,max_abs_z@0.99,3.3727086,3.7416839599609375
rds_cpu_utilization_cc0c53:2619:2635,0,max_abs_z@0.99,3.3516068,3.7416839599609375
rds_cpu_utilization_cc0c53:2627:2643,0,max_abs_z@0.99,1.9291575,3.7416839599609375
rds_cpu_utilization_cc0c53:2635:2651,0,max_abs_z@0.99,4.1291537,3.7416839599609375
rds_cpu_utilization_cc0c53:2643:2659,0,max_abs_z@0.99,4.105376,3.7416839599609375
rds_cpu_utilization_cc0c53:2651:2667,0,max_abs_z@0.99,2.4024353,3.7416839599609375
rds_cpu_utilization_cc0c53:2659:2675,0,max_abs_z@0.99,2.4000423,3.7416839599609375
rds_cpu_utilization_cc0c53:2667:2683,0,max_abs_z@0.99,2.7580388,3.7416839599609375
rds_cpu_utilization_cc0c53:2675:2691,0,max_abs_z@0.99,2.7580638,3.7416839599609375
rds_cpu_utilization_cc0c53:2683:2699,0,max_abs_z@0.99,1.8777558,3.7416839599609375
rds_cpu_utilization_cc0c53:2691:2707,0,max_abs_z@0.99,1.8764879,3.7416839599609375
rds_cpu_utilization_cc0c53:2699:2715,0,max_abs_z@0.99,2.248694,3.7416839599609375
rds_cpu_utilization_cc0c53:2707:2723,0,max_abs_z@0.99,2.248709,3.7416839599609375
rds_cpu_utilization_cc0c53:2715:2731,0,max_abs_z@0.99,1.9099301,3.7416839599609375
rds_cpu_utilization_cc0c53:2723:2739,0,max_abs_z@0.99,1.8614575,3.7416839599609375
rds_cpu_utilization_cc0c53:2731:2747,0,max_abs_z@0.99,2.2597656,3.7416839599609375
rds_cpu_utilization_cc0c53:2739:2755,0,max_abs_z@0.99,2.2597811,3.7416839599609375
rds_cpu_utilization_cc0c53:2747:2763,0,max_abs_z@0.99,1.8852313,3.7416839599609375
rds_cpu_utilization_cc0c53:2755:2771,0,max_abs_z@0.99,2.0867496,3.7416839599609375
rds_cpu_utilization_cc0c53:2763:2779,0,max_abs_z@0.99,2.070197,3.7416839599609375
rds_cpu_utilization_cc0c53:2771:2787,0,max_abs_z@0.99,1.9606794,3.7416839599609375
rds_cpu_utilization_cc0c53:2779:2795,0,max_abs_z@0.99,1.9655181,3.7416839599609375
rds_cpu_utilization_cc0c53:2787:2803,0,max_abs_z@0.99,3.2904742,3.7416839599609375
rds_cpu_utilization_cc0c53:2795:2811,0,max_abs_z@0.99,3.2718525,3.7416839599609375
rds_cpu_utilization_cc0c53:2803:2819,0,max_abs_z@0.99,1.2872986,3.7416839599609375
rds_cpu_utilization_cc0c53:2811:2827,0,max_abs_z@0.99,1.8671979,3.7416839599609375
rds_cpu_utilization_cc0c53:2819:2835,0,max_abs_z@0.99,1.8674694,3.7416839599609375
rds_cpu_utilization_cc0c53:2827:2843,0,max_abs_z@0.99,1.7273021,3.7416839599609375
rds_cpu_utilization_cc0c53:2835:2851,0,max_abs_z@0.99,1.7208402,3.7416839599609375
rds_cpu_utilization_cc0c53:2843:2859,0,max_abs_z@0.99,1.6487598,3.7416839599609375
rds_cpu_utilization_cc0c53:2851:2867,0,max_abs_z@0.99,1.9995294,3.7416839599609375
rds_cpu_utilization_cc0c53:2859:2875,0,max_abs_z@0.99,2.00608,3.7416839599609375
rds_cpu_utilization_cc0c53:2867:2883,0,max_abs_z@0.99,1.8614575,3.7416839599609375
rds_cpu_utilization_cc0c53:2875:2891,0,max_abs_z@0.99,1.7518753,3.7416839599609375
rds_cpu_utilization_cc0c53:2883:2899,0,max_abs_z@0.99,2.3428116,3.7416839599609375
rds_cpu_utilization_cc0c53:2891:2907,0,max_abs_z@0.99,2.3428288,3.7416839599609375
rds_cpu_utilization_cc0c53:2899:2915,0,max_abs_z@0.99,2.2529585,3.7416839599609375
rds_cpu_utilization_cc0c53:2907:2923,0,max_abs_z@0.99,2.4743178,3.7416839599609375
rds_cpu_utilization_cc0c53:2915:2931,0,max_abs_z@0.99,2.8725712,3.7416839599609375
rds_cpu_utilization_cc0c53:2923:2939,0,max_abs_z@0.99,2.863654,3.7416839599609375
rds_cpu_utilization_cc0c53:2931:2947,0,max_abs_z@0.99,2.602907,3.7416839599609375
rds_cpu_utilization_cc0c53:2939:2955,0,max_abs_z@0.99,2.60606,3.7416839599609375
rds_cpu_utilization_cc0c53:2947:2963,0,max_abs_z@0.99,1.6380646,3.7416839599609375
rds_cpu_utilization_cc0c53:2955:2971,0,max_abs_z@0.99,1.3563762,3.7416839599609375
rds_cpu_utilization_cc0c53:2963:2979,0,max_abs_z@0.99,2.7758543,3.7416839599609375
rds_cpu_utilization_cc0c53:2971:2987,1,max_abs_z@0.99,2.7708833,3.7416839599609375
rds_cpu_utilization_cc0c53:2979:2995,1,max_abs_z@0.99,2.2210114,3.7416839599609375
rds_cpu_utilization_cc0c53:2987:3003,1,max_abs_z@0.99,3.9270196,3.7416839599609375
rds_cpu_utilization_cc0c53:2995:3011,1,max_abs_z@0.99,3.9251127,3.7416839599609375
rds_cpu_utilization_cc0c53:3003:3019,1,max_abs_z@0.99,2.6660821,3.7416839599609375
rds_cpu_utilization_cc0c53:3011:3027,1,max_abs_z@0.99,2.6050591,3.7416839599609375
rds_cpu_utilization_cc0c53:3019:3035,1,max_abs_z@0.99,3.815446,3.7416839599609375
rds_cpu_utilization_cc0c53:3027:3043,1,max_abs_z@0.99,3.8095315,3.7416839599609375
rds_cpu_utilization_cc0c53:3035:3051,1,max_abs_z@0.99,2.2103434,3.7416839599609375
rds_cpu_utilization_cc0c53:3043:3059,1,max_abs_z@0.99,1.8371418,3.7416839599609375
rds_cpu_utilization_cc0c53:3051:3067,1,max_abs_z@0.99,1.8491645,3.7416839599609375
rds_cpu_utilization_cc0c53:3059:3075,1,max_abs_z@0.99,1.9480876,3.7416839599609375
rds_cpu_utilization_cc0c53:3067:3083,1,max_abs_z@0.99,58.57611,3.7416839599609375
rds_cpu_utilization_cc0c53:3075:3091,1,max_abs_z@0.99,58.576187,3.7416839599609375
rds_cpu_utilization_cc0c53:3083:3099,1,max_abs_z@0.99,37.76662,3.7416839599609375
rds_cpu_utilization_cc0c53:3091:3107,1,max_abs_z@0.99,27.998043,3.7416839599609375
rds_cpu_utilization_cc0c53:3099:3115,1,max_abs_z@0.99,27.997322,3.7416839599609375
rds_cpu_utilization_cc0c53:3107:3123,1,max_abs_z@0.99,29.315485,3.7416839599609375
rds_cpu_utilization_cc0c53:3115:3131,1,max_abs_z@0.99,29.228554,3.7416839599609375
rds_cpu_utilization_cc0c53:3123:3139,1,max_abs_z@0.99,27.795269,3.7416839599609375
rds_cpu_utilization_cc0c53:3131:3147,1,max_abs_z@0.99,27.480566,3.7416839599609375
rds_cpu_utilization_cc0c53:3139:3155,1,max_abs_z@0.99,29.315485,3.7416839599609375
rds_cpu_utilization_cc0c53:3147:3163,1,max_abs_z@0.99,29.228554,3.7416839599609375
rds_cpu_utilization_cc0c53:3155:3171,1,max_abs_z@0.99,28.167437,3.7416839599609375
rds_cpu_utilization_cc0c53:3163:3179,1,max_abs_z@0.99,27.480566,3.7416839599609375
rds_cpu_utilization_cc0c53:3171:3187,1,max_abs_z@0.99,27.573286,3.7416839599609375
rds_cpu_utilization_cc0c53:3179:3195,1,max_abs_z@0.99,28.228268,3.7416839599609375
rds_cpu_utilization_cc0c53:3187:3203,0,max_abs_z@0.99,28.227547,3.7416839599609375
rds_cpu_utilization_cc0c53:3195:3211,0,max_abs_z@0.99,29.315485,3.7416839599609375
rds_cpu_utilization_cc0c53:3203:3219,0,max_abs_z@0.99,29.228554,3.7416839599609375
rds_cpu_utilization_cc0c53:2419:2435,0,rolling_32@0.95,52.34205755969206,13.93950722751775
rds_cpu_utilization_cc0c53:2427:2443,0,rolling_32@0.95,28.32850897928737,13.93950722751775
rds_cpu_utilization_cc0c53:2435:2451,0,rolling_32@0.95,28.32850897928737,13.93950722751775
rds_cpu_utilization_cc0c53:2443:2459,0,rolling_32@0.95,4.205874911861213,13.93950722751775
rds_cpu_utilization_cc0c53:2451:2467,0,rolling_32@0.95,4.205874911861213,13.93950722751775
rds_cpu_utilization_cc0c53:2459:2475,0,rolling_32@0.95,3.9619254400069566,13.93950722751775
rds_cpu_utilization_cc0c53:2467:2483,0,rolling_32@0.95,1.5845159082900029,13.93950722751775
rds_cpu_utilization_cc0c53:2475:2491,0,rolling_32@0.95,2.456601295324142,13.93950722751775
rds_cpu_utilization_cc0c53:2483:2499,0,rolling_32@0.95,2.456601295324142,13.93950722751775
rds_cpu_utilization_cc0c53:2491:2507,0,rolling_32@0.95,1.369524525608321,13.93950722751775
rds_cpu_utilization_cc0c53:2499:2515,0,rolling_32@0.95,4.190618230919612,13.93950722751775
rds_cpu_utilization_cc0c53:2507:2523,0,rolling_32@0.95,4.190618230919612,13.93950722751775
rds_cpu_utilization_cc0c53:2515:2531,0,rolling_32@0.95,1.738419208706405,13.93950722751775
rds_cpu_utilization_cc0c53:2523:2539,0,rolling_32@0.95,2.4038519284954405,13.93950722751775
rds_cpu_utilization_cc0c53:2531:2547,0,rolling_32@0.95,2.4038519284954405,13.93950722751775
rds_cpu_utilization_cc0c53:2539:2555,0,rolling_32@0.95,15.638231988318259,13.93950722751775
rds_cpu_utilization_cc0c53:2547:2563,0,rolling_32@0.95,15.638231988318259,13.93950722751775
rds_cpu_utilization_cc0c53:2555:2571,0,rolling_32@0.95,1.6392174092070588,13.93950722751775
rds_cpu_utilization_cc0c53:2563:2579,0,rolling_32@0.95,3.657817453171841,13.93950722751775
rds_cpu_utilization_cc0c53:2571:2587,0,rolling_32@0.95,3.657817453171841,13.93950722751775
rds_cpu_utilization_cc0c53:2579:2595,0,rolling_32@0.95,2.0972981964558484,13.93950722751775
rds_cpu_utilization_cc0c53:2587:2603,0,rolling_32@0.95,2.6586735721675527,13.93950722751775
rds_cpu_utilization_cc0c53:2595:2611,0,rolling_32@0.95,2.6586735721675527,13.93950722751775
rds_cpu_utilization_cc0c53:2603:2619,0,rolling_32@0.95,2.004110298948091,13.93950722751775
rds_cpu_utilization_cc0c53:2611:2627,0,rolling_32@0.95,3.2229074223743504,13.93950722751775
rds_cpu_utilization_cc0c53:2619:2635,0,rolling_32@0.95,3.2229074223743504,13.93950722751775
rds_cpu_utilization_cc0c53:2627:2643,0,rolling_32@0.95,2.8044639276678973,13.93950722751775
rds_cpu_utilization_cc0c53:2635:2651,0,rolling_32@0.95,4.350469418906085,13.93950722751775
rds_cpu_utilization_cc0c53:2643:2659,0,rolling_32@0.95,4.350469418906085,13.93950722751775
rds_cpu_utilization_cc0c53:2651:2667,0,rolling_32@0.95,3.3919150639348024,13.93950722751775
rds_cpu_utilization_cc0c53:2659:2675,0,rolling_32@0.95,3.3919150639348024,13.93950722751775
rds_cpu_utilization_cc0c53:2667:2683,0,rolling_32@0.95,5.899196429477537,13.93950722751775
rds_cpu_utilization_cc0c53:2675:2691,0,rolling_32@0.95,5.899196429477537,13.93950722751775
rds_cpu_utilization_cc0c53:2683:2699,0,rolling_32@0.95,2.9812478543167207,13.93950722751775
rds_cpu_utilization_cc0c53:2691:2707,0,rolling_32@0.95,2.9812478543167207,13.93950722751775
rds_cpu_utilization_cc0c53:2699:2715,0,rolling_32@0.95,2.743362814822166,13.93950722751775
rds_cpu_utilization_cc0c53:2707:2723,0,rolling_32@0.95,2.743362814822166,13.93950722751775
rds_cpu_utilization_cc0c53:2715:2731,0,rolling_32@0.95,2.64438136771314,13.93950722751775
rds_cpu_utilization_cc0c53:2723:2739,0,rolling_32@0.95,2.64438136771314,13.93950722751775
rds_cpu_utilization_cc0c53:2731:2747,0,rolling_32@0.95,2.6979645549932627,13.93950722751775
rds_cpu_utilization_cc0c53:2739:2755,0,rolling_32@0.95,2.6979645549932627,13.93950722751775
rds_cpu_utilization_cc0c53:2747:2763,0,rolling_32@0.95,4.342032379628989,13.93950722751775
rds_cpu_utilization_cc0c53:2755:2771,0,rolling_32@0.95,17.516322109154498,13.93950722751775
rds_cpu_utilization_cc0c53:2763:2779,0,rolling_32@0.95,17.516322109154498,13.93950722751775
rds_cpu_utilization_cc0c53:2771:2787,0,rolling_32@0.95,8.584431391931668,13.93950722751775
rds_cpu_utilization_cc0c53:2779:2795,0,rolling_32@0.95,8.584431391931668,13.93950722751775
rds_cpu_utilization_cc0c53:2787:2803,0,rolling_32@0.95,8.016298398150223,13.93950722751775
rds_cpu_utilization_cc0c53:2795:2811,0,rolling_32@0.95,8.016298398150223,13.93950722751775
rds_cpu_utilization_cc0c53:2803:2819,0,rolling_32@0.95,1.4712970800215581,13.93950722751775
rds_cpu_utilization_cc0c53:2811:2827,0,rolling_32@0.95,1.6923591644757072,13.93950722751775
rds_cpu_utilization_cc0c53:2819:2835,0,rolling_32@0.95,1.6923591644757072,13.93950722751775
rds_cpu_utilization_cc0c53:2827:2843,0,rolling_32@0.95,2.0427435742606264,13.93950722751775
rds_cpu_utilization_cc0c53:2835:2851,0,rolling_32@0.95,2.4717846679491946,13.93950722751775
rds_cpu_utilization_cc0c53:2843:2859,0,rolling_32@0.95,3.1328746416549857,13.93950722751775
rds_cpu_utilization_cc0c53:2851:2867,0,rolling_32@0.95,3.1328746416549857,13.93950722751775
rds_cpu_utilization_cc0c53:2859:2875,0,rolling_32@0.95,2.546304741660362,13.93950722751775
rds_cpu_utilization_cc0c53:2867:2883,0,rolling_32@0.95,2.546304741660362,13.93950722751775
rds_cpu_utilization_cc0c53:2875:2891,0,rolling_32@0.95,2.2863523818516374,13.93950722751775
rds_cpu_utilization_cc0c53:2883:2899,0,rolling_32@0.95,2.878048212778035,13.93950722751775
rds_cpu_utilization_cc0c53:2891:2907,0,rolling_32@0.95,2.878048212778035,13.93950722751775
rds_cpu_utilization_cc0c53:2899:2915,0,rolling_32@0.95,3.6056556399989153,13.93950722751775
rds_cpu_utilization_cc0c53:2907:2923,0,rolling_32@0.95,3.6056556399989153,13.93950722751775
rds_cpu_utilization_cc0c53:2915:2931,0,rolling_32@0.95,3.4402442133358626,13.93950722751775
rds_cpu_utilization_cc0c53:2923:2939,0,rolling_32@0.95,3.4402442133358626,13.93950722751775
rds_cpu_utilization_cc0c53:2931:2947,0,rolling_32@0.95,3.9163945278389116,13.93950722751775
rds_cpu_utilization_cc0c53:2939:2955,0,rolling_32@0.95,4.917937507140151,13.93950722751775
rds_cpu_utilization_cc0c53:2947:2963,0,rolling_32@0.95,4.917937507140151,13.93950722751775
rds_cpu_utilization_cc0c53:2955:2971,0,rolling_32@0.95,1.3909370910871064,13.93950722751775
rds_cpu_utilization_cc0c53:2963:2979,0,rolling_32@0.95,3.8891526472493747,13.93950722751775
rds_cpu_utilization_cc0c53:2971:2987,1,rolling_32@0.95,3.8891526472493747,13.93950722751775
rds_cpu_utilization_cc0c53:2979:2995,1,rolling_32@0.95,2.9926087161622474,13.93950722751775
rds_cpu_utilization_cc0c53:2987:3003,1,rolling_32@0.95,5.2021830894692505,13.93950722751775
rds_cpu_utilization_cc0c53:2995:3011,1,rolling_32@0.95,5.2021830894692505,13.93950722751775
rds_cpu_utilization_cc0c53:3003:3019,1,rolling_32@0.95,3.3912965598290485,13.93950722751775
rds_cpu_utilization_cc0c53:3011:3027,1,rolling_32@0.95,3.6107071144371328,13.93950722751775
rds_cpu_utilization_cc0c53:3019:3035,1,rolling_32@0.95,4.460108276491722,13.93950722751775
rds_cpu_utilization_cc0c53:3027:3043,1,rolling_32@0.95,4.460108276491722,13.93950722751775
rds_cpu_utilization_cc0c53:3035:3051,1,rolling_32@0.95,2.136472695090596,13.93950722751775
rds_cpu_utilization_cc0c53:3043:3059,1,rolling_32@0.95,1.9662052828006693,13.93950722751775
rds_cpu_utilization_cc0c53:3051:3067,1,rolling_32@0.95,1.9662052828006693,13.93950722751775
rds_cpu_utilization_cc0c53:3059:3075,1,rolling_32@0.95,4.640045265633301,13.93950722751775
rds_cpu_utilization_cc0c53:3067:3083,1,rolling_32@0.95,78.49713645389609,13.93950722751775
rds_cpu_utilization_cc0c53:3075:3091,1,rolling_32@0.95,78.49713645389609,13.93950722751775
rds_cpu_utilization_cc0c53:3083:3099,1,rolling_32@0.95,37.683527531040134,13.93950722751775
rds_cpu_utilization_cc0c53:3091:3107,1,rolling_32@0.95,18.848141355739067,13.93950722751775
rds_cpu_utilization_cc0c53:3099:3115,1,rolling_32@0.95,2.0960467455791854,13.93950722751775
rds_cpu_utilization_cc0c53:3107:3123,1,rolling_32@0.95,2.0960467455791854,13.93950722751775
rds_cpu_utilization_cc0c53:3115:3131,1,rolling_32@0.95,3.8644027250611996,13.93950722751775
rds_cpu_utilization_cc0c53:3123:3139,1,rolling_32@0.95,3.8644027250611996,13.93950722751775
rds_cpu_utilization_cc0c53:3131:3147,1,rolling_32@0.95,1.413133262233662,13.93950722751775
rds_cpu_utilization_cc0c53:3139:3155,1,rolling_32@0.95,1.5061948467572388,13.93950722751775
rds_cpu_utilization_cc0c53:3147:3163,1,rolling_32@0.95,3.553117787522644,13.93950722751775
rds_cpu_utilization_cc0c53:3155:3171,1,rolling_32@0.95,3.553117787522644,13.93950722751775
rds_cpu_utilization_cc0c53:3163:3179,1,rolling_32@0.95,2.3273347458097007,13.93950722751775
rds_cpu_utilization_cc0c53:3171:3187,1,rolling_32@0.95,2.3273347458097007,13.93950722751775
rds_cpu_utilization_cc0c53:3179:3195,1,rolling_32@0.95,1.4417892530067955,13.93950722751775
rds_cpu_utilization_cc0c53:3187:3203,0,rolling_32@0.95,2.7869907334728037,13.93950722751775
rds_cpu_utilization_cc0c53:3195:3211,0,rolling_32@0.95,2.7869907334728037,13.93950722751775
rds_cpu_utilization_cc0c53:3203:3219,0,rolling_32@0.95,1.4011967609981681,13.93950722751775
rds_cpu_utilization_cc0c53:2419:2435,0,rolling_32@0.975,52.34205755969206,17.005351939836245
rds_cpu_utilization_cc0c53:2427:2443,0,rolling_32@0.975,28.32850897928737,17.005351939836245
rds_cpu_utilization_cc0c53:2435:2451,0,rolling_32@0.975,28.32850897928737,17.005351939836245
rds_cpu_utilization_cc0c53:2443:2459,0,rolling_32@0.975,4.205874911861213,17.005351939836245
rds_cpu_utilization_cc0c53:2451:2467,0,rolling_32@0.975,4.205874911861213,17.005351939836245
rds_cpu_utilization_cc0c53:2459:2475,0,rolling_32@0.975,3.9619254400069566,17.005351939836245
rds_cpu_utilization_cc0c53:2467:2483,0,rolling_32@0.975,1.5845159082900029,17.005351939836245
rds_cpu_utilization_cc0c53:2475:2491,0,rolling_32@0.975,2.456601295324142,17.005351939836245
rds_cpu_utilization_cc0c53:2483:2499,0,rolling_32@0.975,2.456601295324142,17.005351939836245
rds_cpu_utilization_cc0c53:2491:2507,0,rolling_32@0.975,1.369524525608321,17.005351939836245
rds_cpu_utilization_cc0c53:2499:2515,0,rolling_32@0.975,4.190618230919612,17.005351939836245
rds_cpu_utilization_cc0c53:2507:2523,0,rolling_32@0.975,4.190618230919612,17.005351939836245
rds_cpu_utilization_cc0c53:2515:2531,0,rolling_32@0.975,1.738419208706405,17.005351939836245
rds_cpu_utilization_cc0c53:2523:2539,0,rolling_32@0.975,2.4038519284954405,17.005351939836245
rds_cpu_utilization_cc0c53:2531:2547,0,rolling_32@0.975,2.4038519284954405,17.005351939836245
rds_cpu_utilization_cc0c53:2539:2555,0,rolling_32@0.975,15.638231988318259,17.005351939836245
rds_cpu_utilization_cc0c53:2547:2563,0,rolling_32@0.975,15.638231988318259,17.005351939836245
rds_cpu_utilization_cc0c53:2555:2571,0,rolling_32@0.975,1.6392174092070588,17.005351939836245
rds_cpu_utilization_cc0c53:2563:2579,0,rolling_32@0.975,3.657817453171841,17.005351939836245
rds_cpu_utilization_cc0c53:2571:2587,0,rolling_32@0.975,3.657817453171841,17.005351939836245
rds_cpu_utilization_cc0c53:2579:2595,0,rolling_32@0.975,2.0972981964558484,17.005351939836245
rds_cpu_utilization_cc0c53:2587:2603,0,rolling_32@0.975,2.6586735721675527,17.005351939836245
rds_cpu_utilization_cc0c53:2595:2611,0,rolling_32@0.975,2.6586735721675527,17.005351939836245
rds_cpu_utilization_cc0c53:2603:2619,0,rolling_32@0.975,2.004110298948091,17.005351939836245
rds_cpu_utilization_cc0c53:2611:2627,0,rolling_32@0.975,3.2229074223743504,17.005351939836245
rds_cpu_utilization_cc0c53:2619:2635,0,rolling_32@0.975,3.2229074223743504,17.005351939836245
rds_cpu_utilization_cc0c53:2627:2643,0,rolling_32@0.975,2.8044639276678973,17.005351939836245
rds_cpu_utilization_cc0c53:2635:2651,0,rolling_32@0.975,4.350469418906085,17.005351939836245
rds_cpu_utilization_cc0c53:2643:2659,0,rolling_32@0.975,4.350469418906085,17.005351939836245
rds_cpu_utilization_cc0c53:2651:2667,0,rolling_32@0.975,3.3919150639348024,17.005351939836245
rds_cpu_utilization_cc0c53:2659:2675,0,rolling_32@0.975,3.3919150639348024,17.005351939836245
rds_cpu_utilization_cc0c53:2667:2683,0,rolling_32@0.975,5.899196429477537,17.005351939836245
rds_cpu_utilization_cc0c53:2675:2691,0,rolling_32@0.975,5.899196429477537,17.005351939836245
rds_cpu_utilization_cc0c53:2683:2699,0,rolling_32@0.975,2.9812478543167207,17.005351939836245
rds_cpu_utilization_cc0c53:2691:2707,0,rolling_32@0.975,2.9812478543167207,17.005351939836245
rds_cpu_utilization_cc0c53:2699:2715,0,rolling_32@0.975,2.743362814822166,17.005351939836245
rds_cpu_utilization_cc0c53:2707:2723,0,rolling_32@0.975,2.743362814822166,17.005351939836245
rds_cpu_utilization_cc0c53:2715:2731,0,rolling_32@0.975,2.64438136771314,17.005351939836245
rds_cpu_utilization_cc0c53:2723:2739,0,rolling_32@0.975,2.64438136771314,17.005351939836245
rds_cpu_utilization_cc0c53:2731:2747,0,rolling_32@0.975,2.6979645549932627,17.005351939836245
rds_cpu_utilization_cc0c53:2739:2755,0,rolling_32@0.975,2.6979645549932627,17.005351939836245
rds_cpu_utilization_cc0c53:2747:2763,0,rolling_32@0.975,4.342032379628989,17.005351939836245
rds_cpu_utilization_cc0c53:2755:2771,0,rolling_32@0.975,17.516322109154498,17.005351939836245
rds_cpu_utilization_cc0c53:2763:2779,0,rolling_32@0.975,17.516322109154498,17.005351939836245
rds_cpu_utilization_cc0c53:2771:2787,0,rolling_32@0.975,8.584431391931668,17.005351939836245
rds_cpu_utilization_cc0c53:2779:2795,0,rolling_32@0.975,8.584431391931668,17.005351939836245
rds_cpu_utilization_cc0c53:2787:2803,0,rolling_32@0.975,8.016298398150223,17.005351939836245
rds_cpu_utilization_cc0c53:2795:2811,0,rolling_32@0.975,8.016298398150223,17.005351939836245
rds_cpu_utilization_cc0c53:2803:2819,0,rolling_32@0.975,1.4712970800215581,17.005351939836245
rds_cpu_utilization_cc0c53:2811:2827,0,rolling_32@0.975,1.6923591644757072,17.005351939836245
rds_cpu_utilization_cc0c53:2819:2835,0,rolling_32@0.975,1.6923591644757072,17.005351939836245
rds_cpu_utilization_cc0c53:2827:2843,0,rolling_32@0.975,2.0427435742606264,17.005351939836245
rds_cpu_utilization_cc0c53:2835:2851,0,rolling_32@0.975,2.4717846679491946,17.005351939836245
rds_cpu_utilization_cc0c53:2843:2859,0,rolling_32@0.975,3.1328746416549857,17.005351939836245
rds_cpu_utilization_cc0c53:2851:2867,0,rolling_32@0.975,3.1328746416549857,17.005351939836245
rds_cpu_utilization_cc0c53:2859:2875,0,rolling_32@0.975,2.546304741660362,17.005351939836245
rds_cpu_utilization_cc0c53:2867:2883,0,rolling_32@0.975,2.546304741660362,17.005351939836245
rds_cpu_utilization_cc0c53:2875:2891,0,rolling_32@0.975,2.2863523818516374,17.005351939836245
rds_cpu_utilization_cc0c53:2883:2899,0,rolling_32@0.975,2.878048212778035,17.005351939836245
rds_cpu_utilization_cc0c53:2891:2907,0,rolling_32@0.975,2.878048212778035,17.005351939836245
rds_cpu_utilization_cc0c53:2899:2915,0,rolling_32@0.975,3.6056556399989153,17.005351939836245
rds_cpu_utilization_cc0c53:2907:2923,0,rolling_32@0.975,3.6056556399989153,17.005351939836245
rds_cpu_utilization_cc0c53:2915:2931,0,rolling_32@0.975,3.4402442133358626,17.005351939836245
rds_cpu_utilization_cc0c53:2923:2939,0,rolling_32@0.975,3.4402442133358626,17.005351939836245
rds_cpu_utilization_cc0c53:2931:2947,0,rolling_32@0.975,3.9163945278389116,17.005351939836245
rds_cpu_utilization_cc0c53:2939:2955,0,rolling_32@0.975,4.917937507140151,17.005351939836245
rds_cpu_utilization_cc0c53:2947:2963,0,rolling_32@0.975,4.917937507140151,17.005351939836245
rds_cpu_utilization_cc0c53:2955:2971,0,rolling_32@0.975,1.3909370910871064,17.005351939836245
rds_cpu_utilization_cc0c53:2963:2979,0,rolling_32@0.975,3.8891526472493747,17.005351939836245
rds_cpu_utilization_cc0c53:2971:2987,1,rolling_32@0.975,3.8891526472493747,17.005351939836245
rds_cpu_utilization_cc0c53:2979:2995,1,rolling_32@0.975,2.9926087161622474,17.005351939836245
rds_cpu_utilization_cc0c53:2987:3003,1,rolling_32@0.975,5.2021830894692505,17.005351939836245
rds_cpu_utilization_cc0c53:2995:3011,1,rolling_32@0.975,5.2021830894692505,17.005351939836245
rds_cpu_utilization_cc0c53:3003:3019,1,rolling_32@0.975,3.3912965598290485,17.005351939836245
rds_cpu_utilization_cc0c53:3011:3027,1,rolling_32@0.975,3.6107071144371328,17.005351939836245
rds_cpu_utilization_cc0c53:3019:3035,1,rolling_32@0.975,4.460108276491722,17.005351939836245
rds_cpu_utilization_cc0c53:3027:3043,1,rolling_32@0.975,4.460108276491722,17.005351939836245
rds_cpu_utilization_cc0c53:3035:3051,1,rolling_32@0.975,2.136472695090596,17.005351939836245
rds_cpu_utilization_cc0c53:3043:3059,1,rolling_32@0.975,1.9662052828006693,17.005351939836245
rds_cpu_utilization_cc0c53:3051:3067,1,rolling_32@0.975,1.9662052828006693,17.005351939836245
rds_cpu_utilization_cc0c53:3059:3075,1,rolling_32@0.975,4.640045265633301,17.005351939836245
rds_cpu_utilization_cc0c53:3067:3083,1,rolling_32@0.975,78.49713645389609,17.005351939836245
rds_cpu_utilization_cc0c53:3075:3091,1,rolling_32@0.975,78.49713645389609,17.005351939836245
rds_cpu_utilization_cc0c53:3083:3099,1,rolling_32@0.975,37.683527531040134,17.005351939836245
rds_cpu_utilization_cc0c53:3091:3107,1,rolling_32@0.975,18.848141355739067,17.005351939836245
rds_cpu_utilization_cc0c53:3099:3115,1,rolling_32@0.975,2.0960467455791854,17.005351939836245
rds_cpu_utilization_cc0c53:3107:3123,1,rolling_32@0.975,2.0960467455791854,17.005351939836245
rds_cpu_utilization_cc0c53:3115:3131,1,rolling_32@0.975,3.8644027250611996,17.005351939836245
rds_cpu_utilization_cc0c53:3123:3139,1,rolling_32@0.975,3.8644027250611996,17.005351939836245
rds_cpu_utilization_cc0c53:3131:3147,1,rolling_32@0.975,1.413133262233662,17.005351939836245
rds_cpu_utilization_cc0c53:3139:3155,1,rolling_32@0.975,1.5061948467572388,17.005351939836245
rds_cpu_utilization_cc0c53:3147:3163,1,rolling_32@0.975,3.553117787522644,17.005351939836245
rds_cpu_utilization_cc0c53:3155:3171,1,rolling_32@0.975,3.553117787522644,17.005351939836245
rds_cpu_utilization_cc0c53:3163:3179,1,rolling_32@0.975,2.3273347458097007,17.005351939836245
rds_cpu_utilization_cc0c53:3171:3187,1,rolling_32@0.975,2.3273347458097007,17.005351939836245
rds_cpu_utilization_cc0c53:3179:3195,1,rolling_32@0.975,1.4417892530067955,17.005351939836245
rds_cpu_utilization_cc0c53:3187:3203,0,rolling_32@0.975,2.7869907334728037,17.005351939836245
rds_cpu_utilization_cc0c53:3195:3211,0,rolling_32@0.975,2.7869907334728037,17.005351939836245
rds_cpu_utilization_cc0c53:3203:3219,0,rolling_32@0.975,1.4011967609981681,17.005351939836245
rds_cpu_utilization_cc0c53:2419:2435,0,rolling_32@0.99,52.34205755969206,23.47530149918376
rds_cpu_utilization_cc0c53:2427:2443,0,rolling_32@0.99,28.32850897928737,23.47530149918376
rds_cpu_utilization_cc0c53:2435:2451,0,rolling_32@0.99,28.32850897928737,23.47530149918376
rds_cpu_utilization_cc0c53:2443:2459,0,rolling_32@0.99,4.205874911861213,23.47530149918376
rds_cpu_utilization_cc0c53:2451:2467,0,rolling_32@0.99,4.205874911861213,23.47530149918376
rds_cpu_utilization_cc0c53:2459:2475,0,rolling_32@0.99,3.9619254400069566,23.47530149918376
rds_cpu_utilization_cc0c53:2467:2483,0,rolling_32@0.99,1.5845159082900029,23.47530149918376
rds_cpu_utilization_cc0c53:2475:2491,0,rolling_32@0.99,2.456601295324142,23.47530149918376
rds_cpu_utilization_cc0c53:2483:2499,0,rolling_32@0.99,2.456601295324142,23.47530149918376
rds_cpu_utilization_cc0c53:2491:2507,0,rolling_32@0.99,1.369524525608321,23.47530149918376
rds_cpu_utilization_cc0c53:2499:2515,0,rolling_32@0.99,4.190618230919612,23.47530149918376
rds_cpu_utilization_cc0c53:2507:2523,0,rolling_32@0.99,4.190618230919612,23.47530149918376
rds_cpu_utilization_cc0c53:2515:2531,0,rolling_32@0.99,1.738419208706405,23.47530149918376
rds_cpu_utilization_cc0c53:2523:2539,0,rolling_32@0.99,2.4038519284954405,23.47530149918376
rds_cpu_utilization_cc0c53:2531:2547,0,rolling_32@0.99,2.4038519284954405,23.47530149918376
rds_cpu_utilization_cc0c53:2539:2555,0,rolling_32@0.99,15.638231988318259,23.47530149918376
rds_cpu_utilization_cc0c53:2547:2563,0,rolling_32@0.99,15.638231988318259,23.47530149918376
rds_cpu_utilization_cc0c53:2555:2571,0,rolling_32@0.99,1.6392174092070588,23.47530149918376
rds_cpu_utilization_cc0c53:2563:2579,0,rolling_32@0.99,3.657817453171841,23.47530149918376
rds_cpu_utilization_cc0c53:2571:2587,0,rolling_32@0.99,3.657817453171841,23.47530149918376
rds_cpu_utilization_cc0c53:2579:2595,0,rolling_32@0.99,2.0972981964558484,23.47530149918376
rds_cpu_utilization_cc0c53:2587:2603,0,rolling_32@0.99,2.6586735721675527,23.47530149918376
rds_cpu_utilization_cc0c53:2595:2611,0,rolling_32@0.99,2.6586735721675527,23.47530149918376
rds_cpu_utilization_cc0c53:2603:2619,0,rolling_32@0.99,2.004110298948091,23.47530149918376
rds_cpu_utilization_cc0c53:2611:2627,0,rolling_32@0.99,3.2229074223743504,23.47530149918376
rds_cpu_utilization_cc0c53:2619:2635,0,rolling_32@0.99,3.2229074223743504,23.47530149918376
rds_cpu_utilization_cc0c53:2627:2643,0,rolling_32@0.99,2.8044639276678973,23.47530149918376
rds_cpu_utilization_cc0c53:2635:2651,0,rolling_32@0.99,4.350469418906085,23.47530149918376
rds_cpu_utilization_cc0c53:2643:2659,0,rolling_32@0.99,4.350469418906085,23.47530149918376
rds_cpu_utilization_cc0c53:2651:2667,0,rolling_32@0.99,3.3919150639348024,23.47530149918376
rds_cpu_utilization_cc0c53:2659:2675,0,rolling_32@0.99,3.3919150639348024,23.47530149918376
rds_cpu_utilization_cc0c53:2667:2683,0,rolling_32@0.99,5.899196429477537,23.47530149918376
rds_cpu_utilization_cc0c53:2675:2691,0,rolling_32@0.99,5.899196429477537,23.47530149918376
rds_cpu_utilization_cc0c53:2683:2699,0,rolling_32@0.99,2.9812478543167207,23.47530149918376
rds_cpu_utilization_cc0c53:2691:2707,0,rolling_32@0.99,2.9812478543167207,23.47530149918376
rds_cpu_utilization_cc0c53:2699:2715,0,rolling_32@0.99,2.743362814822166,23.47530149918376
rds_cpu_utilization_cc0c53:2707:2723,0,rolling_32@0.99,2.743362814822166,23.47530149918376
rds_cpu_utilization_cc0c53:2715:2731,0,rolling_32@0.99,2.64438136771314,23.47530149918376
rds_cpu_utilization_cc0c53:2723:2739,0,rolling_32@0.99,2.64438136771314,23.47530149918376
rds_cpu_utilization_cc0c53:2731:2747,0,rolling_32@0.99,2.6979645549932627,23.47530149918376
rds_cpu_utilization_cc0c53:2739:2755,0,rolling_32@0.99,2.6979645549932627,23.47530149918376
rds_cpu_utilization_cc0c53:2747:2763,0,rolling_32@0.99,4.342032379628989,23.47530149918376
rds_cpu_utilization_cc0c53:2755:2771,0,rolling_32@0.99,17.516322109154498,23.47530149918376
rds_cpu_utilization_cc0c53:2763:2779,0,rolling_32@0.99,17.516322109154498,23.47530149918376
rds_cpu_utilization_cc0c53:2771:2787,0,rolling_32@0.99,8.584431391931668,23.47530149918376
rds_cpu_utilization_cc0c53:2779:2795,0,rolling_32@0.99,8.584431391931668,23.47530149918376
rds_cpu_utilization_cc0c53:2787:2803,0,rolling_32@0.99,8.016298398150223,23.47530149918376
rds_cpu_utilization_cc0c53:2795:2811,0,rolling_32@0.99,8.016298398150223,23.47530149918376
rds_cpu_utilization_cc0c53:2803:2819,0,rolling_32@0.99,1.4712970800215581,23.47530149918376
rds_cpu_utilization_cc0c53:2811:2827,0,rolling_32@0.99,1.6923591644757072,23.47530149918376
rds_cpu_utilization_cc0c53:2819:2835,0,rolling_32@0.99,1.6923591644757072,23.47530149918376
rds_cpu_utilization_cc0c53:2827:2843,0,rolling_32@0.99,2.0427435742606264,23.47530149918376
rds_cpu_utilization_cc0c53:2835:2851,0,rolling_32@0.99,2.4717846679491946,23.47530149918376
rds_cpu_utilization_cc0c53:2843:2859,0,rolling_32@0.99,3.1328746416549857,23.47530149918376
rds_cpu_utilization_cc0c53:2851:2867,0,rolling_32@0.99,3.1328746416549857,23.47530149918376
rds_cpu_utilization_cc0c53:2859:2875,0,rolling_32@0.99,2.546304741660362,23.47530149918376
rds_cpu_utilization_cc0c53:2867:2883,0,rolling_32@0.99,2.546304741660362,23.47530149918376
rds_cpu_utilization_cc0c53:2875:2891,0,rolling_32@0.99,2.2863523818516374,23.47530149918376
rds_cpu_utilization_cc0c53:2883:2899,0,rolling_32@0.99,2.878048212778035,23.47530149918376
rds_cpu_utilization_cc0c53:2891:2907,0,rolling_32@0.99,2.878048212778035,23.47530149918376
rds_cpu_utilization_cc0c53:2899:2915,0,rolling_32@0.99,3.6056556399989153,23.47530149918376
rds_cpu_utilization_cc0c53:2907:2923,0,rolling_32@0.99,3.6056556399989153,23.47530149918376
rds_cpu_utilization_cc0c53:2915:2931,0,rolling_32@0.99,3.4402442133358626,23.47530149918376
rds_cpu_utilization_cc0c53:2923:2939,0,rolling_32@0.99,3.4402442133358626,23.47530149918376
rds_cpu_utilization_cc0c53:2931:2947,0,rolling_32@0.99,3.9163945278389116,23.47530149918376
rds_cpu_utilization_cc0c53:2939:2955,0,rolling_32@0.99,4.917937507140151,23.47530149918376
rds_cpu_utilization_cc0c53:2947:2963,0,rolling_32@0.99,4.917937507140151,23.47530149918376
rds_cpu_utilization_cc0c53:2955:2971,0,rolling_32@0.99,1.3909370910871064,23.47530149918376
rds_cpu_utilization_cc0c53:2963:2979,0,rolling_32@0.99,3.8891526472493747,23.47530149918376
rds_cpu_utilization_cc0c53:2971:2987,1,rolling_32@0.99,3.8891526472493747,23.47530149918376
rds_cpu_utilization_cc0c53:2979:2995,1,rolling_32@0.99,2.9926087161622474,23.47530149918376
rds_cpu_utilization_cc0c53:2987:3003,1,rolling_32@0.99,5.2021830894692505,23.47530149918376
rds_cpu_utilization_cc0c53:2995:3011,1,rolling_32@0.99,5.2021830894692505,23.47530149918376
rds_cpu_utilization_cc0c53:3003:3019,1,rolling_32@0.99,3.3912965598290485,23.47530149918376
rds_cpu_utilization_cc0c53:3011:3027,1,rolling_32@0.99,3.6107071144371328,23.47530149918376
rds_cpu_utilization_cc0c53:3019:3035,1,rolling_32@0.99,4.460108276491722,23.47530149918376
rds_cpu_utilization_cc0c53:3027:3043,1,rolling_32@0.99,4.460108276491722,23.47530149918376
rds_cpu_utilization_cc0c53:3035:3051,1,rolling_32@0.99,2.136472695090596,23.47530149918376
rds_cpu_utilization_cc0c53:3043:3059,1,rolling_32@0.99,1.9662052828006693,23.47530149918376
rds_cpu_utilization_cc0c53:3051:3067,1,rolling_32@0.99,1.9662052828006693,23.47530149918376
rds_cpu_utilization_cc0c53:3059:3075,1,rolling_32@0.99,4.640045265633301,23.47530149918376
rds_cpu_utilization_cc0c53:3067:3083,1,rolling_32@0.99,78.49713645389609,23.47530149918376
rds_cpu_utilization_cc0c53:3075:3091,1,rolling_32@0.99,78.49713645389609,23.47530149918376
rds_cpu_utilization_cc0c53:3083:3099,1,rolling_32@0.99,37.683527531040134,23.47530149918376
rds_cpu_utilization_cc0c53:3091:3107,1,rolling_32@0.99,18.848141355739067,23.47530149918376
rds_cpu_utilization_cc0c53:3099:3115,1,rolling_32@0.99,2.0960467455791854,23.47530149918376
rds_cpu_utilization_cc0c53:3107:3123,1,rolling_32@0.99,2.0960467455791854,23.47530149918376
rds_cpu_utilization_cc0c53:3115:3131,1,rolling_32@0.99,3.8644027250611996,23.47530149918376
rds_cpu_utilization_cc0c53:3123:3139,1,rolling_32@0.99,3.8644027250611996,23.47530149918376
rds_cpu_utilization_cc0c53:3131:3147,1,rolling_32@0.99,1.413133262233662,23.47530149918376
rds_cpu_utilization_cc0c53:3139:3155,1,rolling_32@0.99,1.5061948467572388,23.47530149918376
rds_cpu_utilization_cc0c53:3147:3163,1,rolling_32@0.99,3.553117787522644,23.47530149918376
rds_cpu_utilization_cc0c53:3155:3171,1,rolling_32@0.99,3.553117787522644,23.47530149918376
rds_cpu_utilization_cc0c53:3163:3179,1,rolling_32@0.99,2.3273347458097007,23.47530149918376
rds_cpu_utilization_cc0c53:3171:3187,1,rolling_32@0.99,2.3273347458097007,23.47530149918376
rds_cpu_utilization_cc0c53:3179:3195,1,rolling_32@0.99,1.4417892530067955,23.47530149918376
rds_cpu_utilization_cc0c53:3187:3203,0,rolling_32@0.99,2.7869907334728037,23.47530149918376
rds_cpu_utilization_cc0c53:3195:3211,0,rolling_32@0.99,2.7869907334728037,23.47530149918376
rds_cpu_utilization_cc0c53:3203:3219,0,rolling_32@0.99,1.4011967609981681,23.47530149918376
rds_cpu_utilization_cc0c53:2419:2435,0,rolling_64@0.95,52.34205755969206,14.96360313924999
rds_cpu_utilization_cc0c53:2427:2443,0,rolling_64@0.95,29.48453596168969,14.96360313924999
rds_cpu_utilization_cc0c53:2435:2451,0,rolling_64@0.95,29.48453596168969,14.96360313924999
rds_cpu_utilization_cc0c53:2443:2459,0,rolling_64@0.95,29.09139721101591,14.96360313924999
rds_cpu_utilization_cc0c53:2451:2467,0,rolling_64@0.95,29.09139721101591,14.96360313924999
rds_cpu_utilization_cc0c53:2459:2475,0,rolling_64@0.95,3.0833844536883754,14.96360313924999
rds_cpu_utilization_cc0c53:2467:2483,0,rolling_64@0.95,1.4785652943030159,14.96360313924999
rds_cpu_utilization_cc0c53:2475:2491,0,rolling_64@0.95,2.7380304559346573,14.96360313924999
rds_cpu_utilization_cc0c53:2483:2499,0,rolling_64@0.95,2.7380304559346573,14.96360313924999
rds_cpu_utilization_cc0c53:2491:2507,0,rolling_64@0.95,1.407002313114393,14.96360313924999
rds_cpu_utilization_cc0c53:2499:2515,0,rolling_64@0.95,3.822116609238206,14.96360313924999
rds_cpu_utilization_cc0c53:2507:2523,0,rolling_64@0.95,3.822116609238206,14.96360313924999
rds_cpu_utilization_cc0c53:2515:2531,0,rolling_64@0.95,1.5122775533888242,14.96360313924999
rds_cpu_utilization_cc0c53:2523:2539,0,rolling_64@0.95,2.322824949324458,14.96360313924999
rds_cpu_utilization_cc0c53:2531:2547,0,rolling_64@0.95,2.322824949324458,14.96360313924999
rds_cpu_utilization_cc0c53:2539:2555,0,rolling_64@0.95,2.4666030933141263,14.96360313924999
rds_cpu_utilization_cc0c53:2547:2563,0,rolling_64@0.95,2.4666030933141263,14.96360313924999
rds_cpu_utilization_cc0c53:2555:2571,0,rolling_64@0.95,1.511010948900926,14.96360313924999
rds_cpu_utilization_cc0c53:2563:2579,0,rolling_64@0.95,3.153905063963929,14.96360313924999
rds_cpu_utilization_cc0c53:2571:2587,0,rolling_64@0.95,3.153905063963929,14.96360313924999
rds_cpu_utilization_cc0c53:2579:2595,0,rolling_64@0.95,2.2096587543443977,14.96360313924999
rds_cpu_utilization_cc0c53:2587:2603,0,rolling_64@0.95,2.7283137190060662,14.96360313924999
rds_cpu_utilization_cc0c53:2595:2611,0,rolling_64@0.95,2.7283137190060662,14.96360313924999
rds_cpu_utilization_cc0c53:2603:2619,0,rolling_64@0.95,2.1672751316526577,14.96360313924999
rds_cpu_utilization_cc0c53:2611:2627,0,rolling_64@0.95,3.437314892889845,14.96360313924999
rds_cpu_utilization_cc0c53:2619:2635,0,rolling_64@0.95,3.437314892889845,14.96360313924999
rds_cpu_utilization_cc0c53:2627:2643,0,rolling_64@0.95,2.8147058970087864,14.96360313924999
rds_cpu_utilization_cc0c53:2635:2651,0,rolling_64@0.95,4.130061915728582,14.96360313924999
rds_cpu_utilization_cc0c53:2643:2659,0,rolling_64@0.95,4.130061915728582,14.96360313924999
rds_cpu_utilization_cc0c53:2651:2667,0,rolling_64@0.95,3.3724553362463907,14.96360313924999
rds_cpu_utilization_cc0c53:2659:2675,0,rolling_64@0.95,3.3724553362463907,14.96360313924999
rds_cpu_utilization_cc0c53:2667:2683,0,rolling_64@0.95,3.3335467269096686,14.96360313924999
rds_cpu_utilization_cc0c53:2675:2691,0,rolling_64@0.95,3.3335467269096686,14.96360313924999
rds_cpu_utilization_cc0c53:2683:2699,0,rolling_64@0.95,2.788761045476689,14.96360313924999
rds_cpu_utilization_cc0c53:2691:2707,0,rolling_64@0.95,2.788761045476689,14.96360313924999
rds_cpu_utilization_cc0c53:2699:2715,0,rolling_64@0.95,2.8925890996328065,14.96360313924999
rds_cpu_utilization_cc0c53:2707:2723,0,rolling_64@0.95,2.8925890996328065,14.96360313924999
rds_cpu_utilization_cc0c53:2715:2731,0,rolling_64@0.95,2.743361268560904,14.96360313924999
rds_cpu_utilization_cc0c53:2723:2739,0,rolling_64@0.95,2.743361268560904,14.96360313924999
rds_cpu_utilization_cc0c53:2731:2747,0,rolling_64@0.95,2.7236575885027423,14.96360313924999
rds_cpu_utilization_cc0c53:2739:2755,0,rolling_64@0.95,2.7236575885027423,14.96360313924999
rds_cpu_utilization_cc0c53:2747:2763,0,rolling_64@0.95,1.4270806895462789,14.96360313924999
rds_cpu_utilization_cc0c53:2755:2771,0,rolling_64@0.95,3.21650405727682,14.96360313924999
rds_cpu_utilization_cc0c53:2763:2779,0,rolling_64@0.95,3.21650405727682,14.96360313924999
rds_cpu_utilization_cc0c53:2771:2787,0,rolling_64@0.95,3.297519115114152,14.96360313924999
rds_cpu_utilization_cc0c53:2779:2795,0,rolling_64@0.95,3.7309667993571582,14.96360313924999
rds_cpu_utilization_cc0c53:2787:2803,0,rolling_64@0.95,8.933290492808473,14.96360313924999
rds_cpu_utilization_cc0c53:2795:2811,0,rolling_64@0.95,8.933290492808473,14.96360313924999
rds_cpu_utilization_cc0c53:2803:2819,0,rolling_64@0.95,2.3954611039614475,14.96360313924999
rds_cpu_utilization_cc0c53:2811:2827,0,rolling_64@0.95,2.0109826187490243,14.96360313924999
rds_cpu_utilization_cc0c53:2819:2835,0,rolling_64@0.95,2.0109826187490243,14.96360313924999
rds_cpu_utilization_cc0c53:2827:2843,0,rolling_64@0.95,1.483132477560155,14.96360313924999
rds_cpu_utilization_cc0c53:2835:2851,0,rolling_64@0.95,2.3981885311026185,14.96360313924999
rds_cpu_utilization_cc0c53:2843:2859,0,rolling_64@0.95,3.3446845268530905,14.96360313924999
rds_cpu_utilization_cc0c53:2851:2867,0,rolling_64@0.95,3.3446845268530905,14.96360313924999
rds_cpu_utilization_cc0c53:2859:2875,0,rolling_64@0.95,2.664857671700076,14.96360313924999
rds_cpu_utilization_cc0c53:2867:2883,0,rolling_64@0.95,2.664857671700076,14.96360313924999
rds_cpu_utilization_cc0c53:2875:2891,0,rolling_64@0.95,2.438266015008847,14.96360313924999
rds_cpu_utilization_cc0c53:2883:2899,0,rolling_64@0.95,3.0045475317322157,14.96360313924999
rds_cpu_utilization_cc0c53:2891:2907,0,rolling_64@0.95,3.0045475317322157,14.96360313924999
rds_cpu_utilization_cc0c53:2899:2915,0,rolling_64@0.95,2.8921352108545677,14.96360313924999
rds_cpu_utilization_cc0c53:2907:2923,0,rolling_64@0.95,2.8921352108545677,14.96360313924999
rds_cpu_utilization_cc0c53:2915:2931,0,rolling_64@0.95,3.3891510955671724,14.96360313924999
rds_cpu_utilization_cc0c53:2923:2939,0,rolling_64@0.95,3.3891510955671724,14.96360313924999
rds_cpu_utilization_cc0c53:2931:2947,0,rolling_64@0.95,5.011989140388407,14.96360313924999
rds_cpu_utilization_cc0c53:2939:2955,0,rolling_64@0.95,5.011989140388407,14.96360313924999
rds_cpu_utilization_cc0c53:2947:2963,0,rolling_64@0.95,3.902687760274699,14.96360313924999
rds_cpu_utilization_cc0c53:2955:2971,0,rolling_64@0.95,1.4043743447693822,14.96360313924999
rds_cpu_utilization_cc0c53:2963:2979,0,rolling_64@0.95,4.079378970270592,14.96360313924999
rds_cpu_utilization_cc0c53:2971:2987,1,rolling_64@0.95,4.079378970270592,14.96360313924999
rds_cpu_utilization_cc0c53:2979:2995,1,rolling_64@0.95,2.896543530872564,14.96360313924999
rds_cpu_utilization_cc0c53:2987:3003,1,rolling_64@0.95,4.822106295412194,14.96360313924999
rds_cpu_utilization_cc0c53:2995:3011,1,rolling_64@0.95,4.822106295412194,14.96360313924999
rds_cpu_utilization_cc0c53:3003:3019,1,rolling_64@0.95,2.9610181327617355,14.96360313924999
rds_cpu_utilization_cc0c53:3011:3027,1,rolling_64@0.95,3.6152740086427513,14.96360313924999
rds_cpu_utilization_cc0c53:3019:3035,1,rolling_64@0.95,4.480035879436916,14.96360313924999
rds_cpu_utilization_cc0c53:3027:3043,1,rolling_64@0.95,4.480035879436916,14.96360313924999
rds_cpu_utilization_cc0c53:3035:3051,1,rolling_64@0.95,2.1590846363510487,14.96360313924999
rds_cpu_utilization_cc0c53:3043:3059,1,rolling_64@0.95,1.413562678202428,14.96360313924999
rds_cpu_utilization_cc0c53:3051:3067,1,rolling_64@0.95,1.4207376022260387,14.96360313924999
rds_cpu_utilization_cc0c53:3059:3075,1,rolling_64@0.95,1.4211194853189062,14.96360313924999
rds_cpu_utilization_cc0c53:3067:3083,1,rolling_64@0.95,69.9538506499098,14.96360313924999
rds_cpu_utilization_cc0c53:3075:3091,1,rolling_64@0.95,69.9538506499098,14.96360313924999
rds_cpu_utilization_cc0c53:3083:3099,1,rolling_64@0.95,43.46510454878888,14.96360313924999
rds_cpu_utilization_cc0c53:3091:3107,1,rolling_64@0.95,30.791531549389255,14.96360313924999
rds_cpu_utilization_cc0c53:3099:3115,1,rolling_64@0.95,29.300911512639594,14.96360313924999
rds_cpu_utilization_cc0c53:3107:3123,1,rolling_64@0.95,15.809335411513542,14.96360313924999
rds_cpu_utilization_cc0c53:3115:3131,1,rolling_64@0.95,1.5920962543141508,14.96360313924999
rds_cpu_utilization_cc0c53:3123:3139,1,rolling_64@0.95,1.5920962543141508,14.96360313924999
rds_cpu_utilization_cc0c53:3131:3147,1,rolling_64@0.95,1.4233538517886424,14.96360313924999
rds_cpu_utilization_cc0c53:3139:3155,1,rolling_64@0.95,1.7517353269613738,14.96360313924999
rds_cpu_utilization_cc0c53:3147:3163,1,rolling_64@0.95,3.6378848569458673,14.96360313924999
rds_cpu_utilization_cc0c53:3155:3171,1,rolling_64@0.95,3.6378848569458673,14.96360313924999
rds_cpu_utilization_cc0c53:3163:3179,1,rolling_64@0.95,2.847108037872143,14.96360313924999
rds_cpu_utilization_cc0c53:3171:3187,1,rolling_64@0.95,2.847108037872143,14.96360313924999
rds_cpu_utilization_cc0c53:3179:3195,1,rolling_64@0.95,1.442046169249934,14.96360313924999
rds_cpu_utilization_cc0c53:3187:3203,0,rolling_64@0.95,2.8303403919837096,14.96360313924999
rds_cpu_utilization_cc0c53:3195:3211,0,rolling_64@0.95,2.8303403919837096,14.96360313924999
rds_cpu_utilization_cc0c53:3203:3219,0,rolling_64@0.95,1.3346247755173153,14.96360313924999
rds_cpu_utilization_cc0c53:2419:2435,0,rolling_64@0.975,52.34205755969206,17.2975962161684
rds_cpu_utilization_cc0c53:2427:2443,0,rolling_64@0.975,29.48453596168969,17.2975962161684
rds_cpu_utilization_cc0c53:2435:2451,0,rolling_64@0.975,29.48453596168969,17.2975962161684
rds_cpu_utilization_cc0c53:2443:2459,0,rolling_64@0.975,29.09139721101591,17.2975962161684
rds_cpu_utilization_cc0c53:2451:2467,0,rolling_64@0.975,29.09139721101591,17.2975962161684
rds_cpu_utilization_cc0c53:2459:2475,0,rolling_64@0.975,3.0833844536883754,17.2975962161684
rds_cpu_utilization_cc0c53:2467:2483,0,rolling_64@0.975,1.4785652943030159,17.2975962161684
rds_cpu_utilization_cc0c53:2475:2491,0,rolling_64@0.975,2.7380304559346573,17.2975962161684
rds_cpu_utilization_cc0c53:2483:2499,0,rolling_64@0.975,2.7380304559346573,17.2975962161684
rds_cpu_utilization_cc0c53:2491:2507,0,rolling_64@0.975,1.407002313114393,17.2975962161684
rds_cpu_utilization_cc0c53:2499:2515,0,rolling_64@0.975,3.822116609238206,17.2975962161684
rds_cpu_utilization_cc0c53:2507:2523,0,rolling_64@0.975,3.822116609238206,17.2975962161684
rds_cpu_utilization_cc0c53:2515:2531,0,rolling_64@0.975,1.5122775533888242,17.2975962161684
rds_cpu_utilization_cc0c53:2523:2539,0,rolling_64@0.975,2.322824949324458,17.2975962161684
rds_cpu_utilization_cc0c53:2531:2547,0,rolling_64@0.975,2.322824949324458,17.2975962161684
rds_cpu_utilization_cc0c53:2539:2555,0,rolling_64@0.975,2.4666030933141263,17.2975962161684
rds_cpu_utilization_cc0c53:2547:2563,0,rolling_64@0.975,2.4666030933141263,17.2975962161684
rds_cpu_utilization_cc0c53:2555:2571,0,rolling_64@0.975,1.511010948900926,17.2975962161684
rds_cpu_utilization_cc0c53:2563:2579,0,rolling_64@0.975,3.153905063963929,17.2975962161684
rds_cpu_utilization_cc0c53:2571:2587,0,rolling_64@0.975,3.153905063963929,17.2975962161684
rds_cpu_utilization_cc0c53:2579:2595,0,rolling_64@0.975,2.2096587543443977,17.2975962161684
rds_cpu_utilization_cc0c53:2587:2603,0,rolling_64@0.975,2.7283137190060662,17.2975962161684
rds_cpu_utilization_cc0c53:2595:2611,0,rolling_64@0.975,2.7283137190060662,17.2975962161684
rds_cpu_utilization_cc0c53:2603:2619,0,rolling_64@0.975,2.1672751316526577,17.2975962161684
rds_cpu_utilization_cc0c53:2611:2627,0,rolling_64@0.975,3.437314892889845,17.2975962161684
rds_cpu_utilization_cc0c53:2619:2635,0,rolling_64@0.975,3.437314892889845,17.2975962161684
rds_cpu_utilization_cc0c53:2627:2643,0,rolling_64@0.975,2.8147058970087864,17.2975962161684
rds_cpu_utilization_cc0c53:2635:2651,0,rolling_64@0.975,4.130061915728582,17.2975962161684
rds_cpu_utilization_cc0c53:2643:2659,0,rolling_64@0.975,4.130061915728582,17.2975962161684
rds_cpu_utilization_cc0c53:2651:2667,0,rolling_64@0.975,3.3724553362463907,17.2975962161684
rds_cpu_utilization_cc0c53:2659:2675,0,rolling_64@0.975,3.3724553362463907,17.2975962161684
rds_cpu_utilization_cc0c53:2667:2683,0,rolling_64@0.975,3.3335467269096686,17.2975962161684
rds_cpu_utilization_cc0c53:2675:2691,0,rolling_64@0.975,3.3335467269096686,17.2975962161684
rds_cpu_utilization_cc0c53:2683:2699,0,rolling_64@0.975,2.788761045476689,17.2975962161684
rds_cpu_utilization_cc0c53:2691:2707,0,rolling_64@0.975,2.788761045476689,17.2975962161684
rds_cpu_utilization_cc0c53:2699:2715,0,rolling_64@0.975,2.8925890996328065,17.2975962161684
rds_cpu_utilization_cc0c53:2707:2723,0,rolling_64@0.975,2.8925890996328065,17.2975962161684
rds_cpu_utilization_cc0c53:2715:2731,0,rolling_64@0.975,2.743361268560904,17.2975962161684
rds_cpu_utilization_cc0c53:2723:2739,0,rolling_64@0.975,2.743361268560904,17.2975962161684
rds_cpu_utilization_cc0c53:2731:2747,0,rolling_64@0.975,2.7236575885027423,17.2975962161684
rds_cpu_utilization_cc0c53:2739:2755,0,rolling_64@0.975,2.7236575885027423,17.2975962161684
rds_cpu_utilization_cc0c53:2747:2763,0,rolling_64@0.975,1.4270806895462789,17.2975962161684
rds_cpu_utilization_cc0c53:2755:2771,0,rolling_64@0.975,3.21650405727682,17.2975962161684
rds_cpu_utilization_cc0c53:2763:2779,0,rolling_64@0.975,3.21650405727682,17.2975962161684
rds_cpu_utilization_cc0c53:2771:2787,0,rolling_64@0.975,3.297519115114152,17.2975962161684
rds_cpu_utilization_cc0c53:2779:2795,0,rolling_64@0.975,3.7309667993571582,17.2975962161684
rds_cpu_utilization_cc0c53:2787:2803,0,rolling_64@0.975,8.933290492808473,17.2975962161684
rds_cpu_utilization_cc0c53:2795:2811,0,rolling_64@0.975,8.933290492808473,17.2975962161684
rds_cpu_utilization_cc0c53:2803:2819,0,rolling_64@0.975,2.3954611039614475,17.2975962161684
rds_cpu_utilization_cc0c53:2811:2827,0,rolling_64@0.975,2.0109826187490243,17.2975962161684
rds_cpu_utilization_cc0c53:2819:2835,0,rolling_64@0.975,2.0109826187490243,17.2975962161684
rds_cpu_utilization_cc0c53:2827:2843,0,rolling_64@0.975,1.483132477560155,17.2975962161684
rds_cpu_utilization_cc0c53:2835:2851,0,rolling_64@0.975,2.3981885311026185,17.2975962161684
rds_cpu_utilization_cc0c53:2843:2859,0,rolling_64@0.975,3.3446845268530905,17.2975962161684
rds_cpu_utilization_cc0c53:2851:2867,0,rolling_64@0.975,3.3446845268530905,17.2975962161684
rds_cpu_utilization_cc0c53:2859:2875,0,rolling_64@0.975,2.664857671700076,17.2975962161684
rds_cpu_utilization_cc0c53:2867:2883,0,rolling_64@0.975,2.664857671700076,17.2975962161684
rds_cpu_utilization_cc0c53:2875:2891,0,rolling_64@0.975,2.438266015008847,17.2975962161684
rds_cpu_utilization_cc0c53:2883:2899,0,rolling_64@0.975,3.0045475317322157,17.2975962161684
rds_cpu_utilization_cc0c53:2891:2907,0,rolling_64@0.975,3.0045475317322157,17.2975962161684
rds_cpu_utilization_cc0c53:2899:2915,0,rolling_64@0.975,2.8921352108545677,17.2975962161684
rds_cpu_utilization_cc0c53:2907:2923,0,rolling_64@0.975,2.8921352108545677,17.2975962161684
rds_cpu_utilization_cc0c53:2915:2931,0,rolling_64@0.975,3.3891510955671724,17.2975962161684
rds_cpu_utilization_cc0c53:2923:2939,0,rolling_64@0.975,3.3891510955671724,17.2975962161684
rds_cpu_utilization_cc0c53:2931:2947,0,rolling_64@0.975,5.011989140388407,17.2975962161684
rds_cpu_utilization_cc0c53:2939:2955,0,rolling_64@0.975,5.011989140388407,17.2975962161684
rds_cpu_utilization_cc0c53:2947:2963,0,rolling_64@0.975,3.902687760274699,17.2975962161684
rds_cpu_utilization_cc0c53:2955:2971,0,rolling_64@0.975,1.4043743447693822,17.2975962161684
rds_cpu_utilization_cc0c53:2963:2979,0,rolling_64@0.975,4.079378970270592,17.2975962161684
rds_cpu_utilization_cc0c53:2971:2987,1,rolling_64@0.975,4.079378970270592,17.2975962161684
rds_cpu_utilization_cc0c53:2979:2995,1,rolling_64@0.975,2.896543530872564,17.2975962161684
rds_cpu_utilization_cc0c53:2987:3003,1,rolling_64@0.975,4.822106295412194,17.2975962161684
rds_cpu_utilization_cc0c53:2995:3011,1,rolling_64@0.975,4.822106295412194,17.2975962161684
rds_cpu_utilization_cc0c53:3003:3019,1,rolling_64@0.975,2.9610181327617355,17.2975962161684
rds_cpu_utilization_cc0c53:3011:3027,1,rolling_64@0.975,3.6152740086427513,17.2975962161684
rds_cpu_utilization_cc0c53:3019:3035,1,rolling_64@0.975,4.480035879436916,17.2975962161684
rds_cpu_utilization_cc0c53:3027:3043,1,rolling_64@0.975,4.480035879436916,17.2975962161684
rds_cpu_utilization_cc0c53:3035:3051,1,rolling_64@0.975,2.1590846363510487,17.2975962161684
rds_cpu_utilization_cc0c53:3043:3059,1,rolling_64@0.975,1.413562678202428,17.2975962161684
rds_cpu_utilization_cc0c53:3051:3067,1,rolling_64@0.975,1.4207376022260387,17.2975962161684
rds_cpu_utilization_cc0c53:3059:3075,1,rolling_64@0.975,1.4211194853189062,17.2975962161684
rds_cpu_utilization_cc0c53:3067:3083,1,rolling_64@0.975,69.9538506499098,17.2975962161684
rds_cpu_utilization_cc0c53:3075:3091,1,rolling_64@0.975,69.9538506499098,17.2975962161684
rds_cpu_utilization_cc0c53:3083:3099,1,rolling_64@0.975,43.46510454878888,17.2975962161684
rds_cpu_utilization_cc0c53:3091:3107,1,rolling_64@0.975,30.791531549389255,17.2975962161684
rds_cpu_utilization_cc0c53:3099:3115,1,rolling_64@0.975,29.300911512639594,17.2975962161684
rds_cpu_utilization_cc0c53:3107:3123,1,rolling_64@0.975,15.809335411513542,17.2975962161684
rds_cpu_utilization_cc0c53:3115:3131,1,rolling_64@0.975,1.5920962543141508,17.2975962161684
rds_cpu_utilization_cc0c53:3123:3139,1,rolling_64@0.975,1.5920962543141508,17.2975962161684
rds_cpu_utilization_cc0c53:3131:3147,1,rolling_64@0.975,1.4233538517886424,17.2975962161684
rds_cpu_utilization_cc0c53:3139:3155,1,rolling_64@0.975,1.7517353269613738,17.2975962161684
rds_cpu_utilization_cc0c53:3147:3163,1,rolling_64@0.975,3.6378848569458673,17.2975962161684
rds_cpu_utilization_cc0c53:3155:3171,1,rolling_64@0.975,3.6378848569458673,17.2975962161684
rds_cpu_utilization_cc0c53:3163:3179,1,rolling_64@0.975,2.847108037872143,17.2975962161684
rds_cpu_utilization_cc0c53:3171:3187,1,rolling_64@0.975,2.847108037872143,17.2975962161684
rds_cpu_utilization_cc0c53:3179:3195,1,rolling_64@0.975,1.442046169249934,17.2975962161684
rds_cpu_utilization_cc0c53:3187:3203,0,rolling_64@0.975,2.8303403919837096,17.2975962161684
rds_cpu_utilization_cc0c53:3195:3211,0,rolling_64@0.975,2.8303403919837096,17.2975962161684
rds_cpu_utilization_cc0c53:3203:3219,0,rolling_64@0.975,1.3346247755173153,17.2975962161684
rds_cpu_utilization_cc0c53:2419:2435,0,rolling_64@0.99,52.34205755969206,28.810599120338484
rds_cpu_utilization_cc0c53:2427:2443,0,rolling_64@0.99,29.48453596168969,28.810599120338484
rds_cpu_utilization_cc0c53:2435:2451,0,rolling_64@0.99,29.48453596168969,28.810599120338484
rds_cpu_utilization_cc0c53:2443:2459,0,rolling_64@0.99,29.09139721101591,28.810599120338484
rds_cpu_utilization_cc0c53:2451:2467,0,rolling_64@0.99,29.09139721101591,28.810599120338484
rds_cpu_utilization_cc0c53:2459:2475,0,rolling_64@0.99,3.0833844536883754,28.810599120338484
rds_cpu_utilization_cc0c53:2467:2483,0,rolling_64@0.99,1.4785652943030159,28.810599120338484
rds_cpu_utilization_cc0c53:2475:2491,0,rolling_64@0.99,2.7380304559346573,28.810599120338484
rds_cpu_utilization_cc0c53:2483:2499,0,rolling_64@0.99,2.7380304559346573,28.810599120338484
rds_cpu_utilization_cc0c53:2491:2507,0,rolling_64@0.99,1.407002313114393,28.810599120338484
rds_cpu_utilization_cc0c53:2499:2515,0,rolling_64@0.99,3.822116609238206,28.810599120338484
rds_cpu_utilization_cc0c53:2507:2523,0,rolling_64@0.99,3.822116609238206,28.810599120338484
rds_cpu_utilization_cc0c53:2515:2531,0,rolling_64@0.99,1.5122775533888242,28.810599120338484
rds_cpu_utilization_cc0c53:2523:2539,0,rolling_64@0.99,2.322824949324458,28.810599120338484
rds_cpu_utilization_cc0c53:2531:2547,0,rolling_64@0.99,2.322824949324458,28.810599120338484
rds_cpu_utilization_cc0c53:2539:2555,0,rolling_64@0.99,2.4666030933141263,28.810599120338484
rds_cpu_utilization_cc0c53:2547:2563,0,rolling_64@0.99,2.4666030933141263,28.810599120338484
rds_cpu_utilization_cc0c53:2555:2571,0,rolling_64@0.99,1.511010948900926,28.810599120338484
rds_cpu_utilization_cc0c53:2563:2579,0,rolling_64@0.99,3.153905063963929,28.810599120338484
rds_cpu_utilization_cc0c53:2571:2587,0,rolling_64@0.99,3.153905063963929,28.810599120338484
rds_cpu_utilization_cc0c53:2579:2595,0,rolling_64@0.99,2.2096587543443977,28.810599120338484
rds_cpu_utilization_cc0c53:2587:2603,0,rolling_64@0.99,2.7283137190060662,28.810599120338484
rds_cpu_utilization_cc0c53:2595:2611,0,rolling_64@0.99,2.7283137190060662,28.810599120338484
rds_cpu_utilization_cc0c53:2603:2619,0,rolling_64@0.99,2.1672751316526577,28.810599120338484
rds_cpu_utilization_cc0c53:2611:2627,0,rolling_64@0.99,3.437314892889845,28.810599120338484
rds_cpu_utilization_cc0c53:2619:2635,0,rolling_64@0.99,3.437314892889845,28.810599120338484
rds_cpu_utilization_cc0c53:2627:2643,0,rolling_64@0.99,2.8147058970087864,28.810599120338484
rds_cpu_utilization_cc0c53:2635:2651,0,rolling_64@0.99,4.130061915728582,28.810599120338484
rds_cpu_utilization_cc0c53:2643:2659,0,rolling_64@0.99,4.130061915728582,28.810599120338484
rds_cpu_utilization_cc0c53:2651:2667,0,rolling_64@0.99,3.3724553362463907,28.810599120338484
rds_cpu_utilization_cc0c53:2659:2675,0,rolling_64@0.99,3.3724553362463907,28.810599120338484
rds_cpu_utilization_cc0c53:2667:2683,0,rolling_64@0.99,3.3335467269096686,28.810599120338484
rds_cpu_utilization_cc0c53:2675:2691,0,rolling_64@0.99,3.3335467269096686,28.810599120338484
rds_cpu_utilization_cc0c53:2683:2699,0,rolling_64@0.99,2.788761045476689,28.810599120338484
rds_cpu_utilization_cc0c53:2691:2707,0,rolling_64@0.99,2.788761045476689,28.810599120338484
rds_cpu_utilization_cc0c53:2699:2715,0,rolling_64@0.99,2.8925890996328065,28.810599120338484
rds_cpu_utilization_cc0c53:2707:2723,0,rolling_64@0.99,2.8925890996328065,28.810599120338484
rds_cpu_utilization_cc0c53:2715:2731,0,rolling_64@0.99,2.743361268560904,28.810599120338484
rds_cpu_utilization_cc0c53:2723:2739,0,rolling_64@0.99,2.743361268560904,28.810599120338484
rds_cpu_utilization_cc0c53:2731:2747,0,rolling_64@0.99,2.7236575885027423,28.810599120338484
rds_cpu_utilization_cc0c53:2739:2755,0,rolling_64@0.99,2.7236575885027423,28.810599120338484
rds_cpu_utilization_cc0c53:2747:2763,0,rolling_64@0.99,1.4270806895462789,28.810599120338484
rds_cpu_utilization_cc0c53:2755:2771,0,rolling_64@0.99,3.21650405727682,28.810599120338484
rds_cpu_utilization_cc0c53:2763:2779,0,rolling_64@0.99,3.21650405727682,28.810599120338484
rds_cpu_utilization_cc0c53:2771:2787,0,rolling_64@0.99,3.297519115114152,28.810599120338484
rds_cpu_utilization_cc0c53:2779:2795,0,rolling_64@0.99,3.7309667993571582,28.810599120338484
rds_cpu_utilization_cc0c53:2787:2803,0,rolling_64@0.99,8.933290492808473,28.810599120338484
rds_cpu_utilization_cc0c53:2795:2811,0,rolling_64@0.99,8.933290492808473,28.810599120338484
rds_cpu_utilization_cc0c53:2803:2819,0,rolling_64@0.99,2.3954611039614475,28.810599120338484
rds_cpu_utilization_cc0c53:2811:2827,0,rolling_64@0.99,2.0109826187490243,28.810599120338484
rds_cpu_utilization_cc0c53:2819:2835,0,rolling_64@0.99,2.0109826187490243,28.810599120338484
rds_cpu_utilization_cc0c53:2827:2843,0,rolling_64@0.99,1.483132477560155,28.810599120338484
rds_cpu_utilization_cc0c53:2835:2851,0,rolling_64@0.99,2.3981885311026185,28.810599120338484
rds_cpu_utilization_cc0c53:2843:2859,0,rolling_64@0.99,3.3446845268530905,28.810599120338484
rds_cpu_utilization_cc0c53:2851:2867,0,rolling_64@0.99,3.3446845268530905,28.810599120338484
rds_cpu_utilization_cc0c53:2859:2875,0,rolling_64@0.99,2.664857671700076,28.810599120338484
rds_cpu_utilization_cc0c53:2867:2883,0,rolling_64@0.99,2.664857671700076,28.810599120338484
rds_cpu_utilization_cc0c53:2875:2891,0,rolling_64@0.99,2.438266015008847,28.810599120338484
rds_cpu_utilization_cc0c53:2883:2899,0,rolling_64@0.99,3.0045475317322157,28.810599120338484
rds_cpu_utilization_cc0c53:2891:2907,0,rolling_64@0.99,3.0045475317322157,28.810599120338484
rds_cpu_utilization_cc0c53:2899:2915,0,rolling_64@0.99,2.8921352108545677,28.810599120338484
rds_cpu_utilization_cc0c53:2907:2923,0,rolling_64@0.99,2.8921352108545677,28.810599120338484
rds_cpu_utilization_cc0c53:2915:2931,0,rolling_64@0.99,3.3891510955671724,28.810599120338484
rds_cpu_utilization_cc0c53:2923:2939,0,rolling_64@0.99,3.3891510955671724,28.810599120338484
rds_cpu_utilization_cc0c53:2931:2947,0,rolling_64@0.99,5.011989140388407,28.810599120338484
rds_cpu_utilization_cc0c53:2939:2955,0,rolling_64@0.99,5.011989140388407,28.810599120338484
rds_cpu_utilization_cc0c53:2947:2963,0,rolling_64@0.99,3.902687760274699,28.810599120338484
rds_cpu_utilization_cc0c53:2955:2971,0,rolling_64@0.99,1.4043743447693822,28.810599120338484
rds_cpu_utilization_cc0c53:2963:2979,0,rolling_64@0.99,4.079378970270592,28.810599120338484
rds_cpu_utilization_cc0c53:2971:2987,1,rolling_64@0.99,4.079378970270592,28.810599120338484
rds_cpu_utilization_cc0c53:2979:2995,1,rolling_64@0.99,2.896543530872564,28.810599120338484
rds_cpu_utilization_cc0c53:2987:3003,1,rolling_64@0.99,4.822106295412194,28.810599120338484
rds_cpu_utilization_cc0c53:2995:3011,1,rolling_64@0.99,4.822106295412194,28.810599120338484
rds_cpu_utilization_cc0c53:3003:3019,1,rolling_64@0.99,2.9610181327617355,28.810599120338484
rds_cpu_utilization_cc0c53:3011:3027,1,rolling_64@0.99,3.6152740086427513,28.810599120338484
rds_cpu_utilization_cc0c53:3019:3035,1,rolling_64@0.99,4.480035879436916,28.810599120338484
rds_cpu_utilization_cc0c53:3027:3043,1,rolling_64@0.99,4.480035879436916,28.810599120338484
rds_cpu_utilization_cc0c53:3035:3051,1,rolling_64@0.99,2.1590846363510487,28.810599120338484
rds_cpu_utilization_cc0c53:3043:3059,1,rolling_64@0.99,1.413562678202428,28.810599120338484
rds_cpu_utilization_cc0c53:3051:3067,1,rolling_64@0.99,1.4207376022260387,28.810599120338484
rds_cpu_utilization_cc0c53:3059:3075,1,rolling_64@0.99,1.4211194853189062,28.810599120338484
rds_cpu_utilization_cc0c53:3067:3083,1,rolling_64@0.99,69.9538506499098,28.810599120338484
rds_cpu_utilization_cc0c53:3075:3091,1,rolling_64@0.99,69.9538506499098,28.810599120338484
rds_cpu_utilization_cc0c53:3083:3099,1,rolling_64@0.99,43.46510454878888,28.810599120338484
rds_cpu_utilization_cc0c53:3091:3107,1,rolling_64@0.99,30.791531549389255,28.810599120338484
rds_cpu_utilization_cc0c53:3099:3115,1,rolling_64@0.99,29.300911512639594,28.810599120338484
rds_cpu_utilization_cc0c53:3107:3123,1,rolling_64@0.99,15.809335411513542,28.810599120338484
rds_cpu_utilization_cc0c53:3115:3131,1,rolling_64@0.99,1.5920962543141508,28.810599120338484
rds_cpu_utilization_cc0c53:3123:3139,1,rolling_64@0.99,1.5920962543141508,28.810599120338484
rds_cpu_utilization_cc0c53:3131:3147,1,rolling_64@0.99,1.4233538517886424,28.810599120338484
rds_cpu_utilization_cc0c53:3139:3155,1,rolling_64@0.99,1.7517353269613738,28.810599120338484
rds_cpu_utilization_cc0c53:3147:3163,1,rolling_64@0.99,3.6378848569458673,28.810599120338484
rds_cpu_utilization_cc0c53:3155:3171,1,rolling_64@0.99,3.6378848569458673,28.810599120338484
rds_cpu_utilization_cc0c53:3163:3179,1,rolling_64@0.99,2.847108037872143,28.810599120338484
rds_cpu_utilization_cc0c53:3171:3187,1,rolling_64@0.99,2.847108037872143,28.810599120338484
rds_cpu_utilization_cc0c53:3179:3195,1,rolling_64@0.99,1.442046169249934,28.810599120338484
rds_cpu_utilization_cc0c53:3187:3203,0,rolling_64@0.99,2.8303403919837096,28.810599120338484
rds_cpu_utilization_cc0c53:3195:3211,0,rolling_64@0.99,2.8303403919837096,28.810599120338484
rds_cpu_utilization_cc0c53:3203:3219,0,rolling_64@0.99,1.3346247755173153,28.810599120338484
rds_cpu_utilization_cc0c53:2419:2435,0,rolling_128@0.95,52.34205755969206,22.29592541664752
rds_cpu_utilization_cc0c53:2427:2443,0,rolling_128@0.95,29.48453596168969,22.29592541664752
rds_cpu_utilization_cc0c53:2435:2451,0,rolling_128@0.95,29.48453596168969,22.29592541664752
rds_cpu_utilization_cc0c53:2443:2459,0,rolling_128@0.95,29.09139721101591,22.29592541664752
rds_cpu_utilization_cc0c53:2451:2467,0,rolling_128@0.95,29.09139721101591,22.29592541664752
rds_cpu_utilization_cc0c53:2459:2475,0,rolling_128@0.95,16.511332104649206,22.29592541664752
rds_cpu_utilization_cc0c53:2467:2483,0,rolling_128@0.95,12.523908166196891,22.29592541664752
rds_cpu_utilization_cc0c53:2475:2491,0,rolling_128@0.95,23.812269919859364,22.29592541664752
rds_cpu_utilization_cc0c53:2483:2499,0,rolling_128@0.95,23.812269919859364,22.29592541664752
rds_cpu_utilization_cc0c53:2491:2507,0,rolling_128@0.95,11.962298595013676,22.29592541664752
rds_cpu_utilization_cc0c53:2499:2515,0,rolling_128@0.95,4.743207139148463,22.29592541664752
rds_cpu_utilization_cc0c53:2507:2523,0,rolling_128@0.95,3.812181315625671,22.29592541664752
rds_cpu_utilization_cc0c53:2515:2531,0,rolling_128@0.95,1.6195186135759152,22.29592541664752
rds_cpu_utilization_cc0c53:2523:2539,0,rolling_128@0.95,2.097667387651184,22.29592541664752
rds_cpu_utilization_cc0c53:2531:2547,0,rolling_128@0.95,2.097667387651184,22.29592541664752
rds_cpu_utilization_cc0c53:2539:2555,0,rolling_128@0.95,2.2102557051256966,22.29592541664752
rds_cpu_utilization_cc0c53:2547:2563,0,rolling_128@0.95,2.2102557051256966,22.29592541664752
rds_cpu_utilization_cc0c53:2555:2571,0,rolling_128@0.95,1.3841120661184745,22.29592541664752
rds_cpu_utilization_cc0c53:2563:2579,0,rolling_128@0.95,3.015577561504781,22.29592541664752
rds_cpu_utilization_cc0c53:2571:2587,0,rolling_128@0.95,3.015577561504781,22.29592541664752
rds_cpu_utilization_cc0c53:2579:2595,0,rolling_128@0.95,2.185068071911198,22.29592541664752
rds_cpu_utilization_cc0c53:2587:2603,0,rolling_128@0.95,2.8384783516139103,22.29592541664752
rds_cpu_utilization_cc0c53:2595:2611,0,rolling_128@0.95,2.8384783516139103,22.29592541664752
rds_cpu_utilization_cc0c53:2603:2619,0,rolling_128@0.95,2.1319350045225565,22.29592541664752
rds_cpu_utilization_cc0c53:2611:2627,0,rolling_128@0.95,3.477232471541471,22.29592541664752
rds_cpu_utilization_cc0c53:2619:2635,0,rolling_128@0.95,3.477232471541471,22.29592541664752
rds_cpu_utilization_cc0c53:2627:2643,0,rolling_128@0.95,2.8211924704383837,22.29592541664752
rds_cpu_utilization_cc0c53:2635:2651,0,rolling_128@0.95,4.215573818346617,22.29592541664752
rds_cpu_utilization_cc0c53:2643:2659,0,rolling_128@0.95,4.215573818346617,22.29592541664752
rds_cpu_utilization_cc0c53:2651:2667,0,rolling_128@0.95,3.3919150639348024,22.29592541664752
rds_cpu_utilization_cc0c53:2659:2675,0,rolling_128@0.95,3.3919150639348024,22.29592541664752
rds_cpu_utilization_cc0c53:2667:2683,0,rolling_128@0.95,3.432264496774482,22.29592541664752
rds_cpu_utilization_cc0c53:2675:2691,0,rolling_128@0.95,3.432264496774482,22.29592541664752
rds_cpu_utilization_cc0c53:2683:2699,0,rolling_128@0.95,2.788764242079501,22.29592541664752
rds_cpu_utilization_cc0c53:2691:2707,0,rolling_128@0.95,2.788764242079501,22.29592541664752
rds_cpu_utilization_cc0c53:2699:2715,0,rolling_128@0.95,2.7368777950890233,22.29592541664752
rds_cpu_utilization_cc0c53:2707:2723,0,rolling_128@0.95,2.7368777950890233,22.29592541664752
rds_cpu_utilization_cc0c53:2715:2731,0,rolling_128@0.95,2.659420446244699,22.29592541664752
rds_cpu_utilization_cc0c53:2723:2739,0,rolling_128@0.95,2.659420446244699,22.29592541664752
rds_cpu_utilization_cc0c53:2731:2747,0,rolling_128@0.95,2.7236575885027423,22.29592541664752
rds_cpu_utilization_cc0c53:2739:2755,0,rolling_128@0.95,2.7236575885027423,22.29592541664752
rds_cpu_utilization_cc0c53:2747:2763,0,rolling_128@0.95,1.3896545884599232,22.29592541664752
rds_cpu_utilization_cc0c53:2755:2771,0,rolling_128@0.95,2.563809237213876,22.29592541664752
rds_cpu_utilization_cc0c53:2763:2779,0,rolling_128@0.95,2.563809237213876,22.29592541664752
rds_cpu_utilization_cc0c53:2771:2787,0,rolling_128@0.95,1.499298818409025,22.29592541664752
rds_cpu_utilization_cc0c53:2779:2795,0,rolling_128@0.95,2.296390365657108,22.29592541664752
rds_cpu_utilization_cc0c53:2787:2803,0,rolling_128@0.95,4.865428152002008,22.29592541664752
rds_cpu_utilization_cc0c53:2795:2811,0,rolling_128@0.95,4.865428152002008,22.29592541664752
rds_cpu_utilization_cc0c53:2803:2819,0,rolling_128@0.95,1.5665579840506554,22.29592541664752
rds_cpu_utilization_cc0c53:2811:2827,0,rolling_128@0.95,1.4899774092149025,22.29592541664752
rds_cpu_utilization_cc0c53:2819:2835,0,rolling_128@0.95,2.1215771811685524,22.29592541664752
rds_cpu_utilization_cc0c53:2827:2843,0,rolling_128@0.95,2.1215771811685524,22.29592541664752
rds_cpu_utilization_cc0c53:2835:2851,0,rolling_128@0.95,4.321733448741481,22.29592541664752
rds_cpu_utilization_cc0c53:2843:2859,0,rolling_128@0.95,4.321733448741481,22.29592541664752
rds_cpu_utilization_cc0c53:2851:2867,0,rolling_128@0.95,3.3491898226531904,22.29592541664752
rds_cpu_utilization_cc0c53:2859:2875,0,rolling_128@0.95,3.2938358369295253,22.29592541664752
rds_cpu_utilization_cc0c53:2867:2883,0,rolling_128@0.95,3.2938358369295253,22.29592541664752
rds_cpu_utilization_cc0c53:2875:2891,0,rolling_128@0.95,2.6824531052861973,22.29592541664752
rds_cpu_utilization_cc0c53:2883:2899,0,rolling_128@0.95,3.1807551407120362,22.29592541664752
rds_cpu_utilization_cc0c53:2891:2907,0,rolling_128@0.95,3.1807551407120362,22.29592541664752
rds_cpu_utilization_cc0c53:2899:2915,0,rolling_128@0.95,3.0387572642694067,22.29592541664752
rds_cpu_utilization_cc0c53:2907:2923,0,rolling_128@0.95,2.9482932141364806,22.29592541664752
rds_cpu_utilization_cc0c53:2915:2931,0,rolling_128@0.95,3.4969726309118,22.29592541664752
rds_cpu_utilization_cc0c53:2923:2939,0,rolling_128@0.95,3.4969726309118,22.29592541664752
rds_cpu_utilization_cc0c53:2931:2947,0,rolling_128@0.95,3.145254825227273,22.29592541664752
rds_cpu_utilization_cc0c53:2939:2955,0,rolling_128@0.95,3.145254825227273,22.29592541664752
rds_cpu_utilization_cc0c53:2947:2963,0,rolling_128@0.95,2.9482859674664366,22.29592541664752
rds_cpu_utilization_cc0c53:2955:2971,0,rolling_128@0.95,1.4366670866092481,22.29592541664752
rds_cpu_utilization_cc0c53:2963:2979,0,rolling_128@0.95,4.148942779177075,22.29592541664752
rds_cpu_utilization_cc0c53:2971:2987,1,rolling_128@0.95,4.148942779177075,22.29592541664752
rds_cpu_utilization_cc0c53:2979:2995,1,rolling_128@0.95,2.8530992896229166,22.29592541664752
rds_cpu_utilization_cc0c53:2987:3003,1,rolling_128@0.95,4.801581486901983,22.29592541664752
rds_cpu_utilization_cc0c53:2995:3011,1,rolling_128@0.95,4.801581486901983,22.29592541664752
rds_cpu_utilization_cc0c53:3003:3019,1,rolling_128@0.95,2.9831956118257077,22.29592541664752
rds_cpu_utilization_cc0c53:3011:3027,1,rolling_128@0.95,3.694290697679875,22.29592541664752
rds_cpu_utilization_cc0c53:3019:3035,1,rolling_128@0.95,4.2435318337336625,22.29592541664752
rds_cpu_utilization_cc0c53:3027:3043,1,rolling_128@0.95,4.2435318337336625,22.29592541664752
rds_cpu_utilization_cc0c53:3035:3051,1,rolling_128@0.95,2.0774325040556043,22.29592541664752
rds_cpu_utilization_cc0c53:3043:3059,1,rolling_128@0.95,1.405781685179169,22.29592541664752
rds_cpu_utilization_cc0c53:3051:3067,1,rolling_128@0.95,1.412881071176837,22.29592541664752
rds_cpu_utilization_cc0c53:3059:3075,1,rolling_128@0.95,1.412881071176837,22.29592541664752
rds_cpu_utilization_cc0c53:3067:3083,1,rolling_128@0.95,67.73056643319224,22.29592541664752
rds_cpu_utilization_cc0c53:3075:3091,1,rolling_128@0.95,67.73056643319224,22.29592541664752
rds_cpu_utilization_cc0c53:3083:3099,1,rolling_128@0.95,43.46510454878888,22.29592541664752
rds_cpu_utilization_cc0c53:3091:3107,1,rolling_128@0.95,31.633605845902526,22.29592541664752
rds_cpu_utilization_cc0c53:3099:3115,1,rolling_128@0.95,31.892041528435907,22.29592541664752
rds_cpu_utilization_cc0c53:3107:3123,1,rolling_128@0.95,31.892041528435907,22.29592541664752
rds_cpu_utilization_cc0c53:3115:3131,1,rolling_128@0.95,29.03268023666382,22.29592541664752
rds_cpu_utilization_cc0c53:3123:3139,1,rolling_128@0.95,27.16167806907763,22.29592541664752
rds_cpu_utilization_cc0c53:3131:3147,1,rolling_128@0.95,12.031661823016103,22.29592541664752
rds_cpu_utilization_cc0c53:3139:3155,1,rolling_128@0.95,9.923868518818225,22.29592541664752
rds_cpu_utilization_cc0c53:3147:3163,1,rolling_128@0.95,0.950037513254328,22.29592541664752
rds_cpu_utilization_cc0c53:3155:3171,1,rolling_128@0.95,1.0135207883890627,22.29592541664752
rds_cpu_utilization_cc0c53:3163:3179,1,rolling_128@0.95,2.4447285634192792,22.29592541664752
rds_cpu_utilization_cc0c53:3171:3187,1,rolling_128@0.95,2.4447285634192792,22.29592541664752
rds_cpu_utilization_cc0c53:3179:3195,1,rolling_128@0.95,1.4417892530067955,22.29592541664752
rds_cpu_utilization_cc0c53:3187:3203,0,rolling_128@0.95,2.7974036630314516,22.29592541664752
rds_cpu_utilization_cc0c53:3195:3211,0,rolling_128@0.95,2.7974036630314516,22.29592541664752
rds_cpu_utilization_cc0c53:3203:3219,0,rolling_128@0.95,1.3346247755173153,22.29592541664752
rds_cpu_utilization_cc0c53:2419:2435,0,rolling_128@0.975,52.34205755969206,24.935540308928434
rds_cpu_utilization_cc0c53:2427:2443,0,rolling_128@0.975,29.48453596168969,24.935540308928434
rds_cpu_utilization_cc0c53:2435:2451,0,rolling_128@0.975,29.48453596168969,24.935540308928434
rds_cpu_utilization_cc0c53:2443:2459,0,rolling_128@0.975,29.09139721101591,24.935540308928434
rds_cpu_utilization_cc0c53:2451:2467,0,rolling_128@0.975,29.09139721101591,24.935540308928434
rds_cpu_utilization_cc0c53:2459:2475,0,rolling_128@0.975,16.511332104649206,24.935540308928434
rds_cpu_utilization_cc0c53:2467:2483,0,rolling_128@0.975,12.523908166196891,24.935540308928434
rds_cpu_utilization_cc0c53:2475:2491,0,rolling_128@0.975,23.812269919859364,24.935540308928434
rds_cpu_utilization_cc0c53:2483:2499,0,rolling_128@0.975,23.812269919859364,24.935540308928434
rds_cpu_utilization_cc0c53:2491:2507,0,rolling_128@0.975,11.962298595013676,24.935540308928434
rds_cpu_utilization_cc0c53:2499:2515,0,rolling_128@0.975,4.743207139148463,24.935540308928434
rds_cpu_utilization_cc0c53:2507:2523,0,rolling_128@0.975,3.812181315625671,24.935540308928434
rds_cpu_utilization_cc0c53:2515:2531,0,rolling_128@0.975,1.6195186135759152,24.935540308928434
rds_cpu_utilization_cc0c53:2523:2539,0,rolling_128@0.975,2.097667387651184,24.935540308928434
rds_cpu_utilization_cc0c53:2531:2547,0,rolling_128@0.975,2.097667387651184,24.935540308928434
rds_cpu_utilization_cc0c53:2539:2555,0,rolling_128@0.975,2.2102557051256966,24.935540308928434
rds_cpu_utilization_cc0c53:2547:2563,0,rolling_128@0.975,2.2102557051256966,24.935540308928434
rds_cpu_utilization_cc0c53:2555:2571,0,rolling_128@0.975,1.3841120661184745,24.935540308928434
rds_cpu_utilization_cc0c53:2563:2579,0,rolling_128@0.975,3.015577561504781,24.935540308928434
rds_cpu_utilization_cc0c53:2571:2587,0,rolling_128@0.975,3.015577561504781,24.935540308928434
rds_cpu_utilization_cc0c53:2579:2595,0,rolling_128@0.975,2.185068071911198,24.935540308928434
rds_cpu_utilization_cc0c53:2587:2603,0,rolling_128@0.975,2.8384783516139103,24.935540308928434
rds_cpu_utilization_cc0c53:2595:2611,0,rolling_128@0.975,2.8384783516139103,24.935540308928434
rds_cpu_utilization_cc0c53:2603:2619,0,rolling_128@0.975,2.1319350045225565,24.935540308928434
rds_cpu_utilization_cc0c53:2611:2627,0,rolling_128@0.975,3.477232471541471,24.935540308928434
rds_cpu_utilization_cc0c53:2619:2635,0,rolling_128@0.975,3.477232471541471,24.935540308928434
rds_cpu_utilization_cc0c53:2627:2643,0,rolling_128@0.975,2.8211924704383837,24.935540308928434
rds_cpu_utilization_cc0c53:2635:2651,0,rolling_128@0.975,4.215573818346617,24.935540308928434
rds_cpu_utilization_cc0c53:2643:2659,0,rolling_128@0.975,4.215573818346617,24.935540308928434
rds_cpu_utilization_cc0c53:2651:2667,0,rolling_128@0.975,3.3919150639348024,24.935540308928434
rds_cpu_utilization_cc0c53:2659:2675,0,rolling_128@0.975,3.3919150639348024,24.935540308928434
rds_cpu_utilization_cc0c53:2667:2683,0,rolling_128@0.975,3.432264496774482,24.935540308928434
rds_cpu_utilization_cc0c53:2675:2691,0,rolling_128@0.975,3.432264496774482,24.935540308928434
rds_cpu_utilization_cc0c53:2683:2699,0,rolling_128@0.975,2.788764242079501,24.935540308928434
rds_cpu_utilization_cc0c53:2691:2707,0,rolling_128@0.975,2.788764242079501,24.935540308928434
rds_cpu_utilization_cc0c53:2699:2715,0,rolling_128@0.975,2.7368777950890233,24.935540308928434
rds_cpu_utilization_cc0c53:2707:2723,0,rolling_128@0.975,2.7368777950890233,24.935540308928434
rds_cpu_utilization_cc0c53:2715:2731,0,rolling_128@0.975,2.659420446244699,24.935540308928434
rds_cpu_utilization_cc0c53:2723:2739,0,rolling_128@0.975,2.659420446244699,24.935540308928434
rds_cpu_utilization_cc0c53:2731:2747,0,rolling_128@0.975,2.7236575885027423,24.935540308928434
rds_cpu_utilization_cc0c53:2739:2755,0,rolling_128@0.975,2.7236575885027423,24.935540308928434
rds_cpu_utilization_cc0c53:2747:2763,0,rolling_128@0.975,1.3896545884599232,24.935540308928434
rds_cpu_utilization_cc0c53:2755:2771,0,rolling_128@0.975,2.563809237213876,24.935540308928434
rds_cpu_utilization_cc0c53:2763:2779,0,rolling_128@0.975,2.563809237213876,24.935540308928434
rds_cpu_utilization_cc0c53:2771:2787,0,rolling_128@0.975,1.499298818409025,24.935540308928434
rds_cpu_utilization_cc0c53:2779:2795,0,rolling_128@0.975,2.296390365657108,24.935540308928434
rds_cpu_utilization_cc0c53:2787:2803,0,rolling_128@0.975,4.865428152002008,24.935540308928434
rds_cpu_utilization_cc0c53:2795:2811,0,rolling_128@0.975,4.865428152002008,24.935540308928434
rds_cpu_utilization_cc0c53:2803:2819,0,rolling_128@0.975,1.5665579840506554,24.935540308928434
rds_cpu_utilization_cc0c53:2811:2827,0,rolling_128@0.975,1.4899774092149025,24.935540308928434
rds_cpu_utilization_cc0c53:2819:2835,0,rolling_128@0.975,2.1215771811685524,24.935540308928434
rds_cpu_utilization_cc0c53:2827:2843,0,rolling_128@0.975,2.1215771811685524,24.935540308928434
rds_cpu_utilization_cc0c53:2835:2851,0,rolling_128@0.975,4.321733448741481,24.935540308928434
rds_cpu_utilization_cc0c53:2843:2859,0,rolling_128@0.975,4.321733448741481,24.935540308928434
rds_cpu_utilization_cc0c53:2851:2867,0,rolling_128@0.975,3.3491898226531904,24.935540308928434
rds_cpu_utilization_cc0c53:2859:2875,0,rolling_128@0.975,3.2938358369295253,24.935540308928434
rds_cpu_utilization_cc0c53:2867:2883,0,rolling_128@0.975,3.2938358369295253,24.935540308928434
rds_cpu_utilization_cc0c53:2875:2891,0,rolling_128@0.975,2.6824531052861973,24.935540308928434
rds_cpu_utilization_cc0c53:2883:2899,0,rolling_128@0.975,3.1807551407120362,24.935540308928434
rds_cpu_utilization_cc0c53:2891:2907,0,rolling_128@0.975,3.1807551407120362,24.935540308928434
rds_cpu_utilization_cc0c53:2899:2915,0,rolling_128@0.975,3.0387572642694067,24.935540308928434
rds_cpu_utilization_cc0c53:2907:2923,0,rolling_128@0.975,2.9482932141364806,24.935540308928434
rds_cpu_utilization_cc0c53:2915:2931,0,rolling_128@0.975,3.4969726309118,24.935540308928434
rds_cpu_utilization_cc0c53:2923:2939,0,rolling_128@0.975,3.4969726309118,24.935540308928434
rds_cpu_utilization_cc0c53:2931:2947,0,rolling_128@0.975,3.145254825227273,24.935540308928434
rds_cpu_utilization_cc0c53:2939:2955,0,rolling_128@0.975,3.145254825227273,24.935540308928434
rds_cpu_utilization_cc0c53:2947:2963,0,rolling_128@0.975,2.9482859674664366,24.935540308928434
rds_cpu_utilization_cc0c53:2955:2971,0,rolling_128@0.975,1.4366670866092481,24.935540308928434
rds_cpu_utilization_cc0c53:2963:2979,0,rolling_128@0.975,4.148942779177075,24.935540308928434
rds_cpu_utilization_cc0c53:2971:2987,1,rolling_128@0.975,4.148942779177075,24.935540308928434
rds_cpu_utilization_cc0c53:2979:2995,1,rolling_128@0.975,2.8530992896229166,24.935540308928434
rds_cpu_utilization_cc0c53:2987:3003,1,rolling_128@0.975,4.801581486901983,24.935540308928434
rds_cpu_utilization_cc0c53:2995:3011,1,rolling_128@0.975,4.801581486901983,24.935540308928434
rds_cpu_utilization_cc0c53:3003:3019,1,rolling_128@0.975,2.9831956118257077,24.935540308928434
rds_cpu_utilization_cc0c53:3011:3027,1,rolling_128@0.975,3.694290697679875,24.935540308928434
rds_cpu_utilization_cc0c53:3019:3035,1,rolling_128@0.975,4.2435318337336625,24.935540308928434
rds_cpu_utilization_cc0c53:3027:3043,1,rolling_128@0.975,4.2435318337336625,24.935540308928434
rds_cpu_utilization_cc0c53:3035:3051,1,rolling_128@0.975,2.0774325040556043,24.935540308928434
rds_cpu_utilization_cc0c53:3043:3059,1,rolling_128@0.975,1.405781685179169,24.935540308928434
rds_cpu_utilization_cc0c53:3051:3067,1,rolling_128@0.975,1.412881071176837,24.935540308928434
rds_cpu_utilization_cc0c53:3059:3075,1,rolling_128@0.975,1.412881071176837,24.935540308928434
rds_cpu_utilization_cc0c53:3067:3083,1,rolling_128@0.975,67.73056643319224,24.935540308928434
rds_cpu_utilization_cc0c53:3075:3091,1,rolling_128@0.975,67.73056643319224,24.935540308928434
rds_cpu_utilization_cc0c53:3083:3099,1,rolling_128@0.975,43.46510454878888,24.935540308928434
rds_cpu_utilization_cc0c53:3091:3107,1,rolling_128@0.975,31.633605845902526,24.935540308928434
rds_cpu_utilization_cc0c53:3099:3115,1,rolling_128@0.975,31.892041528435907,24.935540308928434
rds_cpu_utilization_cc0c53:3107:3123,1,rolling_128@0.975,31.892041528435907,24.935540308928434
rds_cpu_utilization_cc0c53:3115:3131,1,rolling_128@0.975,29.03268023666382,24.935540308928434
rds_cpu_utilization_cc0c53:3123:3139,1,rolling_128@0.975,27.16167806907763,24.935540308928434
rds_cpu_utilization_cc0c53:3131:3147,1,rolling_128@0.975,12.031661823016103,24.935540308928434
rds_cpu_utilization_cc0c53:3139:3155,1,rolling_128@0.975,9.923868518818225,24.935540308928434
rds_cpu_utilization_cc0c53:3147:3163,1,rolling_128@0.975,0.950037513254328,24.935540308928434
rds_cpu_utilization_cc0c53:3155:3171,1,rolling_128@0.975,1.0135207883890627,24.935540308928434
rds_cpu_utilization_cc0c53:3163:3179,1,rolling_128@0.975,2.4447285634192792,24.935540308928434
rds_cpu_utilization_cc0c53:3171:3187,1,rolling_128@0.975,2.4447285634192792,24.935540308928434
rds_cpu_utilization_cc0c53:3179:3195,1,rolling_128@0.975,1.4417892530067955,24.935540308928434
rds_cpu_utilization_cc0c53:3187:3203,0,rolling_128@0.975,2.7974036630314516,24.935540308928434
rds_cpu_utilization_cc0c53:3195:3211,0,rolling_128@0.975,2.7974036630314516,24.935540308928434
rds_cpu_utilization_cc0c53:3203:3219,0,rolling_128@0.975,1.3346247755173153,24.935540308928434
rds_cpu_utilization_cc0c53:2419:2435,0,rolling_128@0.99,52.34205755969206,28.810599120338484
rds_cpu_utilization_cc0c53:2427:2443,0,rolling_128@0.99,29.48453596168969,28.810599120338484
rds_cpu_utilization_cc0c53:2435:2451,0,rolling_128@0.99,29.48453596168969,28.810599120338484
rds_cpu_utilization_cc0c53:2443:2459,0,rolling_128@0.99,29.09139721101591,28.810599120338484
rds_cpu_utilization_cc0c53:2451:2467,0,rolling_128@0.99,29.09139721101591,28.810599120338484
rds_cpu_utilization_cc0c53:2459:2475,0,rolling_128@0.99,16.511332104649206,28.810599120338484
rds_cpu_utilization_cc0c53:2467:2483,0,rolling_128@0.99,12.523908166196891,28.810599120338484
rds_cpu_utilization_cc0c53:2475:2491,0,rolling_128@0.99,23.812269919859364,28.810599120338484
rds_cpu_utilization_cc0c53:2483:2499,0,rolling_128@0.99,23.812269919859364,28.810599120338484
rds_cpu_utilization_cc0c53:2491:2507,0,rolling_128@0.99,11.962298595013676,28.810599120338484
rds_cpu_utilization_cc0c53:2499:2515,0,rolling_128@0.99,4.743207139148463,28.810599120338484
rds_cpu_utilization_cc0c53:2507:2523,0,rolling_128@0.99,3.812181315625671,28.810599120338484
rds_cpu_utilization_cc0c53:2515:2531,0,rolling_128@0.99,1.6195186135759152,28.810599120338484
rds_cpu_utilization_cc0c53:2523:2539,0,rolling_128@0.99,2.097667387651184,28.810599120338484
rds_cpu_utilization_cc0c53:2531:2547,0,rolling_128@0.99,2.097667387651184,28.810599120338484
rds_cpu_utilization_cc0c53:2539:2555,0,rolling_128@0.99,2.2102557051256966,28.810599120338484
rds_cpu_utilization_cc0c53:2547:2563,0,rolling_128@0.99,2.2102557051256966,28.810599120338484
rds_cpu_utilization_cc0c53:2555:2571,0,rolling_128@0.99,1.3841120661184745,28.810599120338484
rds_cpu_utilization_cc0c53:2563:2579,0,rolling_128@0.99,3.015577561504781,28.810599120338484
rds_cpu_utilization_cc0c53:2571:2587,0,rolling_128@0.99,3.015577561504781,28.810599120338484
rds_cpu_utilization_cc0c53:2579:2595,0,rolling_128@0.99,2.185068071911198,28.810599120338484
rds_cpu_utilization_cc0c53:2587:2603,0,rolling_128@0.99,2.8384783516139103,28.810599120338484
rds_cpu_utilization_cc0c53:2595:2611,0,rolling_128@0.99,2.8384783516139103,28.810599120338484
rds_cpu_utilization_cc0c53:2603:2619,0,rolling_128@0.99,2.1319350045225565,28.810599120338484
rds_cpu_utilization_cc0c53:2611:2627,0,rolling_128@0.99,3.477232471541471,28.810599120338484
rds_cpu_utilization_cc0c53:2619:2635,0,rolling_128@0.99,3.477232471541471,28.810599120338484
rds_cpu_utilization_cc0c53:2627:2643,0,rolling_128@0.99,2.8211924704383837,28.810599120338484
rds_cpu_utilization_cc0c53:2635:2651,0,rolling_128@0.99,4.215573818346617,28.810599120338484
rds_cpu_utilization_cc0c53:2643:2659,0,rolling_128@0.99,4.215573818346617,28.810599120338484
rds_cpu_utilization_cc0c53:2651:2667,0,rolling_128@0.99,3.3919150639348024,28.810599120338484
rds_cpu_utilization_cc0c53:2659:2675,0,rolling_128@0.99,3.3919150639348024,28.810599120338484
rds_cpu_utilization_cc0c53:2667:2683,0,rolling_128@0.99,3.432264496774482,28.810599120338484
rds_cpu_utilization_cc0c53:2675:2691,0,rolling_128@0.99,3.432264496774482,28.810599120338484
rds_cpu_utilization_cc0c53:2683:2699,0,rolling_128@0.99,2.788764242079501,28.810599120338484
rds_cpu_utilization_cc0c53:2691:2707,0,rolling_128@0.99,2.788764242079501,28.810599120338484
rds_cpu_utilization_cc0c53:2699:2715,0,rolling_128@0.99,2.7368777950890233,28.810599120338484
rds_cpu_utilization_cc0c53:2707:2723,0,rolling_128@0.99,2.7368777950890233,28.810599120338484
rds_cpu_utilization_cc0c53:2715:2731,0,rolling_128@0.99,2.659420446244699,28.810599120338484
rds_cpu_utilization_cc0c53:2723:2739,0,rolling_128@0.99,2.659420446244699,28.810599120338484
rds_cpu_utilization_cc0c53:2731:2747,0,rolling_128@0.99,2.7236575885027423,28.810599120338484
rds_cpu_utilization_cc0c53:2739:2755,0,rolling_128@0.99,2.7236575885027423,28.810599120338484
rds_cpu_utilization_cc0c53:2747:2763,0,rolling_128@0.99,1.3896545884599232,28.810599120338484
rds_cpu_utilization_cc0c53:2755:2771,0,rolling_128@0.99,2.563809237213876,28.810599120338484
rds_cpu_utilization_cc0c53:2763:2779,0,rolling_128@0.99,2.563809237213876,28.810599120338484
rds_cpu_utilization_cc0c53:2771:2787,0,rolling_128@0.99,1.499298818409025,28.810599120338484
rds_cpu_utilization_cc0c53:2779:2795,0,rolling_128@0.99,2.296390365657108,28.810599120338484
rds_cpu_utilization_cc0c53:2787:2803,0,rolling_128@0.99,4.865428152002008,28.810599120338484
rds_cpu_utilization_cc0c53:2795:2811,0,rolling_128@0.99,4.865428152002008,28.810599120338484
rds_cpu_utilization_cc0c53:2803:2819,0,rolling_128@0.99,1.5665579840506554,28.810599120338484
rds_cpu_utilization_cc0c53:2811:2827,0,rolling_128@0.99,1.4899774092149025,28.810599120338484
rds_cpu_utilization_cc0c53:2819:2835,0,rolling_128@0.99,2.1215771811685524,28.810599120338484
rds_cpu_utilization_cc0c53:2827:2843,0,rolling_128@0.99,2.1215771811685524,28.810599120338484
rds_cpu_utilization_cc0c53:2835:2851,0,rolling_128@0.99,4.321733448741481,28.810599120338484
rds_cpu_utilization_cc0c53:2843:2859,0,rolling_128@0.99,4.321733448741481,28.810599120338484
rds_cpu_utilization_cc0c53:2851:2867,0,rolling_128@0.99,3.3491898226531904,28.810599120338484
rds_cpu_utilization_cc0c53:2859:2875,0,rolling_128@0.99,3.2938358369295253,28.810599120338484
rds_cpu_utilization_cc0c53:2867:2883,0,rolling_128@0.99,3.2938358369295253,28.810599120338484
rds_cpu_utilization_cc0c53:2875:2891,0,rolling_128@0.99,2.6824531052861973,28.810599120338484
rds_cpu_utilization_cc0c53:2883:2899,0,rolling_128@0.99,3.1807551407120362,28.810599120338484
rds_cpu_utilization_cc0c53:2891:2907,0,rolling_128@0.99,3.1807551407120362,28.810599120338484
rds_cpu_utilization_cc0c53:2899:2915,0,rolling_128@0.99,3.0387572642694067,28.810599120338484
rds_cpu_utilization_cc0c53:2907:2923,0,rolling_128@0.99,2.9482932141364806,28.810599120338484
rds_cpu_utilization_cc0c53:2915:2931,0,rolling_128@0.99,3.4969726309118,28.810599120338484
rds_cpu_utilization_cc0c53:2923:2939,0,rolling_128@0.99,3.4969726309118,28.810599120338484
rds_cpu_utilization_cc0c53:2931:2947,0,rolling_128@0.99,3.145254825227273,28.810599120338484
rds_cpu_utilization_cc0c53:2939:2955,0,rolling_128@0.99,3.145254825227273,28.810599120338484
rds_cpu_utilization_cc0c53:2947:2963,0,rolling_128@0.99,2.9482859674664366,28.810599120338484
rds_cpu_utilization_cc0c53:2955:2971,0,rolling_128@0.99,1.4366670866092481,28.810599120338484
rds_cpu_utilization_cc0c53:2963:2979,0,rolling_128@0.99,4.148942779177075,28.810599120338484
rds_cpu_utilization_cc0c53:2971:2987,1,rolling_128@0.99,4.148942779177075,28.810599120338484
rds_cpu_utilization_cc0c53:2979:2995,1,rolling_128@0.99,2.8530992896229166,28.810599120338484
rds_cpu_utilization_cc0c53:2987:3003,1,rolling_128@0.99,4.801581486901983,28.810599120338484
rds_cpu_utilization_cc0c53:2995:3011,1,rolling_128@0.99,4.801581486901983,28.810599120338484
rds_cpu_utilization_cc0c53:3003:3019,1,rolling_128@0.99,2.9831956118257077,28.810599120338484
rds_cpu_utilization_cc0c53:3011:3027,1,rolling_128@0.99,3.694290697679875,28.810599120338484
rds_cpu_utilization_cc0c53:3019:3035,1,rolling_128@0.99,4.2435318337336625,28.810599120338484
rds_cpu_utilization_cc0c53:3027:3043,1,rolling_128@0.99,4.2435318337336625,28.810599120338484
rds_cpu_utilization_cc0c53:3035:3051,1,rolling_128@0.99,2.0774325040556043,28.810599120338484
rds_cpu_utilization_cc0c53:3043:3059,1,rolling_128@0.99,1.405781685179169,28.810599120338484
rds_cpu_utilization_cc0c53:3051:3067,1,rolling_128@0.99,1.412881071176837,28.810599120338484
rds_cpu_utilization_cc0c53:3059:3075,1,rolling_128@0.99,1.412881071176837,28.810599120338484
rds_cpu_utilization_cc0c53:3067:3083,1,rolling_128@0.99,67.73056643319224,28.810599120338484
rds_cpu_utilization_cc0c53:3075:3091,1,rolling_128@0.99,67.73056643319224,28.810599120338484
rds_cpu_utilization_cc0c53:3083:3099,1,rolling_128@0.99,43.46510454878888,28.810599120338484
rds_cpu_utilization_cc0c53:3091:3107,1,rolling_128@0.99,31.633605845902526,28.810599120338484
rds_cpu_utilization_cc0c53:3099:3115,1,rolling_128@0.99,31.892041528435907,28.810599120338484
rds_cpu_utilization_cc0c53:3107:3123,1,rolling_128@0.99,31.892041528435907,28.810599120338484
rds_cpu_utilization_cc0c53:3115:3131,1,rolling_128@0.99,29.03268023666382,28.810599120338484
rds_cpu_utilization_cc0c53:3123:3139,1,rolling_128@0.99,27.16167806907763,28.810599120338484
rds_cpu_utilization_cc0c53:3131:3147,1,rolling_128@0.99,12.031661823016103,28.810599120338484
rds_cpu_utilization_cc0c53:3139:3155,1,rolling_128@0.99,9.923868518818225,28.810599120338484
rds_cpu_utilization_cc0c53:3147:3163,1,rolling_128@0.99,0.950037513254328,28.810599120338484
rds_cpu_utilization_cc0c53:3155:3171,1,rolling_128@0.99,1.0135207883890627,28.810599120338484
rds_cpu_utilization_cc0c53:3163:3179,1,rolling_128@0.99,2.4447285634192792,28.810599120338484
rds_cpu_utilization_cc0c53:3171:3187,1,rolling_128@0.99,2.4447285634192792,28.810599120338484
rds_cpu_utilization_cc0c53:3179:3195,1,rolling_128@0.99,1.4417892530067955,28.810599120338484
rds_cpu_utilization_cc0c53:3187:3203,0,rolling_128@0.99,2.7974036630314516,28.810599120338484
rds_cpu_utilization_cc0c53:3195:3211,0,rolling_128@0.99,2.7974036630314516,28.810599120338484
rds_cpu_utilization_cc0c53:3203:3219,0,rolling_128@0.99,1.3346247755173153,28.810599120338484
