window_id,truth,detector,score,threshold
ec2_cpu_utilization_5f5533:2419:2435,0,autoencoder@0.95,0.74450564,1.1091095209121704
ec2_cpu_utilization_5f5533:2427:2443,0,autoencoder@0.95,0.8416426,1.1091095209121704
ec2_cpu_utilization_5f5533:2435:2451,0,autoencoder@0.95,0.77369505,1.1091095209121704
ec2_cpu_utilization_5f5533:2443:2459,0,autoencoder@0.95,0.78657293,1.1091095209121704
ec2_cpu_utilization_5f5533:2451:2467,0,autoencoder@0.95,0.859986,1.1091095209121704
ec2_cpu_utilization_5f5533:2459:2475,0,autoencoder@0.95,0.76196235,1.1091095209121704
ec2_cpu_utilization_5f5533:2467:2483,0,autoencoder@0.95,0.6783455,1.1091095209121704
ec2_cpu_utilization_5f5533:2475:2491,0,autoencoder@0.95,0.6397123,1.1091095209121704
ec2_cpu_utilization_5f5533:2483:2499,0,autoencoder@0.95,0.99410075,1.1091095209121704
ec2_cpu_utilization_5f5533:2491:2507,0,autoencoder@0.95,1.1415877,1.1091095209121704
ec2_cpu_utilization_5f5533:2499:2515,0,autoencoder@0.95,0.75754535,1.1091095209121704
ec2_cpu_utilization_5f5533:2507:2523,0,autoencoder@0.95,0.5163226,1.1091095209121704
ec2_cpu_utilization_5f5533:2515:2531,0,autoencoder@0.95,0.40216067,1.1091095209121704
ec2_cpu_utilization_5f5533:2523:2539,0,autoencoder@0.95,0.76858675,1.1091095209121704
ec2_cpu_utilization_5f5533:2531:2547,0,autoencoder@0.95,1.0845193,1.1091095209121704
ec2_cpu_utilization_5f5533:2539:2555,0,autoencoder@0.95,0.81255126,1.1091095209121704
ec2_cpu_utilization_5f5533:2547:2563,0,autoencoder@0.95,0.6187168,1.1091095209121704
ec2_cpu_utilization_5f5533:2555:2571,0,autoencoder@0.95,0.9767878,1.1091095209121704
ec2_cpu_utilization_5f5533:2563:2579,0,autoencoder@0.95,1.1303805,1.1091095209121704
ec2_cpu_utilization_5f5533:2571:2587,0,autoencoder@0.95,1.1476152,1.1091095209121704
ec2_cpu_utilization_5f5533:2579:2595,0,autoencoder@0.95,0.81590503,1.1091095209121704
ec2_cpu_utilization_5f5533:2587:2603,0,autoencoder@0.95,0.81971407,1.1091095209121704
ec2_cpu_utilization_5f5533:2595:2611,0,autoencoder@0.95,0.85034275,1.1091095209121704
ec2_cpu_utilization_5f5533:2603:2619,0,autoencoder@0.95,0.7575065,1.1091095209121704
ec2_cpu_utilization_5f5533:2611:2627,0,autoencoder@0.95,0.44889638,1.1091095209121704
ec2_cpu_utilization_5f5533:2619:2635,0,autoencoder@0.95,0.8022971,1.1091095209121704
ec2_cpu_utilization_5f5533:2627:2643,0,autoencoder@0.95,1.0081075,1.1091095209121704
ec2_cpu_utilization_5f5533:2635:2651,0,autoencoder@0.95,0.8534698,1.1091095209121704
ec2_cpu_utilization_5f5533:2643:2659,0,autoencoder@0.95,0.55425537,1.1091095209121704
ec2_cpu_utilization_5f5533:2651:2667,0,autoencoder@0.95,0.6619271,1.1091095209121704
ec2_cpu_utilization_5f5533:2659:2675,0,autoencoder@0.95,0.93978226,1.1091095209121704
ec2_cpu_utilization_5f5533:2667:2683,0,autoencoder@0.95,0.7264055,1.1091095209121704
ec2_cpu_utilization_5f5533:2675:2691,0,autoencoder@0.95,0.44133088,1.1091095209121704
ec2_cpu_utilization_5f5533:2683:2699,0,autoencoder@0.95,0.64815825,1.1091095209121704
ec2_cpu_utilization_5f5533:2691:2707,0,autoencoder@0.95,0.8332868,1.1091095209121704
ec2_cpu_utilization_5f5533:2699:2715,0,autoencoder@0.95,0.9678686,1.1091095209121704
ec2_cpu_utilization_5f5533:2707:2723,0,autoencoder@0.95,0.75746393,1.1091095209121704
ec2_cpu_utilization_5f5533:2715:2731,0,autoencoder@0.95,0.7831809,1.1091095209121704
ec2_cpu_utilization_5f5533:2723:2739,0,autoencoder@0.95,0.62302804,1.1091095209121704
ec2_cpu_utilization_5f5533:2731:2747,0,autoencoder@0.95,0.66449225,1.1091095209121704
ec2_cpu_utilization_5f5533:2739:2755,0,autoencoder@0.95,0.63477075,1.1091095209121704
ec2_cpu_utilization_5f5533:2747:2763,0,autoencoder@0.95,0.6805238,1.1091095209121704
ec2_cpu_utilization_5f5533:2755:2771,0,autoencoder@0.95,0.52449507,1.1091095209121704
ec2_cpu_utilization_5f5533:2763:2779,0,autoencoder@0.95,0.6265467,1.1091095209121704
ec2_cpu_utilization_5f5533:2771:2787,0,autoencoder@0.95,0.93455863,1.1091095209121704
ec2_cpu_utilization_5f5533:2779:2795,0,autoencoder@0.95,0.9691625,1.1091095209121704
ec2_cpu_utilization_5f5533:2787:2803,0,autoencoder@0.95,0.9620943,1.1091095209121704
ec2_cpu_utilization_5f5533:2795:2811,0,autoencoder@0.95,0.8762319,1.1091095209121704
ec2_cpu_utilization_5f5533:2803:2819,0,autoencoder@0.95,0.69850457,1.1091095209121704
ec2_cpu_utilization_5f5533:2811:2827,0,autoencoder@0.95,0.5896445,1.1091095209121704
ec2_cpu_utilization_5f5533:2819:2835,1,autoencoder@0.95,0.5359115,1.1091095209121704
ec2_cpu_utilization_5f5533:2827:2843,1,autoencoder@0.95,0.47001812,1.1091095209121704
ec2_cpu_utilization_5f5533:2835:2851,1,autoencoder@0.95,0.66588587,1.1091095209121704
ec2_cpu_utilization_5f5533:2843:2859,1,autoencoder@0.95,0.95374113,1.1091095209121704
ec2_cpu_utilization_5f5533:2851:2867,1,autoencoder@0.95,1.0263215,1.1091095209121704
ec2_cpu_utilization_5f5533:2859:2875,1,autoencoder@0.95,0.67321396,1.1091095209121704
ec2_cpu_utilization_5f5533:2867:2883,1,autoencoder@0.95,0.89386755,1.1091095209121704
ec2_cpu_utilization_5f5533:2875:2891,1,autoencoder@0.95,1.2167242,1.1091095209121704
ec2_cpu_utilization_5f5533:2883:2899,1,autoencoder@0.95,1.0081574,1.1091095209121704
ec2_cpu_utilization_5f5533:2891:2907,1,autoencoder@0.95,0.68509555,1.1091095209121704
ec2_cpu_utilization_5f5533:2899:2915,1,autoencoder@0.95,0.42343223,1.1091095209121704
ec2_cpu_utilization_5f5533:2907:2923,1,autoencoder@0.95,0.54331386,1.1091095209121704
ec2_cpu_utilization_5f5533:2915:2931,1,autoencoder@0.95,1.5848922,1.1091095209121704
ec2_cpu_utilization_5f5533:2923:2939,1,autoencoder@0.95,2.523362,1.1091095209121704
ec2_cpu_utilization_5f5533:2931:2947,1,autoencoder@0.95,2.4150565,1.1091095209121704
ec2_cpu_utilization_5f5533:2939:2955,1,autoencoder@0.95,2.0043755,1.1091095209121704
ec2_cpu_utilization_5f5533:2947:2963,1,autoencoder@0.95,1.7075961,1.1091095209121704
ec2_cpu_utilization_5f5533:2955:2971,1,autoencoder@0.95,4.724601,1.1091095209121704
ec2_cpu_utilization_5f5533:2963:2979,1,autoencoder@0.95,6.3320174,1.1091095209121704
ec2_cpu_utilization_5f5533:2971:2987,1,autoencoder@0.95,3.628742,1.1091095209121704
ec2_cpu_utilization_5f5533:2979:2995,1,autoencoder@0.95,3.555145,1.1091095209121704
ec2_cpu_utilization_5f5533:2987:3003,1,autoencoder@0.95,3.5241678,1.1091095209121704
ec2_cpu_utilization_5f5533:2995:3011,1,autoencoder@0.95,3.458022,1.1091095209121704
ec2_cpu_utilization_5f5533:3003:3019,1,autoencoder@0.95,3.3387005,1.1091095209121704
ec2_cpu_utilization_5f5533:3011:3027,1,autoencoder@0.95,3.4934924,1.1091095209121704
ec2_cpu_utilization_5f5533:3019:3035,1,autoencoder@0.95,3.31104,1.1091095209121704
ec2_cpu_utilization_5f5533:3027:3043,1,autoencoder@0.95,3.1800432,1.1091095209121704
ec2_cpu_utilization_5f5533:3035:3051,0,autoencoder@0.95,3.579274,1.1091095209121704
ec2_cpu_utilization_5f5533:3043:3059,0,autoencoder@0.95,3.3829935,1.1091095209121704
ec2_cpu_utilization_5f5533:3051:3067,0,autoencoder@0.95,3.418226,1.1091095209121704
ec2_cpu_utilization_5f5533:3059:3075,0,autoencoder@0.95,3.6262321,1.1091095209121704
ec2_cpu_utilization_5f5533:3067:3083,0,autoencoder@0.95,3.6987536,1.1091095209121704
ec2_cpu_utilization_5f5533:3075:3091,0,autoencoder@0.95,3.7612991,1.1091095209121704
ec2_cpu_utilization_5f5533:3083:3099,0,autoencoder@0.95,3.8393197,1.1091095209121704
ec2_cpu_utilization_5f5533:3091:3107,0,autoencoder@0.95,3.4857492,1.1091095209121704
ec2_cpu_utilization_5f5533:3099:3115,0,autoencoder@0.95,3.3097603,1.1091095209121704
ec2_cpu_utilization_5f5533:3107:3123,0,autoencoder@0.95,3.5760145,1.1091095209121704
ec2_cpu_utilization_5f5533:3115:3131,0,autoencoder@0.95,3.4666543,1.1091095209121704
ec2_cpu_utilization_5f5533:3123:3139,0,autoencoder@0.95,3.3654337,1.1091095209121704
ec2_cpu_utilization_5f5533:3131:3147,0,autoencoder@0.95,3.5046663,1.1091095209121704
ec2_cpu_utilization_5f5533:3139:3155,0,autoencoder@0.95,3.3276198,1.1091095209121704
ec2_cpu_utilization_5f5533:3147:3163,0,autoencoder@0.95,3.1319036,1.1091095209121704
ec2_cpu_utilization_5f5533:3155:3171,0,autoencoder@0.95,3.4579332,1.1091095209121704
ec2_cpu_utilization_5f5533:3163:3179,0,autoencoder@0.95,3.6345813,1.1091095209121704
ec2_cpu_utilization_5f5533:3171:3187,0,autoencoder@0.95,3.3698564,1.1091095209121704
ec2_cpu_utilization_5f5533:3179:3195,0,autoencoder@0.95,3.6471198,1.1091095209121704
ec2_cpu_utilization_5f5533:3187:3203,0,autoencoder@0.95,3.5800102,1.1091095209121704
ec2_cpu_utilization_5f5533:3195:3211,0,autoencoder@0.95,3.4586399,1.1091095209121704
ec2_cpu_utilization_5f5533:3203:3219,0,autoencoder@0.95,3.5407548,1.1091095209121704
ec2_cpu_utilization_5f5533:2419:2435,0,autoencoder@0.975,0.74450564,1.1215794086456299
ec2_cpu_utilization_5f5533:2427:2443,0,autoencoder@0.975,0.8416426,1.1215794086456299
ec2_cpu_utilization_5f5533:2435:2451,0,autoencoder@0.975,0.77369505,1.1215794086456299
ec2_cpu_utilization_5f5533:2443:2459,0,autoencoder@0.975,0.78657293,1.1215794086456299
ec2_cpu_utilization_5f5533:2451:2467,0,autoencoder@0.975,0.859986,1.1215794086456299
ec2_cpu_utilization_5f5533:2459:2475,0,autoencoder@0.975,0.76196235,1.1215794086456299
ec2_cpu_utilization_5f5533:2467:2483,0,autoencoder@0.975,0.6783455,1.1215794086456299
ec2_cpu_utilization_5f5533:2475:2491,0,autoencoder@0.975,0.6397123,1.1215794086456299
ec2_cpu_utilization_5f5533:2483:2499,0,autoencoder@0.975,0.99410075,1.1215794086456299
ec2_cpu_utilization_5f5533:2491:2507,0,autoencoder@0.975,1.1415877,1.1215794086456299
ec2_cpu_utilization_5f5533:2499:2515,0,autoencoder@0.975,0.75754535,1.1215794086456299
ec2_cpu_utilization_5f5533:2507:2523,0,autoencoder@0.975,0.5163226,1.1215794086456299
ec2_cpu_utilization_5f5533:2515:2531,0,autoencoder@0.975,0.40216067,1.1215794086456299
ec2_cpu_utilization_5f5533:2523:2539,0,autoencoder@0.975,0.76858675,1.1215794086456299
ec2_cpu_utilization_5f5533:2531:2547,0,autoencoder@0.975,1.0845193,1.1215794086456299
ec2_cpu_utilization_5f5533:2539:2555,0,autoencoder@0.975,0.81255126,1.1215794086456299
ec2_cpu_utilization_5f5533:2547:2563,0,autoencoder@0.975,0.6187168,1.1215794086456299
ec2_cpu_utilization_5f5533:2555:2571,0,autoencoder@0.975,0.9767878,1.1215794086456299
ec2_cpu_utilization_5f5533:2563:2579,0,autoencoder@0.975,1.1303805,1.1215794086456299
ec2_cpu_utilization_5f5533:2571:2587,0,autoencoder@0.975,1.1476152,1.1215794086456299
ec2_cpu_utilization_5f5533:2579:2595,0,autoencoder@0.975,0.81590503,1.1215794086456299
ec2_cpu_utilization_5f5533:2587:2603,0,autoencoder@0.975,0.81971407,1.1215794086456299
ec2_cpu_utilization_5f5533:2595:2611,0,autoencoder@0.975,0.85034275,1.1215794086456299
ec2_cpu_utilization_5f5533:2603:2619,0,autoencoder@0.975,0.7575065,1.1215794086456299
ec2_cpu_utilization_5f5533:2611:2627,0,autoencoder@0.975,0.44889638,1.1215794086456299
ec2_cpu_utilization_5f5533:2619:2635,0,autoencoder@0.975,0.8022971,1.1215794086456299
ec2_cpu_utilization_5f5533:2627:2643,0,autoencoder@0.975,1.0081075,1.1215794086456299
ec2_cpu_utilization_5f5533:2635:2651,0,autoencoder@0.975,0.8534698,1.1215794086456299
ec2_cpu_utilization_5f5533:2643:2659,0,autoencoder@0.975,0.55425537,1.1215794086456299
ec2_cpu_utilization_5f5533:2651:2667,0,autoencoder@0.975,0.6619271,1.1215794086456299
ec2_cpu_utilization_5f5533:2659:2675,0,autoencoder@0.975,0.93978226,1.1215794086456299
ec2_cpu_utilization_5f5533:2667:2683,0,autoencoder@0.975,0.7264055,1.1215794086456299
ec2_cpu_utilization_5f5533:2675:2691,0,autoencoder@0.975,0.44133088,1.1215794086456299
ec2_cpu_utilization_5f5533:2683:2699,0,autoencoder@0.975,0.64815825,1.1215794086456299
ec2_cpu_utilization_5f5533:2691:2707,0,autoencoder@0.975,0.8332868,1.1215794086456299
ec2_cpu_utilization_5f5533:2699:2715,0,autoencoder@0.975,0.9678686,1.1215794086456299
ec2_cpu_utilization_5f5533:2707:2723,0,autoencoder@0.975,0.75746393,1.1215794086456299
ec2_cpu_utilization_5f5533:2715:2731,0,autoencoder@0.975,0.7831809,1.1215794086456299
ec2_cpu_utilization_5f5533:2723:2739,0,autoencoder@0.975,0.62302804,1.1215794086456299
ec2_cpu_utilization_5f5533:2731:2747,0,autoencoder@0.975,0.66449225,1.1215794086456299
ec2_cpu_utilization_5f5533:2739:2755,0,autoencoder@0.975,0.63477075,1.1215794086456299
ec2_cpu_utilization_5f5533:2747:2763,0,autoencoder@0.975,0.6805238,1.1215794086456299
ec2_cpu_utilization_5f5533:2755:2771,0,autoencoder@0.975,0.52449507,1.1215794086456299
ec2_cpu_utilization_5f5533:2763:2779,0,autoencoder@0.975,0.6265467,1.1215794086456299
ec2_cpu_utilization_5f5533:2771:2787,0,autoencoder@0.975,0.93455863,1.1215794086456299
ec2_cpu_utilization_5f5533:2779:2795,0,autoencoder@0.975,0.9691625,1.1215794086456299
ec2_cpu_utilization_5f5533:2787:2803,0,autoencoder@0.975,0.9620943,1.1215794086456299
ec2_cpu_utilization_5f5533:2795:2811,0,autoencoder@0.975,0.8762319,1.1215794086456299
ec2_cpu_utilization_5f5533:2803:2819,0,autoencoder@0.975,0.69850457,1.1215794086456299
ec2_cpu_utilization_5f5533:2811:2827,0,autoencoder@0.975,0.5896445,1.1215794086456299
ec2_cpu_utilization_5f5533:2819:2835,1,autoencoder@0.975,0.5359115,1.1215794086456299
ec2_cpu_utilization_5f5533:2827:2843,1,autoencoder@0.975,0.47001812,1.1215794086456299
ec2_cpu_utilization_5f5533:2835:2851,1,autoencoder@0.975,0.66588587,1.1215794086456299
ec2_cpu_utilization_5f5533:2843:2859,1,autoencoder@0.975,0.95374113,1.1215794086456299
ec2_cpu_utilization_5f5533:2851:2867,1,autoencoder@0.975,1.0263215,1.1215794086456299
ec2_cpu_utilization_5f5533:2859:2875,1,autoencoder@0.975,0.67321396,1.1215794086456299
ec2_cpu_utilization_5f5533:2867:2883,1,autoencoder@0.975,0.89386755,1.1215794086456299
ec2_cpu_utilization_5f5533:2875:2891,1,autoencoder@0.975,1.2167242,1.1215794086456299
ec2_cpu_utilization_5f5533:2883:2899,1,autoencoder@0.975,1.0081574,1.1215794086456299
ec2_cpu_utilization_5f5533:2891:2907,1,autoencoder@0.975,0.68509555,1.1215794086456299
ec2_cpu_utilization_5f5533:2899:2915,1,autoencoder@0.975,0.42343223,1.1215794086456299
ec2_cpu_utilization_5f5533:2907:2923,1,autoencoder@0.975,0.54331386,1.1215794086456299
ec2_cpu_utilization_5f5533:2915:2931,1,autoencoder@0.975,1.5848922,1.1215794086456299
ec2_cpu_utilization_5f5533:2923:2939,1,autoencoder@0.975,2.523362,1.1215794086456299
ec2_cpu_utilization_5f5533:2931:2947,1,autoencoder@0.975,2.4150565,1.1215794086456299
ec2_cpu_utilization_5f5533:2939:2955,1,autoencoder@0.975,2.0043755,1.1215794086456299
ec2_cpu_utilization_5f5533:2947:2963,1,autoencoder@0.975,1.7075961,1.1215794086456299
ec2_cpu_utilization_5f5533:2955:2971,1,autoencoder@0.975,4.724601,1.1215794086456299
ec2_cpu_utilization_5f5533:2963:2979,1,autoencoder@0.975,6.3320174,1.1215794086456299
ec2_cpu_utilization_5f5533:2971:2987,1,autoencoder@0.975,3.628742,1.1215794086456299
ec2_cpu_utilization_5f5533:2979:2995,1,autoencoder@0.975,3.555145,1.1215794086456299
ec2_cpu_utilization_5f5533:2987:3003,1,autoencoder@0.975,3.5241678,1.1215794086456299
ec2_cpu_utilization_5f5533:2995:3011,1,autoencoder@0.975,3.458022,1.1215794086456299
ec2_cpu_utilization_5f5533:3003:3019,1,autoencoder@0.975,3.3387005,1.1215794086456299
ec2_cpu_utilization_5f5533:3011:3027,1,autoencoder@0.975,3.4934924,1.1215794086456299
ec2_cpu_utilization_5f5533:3019:3035,1,autoencoder@0.975,3.31104,1.1215794086456299
ec2_cpu_utilization_5f5533:3027:3043,1,autoencoder@0.975,3.1800432,1.1215794086456299
ec2_cpu_utilization_5f5533:3035:3051,0,autoencoder@0.975,3.579274,1.1215794086456299
ec2_cpu_utilization_5f5533:3043:3059,0,autoencoder@0.975,3.3829935,1.1215794086456299
ec2_cpu_utilization_5f5533:3051:3067,0,autoencoder@0.975,3.418226,1.1215794086456299
ec2_cpu_utilization_5f5533:3059:3075,0,autoencoder@0.975,3.6262321,1.1215794086456299
ec2_cpu_utilization_5f5533:3067:3083,0,autoencoder@0.975,3.6987536,1.1215794086456299
ec2_cpu_utilization_5f5533:3075:3091,0,autoencoder@0.975,3.7612991,1.1215794086456299
ec2_cpu_utilization_5f5533:3083:3099,0,autoencoder@0.975,3.8393197,1.1215794086456299
ec2_cpu_utilization_5f5533:3091:3107,0,autoencoder@0.975,3.4857492,1.1215794086456299
ec2_cpu_utilization_5f5533:3099:3115,0,autoencoder@0.975,3.3097603,1.1215794086456299
ec2_cpu_utilization_5f5533:3107:3123,0,autoencoder@0.975,3.5760145,1.1215794086456299
ec2_cpu_utilization_5f5533:3115:3131,0,autoencoder@0.975,3.4666543,1.1215794086456299
ec2_cpu_utilization_5f5533:3123:3139,0,autoencoder@0.975,3.3654337,1.1215794086456299
ec2_cpu_utilization_5f5533:3131:3147,0,autoencoder@0.975,3.5046663,1.1215794086456299
ec2_cpu_utilization_5f5533:3139:3155,0,autoencoder@0.975,3.3276198,1.1215794086456299
ec2_cpu_utilization_5f5533:3147:3163,0,autoencoder@0.975,3.1319036,1.1215794086456299
ec2_cpu_utilization_5f5533:3155:3171,0,autoencoder@0.975,3.4579332,1.1215794086456299
ec2_cpu_utilization_5f5533:3163:3179,0,autoencoder@0.975,3.6345813,1.1215794086456299
ec2_cpu_utilization_5f5533:3171:3187,0,autoencoder@0.975,3.3698564,1.1215794086456299
ec2_cpu_utilization_5f5533:3179:3195,0,autoencoder@0.975,3.6471198,1.1215794086456299
ec2_cpu_utilization_5f5533:3187:3203,0,autoencoder@0.975,3.5800102,1.1215794086456299
ec2_cpu_utilization_5f5533:3195:3211,0,autoencoder@0.975,3.4586399,1.1215794086456299
ec2_cpu_utilization_5f5533:3203:3219,0,autoencoder@0.975,3.5407548,1.1215794086456299
ec2_cpu_utilization_5f5533:2419:2435,0,autoencoder@0.99,0.74450564,1.191102147102356
ec2_cpu_utilization_5f5533:2427:2443,0,autoencoder@0.99,0.8416426,1.191102147102356
ec2_cpu_utilization_5f5533:2435:2451,0,autoencoder@0.99,0.77369505,1.191102147102356
ec2_cpu_utilization_5f5533:2443:2459,0,autoencoder@0.99,0.78657293,1.191102147102356
ec2_cpu_utilization_5f5533:2451:2467,0,autoencoder@0.99,0.859986,1.191102147102356
ec2_cpu_utilization_5f5533:2459:2475,0,autoencoder@0.99,0.76196235,1.191102147102356
ec2_cpu_utilization_5f5533:2467:2483,0,autoencoder@0.99,0.6783455,1.191102147102356
ec2_cpu_utilization_5f5533:2475:2491,0,autoencoder@0.99,0.6397123,1.191102147102356
ec2_cpu_utilization_5f5533:2483:2499,0,autoencoder@0.99,0.99410075,1.191102147102356
ec2_cpu_utilization_5f5533:2491:2507,0,autoencoder@0.99,1.1415877,1.191102147102356
ec2_cpu_utilization_5f5533:2499:2515,0,autoencoder@0.99,0.75754535,1.191102147102356
ec2_cpu_utilization_5f5533:2507:2523,0,autoencoder@0.99,0.5163226,1.191102147102356
ec2_cpu_utilization_5f5533:2515:2531,0,autoencoder@0.99,0.40216067,1.191102147102356
ec2_cpu_utilization_5f5533:2523:2539,0,autoencoder@0.99,0.76858675,1.191102147102356
ec2_cpu_utilization_5f5533:2531:2547,0,autoencoder@0.99,1.0845193,1.191102147102356
ec2_cpu_utilization_5f5533:2539:2555,0,autoencoder@0.99,0.81255126,1.191102147102356
ec2_cpu_utilization_5f5533:2547:2563,0,autoencoder@0.99,0.6187168,1.191102147102356
ec2_cpu_utilization_5f5533:2555:2571,0,autoencoder@0.99,0.9767878,1.191102147102356
ec2_cpu_utilization_5f5533:2563:2579,0,autoencoder@0.99,1.1303805,1.191102147102356
ec2_cpu_utilization_5f5533:2571:2587,0,autoencoder@0.99,1.1476152,1.191102147102356
ec2_cpu_utilization_5f5533:2579:2595,0,autoencoder@0.99,0.81590503,1.191102147102356
ec2_cpu_utilization_5f5533:2587:2603,0,autoencoder@0.99,0.81971407,1.191102147102356
ec2_cpu_utilization_5f5533:2595:2611,0,autoencoder@0.99,0.85034275,1.191102147102356
ec2_cpu_utilization_5f5533:2603:2619,0,autoencoder@0.99,0.7575065,1.191102147102356
ec2_cpu_utilization_5f5533:2611:2627,0,autoencoder@0.99,0.44889638,1.191102147102356
ec2_cpu_utilization_5f5533:2619:2635,0,autoencoder@0.99,0.8022971,1.191102147102356
ec2_cpu_utilization_5f5533:2627:2643,0,autoencoder@0.99,1.0081075,1.191102147102356
ec2_cpu_utilization_5f5533:2635:2651,0,autoencoder@0.99,0.8534698,1.191102147102356
ec2_cpu_utilization_5f5533:2643:2659,0,autoencoder@0.99,0.55425537,1.191102147102356
ec2_cpu_utilization_5f5533:2651:2667,0,autoencoder@0.99,0.6619271,1.191102147102356
ec2_cpu_utilization_5f5533:2659:2675,0,autoencoder@0.99,0.93978226,1.191102147102356
ec2_cpu_utilization_5f5533:2667:2683,0,autoencoder@0.99,0.7264055,1.191102147102356
ec2_cpu_utilization_5f5533:2675:2691,0,autoencoder@0.99,0.44133088,1.191102147102356
ec2_cpu_utilization_5f5533:2683:2699,0,autoencoder@0.99,0.64815825,1.191102147102356
ec2_cpu_utilization_5f5533:2691:2707,0,autoencoder@0.99,0.8332868,1.191102147102356
ec2_cpu_utilization_5f5533:2699:2715,0,autoencoder@0.99,0.9678686,1.191102147102356
ec2_cpu_utilization_5f5533:2707:2723,0,autoencoder@0.99,0.75746393,1.191102147102356
ec2_cpu_utilization_5f5533:2715:2731,0,autoencoder@0.99,0.7831809,1.191102147102356
ec2_cpu_utilization_5f5533:2723:2739,0,autoencoder@0.99,0.62302804,1.191102147102356
ec2_cpu_utilization_5f5533:2731:2747,0,autoencoder@0.99,0.66449225,1.191102147102356
ec2_cpu_utilization_5f5533:2739:2755,0,autoencoder@0.99,0.63477075,1.191102147102356
ec2_cpu_utilization_5f5533:2747:2763,0,autoencoder@0.99,0.6805238,1.191102147102356
ec2_cpu_utilization_5f5533:2755:2771,0,autoencoder@0.99,0.52449507,1.191102147102356
ec2_cpu_utilization_5f5533:2763:2779,0,autoencoder@0.99,0.6265467,1.191102147102356
ec2_cpu_utilization_5f5533:2771:2787,0,autoencoder@0.99,0.93455863,1.191102147102356
ec2_cpu_utilization_5f5533:2779:2795,0,autoencoder@0.99,0.9691625,1.191102147102356
ec2_cpu_utilization_5f5533:2787:2803,0,autoencoder@0.99,0.9620943,1.191102147102356
ec2_cpu_utilization_5f5533:2795:2811,0,autoencoder@0.99,0.8762319,1.191102147102356
ec2_cpu_utilization_5f5533:2803:2819,0,autoencoder@0.99,0.69850457,1.191102147102356
ec2_cpu_utilization_5f5533:2811:2827,0,autoencoder@0.99,0.5896445,1.191102147102356
ec2_cpu_utilization_5f5533:2819:2835,1,autoencoder@0.99,0.5359115,1.191102147102356
ec2_cpu_utilization_5f5533:2827:2843,1,autoencoder@0.99,0.47001812,1.191102147102356
ec2_cpu_utilization_5f5533:2835:2851,1,autoencoder@0.99,0.66588587,1.191102147102356
ec2_cpu_utilization_5f5533:2843:2859,1,autoencoder@0.99,0.95374113,1.191102147102356
ec2_cpu_utilization_5f5533:2851:2867,1,autoencoder@0.99,1.0263215,1.191102147102356
ec2_cpu_utilization_5f5533:2859:2875,1,autoencoder@0.99,0.67321396,1.191102147102356
ec2_cpu_utilization_5f5533:2867:2883,1,autoencoder@0.99,0.89386755,1.191102147102356
ec2_cpu_utilization_5f5533:2875:2891,1,autoencoder@0.99,1.2167242,1.191102147102356
ec2_cpu_utilization_5f5533:2883:2899,1,autoencoder@0.99,1.0081574,1.191102147102356
ec2_cpu_utilization_5f5533:2891:2907,1,autoencoder@0.99,0.68509555,1.191102147102356
ec2_cpu_utilization_5f5533:2899:2915,1,autoencoder@0.99,0.42343223,1.191102147102356
ec2_cpu_utilization_5f5533:2907:2923,1,autoencoder@0.99,0.54331386,1.191102147102356
ec2_cpu_utilization_5f5533:2915:2931,1,autoencoder@0.99,1.5848922,1.191102147102356
ec2_cpu_utilization_5f5533:2923:2939,1,autoencoder@0.99,2.523362,1.191102147102356
ec2_cpu_utilization_5f5533:2931:2947,1,autoencoder@0.99,2.4150565,1.191102147102356
ec2_cpu_utilization_5f5533:2939:2955,1,autoencoder@0.99,2.0043755,1.191102147102356
ec2_cpu_utilization_5f5533:2947:2963,1,autoencoder@0.99,1.7075961,1.191102147102356
ec2_cpu_utilization_5f5533:2955:2971,1,autoencoder@0.99,4.724601,1.191102147102356
ec2_cpu_utilization_5f5533:2963:2979,1,autoencoder@0.99,6.3320174,1.191102147102356
ec2_cpu_utilization_5f5533:2971:2987,1,autoencoder@0.99,3.628742,1.191102147102356
ec2_cpu_utilization_5f5533:2979:2995,1,autoencoder@0.99,3.555145,1.191102147102356
ec2_cpu_utilization_5f5533:2987:3003,1,autoencoder@0.99,3.5241678,1.191102147102356
ec2_cpu_utilization_5f5533:2995:3011,1,autoencoder@0.99,3.458022,1.191102147102356
ec2_cpu_utilization_5f5533:3003:3019,1,autoencoder@0.99,3.3387005,1.191102147102356
ec2_cpu_utilization_5f5533:3011:3027,1,autoencoder@0.99,3.4934924,1.191102147102356
ec2_cpu_utilization_5f5533:3019:3035,1,autoencoder@0.99,3.31104,1.191102147102356
ec2_cpu_utilization_5f5533:3027:3043,1,autoencoder@0.99,3.1800432,1.191102147102356
ec2_cpu_utilization_5f5533:3035:3051,0,autoencoder@0.99,3.579274,1.191102147102356
ec2_cpu_utilization_5f5533:3043:3059,0,autoencoder@0.99,3.3829935,1.191102147102356
ec2_cpu_utilization_5f5533:3051:3067,0,autoencoder@0.99,3.418226,1.191102147102356
ec2_cpu_utilization_5f5533:3059:3075,0,autoencoder@0.99,3.6262321,1.191102147102356
ec2_cpu_utilization_5f5533:3067:3083,0,autoencoder@0.99,3.6987536,1.191102147102356
ec2_cpu_utilization_5f5533:3075:3091,0,autoencoder@0.99,3.7612991,1.191102147102356
ec2_cpu_utilization_5f5533:3083:3099,0,autoencoder@0.99,3.8393197,1.191102147102356
ec2_cpu_utilization_5f5533:3091:3107,0,autoencoder@0.99,3.4857492,1.191102147102356
ec2_cpu_utilization_5f5533:3099:3115,0,autoencoder@0.99,3.3097603,1.191102147102356
ec2_cpu_utilization_5f5533:3107:3123,0,autoencoder@0.99,3.5760145,1.191102147102356
ec2_cpu_utilization_5f5533:3115:3131,0,autoencoder@0.99,3.4666543,1.191102147102356
ec2_cpu_utilization_5f5533:3123:3139,0,autoencoder@0.99,3.3654337,1.191102147102356
ec2_cpu_utilization_5f5533:3131:3147,0,autoencoder@0.99,3.5046663,1.191102147102356
ec2_cpu_utilization_5f5533:3139:3155,0,autoencoder@0.99,3.3276198,1.191102147102356
ec2_cpu_utilization_5f5533:3147:3163,0,autoencoder@0.99,3.1319036,1.191102147102356
ec2_cpu_utilization_5f5533:3155:3171,0,autoencoder@0.99,3.4579332,1.191102147102356
ec2_cpu_utilization_5f5533:3163:3179,0,autoencoder@0.99,3.6345813,1.191102147102356
ec2_cpu_utilization_5f5533:3171:3187,0,autoencoder@0.99,3.3698564,1.191102147102356
ec2_cpu_utilization_5f5533:3179:3195,0,autoencoder@0.99,3.6471198,1.191102147102356
ec2_cpu_utilization_5f5533:3187:3203,0,autoencoder@0.99,3.5800102,1.191102147102356
ec2_cpu_utilization_5f5533:3195:3211,0,autoencoder@0.99,3.4586399,1.191102147102356
ec2_cpu_utilization_5f5533:3203:3219,0,autoencoder@0.99,3.5407548,1.191102147102356
ec2_cpu_utilization_5f5533:2419:2435,0,max_abs_z@0.95,2.0612473,2.291234016418457
ec2_cpu_utilization_5f5533:2427:2443,0,max_abs_z@0.95,2.0936286,2.291234016418457
ec2_cpu_utilization_5f5533:2435:2451,0,max_abs_z@0.95,1.7374301,2.291234016418457
ec2_cpu_utilization_5f5533:2443:2459,0,max_abs_z@0.95,2.3645887,2.291234016418457
ec2_cpu_utilization_5f5533:2451:2467,0,max_abs_z@0.95,2.3606477,2.291234016418457
ec2_cpu_utilization_5f5533:2459:2475,0,max_abs_z@0.95,2.2817166,2.291234016418457
ec2_cpu_utilization_5f5533:2467:2483,0,max_abs_z@0.95,2.3162935,2.291234016418457
ec2_cpu_utilization_5f5533:2475:2491,0,max_abs_z@0.95,1.7487315,2.291234016418457
ec2_cpu_utilization_5f5533:2483:2499,0,max_abs_z@0.95,1.8733528,2.291234016418457
ec2_cpu_utilization_5f5533:2491:2507,0,max_abs_z@0.95,1.9235979,2.291234016418457
ec2_cpu_utilization_5f5533:2499:2515,0,max_abs_z@0.95,2.1368527,2.291234016418457
ec2_cpu_utilization_5f5533:2507:2523,0,max_abs_z@0.95,2.169987,2.291234016418457
ec2_cpu_utilization_5f5533:2515:2531,0,max_abs_z@0.95,1.7834389,2.291234016418457
ec2_cpu_utilization_5f5533:2523:2539,0,max_abs_z@0.95,1.9294045,2.291234016418457
ec2_cpu_utilization_5f5533:2531:2547,0,max_abs_z@0.95,1.926096,2.291234016418457
ec2_cpu_utilization_5f5533:2539:2555,0,max_abs_z@0.95,1.8714982,2.291234016418457
ec2_cpu_utilization_5f5533:2547:2563,0,max_abs_z@0.95,1.8442496,2.291234016418457
ec2_cpu_utilization_5f5533:2555:2571,0,max_abs_z@0.95,1.9305179,2.291234016418457
ec2_cpu_utilization_5f5533:2563:2579,0,max_abs_z@0.95,2.2464087,2.291234016418457
ec2_cpu_utilization_5f5533:2571:2587,0,max_abs_z@0.95,2.2173707,2.291234016418457
ec2_cpu_utilization_5f5533:2579:2595,0,max_abs_z@0.95,1.8759457,2.291234016418457
ec2_cpu_utilization_5f5533:2587:2603,0,max_abs_z@0.95,2.2667978,2.291234016418457
ec2_cpu_utilization_5f5533:2595:2611,0,max_abs_z@0.95,2.262155,2.291234016418457
ec2_cpu_utilization_5f5533:2603:2619,0,max_abs_z@0.95,2.2965374,2.291234016418457
ec2_cpu_utilization_5f5533:2611:2627,0,max_abs_z@0.95,1.731556,2.291234016418457
ec2_cpu_utilization_5f5533:2619:2635,0,max_abs_z@0.95,1.9542295,2.291234016418457
ec2_cpu_utilization_5f5533:2627:2643,0,max_abs_z@0.95,2.201378,2.291234016418457
ec2_cpu_utilization_5f5533:2635:2651,0,max_abs_z@0.95,2.1726208,2.291234016418457
ec2_cpu_utilization_5f5533:2643:2659,0,max_abs_z@0.95,1.9439801,2.291234016418457
ec2_cpu_utilization_5f5533:2651:2667,0,max_abs_z@0.95,1.5415224,2.291234016418457
ec2_cpu_utilization_5f5533:2659:2675,0,max_abs_z@0.95,2.0610256,2.291234016418457
ec2_cpu_utilization_5f5533:2667:2683,0,max_abs_z@0.95,2.0331435,2.291234016418457
ec2_cpu_utilization_5f5533:2675:2691,0,max_abs_z@0.95,1.7817907,2.291234016418457
ec2_cpu_utilization_5f5533:2683:2699,0,max_abs_z@0.95,1.7026782,2.291234016418457
ec2_cpu_utilization_5f5533:2691:2707,0,max_abs_z@0.95,1.9934021,2.291234016418457
ec2_cpu_utilization_5f5533:2699:2715,0,max_abs_z@0.95,1.9990373,2.291234016418457
ec2_cpu_utilization_5f5533:2707:2723,0,max_abs_z@0.95,2.178091,2.291234016418457
ec2_cpu_utilization_5f5533:2715:2731,0,max_abs_z@0.95,2.211636,2.291234016418457
ec2_cpu_utilization_5f5533:2723:2739,0,max_abs_z@0.95,1.6979495,2.291234016418457
ec2_cpu_utilization_5f5533:2731:2747,0,max_abs_z@0.95,1.8876663,2.291234016418457
ec2_cpu_utilization_5f5533:2739:2755,0,max_abs_z@0.95,1.9235979,2.291234016418457
ec2_cpu_utilization_5f5533:2747:2763,0,max_abs_z@0.95,2.125749,2.291234016418457
ec2_cpu_utilization_5f5533:2755:2771,0,max_abs_z@0.95,2.1587727,2.291234016418457
ec2_cpu_utilization_5f5533:2763:2779,0,max_abs_z@0.95,1.6461662,2.291234016418457
ec2_cpu_utilization_5f5533:2771:2787,0,max_abs_z@0.95,2.0290995,2.291234016418457
ec2_cpu_utilization_5f5533:2779:2795,0,max_abs_z@0.95,2.1209912,2.291234016418457
ec2_cpu_utilization_5f5533:2787:2803,0,max_abs_z@0.95,2.1539676,2.291234016418457
ec2_cpu_utilization_5f5533:2795:2811,0,max_abs_z@0.95,1.8063531,2.291234016418457
ec2_cpu_utilization_5f5533:2803:2819,0,max_abs_z@0.95,1.9004663,2.291234016418457
ec2_cpu_utilization_5f5533:2811:2827,0,max_abs_z@0.95,1.8971999,2.291234016418457
ec2_cpu_utilization_5f5533:2819:2835,1,max_abs_z@0.95,1.826503,2.291234016418457
ec2_cpu_utilization_5f5533:2827:2843,1,max_abs_z@0.95,1.8565462,2.291234016418457
ec2_cpu_utilization_5f5533:2835:2851,1,max_abs_z@0.95,1.9593236,2.291234016418457
ec2_cpu_utilization_5f5533:2843:2859,1,max_abs_z@0.95,2.1019616,2.291234016418457
ec2_cpu_utilization_5f5533:2851:2867,1,max_abs_z@0.95,2.0738242,2.291234016418457
ec2_cpu_utilization_5f5533:2859:2875,1,max_abs_z@0.95,1.8402154,2.291234016418457
ec2_cpu_utilization_5f5533:2867:2883,1,max_abs_z@0.95,1.9399786,2.291234016418457
ec2_cpu_utilization_5f5533:2875:2891,1,max_abs_z@0.95,2.1844192,2.291234016418457
ec2_cpu_utilization_5f5533:2883:2899,1,max_abs_z@0.95,2.1557677,2.291234016418457
ec2_cpu_utilization_5f5533:2891:2907,1,max_abs_z@0.95,1.8640226,2.291234016418457
ec2_cpu_utilization_5f5533:2899:2915,1,max_abs_z@0.95,1.6625433,2.291234016418457
ec2_cpu_utilization_5f5533:2907:2923,1,max_abs_z@0.95,1.7897228,2.291234016418457
ec2_cpu_utilization_5f5533:2915:2931,1,max_abs_z@0.95,3.4284043,2.291234016418457
ec2_cpu_utilization_5f5533:2923:2939,1,max_abs_z@0.95,3.3802364,2.291234016418457
ec2_cpu_utilization_5f5533:2931:2947,1,max_abs_z@0.95,3.2328174,2.291234016418457
ec2_cpu_utilization_5f5533:2939:2955,1,max_abs_z@0.95,2.9597263,2.291234016418457
ec2_cpu_utilization_5f5533:2947:2963,1,max_abs_z@0.95,2.9976387,2.291234016418457
ec2_cpu_utilization_5f5533:2955:2971,1,max_abs_z@0.95,6.7535224,2.291234016418457
ec2_cpu_utilization_5f5533:2963:2979,1,max_abs_z@0.95,6.687091,2.291234016418457
ec2_cpu_utilization_5f5533:2971:2987,1,max_abs_z@0.95,2.8274179,2.291234016418457
ec2_cpu_utilization_5f5533:2979:2995,1,max_abs_z@0.95,2.6061635,2.291234016418457
ec2_cpu_utilization_5f5533:2987:3003,1,max_abs_z@0.95,2.5631416,2.291234016418457
ec2_cpu_utilization_5f5533:2995:3011,1,max_abs_z@0.95,2.548166,2.291234016418457
ec2_cpu_utilization_5f5533:3003:3019,1,max_abs_z@0.95,2.5172467,2.291234016418457
ec2_cpu_utilization_5f5533:3011:3027,1,max_abs_z@0.95,2.8505087,2.291234016418457
ec2_cpu_utilization_5f5533:3019:3035,1,max_abs_z@0.95,2.8177047,2.291234016418457
ec2_cpu_utilization_5f5533:3027:3043,1,max_abs_z@0.95,2.739396,2.291234016418457
ec2_cpu_utilization_5f5533:3035:3051,0,max_abs_z@0.95,2.8998463,2.291234016418457
ec2_cpu_utilization_5f5533:3043:3059,0,max_abs_z@0.95,2.8576272,2.291234016418457
ec2_cpu_utilization_5f5533:3051:3067,0,max_abs_z@0.95,2.740566,2.291234016418457
ec2_cpu_utilization_5f5533:3059:3075,0,max_abs_z@0.95,2.7084475,2.291234016418457
ec2_cpu_utilization_5f5533:3067:3083,0,max_abs_z@0.95,2.8619611,2.291234016418457
ec2_cpu_utilization_5f5533:3075:3091,0,max_abs_z@0.95,2.8201683,2.291234016418457
ec2_cpu_utilization_5f5533:3083:3099,0,max_abs_z@0.95,2.7735367,2.291234016418457
ec2_cpu_utilization_5f5533:3091:3107,0,max_abs_z@0.95,2.5172467,2.291234016418457
ec2_cpu_utilization_5f5533:3099:3115,0,max_abs_z@0.95,2.5534296,2.291234016418457
ec2_cpu_utilization_5f5533:3107:3123,0,max_abs_z@0.95,2.5910504,2.291234016418457
ec2_cpu_utilization_5f5533:3115:3131,0,max_abs_z@0.95,2.692612,2.291234016418457
ec2_cpu_utilization_5f5533:3123:3139,0,max_abs_z@0.95,2.8037245,2.291234016418457
ec2_cpu_utilization_5f5533:3131:3147,0,max_abs_z@0.95,2.771212,2.291234016418457
ec2_cpu_utilization_5f5533:3139:3155,0,max_abs_z@0.95,2.4588723,2.291234016418457
ec2_cpu_utilization_5f5533:3147:3163,0,max_abs_z@0.95,2.5142472,2.291234016418457
ec2_cpu_utilization_5f5533:3155:3171,0,max_abs_z@0.95,2.527035,2.291234016418457
ec2_cpu_utilization_5f5533:3163:3179,0,max_abs_z@0.95,2.726872,2.291234016418457
ec2_cpu_utilization_5f5533:3171:3187,0,max_abs_z@0.95,2.8342113,2.291234016418457
ec2_cpu_utilization_5f5533:3179:3195,0,max_abs_z@0.95,2.8742914,2.291234016418457
ec2_cpu_utilization_5f5533:3187:3203,0,max_abs_z@0.95,2.7904584,2.291234016418457
ec2_cpu_utilization_5f5533:3195:3211,0,max_abs_z@0.95,2.8277018,2.291234016418457
ec2_cpu_utilization_5f5533:3203:3219,0,max_abs_z@0.95,2.79504,2.291234016418457
ec2_cpu_utilization_5f5533:2419:2435,0,max_abs_z@0.975,2.0612473,2.3259057998657227
ec2_cpu_utilization_5f5533:2427:2443,0,max_abs_z@0.975,2.0936286,2.3259057998657227
ec2_cpu_utilization_5f5533:2435:2451,0,max_abs_z@0.975,1.7374301,2.3259057998657227
ec2_cpu_utilization_5f5533:2443:2459,0,max_abs_z@0.975,2.3645887,2.3259057998657227
ec2_cpu_utilization_5f5533:2451:2467,0,max_abs_z@0.975,2.3606477,2.3259057998657227
ec2_cpu_utilization_5f5533:2459:2475,0,max_abs_z@0.975,2.2817166,2.3259057998657227
ec2_cpu_utilization_5f5533:2467:2483,0,max_abs_z@0.975,2.3162935,2.3259057998657227
ec2_cpu_utilization_5f5533:2475:2491,0,max_abs_z@0.975,1.7487315,2.3259057998657227
ec2_cpu_utilization_5f5533:2483:2499,0,max_abs_z@0.975,1.8733528,2.3259057998657227
ec2_cpu_utilization_5f5533:2491:2507,0,max_abs_z@0.975,1.9235979,2.3259057998657227
ec2_cpu_utilization_5f5533:2499:2515,0,max_abs_z@0.975,2.1368527,2.3259057998657227
ec2_cpu_utilization_5f5533:2507:2523,0,max_abs_z@0.975,2.169987,2.3259057998657227
ec2_cpu_utilization_5f5533:2515:2531,0,max_abs_z@0.975,1.7834389,2.3259057998657227
ec2_cpu_utilization_5f5533:2523:2539,0,max_abs_z@0.975,1.9294045,2.3259057998657227
ec2_cpu_utilization_5f5533:2531:2547,0,max_abs_z@0.975,1.926096,2.3259057998657227
ec2_cpu_utilization_5f5533:2539:2555,0,max_abs_z@0.975,1.8714982,2.3259057998657227
ec2_cpu_utilization_5f5533:2547:2563,0,max_abs_z@0.975,1.8442496,2.3259057998657227
ec2_cpu_utilization_5f5533:2555:2571,0,max_abs_z@0.975,1.9305179,2.3259057998657227
ec2_cpu_utilization_5f5533:2563:2579,0,max_abs_z@0.975,2.2464087,2.3259057998657227
ec2_cpu_utilization_5f5533:2571:2587,0,max_abs_z@0.975,2.2173707,2.3259057998657227
ec2_cpu_utilization_5f5533:2579:2595,0,max_abs_z@0.975,1.8759457,2.3259057998657227
ec2_cpu_utilization_5f5533:2587:2603,0,max_abs_z@0.975,2.2667978,2.3259057998657227
ec2_cpu_utilization_5f5533:2595:2611,0,max_abs_z@0.975,2.262155,2.3259057998657227
ec2_cpu_utilization_5f5533:2603:2619,0,max_abs_z@0.975,2.2965374,2.3259057998657227
ec2_cpu_utilization_5f5533:2611:2627,0,max_abs_z@0.975,1.731556,2.3259057998657227
ec2_cpu_utilization_5f5533:2619:2635,0,max_abs_z@0.975,1.9542295,2.3259057998657227
ec2_cpu_utilization_5f5533:2627:2643,0,max_abs_z@0.975,2.201378,2.3259057998657227
ec2_cpu_utilization_5f5533:2635:2651,0,max_abs_z@0.975,2.1726208,2.3259057998657227
ec2_cpu_utilization_5f5533:2643:2659,0,max_abs_z@0.975,1.9439801,2.3259057998657227
ec2_cpu_utilization_5f5533:2651:2667,0,max_abs_z@0.975,1.5415224,2.3259057998657227
ec2_cpu_utilization_5f5533:2659:2675,0,max_abs_z@0.975,2.0610256,2.3259057998657227
ec2_cpu_utilization_5f5533:2667:2683,0,max_abs_z@0.975,2.0331435,2.3259057998657227
ec2_cpu_utilization_5f5533:2675:2691,0,max_abs_z@0.975,1.7817907,2.3259057998657227
ec2_cpu_utilization_5f5533:2683:2699,0,max_abs_z@0.975,1.7026782,2.3259057998657227
ec2_cpu_utilization_5f5533:2691:2707,0,max_abs_z@0.975,1.9934021,2.3259057998657227
ec2_cpu_utilization_5f5533:2699:2715,0,max_abs_z@0.975,1.9990373,2.3259057998657227
ec2_cpu_utilization_5f5533:2707:2723,0,max_abs_z@0.975,2.178091,2.3259057998657227
ec2_cpu_utilization_5f5533:2715:2731,0,max_abs_z@0.975,2.211636,2.3259057998657227
ec2_cpu_utilization_5f5533:2723:2739,0,max_abs_z@0.975,1.6979495,2.3259057998657227
ec2_cpu_utilization_5f5533:2731:2747,0,max_abs_z@0.975,1.8876663,2.3259057998657227
ec2_cpu_utilization_5f5533:2739:2755,0,max_abs_z@0.975,1.9235979,2.3259057998657227
ec2_cpu_utilization_5f5533:2747:2763,0,max_abs_z@0.975,2.125749,2.3259057998657227
ec2_cpu_utilization_5f5533:2755:2771,0,max_abs_z@0.975,2.1587727,2.3259057998657227
ec2_cpu_utilization_5f5533:2763:2779,0,max_abs_z@0.975,1.6461662,2.3259057998657227
ec2_cpu_utilization_5f5533:2771:2787,0,max_abs_z@0.975,2.0290995,2.3259057998657227
ec2_cpu_utilization_5f5533:2779:2795,0,max_abs_z@0.975,2.1209912,2.3259057998657227
ec2_cpu_utilization_5f5533:2787:2803,0,max_abs_z@0.975,2.1539676,2.3259057998657227
ec2_cpu_utilization_5f5533:2795:2811,0,max_abs_z@0.975,1.8063531,2.3259057998657227
ec2_cpu_utilization_5f5533:2803:2819,0,max_abs_z@0.975,1.9004663,2.3259057998657227
ec2_cpu_utilization_5f5533:2811:2827,0,max_abs_z@0.975,1.8971999,2.3259057998657227
ec2_cpu_utilization_5f5533:2819:2835,1,max_abs_z@0.975,1.826503,2.3259057998657227
ec2_cpu_utilization_5f5533:2827:2843,1,max_abs_z@0.975,1.8565462,2.3259057998657227
ec2_cpu_utilization_5f5533:2835:2851,1,max_abs_z@0.975,1.9593236,2.3259057998657227
ec2_cpu_utilization_5f5533:2843:2859,1,max_abs_z@0.975,2.1019616,2.3259057998657227
ec2_cpu_utilization_5f5533:2851:2867,1,max_abs_z@0.975,2.0738242,2.3259057998657227
ec2_cpu_utilization_5f5533:2859:2875,1,max_abs_z@0.975,1.8402154,2.3259057998657227
ec2_cpu_utilization_5f5533:2867:2883,1,max_abs_z@0.975,1.9399786,2.3259057998657227
ec2_cpu_utilization_5f5533:2875:2891,1,max_abs_z@0.975,2.1844192,2.3259057998657227
ec2_cpu_utilization_5f5533:2883:2899,1,max_abs_z@0.975,2.1557677,2.3259057998657227
ec2_cpu_utilization_5f5533:2891:2907,1,max_abs_z@0.975,1.8640226,2.3259057998657227
ec2_cpu_utilization_5f5533:2899:2915,1,max_abs_z@0.975,1.6625433,2.3259057998657227
ec2_cpu_utilization_5f5533:2907:2923,1,max_abs_z@0.975,1.7897228,2.3259057998657227
ec2_cpu_utilization_5f5533:2915:2931,1,max_abs_z@0.975,3.4284043,2.3259057998657227
ec2_cpu_utilization_5f5533:2923:2939,1,max_abs_z@0.975,3.3802364,2.3259057998657227
ec2_cpu_utilization_5f5533:2931:2947,1,max_abs_z@0.975,3.2328174,2.3259057998657227
ec2_cpu_utilization_5f5533:2939:2955,1,max_abs_z@0.975,2.9597263,2.3259057998657227
ec2_cpu_utilization_5f5533:2947:2963,1,max_abs_z@0.975,2.9976387,2.3259057998657227
ec2_cpu_utilization_5f5533:2955:2971,1,max_abs_z@0.975,6.7535224,2.3259057998657227
ec2_cpu_utilization_5f5533:2963:2979,1,max_abs_z@0.975,6.687091,2.3259057998657227
ec2_cpu_utilization_5f5533:2971:2987,1,max_abs_z@0.975,2.8274179,2.3259057998657227
ec2_cpu_utilization_5f5533:2979:2995,1,max_abs_z@0.975,2.6061635,2.3259057998657227
ec2_cpu_utilization_5f5533:2987:3003,1,max_abs_z@0.975,2.5631416,2.3259057998657227
ec2_cpu_utilization_5f5533:2995:3011,1,max_abs_z@0.975,2.548166,2.3259057998657227
ec2_cpu_utilization_5f5533:3003:3019,1,max_abs_z@0.975,2.5172467,2.3259057998657227
ec2_cpu_utilization_5f5533:3011:3027,1,max_abs_z@0.975,2.8505087,2.3259057998657227
ec2_cpu_utilization_5f5533:3019:3035,1,max_abs_z@0.975,2.8177047,2.3259057998657227
ec2_cpu_utilization_5f5533:3027:3043,1,max_abs_z@0.975,2.739396,2.3259057998657227
ec2_cpu_utilization_5f5533:3035:3051,0,max_abs_z@0.975,2.8998463,2.3259057998657227
ec2_cpu_utilization_5f5533:3043:3059,0,max_abs_z@0.975,2.8576272,2.3259057998657227
ec2_cpu_utilization_5f5533:3051:3067,0,max_abs_z@0.975,2.740566,2.3259057998657227
ec2_cpu_utilization_5f5533:3059:3075,0,max_abs_z@0.975,2.7084475,2.3259057998657227
ec2_cpu_utilization_5f5533:3067:3083,0,max_abs_z@0.975,2.8619611,2.3259057998657227
ec2_cpu_utilization_5f5533:3075:3091,0,max_abs_z@0.975,2.8201683,2.3259057998657227
ec2_cpu_utilization_5f5533:3083:3099,0,max_abs_z@0.975,2.7735367,2.3259057998657227
ec2_cpu_utilization_5f5533:3091:3107,0,max_abs_z@0.975,2.5172467,2.3259057998657227
ec2_cpu_utilization_5f5533:3099:3115,0,max_abs_z@0.975,2.5534296,2.3259057998657227
ec2_cpu_utilization_5f5533:3107:3123,0,max_abs_z@0.975,2.5910504,2.3259057998657227
ec2_cpu_utilization_5f5533:3115:3131,0,max_abs_z@0.975,2.692612,2.3259057998657227
ec2_cpu_utilization_5f5533:3123:3139,0,max_abs_z@0.975,2.8037245,2.3259057998657227
ec2_cpu_utilization_5f5533:3131:3147,0,max_abs_z@0.975,2.771212,2.3259057998657227
ec2_cpu_utilization_5f5533:3139:3155,0,max_abs_z@0.975,2.4588723,2.3259057998657227
ec2_cpu_utilization_5f5533:3147:3163,0,max_abs_z@0.975,2.5142472,2.3259057998657227
ec2_cpu_utilization_5f5533:3155:3171,0,max_abs_z@0.975,2.527035,2.3259057998657227
ec2_cpu_utilization_5f5533:3163:3179,0,max_abs_z@0.975,2.726872,2.3259057998657227
ec2_cpu_utilization_5f5533:3171:3187,0,max_abs_z@0.975,2.8342113,2.3259057998657227
ec2_cpu_utilization_5f5533:3179:3195,0,max_abs_z@0.975,2.8742914,2.3259057998657227
ec2_cpu_utilization_5f5533:3187:3203,0,max_abs_z@0.975,2.7904584,2.3259057998657227
ec2_cpu_utilization_5f5533:3195:3211,0,max_abs_z@0.975,2.8277018,2.3259057998657227
ec2_cpu_utilization_5f5533:3203:3219,0,max_abs_z@0.975,2.79504,2.3259057998657227
ec2_cpu_utilization_5f5533:2419:2435,0,max_abs_z@0.99,2.0612473,2.381497383117676
ec2_cpu_utilization_5f5533:2427:2443,0,max_abs_z@0.99,2.0936286,2.381497383117676
ec2_cpu_utilization_5f5533:2435:2451,0,max_abs_z@0.99,1.7374301,2.381497383117676
ec2_cpu_utilization_5f5533:2443:2459,0,max_abs_z@0.99,2.3645887,2.381497383117676
ec2_cpu_utilization_5f5533:2451:2467,0,max_abs_z@0.99,2.3606477,2.381497383117676
ec2_cpu_utilization_5f5533:2459:2475,0,max_abs_z@0.99,2.2817166,2.381497383117676
ec2_cpu_utilization_5f5533:2467:2483,0,max_abs_z@0.99,2.3162935,2.381497383117676
ec2_cpu_utilization_5f5533:2475:2491,0,max_abs_z@0.99,1.7487315,2.381497383117676
ec2_cpu_utilization_5f5533:2483:2499,0,max_abs_z@0.99,1.8733528,2.381497383117676
ec2_cpu_utilization_5f5533:2491:2507,0,max_abs_z@0.99,1.9235979,2.381497383117676
ec2_cpu_utilization_5f5533:2499:2515,0,max_abs_z@0.99,2.1368527,2.381497383117676
ec2_cpu_utilization_5f5533:2507:2523,0,max_abs_z@0.99,2.169987,2.381497383117676
ec2_cpu_utilization_5f5533:2515:2531,0,max_abs_z@0.99,1.7834389,2.381497383117676
ec2_cpu_utilization_5f5533:2523:2539,0,max_abs_z@0.99,1.9294045,2.381497383117676
ec2_cpu_utilization_5f5533:2531:2547,0,max_abs_z@0.99,1.926096,2.381497383117676
ec2_cpu_utilization_5f5533:2539:2555,0,max_abs_z@0.99,1.8714982,2.381497383117676
ec2_cpu_utilization_5f5533:2547:2563,0,max_abs_z@0.99,1.8442496,2.381497383117676
ec2_cpu_utilization_5f5533:2555:2571,0,max_abs_z@0.99,1.9305179,2.381497383117676
ec2_cpu_utilization_5f5533:2563:2579,0,max_abs_z@0.99,2.2464087,2.381497383117676
ec2_cpu_utilization_5f5533:2571:2587,0,max_abs_z@0.99,2.2173707,2.381497383117676
ec2_cpu_utilization_5f5533:2579:2595,0,max_abs_z@0.99,1.8759457,2.381497383117676
ec2_cpu_utilization_5f5533:2587:2603,0,max_abs_z@0.99,2.2667978,2.381497383117676
ec2_cpu_utilization_5f5533:2595:2611,0,max_abs_z@0.99,2.262155,2.381497383117676
ec2_cpu_utilization_5f5533:2603:2619,0,max_abs_z@0.99,2.2965374,2.381497383117676
ec2_cpu_utilization_5f5533:2611:2627,0,max_abs_z@0.99,1.731556,2.381497383117676
ec2_cpu_utilization_5f5533:2619:2635,0,max_abs_z@0.99,1.9542295,2.381497383117676
ec2_cpu_utilization_5f5533:2627:2643,0,max_abs_z@0.99,2.201378,2.381497383117676
ec2_cpu_utilization_5f5533:2635:2651,0,max_abs_z@0.99,2.1726208,2.381497383117676
ec2_cpu_utilization_5f5533:2643:2659,0,max_abs_z@0.99,1.9439801,2.381497383117676
ec2_cpu_utilization_5f5533:2651:2667,0,max_abs_z@0.99,1.5415224,2.381497383117676
ec2_cpu_utilization_5f5533:2659:2675,0,max_abs_z@0.99,2.0610256,2.381497383117676
ec2_cpu_utilization_5f5533:2667:2683,0,max_abs_z@0.99,2.0331435,2.381497383117676
ec2_cpu_utilization_5f5533:2675:2691,0,max_abs_z@0.99,1.7817907,2.381497383117676
ec2_cpu_utilization_5f5533:2683:2699,0,max_abs_z@0.99,1.7026782,2.381497383117676
ec2_cpu_utilization_5f5533:2691:2707,0,max_abs_z@0.99,1.9934021,2.381497383117676
ec2_cpu_utilization_5f5533:2699:2715,0,max_abs_z@0.99,1.9990373,2.381497383117676
ec2_cpu_utilization_5f5533:2707:2723,0,max_abs_z@0.99,2.178091,2.381497383117676
ec2_cpu_utilization_5f5533:2715:2731,0,max_abs_z@0.99,2.211636,2.381497383117676
ec2_cpu_utilization_5f5533:2723:2739,0,max_abs_z@0.99,1.6979495,2.381497383117676
ec2_cpu_utilization_5f5533:2731:2747,0,max_abs_z@0.99,1.8876663,2.381497383117676
ec2_cpu_utilization_5f5533:2739:2755,0,max_abs_z@0.99,1.9235979,2.381497383117676
ec2_cpu_utilization_5f5533:2747:2763,0,max_abs_z@0.99,2.125749,2.381497383117676
ec2_cpu_utilization_5f5533:2755:2771,0,max_abs_z@0.99,2.1587727,2.381497383117676
ec2_cpu_utilization_5f5533:2763:2779,0,max_abs_z@0.99,1.6461662,2.381497383117676
ec2_cpu_utilization_5f5533:2771:2787,0,max_abs_z@0.99,2.0290995,2.381497383117676
ec2_cpu_utilization_5f5533:2779:2795,0,max_abs_z@0.99,2.1209912,2.381497383117676
ec2_cpu_utilization_5f5533:2787:2803,0,max_abs_z@0.99,2.1539676,2.381497383117676
ec2_cpu_utilization_5f5533:2795:2811,0,max_abs_z@0.99,1.8063531,2.381497383117676
ec2_cpu_utilization_5f5533:2803:2819,0,max_abs_z@0.99,1.9004663,2.381497383117676
ec2_cpu_utilization_5f5533:2811:2827,0,max_abs_z@0.99,1.8971999,2.381497383117676
ec2_cpu_utilization_5f5533:2819:2835,1,max_abs_z@0.99,1.826503,2.381497383117676
ec2_cpu_utilization_5f5533:2827:2843,1,max_abs_z@0.99,1.8565462,2.381497383117676
ec2_cpu_utilization_5f5533:2835:2851,1,max_abs_z@0.99,1.9593236,2.381497383117676
ec2_cpu_utilization_5f5533:2843:2859,1,max_abs_z@0.99,2.1019616,2.381497383117676
ec2_cpu_utilization_5f5533:2851:2867,1,max_abs_z@0.99,2.0738242,2.381497383117676
ec2_cpu_utilization_5f5533:2859:2875,1,max_abs_z@0.99,1.8402154,2.381497383117676
ec2_cpu_utilization_5f5533:2867:2883,1,max_abs_z@0.99,1.9399786,2.381497383117676
ec2_cpu_utilization_5f5533:2875:2891,1,max_abs_z@0.99,2.1844192,2.381497383117676
ec2_cpu_utilization_5f5533:2883:2899,1,max_abs_z@0.99,2.1557677,2.381497383117676
ec2_cpu_utilization_5f5533:2891:2907,1,max_abs_z@0.99,1.8640226,2.381497383117676
ec2_cpu_utilization_5f5533:2899:2915,1,max_abs_z@0.99,1.6625433,2.381497383117676
ec2_cpu_utilization_5f5533:2907:2923,1,max_abs_z@0.99,1.7897228,2.381497383117676
ec2_cpu_utilization_5f5533:2915:2931,1,max_abs_z@0.99,3.4284043,2.381497383117676
ec2_cpu_utilization_5f5533:2923:2939,1,max_abs_z@0.99,3.3802364,2.381497383117676
ec2_cpu_utilization_5f5533:2931:2947,1,max_abs_z@0.99,3.2328174,2.381497383117676
ec2_cpu_utilization_5f5533:2939:2955,1,max_abs_z@0.99,2.9597263,2.381497383117676
ec2_cpu_utilization_5f5533:2947:2963,1,max_abs_z@0.99,2.9976387,2.381497383117676
ec2_cpu_utilization_5f5533:2955:2971,1,max_abs_z@0.99,6.7535224,2.381497383117676
ec2_cpu_utilization_5f5533:2963:2979,1,max_abs_z@0.99,6.687091,2.381497383117676
ec2_cpu_utilization_5f5533:2971:2987,1,max_abs_z@0.99,2.8274179,2.381497383117676
ec2_cpu_utilization_5f5533:2979:2995,1,max_abs_z@0.99,2.6061635,2.381497383117676
ec2_cpu_utilization_5f5533:2987:3003,1,max_abs_z@0.99,2.5631416,2.381497383117676
ec2_cpu_utilization_5f5533:2995:3011,1,max_abs_z@0.99,2.548166,2.381497383117676
ec2_cpu_utilization_5f5533:3003:3019,1,max_abs_z@0.99,2.5172467,2.381497383117676
ec2_cpu_utilization_5f5533:3011:3027,1,max_abs_z@0.99,2.8505087,2.381497383117676
ec2_cpu_utilization_5f5533:3019:3035,1,max_abs_z@0.99,2.8177047,2.381497383117676
ec2_cpu_utilization_5f5533:3027:3043,1,max_abs_z@0.99,2.739396,2.381497383117676
ec2_cpu_utilization_5f5533:3035:3051,0,max_abs_z@0.99,2.8998463,2.381497383117676
ec2_cpu_utilization_5f5533:3043:3059,0,max_abs_z@0.99,2.8576272,2.381497383117676
ec2_cpu_utilization_5f5533:3051:3067,0,max_abs_z@0.99,2.740566,2.381497383117676
ec2_cpu_utilization_5f5533:3059:3075,0,max_abs_z@0.99,2.7084475,2.381497383117676
ec2_cpu_utilization_5f5533:3067:3083,0,max_abs_z@0.99,2.8619611,2.381497383117676
ec2_cpu_utilization_5f5533:3075:3091,0,max_abs_z@0.99,2.8201683,2.381497383117676
ec2_cpu_utilization_5f5533:3083:3099,0,max_abs_z@0.99,2.7735367,2.381497383117676
ec2_cpu_utilization_5f5533:3091:3107,0,max_abs_z@0.99,2.5172467,2.381497383117676
ec2_cpu_utilization_5f5533:3099:3115,0,max_abs_z@0.99,2.5534296,2.381497383117676
ec2_cpu_utilization_5f5533:3107:3123,0,max_abs_z@0.99,2.5910504,2.381497383117676
ec2_cpu_utilization_5f5533:3115:3131,0,max_abs_z@0.99,2.692612,2.381497383117676
ec2_cpu_utilization_5f5533:3123:3139,0,max_abs_z@0.99,2.8037245,2.381497383117676
ec2_cpu_utilization_5f5533:3131:3147,0,max_abs_z@0.99,2.771212,2.381497383117676
ec2_cpu_utilization_5f5533:3139:3155,0,max_abs_z@0.99,2.4588723,2.381497383117676
ec2_cpu_utilization_5f5533:3147:3163,0,max_abs_z@0.99,2.5142472,2.381497383117676
ec2_cpu_utilization_5f5533:3155:3171,0,max_abs_z@0.99,2.527035,2.381497383117676
ec2_cpu_utilization_5f5533:3163:3179,0,max_abs_z@0.99,2.726872,2.381497383117676
ec2_cpu_utilization_5f5533:3171:3187,0,max_abs_z@0.99,2.8342113,2.381497383117676
ec2_cpu_utilization_5f5533:3179:3195,0,max_abs_z@0.99,2.8742914,2.381497383117676
ec2_cpu_utilization_5f5533:3187:3203,0,max_abs_z@0.99,2.7904584,2.381497383117676
ec2_cpu_utilization_5f5533:3195:3211,0,max_abs_z@0.99,2.8277018,2.381497383117676
ec2_cpu_utilization_5f5533:3203:3219,0,max_abs_z@0.99,2.79504,2.381497383117676
ec2_cpu_utilization_5f5533:2419:2435,0,rolling_32@0.95,17.203607621317392,3.7745204991094212
ec2_cpu_utilization_5f5533:2427:2443,0,rolling_32@0.95,17.203607621317392,3.7745204991094212
ec2_cpu_utilization_5f5533:2435:2451,0,rolling_32@0.95,12.922208586239325,3.7745204991094212
ec2_cpu_utilization_5f5533:2443:2459,0,rolling_32@0.95,2.386214195793782,3.7745204991094212
ec2_cpu_utilization_5f5533:2451:2467,0,rolling_32@0.95,2.386214195793782,3.7745204991094212
ec2_cpu_utilization_5f5533:2459:2475,0,rolling_32@0.95,2.3394791813137,3.7745204991094212
ec2_cpu_utilization_5f5533:2467:2483,0,rolling_32@0.95,2.3394791813137,3.7745204991094212
ec2_cpu_utilization_5f5533:2475:2491,0,rolling_32@0.95,2.3768725673993862,3.7745204991094212
ec2_cpu_utilization_5f5533:2483:2499,0,rolling_32@0.95,3.078715094855284,3.7745204991094212
ec2_cpu_utilization_5f5533:2491:2507,0,rolling_32@0.95,3.078715094855284,3.7745204991094212
ec2_cpu_utilization_5f5533:2499:2515,0,rolling_32@0.95,1.8102253573475409,3.7745204991094212
ec2_cpu_utilization_5f5533:2507:2523,0,rolling_32@0.95,2.6104833284032636,3.7745204991094212
ec2_cpu_utilization_5f5533:2515:2531,0,rolling_32@0.95,2.6104833284032636,3.7745204991094212
ec2_cpu_utilization_5f5533:2523:2539,0,rolling_32@0.95,2.972683342734167,3.7745204991094212
ec2_cpu_utilization_5f5533:2531:2547,0,rolling_32@0.95,3.515531577685587,3.7745204991094212
ec2_cpu_utilization_5f5533:2539:2555,0,rolling_32@0.95,3.515531577685587,3.7745204991094212
ec2_cpu_utilization_5f5533:2547:2563,0,rolling_32@0.95,1.6581701454104636,3.7745204991094212
ec2_cpu_utilization_5f5533:2555:2571,0,rolling_32@0.95,1.8911861450669005,3.7745204991094212
ec2_cpu_utilization_5f5533:2563:2579,0,rolling_32@0.95,2.127238786734053,3.7745204991094212
ec2_cpu_utilization_5f5533:2571:2587,0,rolling_32@0.95,2.621626943885647,3.7745204991094212
ec2_cpu_utilization_5f5533:2579:2595,0,rolling_32@0.95,2.621626943885647,3.7745204991094212
ec2_cpu_utilization_5f5533:2587:2603,0,rolling_32@0.95,1.5733628073297896,3.7745204991094212
ec2_cpu_utilization_5f5533:2595:2611,0,rolling_32@0.95,1.8532335504721906,3.7745204991094212
ec2_cpu_utilization_5f5533:2603:2619,0,rolling_32@0.95,1.8532335504721906,3.7745204991094212
ec2_cpu_utilization_5f5533:2611:2627,0,rolling_32@0.95,1.6974642700664482,3.7745204991094212
ec2_cpu_utilization_5f5533:2619:2635,0,rolling_32@0.95,1.8190581859063193,3.7745204991094212
ec2_cpu_utilization_5f5533:2627:2643,0,rolling_32@0.95,1.9173950153477208,3.7745204991094212
ec2_cpu_utilization_5f5533:2635:2651,0,rolling_32@0.95,2.1299518370232478,3.7745204991094212
ec2_cpu_utilization_5f5533:2643:2659,0,rolling_32@0.95,2.1299518370232478,3.7745204991094212
ec2_cpu_utilization_5f5533:2651:2667,0,rolling_32@0.95,1.6476191162945584,3.7745204991094212
ec2_cpu_utilization_5f5533:2659:2675,0,rolling_32@0.95,3.473222152963109,3.7745204991094212
ec2_cpu_utilization_5f5533:2667:2683,0,rolling_32@0.95,3.473222152963109,3.7745204991094212
ec2_cpu_utilization_5f5533:2675:2691,0,rolling_32@0.95,2.269618587878973,3.7745204991094212
ec2_cpu_utilization_5f5533:2683:2699,0,rolling_32@0.95,3.245229126303701,3.7745204991094212
ec2_cpu_utilization_5f5533:2691:2707,0,rolling_32@0.95,3.245229126303701,3.7745204991094212
ec2_cpu_utilization_5f5533:2699:2715,0,rolling_32@0.95,2.9705880379546103,3.7745204991094212
ec2_cpu_utilization_5f5533:2707:2723,0,rolling_32@0.95,2.4964676209096557,3.7745204991094212
ec2_cpu_utilization_5f5533:2715:2731,0,rolling_32@0.95,2.5295549653902265,3.7745204991094212
ec2_cpu_utilization_5f5533:2723:2739,0,rolling_32@0.95,2.5295549653902265,3.7745204991094212
ec2_cpu_utilization_5f5533:2731:2747,0,rolling_32@0.95,2.86227857871752,3.7745204991094212
ec2_cpu_utilization_5f5533:2739:2755,0,rolling_32@0.95,2.86227857871752,3.7745204991094212
ec2_cpu_utilization_5f5533:2747:2763,0,rolling_32@0.95,3.0441003265520212,3.7745204991094212
ec2_cpu_utilization_5f5533:2755:2771,0,rolling_32@0.95,3.0441003265520212,3.7745204991094212
ec2_cpu_utilization_5f5533:2763:2779,0,rolling_32@0.95,3.018429678418454,3.7745204991094212
ec2_cpu_utilization_5f5533:2771:2787,0,rolling_32@0.95,3.018429678418454,3.7745204991094212
ec2_cpu_utilization_5f5533:2779:2795,0,rolling_32@0.95,2.122884770260429,3.7745204991094212
ec2_cpu_utilization_5f5533:2787:2803,0,rolling_32@0.95,2.8019936117415356,3.7745204991094212
ec2_cpu_utilization_5f5533:2795:2811,0,rolling_32@0.95,2.8019936117415356,3.7745204991094212
ec2_cpu_utilization_5f5533:2803:2819,0,rolling_32@0.95,1.8808097233917467,3.7745204991094212
ec2_cpu_utilization_5f5533:2811:2827,0,rolling_32@0.95,1.4062436417861979,3.7745204991094212
ec2_cpu_utilization_5f5533:2819:2835,1,rolling_32@0.95,1.7416845661504627,3.7745204991094212
ec2_cpu_utilization_5f5533:2827:2843,1,rolling_32@0.95,2.184147838172519,3.7745204991094212
ec2_cpu_utilization_5f5533:2835:2851,1,rolling_32@0.95,2.9558070727596126,3.7745204991094212
ec2_cpu_utilization_5f5533:2843:2859,1,rolling_32@0.95,2.9558070727596126,3.7745204991094212
ec2_cpu_utilization_5f5533:2851:2867,1,rolling_32@0.95,2.5505800978146844,3.7745204991094212
ec2_cpu_utilization_5f5533:2859:2875,1,rolling_32@0.95,2.516510886319069,3.7745204991094212
ec2_cpu_utilization_5f5533:2867:2883,1,rolling_32@0.95,3.001788657988779,3.7745204991094212
ec2_cpu_utilization_5f5533:2875:2891,1,rolling_32@0.95,3.001788657988779,3.7745204991094212
ec2_cpu_utilization_5f5533:2883:2899,1,rolling_32@0.95,2.393911671285643,3.7745204991094212
ec2_cpu_utilization_5f5533:2891:2907,1,rolling_32@0.95,1.8302165488648074,3.7745204991094212
ec2_cpu_utilization_5f5533:2899:2915,1,rolling_32@0.95,1.5380015304878656,3.7745204991094212
ec2_cpu_utilization_5f5533:2907:2923,1,rolling_32@0.95,1.9733140075212579,3.7745204991094212
ec2_cpu_utilization_5f5533:2915:2931,1,rolling_32@0.95,4.320345894833406,3.7745204991094212
ec2_cpu_utilization_5f5533:2923:2939,1,rolling_32@0.95,4.320345894833406,3.7745204991094212
ec2_cpu_utilization_5f5533:2931:2947,1,rolling_32@0.95,3.516382955554141,3.7745204991094212
ec2_cpu_utilization_5f5533:2939:2955,1,rolling_32@0.95,1.66572180737308,3.7745204991094212
ec2_cpu_utilization_5f5533:2947:2963,1,rolling_32@0.95,1.6176338691921859,3.7745204991094212
ec2_cpu_utilization_5f5533:2955:2971,1,rolling_32@0.95,6.836942311600838,3.7745204991094212
ec2_cpu_utilization_5f5533:2963:2979,1,rolling_32@0.95,6.836942311600838,3.7745204991094212
ec2_cpu_utilization_5f5533:2971:2987,1,rolling_32@0.95,0.9350349809876412,3.7745204991094212
ec2_cpu_utilization_5f5533:2979:2995,1,rolling_32@0.95,1.185543622663739,3.7745204991094212
ec2_cpu_utilization_5f5533:2987:3003,1,rolling_32@0.95,1.185543622663739,3.7745204991094212
ec2_cpu_utilization_5f5533:2995:3011,1,rolling_32@0.95,3.0639277407310357,3.7745204991094212
ec2_cpu_utilization_5f5533:3003:3019,1,rolling_32@0.95,4.359789705067143,3.7745204991094212
ec2_cpu_utilization_5f5533:3011:3027,1,rolling_32@0.95,4.605693033116103,3.7745204991094212
ec2_cpu_utilization_5f5533:3019:3035,1,rolling_32@0.95,5.800620531498719,3.7745204991094212
ec2_cpu_utilization_5f5533:3027:3043,1,rolling_32@0.95,5.800620531498719,3.7745204991094212
ec2_cpu_utilization_5f5533:3035:3051,0,rolling_32@0.95,5.646755492965232,3.7745204991094212
ec2_cpu_utilization_5f5533:3043:3059,0,rolling_32@0.95,5.069067861711662,3.7745204991094212
ec2_cpu_utilization_5f5533:3051:3067,0,rolling_32@0.95,5.069067861711662,3.7745204991094212
ec2_cpu_utilization_5f5533:3059:3075,0,rolling_32@0.95,2.3662397019595143,3.7745204991094212
ec2_cpu_utilization_5f5533:3067:3083,0,rolling_32@0.95,2.5052520742870854,3.7745204991094212
ec2_cpu_utilization_5f5533:3075:3091,0,rolling_32@0.95,2.5616020929043293,3.7745204991094212
ec2_cpu_utilization_5f5533:3083:3099,0,rolling_32@0.95,2.5616020929043293,3.7745204991094212
ec2_cpu_utilization_5f5533:3091:3107,0,rolling_32@0.95,1.7285260606880652,3.7745204991094212
ec2_cpu_utilization_5f5533:3099:3115,0,rolling_32@0.95,2.697963037906381,3.7745204991094212
ec2_cpu_utilization_5f5533:3107:3123,0,rolling_32@0.95,2.697963037906381,3.7745204991094212
ec2_cpu_utilization_5f5533:3115:3131,0,rolling_32@0.95,2.7862230418454015,3.7745204991094212
ec2_cpu_utilization_5f5533:3123:3139,0,rolling_32@0.95,3.630170030209425,3.7745204991094212
ec2_cpu_utilization_5f5533:3131:3147,0,rolling_32@0.95,3.630170030209425,3.7745204991094212
ec2_cpu_utilization_5f5533:3139:3155,0,rolling_32@0.95,3.246153749400016,3.7745204991094212
ec2_cpu_utilization_5f5533:3147:3163,0,rolling_32@0.95,5.941860158857756,3.7745204991094212
ec2_cpu_utilization_5f5533:3155:3171,0,rolling_32@0.95,5.941860158857756,3.7745204991094212
ec2_cpu_utilization_5f5533:3163:3179,0,rolling_32@0.95,4.32597447033427,3.7745204991094212
ec2_cpu_utilization_5f5533:3171:3187,0,rolling_32@0.95,4.32597447033427,3.7745204991094212
ec2_cpu_utilization_5f5533:3179:3195,0,rolling_32@0.95,3.3684306439091514,3.7745204991094212
ec2_cpu_utilization_5f5533:3187:3203,0,rolling_32@0.95,4.022557076281112,3.7745204991094212
ec2_cpu_utilization_5f5533:3195:3211,0,rolling_32@0.95,4.022557076281112,3.7745204991094212
ec2_cpu_utilization_5f5533:3203:3219,0,rolling_32@0.95,2.9735094705943705,3.7745204991094212
ec2_cpu_utilization_5f5533:2419:2435,0,rolling_32@0.975,17.203607621317392,7.277207392197125
ec2_cpu_utilization_5f5533:2427:2443,0,rolling_32@0.975,17.203607621317392,7.277207392197125
ec2_cpu_utilization_5f5533:2435:2451,0,rolling_32@0.975,12.922208586239325,7.277207392197125
ec2_cpu_utilization_5f5533:2443:2459,0,rolling_32@0.975,2.386214195793782,7.277207392197125
ec2_cpu_utilization_5f5533:2451:2467,0,rolling_32@0.975,2.386214195793782,7.277207392197125
ec2_cpu_utilization_5f5533:2459:2475,0,rolling_32@0.975,2.3394791813137,7.277207392197125
ec2_cpu_utilization_5f5533:2467:2483,0,rolling_32@0.975,2.3394791813137,7.277207392197125
ec2_cpu_utilization_5f5533:2475:2491,0,rolling_32@0.975,2.3768725673993862,7.277207392197125
ec2_cpu_utilization_5f5533:2483:2499,0,rolling_32@0.975,3.078715094855284,7.277207392197125
ec2_cpu_utilization_5f5533:2491:2507,0,rolling_32@0.975,3.078715094855284,7.277207392197125
ec2_cpu_utilization_5f5533:2499:2515,0,rolling_32@0.975,1.8102253573475409,7.277207392197125
ec2_cpu_utilization_5f5533:2507:2523,0,rolling_32@0.975,2.6104833284032636,7.277207392197125
ec2_cpu_utilization_5f5533:2515:2531,0,rolling_32@0.975,2.6104833284032636,7.277207392197125
ec2_cpu_utilization_5f5533:2523:2539,0,rolling_32@0.975,2.972683342734167,7.277207392197125
ec2_cpu_utilization_5f5533:2531:2547,0,rolling_32@0.975,3.515531577685587,7.277207392197125
ec2_cpu_utilization_5f5533:2539:2555,0,rolling_32@0.975,3.515531577685587,7.277207392197125
ec2_cpu_utilization_5f5533:2547:2563,0,rolling_32@0.975,1.6581701454104636,7.277207392197125
ec2_cpu_utilization_5f5533:2555:2571,0,rolling_32@0.975,1.8911861450669005,7.277207392197125
ec2_cpu_utilization_5f5533:2563:2579,0,rolling_32@0.975,2.127238786734053,7.277207392197125
ec2_cpu_utilization_5f5533:2571:2587,0,rolling_32@0.975,2.621626943885647,7.277207392197125
ec2_cpu_utilization_5f5533:2579:2595,0,rolling_32@0.975,2.621626943885647,7.277207392197125
ec2_cpu_utilization_5f5533:2587:2603,0,rolling_32@0.975,1.5733628073297896,7.277207392197125
ec2_cpu_utilization_5f5533:2595:2611,0,rolling_32@0.975,1.8532335504721906,7.277207392197125
ec2_cpu_utilization_5f5533:2603:2619,0,rolling_32@0.975,1.8532335504721906,7.277207392197125
ec2_cpu_utilization_5f5533:2611:2627,0,rolling_32@0.975,1.6974642700664482,7.277207392197125
ec2_cpu_utilization_5f5533:2619:2635,0,rolling_32@0.975,1.8190581859063193,7.277207392197125
ec2_cpu_utilization_5f5533:2627:2643,0,rolling_32@0.975,1.9173950153477208,7.277207392197125
ec2_cpu_utilization_5f5533:2635:2651,0,rolling_32@0.975,2.1299518370232478,7.277207392197125
ec2_cpu_utilization_5f5533:2643:2659,0,rolling_32@0.975,2.1299518370232478,7.277207392197125
ec2_cpu_utilization_5f5533:2651:2667,0,rolling_32@0.975,1.6476191162945584,7.277207392197125
ec2_cpu_utilization_5f5533:2659:2675,0,rolling_32@0.975,3.473222152963109,7.277207392197125
ec2_cpu_utilization_5f5533:2667:2683,0,rolling_32@0.975,3.473222152963109,7.277207392197125
ec2_cpu_utilization_5f5533:2675:2691,0,rolling_32@0.975,2.269618587878973,7.277207392197125
ec2_cpu_utilization_5f5533:2683:2699,0,rolling_32@0.975,3.245229126303701,7.277207392197125
ec2_cpu_utilization_5f5533:2691:2707,0,rolling_32@0.975,3.245229126303701,7.277207392197125
ec2_cpu_utilization_5f5533:2699:2715,0,rolling_32@0.975,2.9705880379546103,7.277207392197125
ec2_cpu_utilization_5f5533:2707:2723,0,rolling_32@0.975,2.4964676209096557,7.277207392197125
ec2_cpu_utilization_5f5533:2715:2731,0,rolling_32@0.975,2.5295549653902265,7.277207392197125
ec2_cpu_utilization_5f5533:2723:2739,0,rolling_32@0.975,2.5295549653902265,7.277207392197125
ec2_cpu_utilization_5f5533:2731:2747,0,rolling_32@0.975,2.86227857871752,7.277207392197125
ec2_cpu_utilization_5f5533:2739:2755,0,rolling_32@0.975,2.86227857871752,7.277207392197125
ec2_cpu_utilization_5f5533:2747:2763,0,rolling_32@0.975,3.0441003265520212,7.277207392197125
ec2_cpu_utilization_5f5533:2755:2771,0,rolling_32@0.975,3.0441003265520212,7.277207392197125
ec2_cpu_utilization_5f5533:2763:2779,0,rolling_32@0.975,3.018429678418454,7.277207392197125
ec2_cpu_utilization_5f5533:2771:2787,0,rolling_32@0.975,3.018429678418454,7.277207392197125
ec2_cpu_utilization_5f5533:2779:2795,0,rolling_32@0.975,2.122884770260429,7.277207392197125
ec2_cpu_utilization_5f5533:2787:2803,0,rolling_32@0.975,2.8019936117415356,7.277207392197125
ec2_cpu_utilization_5f5533:2795:2811,0,rolling_32@0.975,2.8019936117415356,7.277207392197125
ec2_cpu_utilization_5f5533:2803:2819,0,rolling_32@0.975,1.8808097233917467,7.277207392197125
ec2_cpu_utilization_5f5533:2811:2827,0,rolling_32@0.975,1.4062436417861979,7.277207392197125
ec2_cpu_utilization_5f5533:2819:2835,1,rolling_32@0.975,1.7416845661504627,7.277207392197125
ec2_cpu_utilization_5f5533:2827:2843,1,rolling_32@0.975,2.184147838172519,7.277207392197125
ec2_cpu_utilization_5f5533:2835:2851,1,rolling_32@0.975,2.9558070727596126,7.277207392197125
ec2_cpu_utilization_5f5533:2843:2859,1,rolling_32@0.975,2.9558070727596126,7.277207392197125
ec2_cpu_utilization_5f5533:2851:2867,1,rolling_32@0.975,2.5505800978146844,7.277207392197125
ec2_cpu_utilization_5f5533:2859:2875,1,rolling_32@0.975,2.516510886319069,7.277207392197125
ec2_cpu_utilization_5f5533:2867:2883,1,rolling_32@0.975,3.001788657988779,7.277207392197125
ec2_cpu_utilization_5f5533:2875:2891,1,rolling_32@0.975,3.001788657988779,7.277207392197125
ec2_cpu_utilization_5f5533:2883:2899,1,rolling_32@0.975,2.393911671285643,7.277207392197125
ec2_cpu_utilization_5f5533:2891:2907,1,rolling_32@0.975,1.8302165488648074,7.277207392197125
ec2_cpu_utilization_5f5533:2899:2915,1,rolling_32@0.975,1.5380015304878656,7.277207392197125
ec2_cpu_utilization_5f5533:2907:2923,1,rolling_32@0.975,1.9733140075212579,7.277207392197125
ec2_cpu_utilization_5f5533:2915:2931,1,rolling_32@0.975,4.320345894833406,7.277207392197125
ec2_cpu_utilization_5f5533:2923:2939,1,rolling_32@0.975,4.320345894833406,7.277207392197125
ec2_cpu_utilization_5f5533:2931:2947,1,rolling_32@0.975,3.516382955554141,7.277207392197125
ec2_cpu_utilization_5f5533:2939:2955,1,rolling_32@0.975,1.66572180737308,7.277207392197125
ec2_cpu_utilization_5f5533:2947:2963,1,rolling_32@0.975,1.6176338691921859,7.277207392197125
ec2_cpu_utilization_5f5533:2955:2971,1,rolling_32@0.975,6.836942311600838,7.277207392197125
ec2_cpu_utilization_5f5533:2963:2979,1,rolling_32@0.975,6.836942311600838,7.277207392197125
ec2_cpu_utilization_5f5533:2971:2987,1,rolling_32@0.975,0.9350349809876412,7.277207392197125
ec2_cpu_utilization_5f5533:2979:2995,1,rolling_32@0.975,1.185543622663739,7.277207392197125
ec2_cpu_utilization_5f5533:2987:3003,1,rolling_32@0.975,1.185543622663739,7.277207392197125
ec2_cpu_utilization_5f5533:2995:3011,1,rolling_32@0.975,3.0639277407310357,7.277207392197125
ec2_cpu_utilization_5f5533:3003:3019,1,rolling_32@0.975,4.359789705067143,7.277207392197125
ec2_cpu_utilization_5f5533:3011:3027,1,rolling_32@0.975,4.605693033116103,7.277207392197125
ec2_cpu_utilization_5f5533:3019:3035,1,rolling_32@0.975,5.800620531498719,7.277207392197125
ec2_cpu_utilization_5f5533:3027:3043,1,rolling_32@0.975,5.800620531498719,7.277207392197125
ec2_cpu_utilization_5f5533:3035:3051,0,rolling_32@0.975,5.646755492965232,7.277207392197125
ec2_cpu_utilization_5f5533:3043:3059,0,rolling_32@0.975,5.069067861711662,7.277207392197125
ec2_cpu_utilization_5f5533:3051:3067,0,rolling_32@0.975,5.069067861711662,7.277207392197125
ec2_cpu_utilization_5f5533:3059:3075,0,rolling_32@0.975,2.3662397019595143,7.277207392197125
ec2_cpu_utilization_5f5533:3067:3083,0,rolling_32@0.975,2.5052520742870854,7.277207392197125
ec2_cpu_utilization_5f5533:3075:3091,0,rolling_32@0.975,2.5616020929043293,7.277207392197125
ec2_cpu_utilization_5f5533:3083:3099,0,rolling_32@0.975,2.5616020929043293,7.277207392197125
ec2_cpu_utilization_5f5533:3091:3107,0,rolling_32@0.975,1.7285260606880652,7.277207392197125
ec2_cpu_utilization_5f5533:3099:3115,0,rolling_32@0.975,2.697963037906381,7.277207392197125
ec2_cpu_utilization_5f5533:3107:3123,0,rolling_32@0.975,2.697963037906381,7.277207392197125
ec2_cpu_utilization_5f5533:3115:3131,0,rolling_32@0.975,2.7862230418454015,7.277207392197125
ec2_cpu_utilization_5f5533:3123:3139,0,rolling_32@0.975,3.630170030209425,7.277207392197125
ec2_cpu_utilization_5f5533:3131:3147,0,rolling_32@0.975,3.630170030209425,7.277207392197125
ec2_cpu_utilization_5f5533:3139:3155,0,rolling_32@0.975,3.246153749400016,7.277207392197125
ec2_cpu_utilization_5f5533:3147:3163,0,rolling_32@0.975,5.941860158857756,7.277207392197125
ec2_cpu_utilization_5f5533:3155:3171,0,rolling_32@0.975,5.941860158857756,7.277207392197125
ec2_cpu_utilization_5f5533:3163:3179,0,rolling_32@0.975,4.32597447033427,7.277207392197125
ec2_cpu_utilization_5f5533:3171:3187,0,rolling_32@0.975,4.32597447033427,7.277207392197125
ec2_cpu_utilization_5f5533:3179:3195,0,rolling_32@0.975,3.3684306439091514,7.277207392197125
ec2_cpu_utilization_5f5533:3187:3203,0,rolling_32@0.975,4.022557076281112,7.277207392197125
ec2_cpu_utilization_5f5533:3195:3211,0,rolling_32@0.975,4.022557076281112,7.277207392197125
ec2_cpu_utilization_5f5533:3203:3219,0,rolling_32@0.975,2.9735094705943705,7.277207392197125
ec2_cpu_utilization_5f5533:2419:2435,0,rolling_32@0.99,17.203607621317392,17.782780691503373
ec2_cpu_utilization_5f5533:2427:2443,0,rolling_32@0.99,17.203607621317392,17.782780691503373
ec2_cpu_utilization_5f5533:2435:2451,0,rolling_32@0.99,12.922208586239325,17.782780691503373
ec2_cpu_utilization_5f5533:2443:2459,0,rolling_32@0.99,2.386214195793782,17.782780691503373
ec2_cpu_utilization_5f5533:2451:2467,0,rolling_32@0.99,2.386214195793782,17.782780691503373
ec2_cpu_utilization_5f5533:2459:2475,0,rolling_32@0.99,2.3394791813137,17.782780691503373
ec2_cpu_utilization_5f5533:2467:2483,0,rolling_32@0.99,2.3394791813137,17.782780691503373
ec2_cpu_utilization_5f5533:2475:2491,0,rolling_32@0.99,2.3768725673993862,17.782780691503373
ec2_cpu_utilization_5f5533:2483:2499,0,rolling_32@0.99,3.078715094855284,17.782780691503373
ec2_cpu_utilization_5f5533:2491:2507,0,rolling_32@0.99,3.078715094855284,17.782780691503373
ec2_cpu_utilization_5f5533:2499:2515,0,rolling_32@0.99,1.8102253573475409,17.782780691503373
ec2_cpu_utilization_5f5533:2507:2523,0,rolling_32@0.99,2.6104833284032636,17.782780691503373
ec2_cpu_utilization_5f5533:2515:2531,0,rolling_32@0.99,2.6104833284032636,17.782780691503373
ec2_cpu_utilization_5f5533:2523:2539,0,rolling_32@0.99,2.972683342734167,17.782780691503373
ec2_cpu_utilization_5f5533:2531:2547,0,rolling_32@0.99,3.515531577685587,17.782780691503373
ec2_cpu_utilization_5f5533:2539:2555,0,rolling_32@0.99,3.515531577685587,17.782780691503373
ec2_cpu_utilization_5f5533:2547:2563,0,rolling_32@0.99,1.6581701454104636,17.782780691503373
ec2_cpu_utilization_5f5533:2555:2571,0,rolling_32@0.99,1.8911861450669005,17.782780691503373
ec2_cpu_utilization_5f5533:2563:2579,0,rolling_32@0.99,2.127238786734053,17.782780691503373
ec2_cpu_utilization_5f5533:2571:2587,0,rolling_32@0.99,2.621626943885647,17.782780691503373
ec2_cpu_utilization_5f5533:2579:2595,0,rolling_32@0.99,2.621626943885647,17.782780691503373
ec2_cpu_utilization_5f5533:2587:2603,0,rolling_32@0.99,1.5733628073297896,17.782780691503373
ec2_cpu_utilization_5f5533:2595:2611,0,rolling_32@0.99,1.8532335504721906,17.782780691503373
ec2_cpu_utilization_5f5533:2603:2619,0,rolling_32@0.99,1.8532335504721906,17.782780691503373
ec2_cpu_utilization_5f5533:2611:2627,0,rolling_32@0.99,1.6974642700664482,17.782780691503373
ec2_cpu_utilization_5f5533:2619:2635,0,rolling_32@0.99,1.8190581859063193,17.782780691503373
ec2_cpu_utilization_5f5533:2627:2643,0,rolling_32@0.99,1.9173950153477208,17.782780691503373
ec2_cpu_utilization_5f5533:2635:2651,0,rolling_32@0.99,2.1299518370232478,17.782780691503373
ec2_cpu_utilization_5f5533:2643:2659,0,rolling_32@0.99,2.1299518370232478,17.782780691503373
ec2_cpu_utilization_5f5533:2651:2667,0,rolling_32@0.99,1.6476191162945584,17.782780691503373
ec2_cpu_utilization_5f5533:2659:2675,0,rolling_32@0.99,3.473222152963109,17.782780691503373
ec2_cpu_utilization_5f5533:2667:2683,0,rolling_32@0.99,3.473222152963109,17.782780691503373
ec2_cpu_utilization_5f5533:2675:2691,0,rolling_32@0.99,2.269618587878973,17.782780691503373
ec2_cpu_utilization_5f5533:2683:2699,0,rolling_32@0.99,3.245229126303701,17.782780691503373
ec2_cpu_utilization_5f5533:2691:2707,0,rolling_32@0.99,3.245229126303701,17.782780691503373
ec2_cpu_utilization_5f5533:2699:2715,0,rolling_32@0.99,2.9705880379546103,17.782780691503373
ec2_cpu_utilization_5f5533:2707:2723,0,rolling_32@0.99,2.4964676209096557,17.782780691503373
ec2_cpu_utilization_5f5533:2715:2731,0,rolling_32@0.99,2.5295549653902265,17.782780691503373
ec2_cpu_utilization_5f5533:2723:2739,0,rolling_32@0.99,2.5295549653902265,17.782780691503373
ec2_cpu_utilization_5f5533:2731:2747,0,rolling_32@0.99,2.86227857871752,17.782780691503373
ec2_cpu_utilization_5f5533:2739:2755,0,rolling_32@0.99,2.86227857871752,17.782780691503373
ec2_cpu_utilization_5f5533:2747:2763,0,rolling_32@0.99,3.0441003265520212,17.782780691503373
ec2_cpu_utilization_5f5533:2755:2771,0,rolling_32@0.99,3.0441003265520212,17.782780691503373
ec2_cpu_utilization_5f5533:2763:2779,0,rolling_32@0.99,3.018429678418454,17.782780691503373
ec2_cpu_utilization_5f5533:2771:2787,0,rolling_32@0.99,3.018429678418454,17.782780691503373
ec2_cpu_utilization_5f5533:2779:2795,0,rolling_32@0.99,2.122884770260429,17.782780691503373
ec2_cpu_utilization_5f5533:2787:2803,0,rolling_32@0.99,2.8019936117415356,17.782780691503373
ec2_cpu_utilization_5f5533:2795:2811,0,rolling_32@0.99,2.8019936117415356,17.782780691503373
ec2_cpu_utilization_5f5533:2803:2819,0,rolling_32@0.99,1.8808097233917467,17.782780691503373
ec2_cpu_utilization_5f5533:2811:2827,0,rolling_32@0.99,1.4062436417861979,17.782780691503373
ec2_cpu_utilization_5f5533:2819:2835,1,rolling_32@0.99,1.7416845661504627,17.782780691503373
ec2_cpu_utilization_5f5533:2827:2843,1,rolling_32@0.99,2.184147838172519,17.782780691503373
ec2_cpu_utilization_5f5533:2835:2851,1,rolling_32@0.99,2.9558070727596126,17.782780691503373
ec2_cpu_utilization_5f5533:2843:2859,1,rolling_32@0.99,2.9558070727596126,17.782780691503373
ec2_cpu_utilization_5f5533:2851:2867,1,rolling_32@0.99,2.5505800978146844,17.782780691503373
ec2_cpu_utilization_5f5533:2859:2875,1,rolling_32@0.99,2.516510886319069,17.782780691503373
ec2_cpu_utilization_5f5533:2867:2883,1,rolling_32@0.99,3.001788657988779,17.782780691503373
ec2_cpu_utilization_5f5533:2875:2891,1,rolling_32@0.99,3.001788657988779,17.782780691503373
ec2_cpu_utilization_5f5533:2883:2899,1,rolling_32@0.99,2.393911671285643,17.782780691503373
ec2_cpu_utilization_5f5533:2891:2907,1,rolling_32@0.99,1.8302165488648074,17.782780691503373
ec2_cpu_utilization_5f5533:2899:2915,1,rolling_32@0.99,1.5380015304878656,17.782780691503373
ec2_cpu_utilization_5f5533:2907:2923,1,rolling_32@0.99,1.9733140075212579,17.782780691503373
ec2_cpu_utilization_5f5533:2915:2931,1,rolling_32@0.99,4.320345894833406,17.782780691503373
ec2_cpu_utilization_5f5533:2923:2939,1,rolling_32@0.99,4.320345894833406,17.782780691503373
ec2_cpu_utilization_5f5533:2931:2947,1,rolling_32@0.99,3.516382955554141,17.782780691503373
ec2_cpu_utilization_5f5533:2939:2955,1,rolling_32@0.99,1.66572180737308,17.782780691503373
ec2_cpu_utilization_5f5533:2947:2963,1,rolling_32@0.99,1.6176338691921859,17.782780691503373
ec2_cpu_utilization_5f5533:2955:2971,1,rolling_32@0.99,6.836942311600838,17.782780691503373
ec2_cpu_utilization_5f5533:2963:2979,1,rolling_32@0.99,6.836942311600838,17.782780691503373
ec2_cpu_utilization_5f5533:2971:2987,1,rolling_32@0.99,0.9350349809876412,17.782780691503373
ec2_cpu_utilization_5f5533:2979:2995,1,rolling_32@0.99,1.185543622663739,17.782780691503373
ec2_cpu_utilization_5f5533:2987:3003,1,rolling_32@0.99,1.185543622663739,17.782780691503373
ec2_cpu_utilization_5f5533:2995:3011,1,rolling_32@0.99,3.0639277407310357,17.782780691503373
ec2_cpu_utilization_5f5533:3003:3019,1,rolling_32@0.99,4.359789705067143,17.782780691503373
ec2_cpu_utilization_5f5533:3011:3027,1,rolling_32@0.99,4.605693033116103,17.782780691503373
ec2_cpu_utilization_5f5533:3019:3035,1,rolling_32@0.99,5.800620531498719,17.782780691503373
ec2_cpu_utilization_5f5533:3027:3043,1,rolling_32@0.99,5.800620531498719,17.782780691503373
ec2_cpu_utilization_5f5533:3035:3051,0,rolling_32@0.99,5.646755492965232,17.782780691503373
ec2_cpu_utilization_5f5533:3043:3059,0,rolling_32@0.99,5.069067861711662,17.782780691503373
ec2_cpu_utilization_5f5533:3051:3067,0,rolling_32@0.99,5.069067861711662,17.782780691503373
ec2_cpu_utilization_5f5533:3059:3075,0,rolling_32@0.99,2.3662397019595143,17.782780691503373
ec2_cpu_utilization_5f5533:3067:3083,0,rolling_32@0.99,2.5052520742870854,17.782780691503373
ec2_cpu_utilization_5f5533:3075:3091,0,rolling_32@0.99,2.5616020929043293,17.782780691503373
ec2_cpu_utilization_5f5533:3083:3099,0,rolling_32@0.99,2.5616020929043293,17.782780691503373
ec2_cpu_utilization_5f5533:3091:3107,0,rolling_32@0.99,1.7285260606880652,17.782780691503373
ec2_cpu_utilization_5f5533:3099:3115,0,rolling_32@0.99,2.697963037906381,17.782780691503373
ec2_cpu_utilization_5f5533:3107:3123,0,rolling_32@0.99,2.697963037906381,17.782780691503373
ec2_cpu_utilization_5f5533:3115:3131,0,rolling_32@0.99,2.7862230418454015,17.782780691503373
ec2_cpu_utilization_5f5533:3123:3139,0,rolling_32@0.99,3.630170030209425,17.782780691503373
ec2_cpu_utilization_5f5533:3131:3147,0,rolling_32@0.99,3.630170030209425,17.782780691503373
ec2_cpu_utilization_5f5533:3139:3155,0,rolling_32@0.99,3.246153749400016,17.782780691503373
ec2_cpu_utilization_5f5533:3147:3163,0,rolling_32@0.99,5.941860158857756,17.782780691503373
ec2_cpu_utilization_5f5533:3155:3171,0,rolling_32@0.99,5.941860158857756,17.782780691503373
ec2_cpu_utilization_5f5533:3163:3179,0,rolling_32@0.99,4.32597447033427,17.782780691503373
ec2_cpu_utilization_5f5533:3171:3187,0,rolling_32@0.99,4.32597447033427,17.782780691503373
ec2_cpu_utilization_5f5533:3179:3195,0,rolling_32@0.99,3.3684306439091514,17.782780691503373
ec2_cpu_utilization_5f5533:3187:3203,0,rolling_32@0.99,4.022557076281112,17.782780691503373
ec2_cpu_utilization_5f5533:3195:3211,0,rolling_32@0.99,4.022557076281112,17.782780691503373
ec2_cpu_utilization_5f5533:3203:3219,0,rolling_32@0.99,2.9735094705943705,17.782780691503373
ec2_cpu_utilization_5f5533:2419:2435,0,rolling_64@0.95,17.203607621317392,9.475923193568267
ec2_cpu_utilization_5f5533:2427:2443,0,rolling_64@0.95,17.203607621317392,9.475923193568267
ec2_cpu_utilization_5f5533:2435:2451,0,rolling_64@0.95,17.62726531154986,9.475923193568267
ec2_cpu_utilization_5f5533:2443:2459,0,rolling_64@0.95,22.695037347114646,9.475923193568267
ec2_cpu_utilization_5f5533:2451:2467,0,rolling_64@0.95,22.695037347114646,9.475923193568267
ec2_cpu_utilization_5f5533:2459:2475,0,rolling_64@0.95,2.468128319811644,9.475923193568267
ec2_cpu_utilization_5f5533:2467:2483,0,rolling_64@0.95,1.9574042756378083,9.475923193568267
ec2_cpu_utilization_5f5533:2475:2491,0,rolling_64@0.95,2.4300441999416975,9.475923193568267
ec2_cpu_utilization_5f5533:2483:2499,0,rolling_64@0.95,3.3445329530594066,9.475923193568267
ec2_cpu_utilization_5f5533:2491:2507,0,rolling_64@0.95,3.3445329530594066,9.475923193568267
ec2_cpu_utilization_5f5533:2499:2515,0,rolling_64@0.95,2.326233140394169,9.475923193568267
ec2_cpu_utilization_5f5533:2507:2523,0,rolling_64@0.95,2.666731557987825,9.475923193568267
ec2_cpu_utilization_5f5533:2515:2531,0,rolling_64@0.95,2.666731557987825,9.475923193568267
ec2_cpu_utilization_5f5533:2523:2539,0,rolling_64@0.95,1.8282245888509046,9.475923193568267
ec2_cpu_utilization_5f5533:2531:2547,0,rolling_64@0.95,2.3812925042988975,9.475923193568267
ec2_cpu_utilization_5f5533:2539:2555,0,rolling_64@0.95,2.3812925042988975,9.475923193568267
ec2_cpu_utilization_5f5533:2547:2563,0,rolling_64@0.95,1.9364773366076664,9.475923193568267
ec2_cpu_utilization_5f5533:2555:2571,0,rolling_64@0.95,2.48781858195465,9.475923193568267
ec2_cpu_utilization_5f5533:2563:2579,0,rolling_64@0.95,2.48781858195465,9.475923193568267
ec2_cpu_utilization_5f5533:2571:2587,0,rolling_64@0.95,2.3292009367263313,9.475923193568267
ec2_cpu_utilization_5f5533:2579:2595,0,rolling_64@0.95,2.3292009367263313,9.475923193568267
ec2_cpu_utilization_5f5533:2587:2603,0,rolling_64@0.95,1.3461637805415647,9.475923193568267
ec2_cpu_utilization_5f5533:2595:2611,0,rolling_64@0.95,1.9995548221674437,9.475923193568267
ec2_cpu_utilization_5f5533:2603:2619,0,rolling_64@0.95,1.9995548221674437,9.475923193568267
ec2_cpu_utilization_5f5533:2611:2627,0,rolling_64@0.95,1.9220947070623977,9.475923193568267
ec2_cpu_utilization_5f5533:2619:2635,0,rolling_64@0.95,1.7847786083941548,9.475923193568267
ec2_cpu_utilization_5f5533:2627:2643,0,rolling_64@0.95,1.7847786083941548,9.475923193568267
ec2_cpu_utilization_5f5533:2635:2651,0,rolling_64@0.95,1.9029460431010234,9.475923193568267
ec2_cpu_utilization_5f5533:2643:2659,0,rolling_64@0.95,1.9029460431010234,9.475923193568267
ec2_cpu_utilization_5f5533:2651:2667,0,rolling_64@0.95,1.5681032279187377,9.475923193568267
ec2_cpu_utilization_5f5533:2659:2675,0,rolling_64@0.95,3.037320322303374,9.475923193568267
ec2_cpu_utilization_5f5533:2667:2683,0,rolling_64@0.95,3.037320322303374,9.475923193568267
ec2_cpu_utilization_5f5533:2675:2691,0,rolling_64@0.95,1.6413086850894452,9.475923193568267
ec2_cpu_utilization_5f5533:2683:2699,0,rolling_64@0.95,2.884504770959434,9.475923193568267
ec2_cpu_utilization_5f5533:2691:2707,0,rolling_64@0.95,2.884504770959434,9.475923193568267
ec2_cpu_utilization_5f5533:2699:2715,0,rolling_64@0.95,2.300751811835201,9.475923193568267
ec2_cpu_utilization_5f5533:2707:2723,0,rolling_64@0.95,3.204518316613845,9.475923193568267
ec2_cpu_utilization_5f5533:2715:2731,0,rolling_64@0.95,3.204518316613845,9.475923193568267
ec2_cpu_utilization_5f5533:2723:2739,0,rolling_64@0.95,2.997012512306393,9.475923193568267
ec2_cpu_utilization_5f5533:2731:2747,0,rolling_64@0.95,2.370869301506958,9.475923193568267
ec2_cpu_utilization_5f5533:2739:2755,0,rolling_64@0.95,2.370869301506958,9.475923193568267
ec2_cpu_utilization_5f5533:2747:2763,0,rolling_64@0.95,2.2029674143072944,9.475923193568267
ec2_cpu_utilization_5f5533:2755:2771,0,rolling_64@0.95,2.2029674143072944,9.475923193568267
ec2_cpu_utilization_5f5533:2763:2779,0,rolling_64@0.95,3.360791241669019,9.475923193568267
ec2_cpu_utilization_5f5533:2771:2787,0,rolling_64@0.95,3.360791241669019,9.475923193568267
ec2_cpu_utilization_5f5533:2779:2795,0,rolling_64@0.95,2.639639345464519,9.475923193568267
ec2_cpu_utilization_5f5533:2787:2803,0,rolling_64@0.95,3.1011465715594495,9.475923193568267
ec2_cpu_utilization_5f5533:2795:2811,0,rolling_64@0.95,3.1011465715594495,9.475923193568267
ec2_cpu_utilization_5f5533:2803:2819,0,rolling_64@0.95,2.148924068514066,9.475923193568267
ec2_cpu_utilization_5f5533:2811:2827,0,rolling_64@0.95,1.8482348590012574,9.475923193568267
ec2_cpu_utilization_5f5533:2819:2835,1,rolling_64@0.95,1.3569152205205468,9.475923193568267
ec2_cpu_utilization_5f5533:2827:2843,1,rolling_64@0.95,1.452657770687416,9.475923193568267
ec2_cpu_utilization_5f5533:2835:2851,1,rolling_64@0.95,2.1137208680182615,9.475923193568267
ec2_cpu_utilization_5f5533:2843:2859,1,rolling_64@0.95,2.1137208680182615,9.475923193568267
ec2_cpu_utilization_5f5533:2851:2867,1,rolling_64@0.95,2.9450785886769766,9.475923193568267
ec2_cpu_utilization_5f5533:2859:2875,1,rolling_64@0.95,2.9450785886769766,9.475923193568267
ec2_cpu_utilization_5f5533:2867:2883,1,rolling_64@0.95,3.164358530562211,9.475923193568267
ec2_cpu_utilization_5f5533:2875:2891,1,rolling_64@0.95,3.164358530562211,9.475923193568267
ec2_cpu_utilization_5f5533:2883:2899,1,rolling_64@0.95,3.008045426677277,9.475923193568267
ec2_cpu_utilization_5f5533:2891:2907,1,rolling_64@0.95,2.2728234824444837,9.475923193568267
ec2_cpu_utilization_5f5533:2899:2915,1,rolling_64@0.95,1.6328386983097498,9.475923193568267
ec2_cpu_utilization_5f5533:2907:2923,1,rolling_64@0.95,1.5087596925532252,9.475923193568267
ec2_cpu_utilization_5f5533:2915:2931,1,rolling_64@0.95,3.4537870028440167,9.475923193568267
ec2_cpu_utilization_5f5533:2923:2939,1,rolling_64@0.95,3.4537870028440167,9.475923193568267
ec2_cpu_utilization_5f5533:2931:2947,1,rolling_64@0.95,3.4277886038243794,9.475923193568267
ec2_cpu_utilization_5f5533:2939:2955,1,rolling_64@0.95,2.502428478369132,9.475923193568267
ec2_cpu_utilization_5f5533:2947:2963,1,rolling_64@0.95,2.502428478369132,9.475923193568267
ec2_cpu_utilization_5f5533:2955:2971,1,rolling_64@0.95,6.907293589631521,9.475923193568267
ec2_cpu_utilization_5f5533:2963:2979,1,rolling_64@0.95,6.907293589631521,9.475923193568267
ec2_cpu_utilization_5f5533:2971:2987,1,rolling_64@0.95,1.105285903633743,9.475923193568267
ec2_cpu_utilization_5f5533:2979:2995,1,rolling_64@0.95,0.8394116542346409,9.475923193568267
ec2_cpu_utilization_5f5533:2987:3003,1,rolling_64@0.95,1.0763729336511998,9.475923193568267
ec2_cpu_utilization_5f5533:2995:3011,1,rolling_64@0.95,1.151897575644755,9.475923193568267
ec2_cpu_utilization_5f5533:3003:3019,1,rolling_64@0.95,2.2133252569201196,9.475923193568267
ec2_cpu_utilization_5f5533:3011:3027,1,rolling_64@0.95,2.4632793905986192,9.475923193568267
ec2_cpu_utilization_5f5533:3019:3035,1,rolling_64@0.95,3.953391098724885,9.475923193568267
ec2_cpu_utilization_5f5533:3027:3043,1,rolling_64@0.95,4.82654976125274,9.475923193568267
ec2_cpu_utilization_5f5533:3035:3051,0,rolling_64@0.95,4.82654976125274,9.475923193568267
ec2_cpu_utilization_5f5533:3043:3059,0,rolling_64@0.95,4.766410316474642,9.475923193568267
ec2_cpu_utilization_5f5533:3051:3067,0,rolling_64@0.95,4.766410316474642,9.475923193568267
ec2_cpu_utilization_5f5533:3059:3075,0,rolling_64@0.95,2.760405150601553,9.475923193568267
ec2_cpu_utilization_5f5533:3067:3083,0,rolling_64@0.95,3.533197607565785,9.475923193568267
ec2_cpu_utilization_5f5533:3075:3091,0,rolling_64@0.95,3.533197607565785,9.475923193568267
ec2_cpu_utilization_5f5533:3083:3099,0,rolling_64@0.95,2.9583671571060277,9.475923193568267
ec2_cpu_utilization_5f5533:3091:3107,0,rolling_64@0.95,1.6520565288242108,9.475923193568267
ec2_cpu_utilization_5f5533:3099:3115,0,rolling_64@0.95,1.9014864369962712,9.475923193568267
ec2_cpu_utilization_5f5533:3107:3123,0,rolling_64@0.95,1.9014864369962712,9.475923193568267
ec2_cpu_utilization_5f5533:3115:3131,0,rolling_64@0.95,2.180689210405843,9.475923193568267
ec2_cpu_utilization_5f5533:3123:3139,0,rolling_64@0.95,3.096192214343303,9.475923193568267
ec2_cpu_utilization_5f5533:3131:3147,0,rolling_64@0.95,3.096192214343303,9.475923193568267
ec2_cpu_utilization_5f5533:3139:3155,0,rolling_64@0.95,3.277751233570428,9.475923193568267
ec2_cpu_utilization_5f5533:3147:3163,0,rolling_64@0.95,4.616085640249989,9.475923193568267
ec2_cpu_utilization_5f5533:3155:3171,0,rolling_64@0.95,4.616085640249989,9.475923193568267
ec2_cpu_utilization_5f5533:3163:3179,0,rolling_64@0.95,3.064467998818398,9.475923193568267
ec2_cpu_utilization_5f5533:3171:3187,0,rolling_64@0.95,3.340395311869147,9.475923193568267
ec2_cpu_utilization_5f5533:3179:3195,0,rolling_64@0.95,3.340395311869147,9.475923193568267
ec2_cpu_utilization_5f5533:3187:3203,0,rolling_64@0.95,4.602289595324811,9.475923193568267
ec2_cpu_utilization_5f5533:3195:3211,0,rolling_64@0.95,4.602289595324811,9.475923193568267
ec2_cpu_utilization_5f5533:3203:3219,0,rolling_64@0.95,3.245214038521045,9.475923193568267
ec2_cpu_utilization_5f5533:2419:2435,0,rolling_64@0.975,17.203607621317392,17.782780691503373
ec2_cpu_utilization_5f5533:2427:2443,0,rolling_64@0.975,17.203607621317392,17.782780691503373
ec2_cpu_utilization_5f5533:2435:2451,0,rolling_64@0.975,17.62726531154986,17.782780691503373
ec2_cpu_utilization_5f5533:2443:2459,0,rolling_64@0.975,22.695037347114646,17.782780691503373
ec2_cpu_utilization_5f5533:2451:2467,0,rolling_64@0.975,22.695037347114646,17.782780691503373
ec2_cpu_utilization_5f5533:2459:2475,0,rolling_64@0.975,2.468128319811644,17.782780691503373
ec2_cpu_utilization_5f5533:2467:2483,0,rolling_64@0.975,1.9574042756378083,17.782780691503373
ec2_cpu_utilization_5f5533:2475:2491,0,rolling_64@0.975,2.4300441999416975,17.782780691503373
ec2_cpu_utilization_5f5533:2483:2499,0,rolling_64@0.975,3.3445329530594066,17.782780691503373
ec2_cpu_utilization_5f5533:2491:2507,0,rolling_64@0.975,3.3445329530594066,17.782780691503373
ec2_cpu_utilization_5f5533:2499:2515,0,rolling_64@0.975,2.326233140394169,17.782780691503373
ec2_cpu_utilization_5f5533:2507:2523,0,rolling_64@0.975,2.666731557987825,17.782780691503373
ec2_cpu_utilization_5f5533:2515:2531,0,rolling_64@0.975,2.666731557987825,17.782780691503373
ec2_cpu_utilization_5f5533:2523:2539,0,rolling_64@0.975,1.8282245888509046,17.782780691503373
ec2_cpu_utilization_5f5533:2531:2547,0,rolling_64@0.975,2.3812925042988975,17.782780691503373
ec2_cpu_utilization_5f5533:2539:2555,0,rolling_64@0.975,2.3812925042988975,17.782780691503373
ec2_cpu_utilization_5f5533:2547:2563,0,rolling_64@0.975,1.9364773366076664,17.782780691503373
ec2_cpu_utilization_5f5533:2555:2571,0,rolling_64@0.975,2.48781858195465,17.782780691503373
ec2_cpu_utilization_5f5533:2563:2579,0,rolling_64@0.975,2.48781858195465,17.782780691503373
ec2_cpu_utilization_5f5533:2571:2587,0,rolling_64@0.975,2.3292009367263313,17.782780691503373
ec2_cpu_utilization_5f5533:2579:2595,0,rolling_64@0.975,2.3292009367263313,17.782780691503373
ec2_cpu_utilization_5f5533:2587:2603,0,rolling_64@0.975,1.3461637805415647,17.782780691503373
ec2_cpu_utilization_5f5533:2595:2611,0,rolling_64@0.975,1.9995548221674437,17.782780691503373
ec2_cpu_utilization_5f5533:2603:2619,0,rolling_64@0.975,1.9995548221674437,17.782780691503373
ec2_cpu_utilization_5f5533:2611:2627,0,rolling_64@0.975,1.9220947070623977,17.782780691503373
ec2_cpu_utilization_5f5533:2619:2635,0,rolling_64@0.975,1.7847786083941548,17.782780691503373
ec2_cpu_utilization_5f5533:2627:2643,0,rolling_64@0.975,1.7847786083941548,17.782780691503373
ec2_cpu_utilization_5f5533:2635:2651,0,rolling_64@0.975,1.9029460431010234,17.782780691503373
ec2_cpu_utilization_5f5533:2643:2659,0,rolling_64@0.975,1.9029460431010234,17.782780691503373
ec2_cpu_utilization_5f5533:2651:2667,0,rolling_64@0.975,1.5681032279187377,17.782780691503373
ec2_cpu_utilization_5f5533:2659:2675,0,rolling_64@0.975,3.037320322303374,17.782780691503373
ec2_cpu_utilization_5f5533:2667:2683,0,rolling_64@0.975,3.037320322303374,17.782780691503373
ec2_cpu_utilization_5f5533:2675:2691,0,rolling_64@0.975,1.6413086850894452,17.782780691503373
ec2_cpu_utilization_5f5533:2683:2699,0,rolling_64@0.975,2.884504770959434,17.782780691503373
ec2_cpu_utilization_5f5533:2691:2707,0,rolling_64@0.975,2.884504770959434,17.782780691503373
ec2_cpu_utilization_5f5533:2699:2715,0,rolling_64@0.975,2.300751811835201,17.782780691503373
ec2_cpu_utilization_5f5533:2707:2723,0,rolling_64@0.975,3.204518316613845,17.782780691503373
ec2_cpu_utilization_5f5533:2715:2731,0,rolling_64@0.975,3.204518316613845,17.782780691503373
ec2_cpu_utilization_5f5533:2723:2739,0,rolling_64@0.975,2.997012512306393,17.782780691503373
ec2_cpu_utilization_5f5533:2731:2747,0,rolling_64@0.975,2.370869301506958,17.782780691503373
ec2_cpu_utilization_5f5533:2739:2755,0,rolling_64@0.975,2.370869301506958,17.782780691503373
ec2_cpu_utilization_5f5533:2747:2763,0,rolling_64@0.975,2.2029674143072944,17.782780691503373
ec2_cpu_utilization_5f5533:2755:2771,0,rolling_64@0.975,2.2029674143072944,17.782780691503373
ec2_cpu_utilization_5f5533:2763:2779,0,rolling_64@0.975,3.360791241669019,17.782780691503373
ec2_cpu_utilization_5f5533:2771:2787,0,rolling_64@0.975,3.360791241669019,17.782780691503373
ec2_cpu_utilization_5f5533:2779:2795,0,rolling_64@0.975,2.639639345464519,17.782780691503373
ec2_cpu_utilization_5f5533:2787:2803,0,rolling_64@0.975,3.1011465715594495,17.782780691503373
ec2_cpu_utilization_5f5533:2795:2811,0,rolling_64@0.975,3.1011465715594495,17.782780691503373
ec2_cpu_utilization_5f5533:2803:2819,0,rolling_64@0.975,2.148924068514066,17.782780691503373
ec2_cpu_utilization_5f5533:2811:2827,0,rolling_64@0.975,1.8482348590012574,17.782780691503373
ec2_cpu_utilization_5f5533:2819:2835,1,rolling_64@0.975,1.3569152205205468,17.782780691503373
ec2_cpu_utilization_5f5533:2827:2843,1,rolling_64@0.975,1.452657770687416,17.782780691503373
ec2_cpu_utilization_5f5533:2835:2851,1,rolling_64@0.975,2.1137208680182615,17.782780691503373
ec2_cpu_utilization_5f5533:2843:2859,1,rolling_64@0.975,2.1137208680182615,17.782780691503373
ec2_cpu_utilization_5f5533:2851:2867,1,rolling_64@0.975,2.9450785886769766,17.782780691503373
ec2_cpu_utilization_5f5533:2859:2875,1,rolling_64@0.975,2.9450785886769766,17.782780691503373
ec2_cpu_utilization_5f5533:2867:2883,1,rolling_64@0.975,3.164358530562211,17.782780691503373
ec2_cpu_utilization_5f5533:2875:2891,1,rolling_64@0.975,3.164358530562211,17.782780691503373
ec2_cpu_utilization_5f5533:2883:2899,1,rolling_64@0.975,3.008045426677277,17.782780691503373
ec2_cpu_utilization_5f5533:2891:2907,1,rolling_64@0.975,2.2728234824444837,17.782780691503373
ec2_cpu_utilization_5f5533:2899:2915,1,rolling_64@0.975,1.6328386983097498,17.782780691503373
ec2_cpu_utilization_5f5533:2907:2923,1,rolling_64@0.975,1.5087596925532252,17.782780691503373
ec2_cpu_utilization_5f5533:2915:2931,1,rolling_64@0.975,3.4537870028440167,17.782780691503373
ec2_cpu_utilization_5f5533:2923:2939,1,rolling_64@0.975,3.4537870028440167,17.782780691503373
ec2_cpu_utilization_5f5533:2931:2947,1,rolling_64@0.975,3.4277886038243794,17.782780691503373
ec2_cpu_utilization_5f5533:2939:2955,1,rolling_64@0.975,2.502428478369132,17.782780691503373
ec2_cpu_utilization_5f5533:2947:2963,1,rolling_64@0.975,2.502428478369132,17.782780691503373
ec2_cpu_utilization_5f5533:2955:2971,1,rolling_64@0.975,6.907293589631521,17.782780691503373
ec2_cpu_utilization_5f5533:2963:2979,1,rolling_64@0.975,6.907293589631521,17.782780691503373
ec2_cpu_utilization_5f5533:2971:2987,1,rolling_64@0.975,1.105285903633743,17.782780691503373
ec2_cpu_utilization_5f5533:2979:2995,1,rolling_64@0.975,0.8394116542346409,17.782780691503373
ec2_cpu_utilization_5f5533:2987:3003,1,rolling_64@0.975,1.0763729336511998,17.782780691503373
ec2_cpu_utilization_5f5533:2995:3011,1,rolling_64@0.975,1.151897575644755,17.782780691503373
ec2_cpu_utilization_5f5533:3003:3019,1,rolling_64@0.975,2.2133252569201196,17.782780691503373
ec2_cpu_utilization_5f5533:3011:3027,1,rolling_64@0.975,2.4632793905986192,17.782780691503373
ec2_cpu_utilization_5f5533:3019:3035,1,rolling_64@0.975,3.953391098724885,17.782780691503373
ec2_cpu_utilization_5f5533:3027:3043,1,rolling_64@0.975,4.82654976125274,17.782780691503373
ec2_cpu_utilization_5f5533:3035:3051,0,rolling_64@0.975,4.82654976125274,17.782780691503373
ec2_cpu_utilization_5f5533:3043:3059,0,rolling_64@0.975,4.766410316474642,17.782780691503373
ec2_cpu_utilization_5f5533:3051:3067,0,rolling_64@0.975,4.766410316474642,17.782780691503373
ec2_cpu_utilization_5f5533:3059:3075,0,rolling_64@0.975,2.760405150601553,17.782780691503373
ec2_cpu_utilization_5f5533:3067:3083,0,rolling_64@0.975,3.533197607565785,17.782780691503373
ec2_cpu_utilization_5f5533:3075:3091,0,rolling_64@0.975,3.533197607565785,17.782780691503373
ec2_cpu_utilization_5f5533:3083:3099,0,rolling_64@0.975,2.9583671571060277,17.782780691503373
ec2_cpu_utilization_5f5533:3091:3107,0,rolling_64@0.975,1.6520565288242108,17.782780691503373
ec2_cpu_utilization_5f5533:3099:3115,0,rolling_64@0.975,1.9014864369962712,17.782780691503373
ec2_cpu_utilization_5f5533:3107:3123,0,rolling_64@0.975,1.9014864369962712,17.782780691503373
ec2_cpu_utilization_5f5533:3115:3131,0,rolling_64@0.975,2.180689210405843,17.782780691503373
ec2_cpu_utilization_5f5533:3123:3139,0,rolling_64@0.975,3.096192214343303,17.782780691503373
ec2_cpu_utilization_5f5533:3131:3147,0,rolling_64@0.975,3.096192214343303,17.782780691503373
ec2_cpu_utilization_5f5533:3139:3155,0,rolling_64@0.975,3.277751233570428,17.782780691503373
ec2_cpu_utilization_5f5533:3147:3163,0,rolling_64@0.975,4.616085640249989,17.782780691503373
ec2_cpu_utilization_5f5533:3155:3171,0,rolling_64@0.975,4.616085640249989,17.782780691503373
ec2_cpu_utilization_5f5533:3163:3179,0,rolling_64@0.975,3.064467998818398,17.782780691503373
ec2_cpu_utilization_5f5533:3171:3187,0,rolling_64@0.975,3.340395311869147,17.782780691503373
ec2_cpu_utilization_5f5533:3179:3195,0,rolling_64@0.975,3.340395311869147,17.782780691503373
ec2_cpu_utilization_5f5533:3187:3203,0,rolling_64@0.975,4.602289595324811,17.782780691503373
ec2_cpu_utilization_5f5533:3195:3211,0,rolling_64@0.975,4.602289595324811,17.782780691503373
ec2_cpu_utilization_5f5533:3203:3219,0,rolling_64@0.975,3.245214038521045,17.782780691503373
ec2_cpu_utilization_5f5533:2419:2435,0,rolling_64@0.99,17.203607621317392,18.28688618911116
ec2_cpu_utilization_5f5533:2427:2443,0,rolling_64@0.99,17.203607621317392,18.28688618911116
ec2_cpu_utilization_5f5533:2435:2451,0,rolling_64@0.99,17.62726531154986,18.28688618911116
ec2_cpu_utilization_5f5533:2443:2459,0,rolling_64@0.99,22.695037347114646,18.28688618911116
ec2_cpu_utilization_5f5533:2451:2467,0,rolling_64@0.99,22.695037347114646,18.28688618911116
ec2_cpu_utilization_5f5533:2459:2475,0,rolling_64@0.99,2.468128319811644,18.28688618911116
ec2_cpu_utilization_5f5533:2467:2483,0,rolling_64@0.99,1.9574042756378083,18.28688618911116
ec2_cpu_utilization_5f5533:2475:2491,0,rolling_64@0.99,2.4300441999416975,18.28688618911116
ec2_cpu_utilization_5f5533:2483:2499,0,rolling_64@0.99,3.3445329530594066,18.28688618911116
ec2_cpu_utilization_5f5533:2491:2507,0,rolling_64@0.99,3.3445329530594066,18.28688618911116
ec2_cpu_utilization_5f5533:2499:2515,0,rolling_64@0.99,2.326233140394169,18.28688618911116
ec2_cpu_utilization_5f5533:2507:2523,0,rolling_64@0.99,2.666731557987825,18.28688618911116
ec2_cpu_utilization_5f5533:2515:2531,0,rolling_64@0.99,2.666731557987825,18.28688618911116
ec2_cpu_utilization_5f5533:2523:2539,0,rolling_64@0.99,1.8282245888509046,18.28688618911116
ec2_cpu_utilization_5f5533:2531:2547,0,rolling_64@0.99,2.3812925042988975,18.28688618911116
ec2_cpu_utilization_5f5533:2539:2555,0,rolling_64@0.99,2.3812925042988975,18.28688618911116
ec2_cpu_utilization_5f5533:2547:2563,0,rolling_64@0.99,1.9364773366076664,18.28688618911116
ec2_cpu_utilization_5f5533:2555:2571,0,rolling_64@0.99,2.48781858195465,18.28688618911116
ec2_cpu_utilization_5f5533:2563:2579,0,rolling_64@0.99,2.48781858195465,18.28688618911116
ec2_cpu_utilization_5f5533:2571:2587,0,rolling_64@0.99,2.3292009367263313,18.28688618911116
ec2_cpu_utilization_5f5533:2579:2595,0,rolling_64@0.99,2.3292009367263313,18.28688618911116
ec2_cpu_utilization_5f5533:2587:2603,0,rolling_64@0.99,1.3461637805415647,18.28688618911116
ec2_cpu_utilization_5f5533:2595:2611,0,rolling_64@0.99,1.9995548221674437,18.28688618911116
ec2_cpu_utilization_5f5533:2603:2619,0,rolling_64@0.99,1.9995548221674437,18.28688618911116
ec2_cpu_utilization_5f5533:2611:2627,0,rolling_64@0.99,1.9220947070623977,18.28688618911116
ec2_cpu_utilization_5f5533:2619:2635,0,rolling_64@0.99,1.7847786083941548,18.28688618911116
ec2_cpu_utilization_5f5533:2627:2643,0,rolling_64@0.99,1.7847786083941548,18.28688618911116
ec2_cpu_utilization_5f5533:2635:2651,0,rolling_64@0.99,1.9029460431010234,18.28688618911116
ec2_cpu_utilization_5f5533:2643:2659,0,rolling_64@0.99,1.9029460431010234,18.28688618911116
ec2_cpu_utilization_5f5533:2651:2667,0,rolling_64@0.99,1.5681032279187377,18.28688618911116
ec2_cpu_utilization_5f5533:2659:2675,0,rolling_64@0.99,3.037320322303374,18.28688618911116
ec2_cpu_utilization_5f5533:2667:2683,0,rolling_64@0.99,3.037320322303374,18.28688618911116
ec2_cpu_utilization_5f5533:2675:2691,0,rolling_64@0.99,1.6413086850894452,18.28688618911116
ec2_cpu_utilization_5f5533:2683:2699,0,rolling_64@0.99,2.884504770959434,18.28688618911116
ec2_cpu_utilization_5f5533:2691:2707,0,rolling_64@0.99,2.884504770959434,18.28688618911116
ec2_cpu_utilization_5f5533:2699:2715,0,rolling_64@0.99,2.300751811835201,18.28688618911116
ec2_cpu_utilization_5f5533:2707:2723,0,rolling_64@0.99,3.204518316613845,18.28688618911116
ec2_cpu_utilization_5f5533:2715:2731,0,rolling_64@0.99,3.204518316613845,18.28688618911116
ec2_cpu_utilization_5f5533:2723:2739,0,rolling_64@0.99,2.997012512306393,18.28688618911116
ec2_cpu_utilization_5f5533:2731:2747,0,rolling_64@0.99,2.370869301506958,18.28688618911116
ec2_cpu_utilization_5f5533:2739:2755,0,rolling_64@0.99,2.370869301506958,18.28688618911116
ec2_cpu_utilization_5f5533:2747:2763,0,rolling_64@0.99,2.2029674143072944,18.28688618911116
ec2_cpu_utilization_5f5533:2755:2771,0,rolling_64@0.99,2.2029674143072944,18.28688618911116
ec2_cpu_utilization_5f5533:2763:2779,0,rolling_64@0.99,3.360791241669019,18.28688618911116
ec2_cpu_utilization_5f5533:2771:2787,0,rolling_64@0.99,3.360791241669019,18.28688618911116
ec2_cpu_utilization_5f5533:2779:2795,0,rolling_64@0.99,2.639639345464519,18.28688618911116
ec2_cpu_utilization_5f5533:2787:2803,0,rolling_64@0.99,3.1011465715594495,18.28688618911116
ec2_cpu_utilization_5f5533:2795:2811,0,rolling_64@0.99,3.1011465715594495,18.28688618911116
ec2_cpu_utilization_5f5533:2803:2819,0,rolling_64@0.99,2.148924068514066,18.28688618911116
ec2_cpu_utilization_5f5533:2811:2827,0,rolling_64@0.99,1.8482348590012574,18.28688618911116
ec2_cpu_utilization_5f5533:2819:2835,1,rolling_64@0.99,1.3569152205205468,18.28688618911116
ec2_cpu_utilization_5f5533:2827:2843,1,rolling_64@0.99,1.452657770687416,18.28688618911116
ec2_cpu_utilization_5f5533:2835:2851,1,rolling_64@0.99,2.1137208680182615,18.28688618911116
ec2_cpu_utilization_5f5533:2843:2859,1,rolling_64@0.99,2.1137208680182615,18.28688618911116
ec2_cpu_utilization_5f5533:2851:2867,1,rolling_64@0.99,2.9450785886769766,18.28688618911116
ec2_cpu_utilization_5f5533:2859:2875,1,rolling_64@0.99,2.9450785886769766,18.28688618911116
ec2_cpu_utilization_5f5533:2867:2883,1,rolling_64@0.99,3.164358530562211,18.28688618911116
ec2_cpu_utilization_5f5533:2875:2891,1,rolling_64@0.99,3.164358530562211,18.28688618911116
ec2_cpu_utilization_5f5533:2883:2899,1,rolling_64@0.99,3.008045426677277,18.28688618911116
ec2_cpu_utilization_5f5533:2891:2907,1,rolling_64@0.99,2.2728234824444837,18.28688618911116
ec2_cpu_utilization_5f5533:2899:2915,1,rolling_64@0.99,1.6328386983097498,18.28688618911116
ec2_cpu_utilization_5f5533:2907:2923,1,rolling_64@0.99,1.5087596925532252,18.28688618911116
ec2_cpu_utilization_5f5533:2915:2931,1,rolling_64@0.99,3.4537870028440167,18.28688618911116
ec2_cpu_utilization_5f5533:2923:2939,1,rolling_64@0.99,3.4537870028440167,18.28688618911116
ec2_cpu_utilization_5f5533:2931:2947,1,rolling_64@0.99,3.4277886038243794,18.28688618911116
ec2_cpu_utilization_5f5533:2939:2955,1,rolling_64@0.99,2.502428478369132,18.28688618911116
ec2_cpu_utilization_5f5533:2947:2963,1,rolling_64@0.99,2.502428478369132,18.28688618911116
ec2_cpu_utilization_5f5533:2955:2971,1,rolling_64@0.99,6.907293589631521,18.28688618911116
ec2_cpu_utilization_5f5533:2963:2979,1,rolling_64@0.99,6.907293589631521,18.28688618911116
ec2_cpu_utilization_5f5533:2971:2987,1,rolling_64@0.99,1.105285903633743,18.28688618911116
ec2_cpu_utilization_5f5533:2979:2995,1,rolling_64@0.99,0.8394116542346409,18.28688618911116
ec2_cpu_utilization_5f5533:2987:3003,1,rolling_64@0.99,1.0763729336511998,18.28688618911116
ec2_cpu_utilization_5f5533:2995:3011,1,rolling_64@0.99,1.151897575644755,18.28688618911116
ec2_cpu_utilization_5f5533:3003:3019,1,rolling_64@0.99,2.2133252569201196,18.28688618911116
ec2_cpu_utilization_5f5533:3011:3027,1,rolling_64@0.99,2.4632793905986192,18.28688618911116
ec2_cpu_utilization_5f5533:3019:3035,1,rolling_64@0.99,3.953391098724885,18.28688618911116
ec2_cpu_utilization_5f5533:3027:3043,1,rolling_64@0.99,4.82654976125274,18.28688618911116
ec2_cpu_utilization_5f5533:3035:3051,0,rolling_64@0.99,4.82654976125274,18.28688618911116
ec2_cpu_utilization_5f5533:3043:3059,0,rolling_64@0.99,4.766410316474642,18.28688618911116
ec2_cpu_utilization_5f5533:3051:3067,0,rolling_64@0.99,4.766410316474642,18.28688618911116
ec2_cpu_utilization_5f5533:3059:3075,0,rolling_64@0.99,2.760405150601553,18.28688618911116
ec2_cpu_utilization_5f5533:3067:3083,0,rolling_64@0.99,3.533197607565785,18.28688618911116
ec2_cpu_utilization_5f5533:3075:3091,0,rolling_64@0.99,3.533197607565785,18.28688618911116
ec2_cpu_utilization_5f5533:3083:3099,0,rolling_64@0.99,2.9583671571060277,18.28688618911116
ec2_cpu_utilization_5f5533:3091:3107,0,rolling_64@0.99,1.6520565288242108,18.28688618911116
ec2_cpu_utilization_5f5533:3099:3115,0,rolling_64@0.99,1.9014864369962712,18.28688618911116
ec2_cpu_utilization_5f5533:3107:3123,0,rolling_64@0.99,1.9014864369962712,18.28688618911116
ec2_cpu_utilization_5f5533:3115:3131,0,rolling_64@0.99,2.180689210405843,18.28688618911116
ec2_cpu_utilization_5f5533:3123:3139,0,rolling_64@0.99,3.096192214343303,18.28688618911116
ec2_cpu_utilization_5f5533:3131:3147,0,rolling_64@0.99,3.096192214343303,18.28688618911116
ec2_cpu_utilization_5f5533:3139:3155,0,rolling_64@0.99,3.277751233570428,18.28688618911116
ec2_cpu_utilization_5f5533:3147:3163,0,rolling_64@0.99,4.616085640249989,18.28688618911116
ec2_cpu_utilization_5f5533:3155:3171,0,rolling_64@0.99,4.616085640249989,18.28688618911116
ec2_cpu_utilization_5f5533:3163:3179,0,rolling_64@0.99,3.064467998818398,18.28688618911116
ec2_cpu_utilization_5f5533:3171:3187,0,rolling_64@0.99,3.340395311869147,18.28688618911116
ec2_cpu_utilization_5f5533:3179:3195,0,rolling_64@0.99,3.340395311869147,18.28688618911116
ec2_cpu_utilization_5f5533:3187:3203,0,rolling_64@0.99,4.602289595324811,18.28688618911116
ec2_cpu_utilization_5f5533:3195:3211,0,rolling_64@0.99,4.602289595324811,18.28688618911116
ec2_cpu_utilization_5f5533:3203:3219,0,rolling_64@0.99,3.245214038521045,18.28688618911116
ec2_cpu_utilization_5f5533:2419:2435,0,rolling_128@0.95,17.203607621317392,17.782780691503373
ec2_cpu_utilization_5f5533:2427:2443,0,rolling_128@0.95,17.203607621317392,17.782780691503373
ec2_cpu_utilization_5f5533:2435:2451,0,rolling_128@0.95,17.62726531154986,17.782780691503373
ec2_cpu_utilization_5f5533:2443:2459,0,rolling_128@0.95,22.695037347114646,17.782780691503373
ec2_cpu_utilization_5f5533:2451:2467,0,rolling_128@0.95,22.695037347114646,17.782780691503373
ec2_cpu_utilization_5f5533:2459:2475,0,rolling_128@0.95,19.43986232326926,17.782780691503373
ec2_cpu_utilization_5f5533:2467:2483,0,rolling_128@0.95,19.43986232326926,17.782780691503373
ec2_cpu_utilization_5f5533:2475:2491,0,rolling_128@0.95,15.015621603790713,17.782780691503373
ec2_cpu_utilization_5f5533:2483:2499,0,rolling_128@0.95,10.703987357471085,17.782780691503373
ec2_cpu_utilization_5f5533:2491:2507,0,rolling_128@0.95,5.490587768751145,17.782780691503373
ec2_cpu_utilization_5f5533:2499:2515,0,rolling_128@0.95,2.540940867451055,17.782780691503373
ec2_cpu_utilization_5f5533:2507:2523,0,rolling_128@0.95,2.540940867451055,17.782780691503373
ec2_cpu_utilization_5f5533:2515:2531,0,rolling_128@0.95,2.083085436435163,17.782780691503373
ec2_cpu_utilization_5f5533:2523:2539,0,rolling_128@0.95,1.5460757996686751,17.782780691503373
ec2_cpu_utilization_5f5533:2531:2547,0,rolling_128@0.95,2.342586319226089,17.782780691503373
ec2_cpu_utilization_5f5533:2539:2555,0,rolling_128@0.95,2.342586319226089,17.782780691503373
ec2_cpu_utilization_5f5533:2547:2563,0,rolling_128@0.95,2.30670514681746,17.782780691503373
ec2_cpu_utilization_5f5533:2555:2571,0,rolling_128@0.95,2.692377082783239,17.782780691503373
ec2_cpu_utilization_5f5533:2563:2579,0,rolling_128@0.95,2.692377082783239,17.782780691503373
ec2_cpu_utilization_5f5533:2571:2587,0,rolling_128@0.95,2.938615771015341,17.782780691503373
ec2_cpu_utilization_5f5533:2579:2595,0,rolling_128@0.95,2.938615771015341,17.782780691503373
ec2_cpu_utilization_5f5533:2587:2603,0,rolling_128@0.95,1.6367809454798612,17.782780691503373
ec2_cpu_utilization_5f5533:2595:2611,0,rolling_128@0.95,2.0972181867430586,17.782780691503373
ec2_cpu_utilization_5f5533:2603:2619,0,rolling_128@0.95,2.0972181867430586,17.782780691503373
ec2_cpu_utilization_5f5533:2611:2627,0,rolling_128@0.95,1.8000933178032157,17.782780691503373
ec2_cpu_utilization_5f5533:2619:2635,0,rolling_128@0.95,1.8557464658381508,17.782780691503373
ec2_cpu_utilization_5f5533:2627:2643,0,rolling_128@0.95,1.8557464658381508,17.782780691503373
ec2_cpu_utilization_5f5533:2635:2651,0,rolling_128@0.95,1.8101313784780872,17.782780691503373
ec2_cpu_utilization_5f5533:2643:2659,0,rolling_128@0.95,1.8101313784780872,17.782780691503373
ec2_cpu_utilization_5f5533:2651:2667,0,rolling_128@0.95,1.4039045052450125,17.782780691503373
ec2_cpu_utilization_5f5533:2659:2675,0,rolling_128@0.95,2.4072488620283927,17.782780691503373
ec2_cpu_utilization_5f5533:2667:2683,0,rolling_128@0.95,2.4072488620283927,17.782780691503373
ec2_cpu_utilization_5f5533:2675:2691,0,rolling_128@0.95,1.3237875963018055,17.782780691503373
ec2_cpu_utilization_5f5533:2683:2699,0,rolling_128@0.95,2.3871344405797417,17.782780691503373
ec2_cpu_utilization_5f5533:2691:2707,0,rolling_128@0.95,2.3871344405797417,17.782780691503373
ec2_cpu_utilization_5f5533:2699:2715,0,rolling_128@0.95,1.87961828657855,17.782780691503373
ec2_cpu_utilization_5f5533:2707:2723,0,rolling_128@0.95,2.4421369646777285,17.782780691503373
ec2_cpu_utilization_5f5533:2715:2731,0,rolling_128@0.95,2.478504717382088,17.782780691503373
ec2_cpu_utilization_5f5533:2723:2739,0,rolling_128@0.95,2.478504717382088,17.782780691503373
ec2_cpu_utilization_5f5533:2731:2747,0,rolling_128@0.95,2.060786779716393,17.782780691503373
ec2_cpu_utilization_5f5533:2739:2755,0,rolling_128@0.95,2.060786779716393,17.782780691503373
ec2_cpu_utilization_5f5533:2747:2763,0,rolling_128@0.95,1.9719039070463626,17.782780691503373
ec2_cpu_utilization_5f5533:2755:2771,0,rolling_128@0.95,1.9719039070463626,17.782780691503373
ec2_cpu_utilization_5f5533:2763:2779,0,rolling_128@0.95,3.1849938308293244,17.782780691503373
ec2_cpu_utilization_5f5533:2771:2787,0,rolling_128@0.95,3.1849938308293244,17.782780691503373
ec2_cpu_utilization_5f5533:2779:2795,0,rolling_128@0.95,2.7386785817929242,17.782780691503373
ec2_cpu_utilization_5f5533:2787:2803,0,rolling_128@0.95,3.411303874857381,17.782780691503373
ec2_cpu_utilization_5f5533:2795:2811,0,rolling_128@0.95,3.411303874857381,17.782780691503373
ec2_cpu_utilization_5f5533:2803:2819,0,rolling_128@0.95,2.3648478980639713,17.782780691503373
ec2_cpu_utilization_5f5533:2811:2827,0,rolling_128@0.95,1.875825067576901,17.782780691503373
ec2_cpu_utilization_5f5533:2819:2835,1,rolling_128@0.95,1.4955217395088778,17.782780691503373
ec2_cpu_utilization_5f5533:2827:2843,1,rolling_128@0.95,1.5901859470364776,17.782780691503373
ec2_cpu_utilization_5f5533:2835:2851,1,rolling_128@0.95,2.160722108531799,17.782780691503373
ec2_cpu_utilization_5f5533:2843:2859,1,rolling_128@0.95,2.160722108531799,17.782780691503373
ec2_cpu_utilization_5f5533:2851:2867,1,rolling_128@0.95,2.3873252669944764,17.782780691503373
ec2_cpu_utilization_5f5533:2859:2875,1,rolling_128@0.95,2.3873252669944764,17.782780691503373
ec2_cpu_utilization_5f5533:2867:2883,1,rolling_128@0.95,2.828173951290899,17.782780691503373
ec2_cpu_utilization_5f5533:2875:2891,1,rolling_128@0.95,2.894325434294682,17.782780691503373
ec2_cpu_utilization_5f5533:2883:2899,1,rolling_128@0.95,2.894325434294682,17.782780691503373
ec2_cpu_utilization_5f5533:2891:2907,1,rolling_128@0.95,2.278933930928954,17.782780691503373
ec2_cpu_utilization_5f5533:2899:2915,1,rolling_128@0.95,1.6264169721269557,17.782780691503373
ec2_cpu_utilization_5f5533:2907:2923,1,rolling_128@0.95,1.6654494877992023,17.782780691503373
ec2_cpu_utilization_5f5533:2915:2931,1,rolling_128@0.95,3.6040552463706272,17.782780691503373
ec2_cpu_utilization_5f5533:2923:2939,1,rolling_128@0.95,3.6040552463706272,17.782780691503373
ec2_cpu_utilization_5f5533:2931:2947,1,rolling_128@0.95,3.571962839054323,17.782780691503373
ec2_cpu_utilization_5f5533:2939:2955,1,rolling_128@0.95,3.064732750215106,17.782780691503373
ec2_cpu_utilization_5f5533:2947:2963,1,rolling_128@0.95,2.8020297954432105,17.782780691503373
ec2_cpu_utilization_5f5533:2955:2971,1,rolling_128@0.95,7.819532358625481,17.782780691503373
ec2_cpu_utilization_5f5533:2963:2979,1,rolling_128@0.95,7.819532358625481,17.782780691503373
ec2_cpu_utilization_5f5533:2971:2987,1,rolling_128@0.95,1.6559932924091674,17.782780691503373
ec2_cpu_utilization_5f5533:2979:2995,1,rolling_128@0.95,1.5285429283597993,17.782780691503373
ec2_cpu_utilization_5f5533:2987:3003,1,rolling_128@0.95,1.2058832816648188,17.782780691503373
ec2_cpu_utilization_5f5533:2995:3011,1,rolling_128@0.95,1.0752255454718536,17.782780691503373
ec2_cpu_utilization_5f5533:3003:3019,1,rolling_128@0.95,0.7156086683880203,17.782780691503373
ec2_cpu_utilization_5f5533:3011:3027,1,rolling_128@0.95,1.0351932975087623,17.782780691503373
ec2_cpu_utilization_5f5533:3019:3035,1,rolling_128@0.95,1.0351932975087623,17.782780691503373
ec2_cpu_utilization_5f5533:3027:3043,1,rolling_128@0.95,1.3443019564602297,17.782780691503373
ec2_cpu_utilization_5f5533:3035:3051,0,rolling_128@0.95,1.3443019564602297,17.782780691503373
ec2_cpu_utilization_5f5533:3043:3059,0,rolling_128@0.95,1.74556221802477,17.782780691503373
ec2_cpu_utilization_5f5533:3051:3067,0,rolling_128@0.95,1.74556221802477,17.782780691503373
ec2_cpu_utilization_5f5533:3059:3075,0,rolling_128@0.95,0.9821962094300124,17.782780691503373
ec2_cpu_utilization_5f5533:3067:3083,0,rolling_128@0.95,2.07434403475224,17.782780691503373
ec2_cpu_utilization_5f5533:3075:3091,0,rolling_128@0.95,2.8031311338492486,17.782780691503373
ec2_cpu_utilization_5f5533:3083:3099,0,rolling_128@0.95,2.8031311338492486,17.782780691503373
ec2_cpu_utilization_5f5533:3091:3107,0,rolling_128@0.95,2.4785972571653376,17.782780691503373
ec2_cpu_utilization_5f5533:3099:3115,0,rolling_128@0.95,2.7184039238537783,17.782780691503373
ec2_cpu_utilization_5f5533:3107:3123,0,rolling_128@0.95,2.7184039238537783,17.782780691503373
ec2_cpu_utilization_5f5533:3115:3131,0,rolling_128@0.95,3.489414421775168,17.782780691503373
ec2_cpu_utilization_5f5533:3123:3139,0,rolling_128@0.95,3.489414421775168,17.782780691503373
ec2_cpu_utilization_5f5533:3131:3147,0,rolling_128@0.95,3.378980974504842,17.782780691503373
ec2_cpu_utilization_5f5533:3139:3155,0,rolling_128@0.95,3.176536607839906,17.782780691503373
ec2_cpu_utilization_5f5533:3147:3163,0,rolling_128@0.95,4.269126157326083,17.782780691503373
ec2_cpu_utilization_5f5533:3155:3171,0,rolling_128@0.95,4.269126157326083,17.782780691503373
ec2_cpu_utilization_5f5533:3163:3179,0,rolling_128@0.95,2.9442304243517667,17.782780691503373
ec2_cpu_utilization_5f5533:3171:3187,0,rolling_128@0.95,3.108863701729324,17.782780691503373
ec2_cpu_utilization_5f5533:3179:3195,0,rolling_128@0.95,3.108863701729324,17.782780691503373
ec2_cpu_utilization_5f5533:3187:3203,0,rolling_128@0.95,4.08106405201767,17.782780691503373
ec2_cpu_utilization_5f5533:3195:3211,0,rolling_128@0.95,4.08106405201767,17.782780691503373
ec2_cpu_utilization_5f5533:3203:3219,0,rolling_128@0.95,3.026518903203343,17.782780691503373
ec2_cpu_utilization_5f5533:2419:2435,0,rolling_128@0.975,17.203607621317392,18.28688618911116
ec2_cpu_utilization_5f5533:2427:2443,0,rolling_128@0.975,17.203607621317392,18.28688618911116
ec2_cpu_utilization_5f5533:2435:2451,0,rolling_128@0.975,17.62726531154986,18.28688618911116
ec2_cpu_utilization_5f5533:2443:2459,0,rolling_128@0.975,22.695037347114646,18.28688618911116
ec2_cpu_utilization_5f5533:2451:2467,0,rolling_128@0.975,22.695037347114646,18.28688618911116
ec2_cpu_utilization_5f5533:2459:2475,0,rolling_128@0.975,19.43986232326926,18.28688618911116
ec2_cpu_utilization_5f5533:2467:2483,0,rolling_128@0.975,19.43986232326926,18.28688618911116
ec2_cpu_utilization_5f5533:2475:2491,0,rolling_128@0.975,15.015621603790713,18.28688618911116
ec2_cpu_utilization_5f5533:2483:2499,0,rolling_128@0.975,10.703987357471085,18.28688618911116
ec2_cpu_utilization_5f5533:2491:2507,0,rolling_128@0.975,5.490587768751145,18.28688618911116
ec2_cpu_utilization_5f5533:2499:2515,0,rolling_128@0.975,2.540940867451055,18.28688618911116
ec2_cpu_utilization_5f5533:2507:2523,0,rolling_128@0.975,2.540940867451055,18.28688618911116
ec2_cpu_utilization_5f5533:2515:2531,0,rolling_128@0.975,2.083085436435163,18.28688618911116
ec2_cpu_utilization_5f5533:2523:2539,0,rolling_128@0.975,1.5460757996686751,18.28688618911116
ec2_cpu_utilization_5f5533:2531:2547,0,rolling_128@0.975,2.342586319226089,18.28688618911116
ec2_cpu_utilization_5f5533:2539:2555,0,rolling_128@0.975,2.342586319226089,18.28688618911116
ec2_cpu_utilization_5f5533:2547:2563,0,rolling_128@0.975,2.30670514681746,18.28688618911116
ec2_cpu_utilization_5f5533:2555:2571,0,rolling_128@0.975,2.692377082783239,18.28688618911116
ec2_cpu_utilization_5f5533:2563:2579,0,rolling_128@0.975,2.692377082783239,18.28688618911116
ec2_cpu_utilization_5f5533:2571:2587,0,rolling_128@0.975,2.938615771015341,18.28688618911116
ec2_cpu_utilization_5f5533:2579:2595,0,rolling_128@0.975,2.938615771015341,18.28688618911116
ec2_cpu_utilization_5f5533:2587:2603,0,rolling_128@0.975,1.6367809454798612,18.28688618911116
ec2_cpu_utilization_5f5533:2595:2611,0,rolling_128@0.975,2.0972181867430586,18.28688618911116
ec2_cpu_utilization_5f5533:2603:2619,0,rolling_128@0.975,2.0972181867430586,18.28688618911116
ec2_cpu_utilization_5f5533:2611:2627,0,rolling_128@0.975,1.8000933178032157,18.28688618911116
ec2_cpu_utilization_5f5533:2619:2635,0,rolling_128@0.975,1.8557464658381508,18.28688618911116
ec2_cpu_utilization_5f5533:2627:2643,0,rolling_128@0.975,1.8557464658381508,18.28688618911116
ec2_cpu_utilization_5f5533:2635:2651,0,rolling_128@0.975,1.8101313784780872,18.28688618911116
ec2_cpu_utilization_5f5533:2643:2659,0,rolling_128@0.975,1.8101313784780872,18.28688618911116
ec2_cpu_utilization_5f5533:2651:2667,0,rolling_128@0.975,1.4039045052450125,18.28688618911116
ec2_cpu_utilization_5f5533:2659:2675,0,rolling_128@0.975,2.4072488620283927,18.28688618911116
ec2_cpu_utilization_5f5533:2667:2683,0,rolling_128@0.975,2.4072488620283927,18.28688618911116
ec2_cpu_utilization_5f5533:2675:2691,0,rolling_128@0.975,1.3237875963018055,18.28688618911116
ec2_cpu_utilization_5f5533:2683:2699,0,rolling_128@0.975,2.3871344405797417,18.28688618911116
ec2_cpu_utilization_5f5533:2691:2707,0,rolling_128@0.975,2.3871344405797417,18.28688618911116
ec2_cpu_utilization_5f5533:2699:2715,0,rolling_128@0.975,1.87961828657855,18.28688618911116
ec2_cpu_utilization_5f5533:2707:2723,0,rolling_128@0.975,2.4421369646777285,18.28688618911116
ec2_cpu_utilization_5f5533:2715:2731,0,rolling_128@0.975,2.478504717382088,18.28688618911116
ec2_cpu_utilization_5f5533:2723:2739,0,rolling_128@0.975,2.478504717382088,18.28688618911116
ec2_cpu_utilization_5f5533:2731:2747,0,rolling_128@0.975,2.060786779716393,18.28688618911116
ec2_cpu_utilization_5f5533:2739:2755,0,rolling_128@0.975,2.060786779716393,18.28688618911116
ec2_cpu_utilization_5f5533:2747:2763,0,rolling_128@0.975,1.9719039070463626,18.28688618911116
ec2_cpu_utilization_5f5533:2755:2771,0,rolling_128@0.975,1.9719039070463626,18.28688618911116
ec2_cpu_utilization_5f5533:2763:2779,0,rolling_128@0.975,3.1849938308293244,18.28688618911116
ec2_cpu_utilization_5f5533:2771:2787,0,rolling_128@0.975,3.1849938308293244,18.28688618911116
ec2_cpu_utilization_5f5533:2779:2795,0,rolling_128@0.975,2.7386785817929242,18.28688618911116
ec2_cpu_utilization_5f5533:2787:2803,0,rolling_128@0.975,3.411303874857381,18.28688618911116
ec2_cpu_utilization_5f5533:2795:2811,0,rolling_128@0.975,3.411303874857381,18.28688618911116
ec2_cpu_utilization_5f5533:2803:2819,0,rolling_128@0.975,2.3648478980639713,18.28688618911116
ec2_cpu_utilization_5f5533:2811:2827,0,rolling_128@0.975,1.875825067576901,18.28688618911116
ec2_cpu_utilization_5f5533:2819:2835,1,rolling_128@0.975,1.4955217395088778,18.28688618911116
ec2_cpu_utilization_5f5533:2827:2843,1,rolling_128@0.975,1.5901859470364776,18.28688618911116
ec2_cpu_utilization_5f5533:2835:2851,1,rolling_128@0.975,2.160722108531799,18.28688618911116
ec2_cpu_utilization_5f5533:2843:2859,1,rolling_128@0.975,2.160722108531799,18.28688618911116
ec2_cpu_utilization_5f5533:2851:2867,1,rolling_128@0.975,2.3873252669944764,18.28688618911116
ec2_cpu_utilization_5f5533:2859:2875,1,rolling_128@0.975,2.3873252669944764,18.28688618911116
ec2_cpu_utilization_5f5533:2867:2883,1,rolling_128@0.975,2.828173951290899,18.28688618911116
ec2_cpu_utilization_5f5533:2875:2891,1,rolling_128@0.975,2.894325434294682,18.28688618911116
ec2_cpu_utilization_5f5533:2883:2899,1,rolling_128@0.975,2.894325434294682,18.28688618911116
ec2_cpu_utilization_5f5533:2891:2907,1,rolling_128@0.975,2.278933930928954,18.28688618911116
ec2_cpu_utilization_5f5533:2899:2915,1,rolling_128@0.975,1.6264169721269557,18.28688618911116
ec2_cpu_utilization_5f5533:2907:2923,1,rolling_128@0.975,1.6654494877992023,18.28688618911116
ec2_cpu_utilization_5f5533:2915:2931,1,rolling_128@0.975,3.6040552463706272,18.28688618911116
ec2_cpu_utilization_5f5533:2923:2939,1,rolling_128@0.975,3.6040552463706272,18.28688618911116
ec2_cpu_utilization_5f5533:2931:2947,1,rolling_128@0.975,3.571962839054323,18.28688618911116
ec2_cpu_utilization_5f5533:2939:2955,1,rolling_128@0.975,3.064732750215106,18.28688618911116
ec2_cpu_utilization_5f5533:2947:2963,1,rolling_128@0.975,2.8020297954432105,18.28688618911116
ec2_cpu_utilization_5f5533:2955:2971,1,rolling_128@0.975,7.819532358625481,18.28688618911116
ec2_cpu_utilization_5f5533:2963:2979,1,rolling_128@0.975,7.819532358625481,18.28688618911116
ec2_cpu_utilization_5f5533:2971:2987,1,rolling_128@0.975,1.6559932924091674,18.28688618911116
ec2_cpu_utilization_5f5533:2979:2995,1,rolling_128@0.975,1.5285429283597993,18.28688618911116
ec2_cpu_utilization_5f5533:2987:3003,1,rolling_128@0.975,1.2058832816648188,18.28688618911116
ec2_cpu_utilization_5f5533:2995:3011,1,rolling_128@0.975,1.0752255454718536,18.28688618911116
ec2_cpu_utilization_5f5533:3003:3019,1,rolling_128@0.975,0.7156086683880203,18.28688618911116
ec2_cpu_utilization_5f5533:3011:3027,1,rolling_128@0.975,1.0351932975087623,18.28688618911116
ec2_cpu_utilization_5f5533:3019:3035,1,rolling_128@0.975,1.0351932975087623,18.28688618911116
ec2_cpu_utilization_5f5533:3027:3043,1,rolling_128@0.975,1.3443019564602297,18.28688618911116
ec2_cpu_utilization_5f5533:3035:3051,0,rolling_128@0.975,1.3443019564602297,18.28688618911116
ec2_cpu_utilization_5f5533:3043:3059,0,rolling_128@0.975,1.74556221802477,18.28688618911116
ec2_cpu_utilization_5f5533:3051:3067,0,rolling_128@0.975,1.74556221802477,18.28688618911116
ec2_cpu_utilization_5f5533:3059:3075,0,rolling_128@0.975,0.9821962094300124,18.28688618911116
ec2_cpu_utilization_5f5533:3067:3083,0,rolling_128@0.975,2.07434403475224,18.28688618911116
ec2_cpu_utilization_5f5533:3075:3091,0,rolling_128@0.975,2.8031311338492486,18.28688618911116
ec2_cpu_utilization_5f5533:3083:3099,0,rolling_128@0.975,2.8031311338492486,18.28688618911116
ec2_cpu_utilization_5f5533:3091:3107,0,rolling_128@0.975,2.4785972571653376,18.28688618911116
ec2_cpu_utilization_5f5533:3099:3115,0,rolling_128@0.975,2.7184039238537783,18.28688618911116
ec2_cpu_utilization_5f5533:3107:3123,0,rolling_128@0.975,2.7184039238537783,18.28688618911116
ec2_cpu_utilization_5f5533:3115:3131,0,rolling_128@0.975,3.489414421775168,18.28688618911116
ec2_cpu_utilization_5f5533:3123:3139,0,rolling_128@0.975,3.489414421775168,18.28688618911116
ec2_cpu_utilization_5f5533:3131:3147,0,rolling_128@0.975,3.378980974504842,18.28688618911116
ec2_cpu_utilization_5f5533:3139:3155,0,rolling_128@0.975,3.176536607839906,18.28688618911116
ec2_cpu_utilization_5f5533:3147:3163,0,rolling_128@0.975,4.269126157326083,18.28688618911116
ec2_cpu_utilization_5f5533:3155:3171,0,rolling_128@0.975,4.269126157326083,18.28688618911116
ec2_cpu_utilization_5f5533:3163:3179,0,rolling_128@0.975,2.9442304243517667,18.28688618911116
ec2_cpu_utilization_5f5533:3171:3187,0,rolling_128@0.975,3.108863701729324,18.28688618911116
ec2_cpu_utilization_5f5533:3179:3195,0,rolling_128@0.975,3.108863701729324,18.28688618911116
ec2_cpu_utilization_5f5533:3187:3203,0,rolling_128@0.975,4.08106405201767,18.28688618911116
ec2_cpu_utilization_5f5533:3195:3211,0,rolling_128@0.975,4.08106405201767,18.28688618911116
ec2_cpu_utilization_5f5533:3203:3219,0,rolling_128@0.975,3.026518903203343,18.28688618911116
ec2_cpu_utilization_5f5533:2419:2435,0,rolling_128@0.99,17.203607621317392,18.4745806920148
ec2_cpu_utilization_5f5533:2427:2443,0,rolling_128@0.99,17.203607621317392,18.4745806920148
ec2_cpu_utilization_5f5533:2435:2451,0,rolling_128@0.99,17.62726531154986,18.4745806920148
ec2_cpu_utilization_5f5533:2443:2459,0,rolling_128@0.99,22.695037347114646,18.4745806920148
ec2_cpu_utilization_5f5533:2451:2467,0,rolling_128@0.99,22.695037347114646,18.4745806920148
ec2_cpu_utilization_5f5533:2459:2475,0,rolling_128@0.99,19.43986232326926,18.4745806920148
ec2_cpu_utilization_5f5533:2467:2483,0,rolling_128@0.99,19.43986232326926,18.4745806920148
ec2_cpu_utilization_5f5533:2475:2491,0,rolling_128@0.99,15.015621603790713,18.4745806920148
ec2_cpu_utilization_5f5533:2483:2499,0,rolling_128@0.99,10.703987357471085,18.4745806920148
ec2_cpu_utilization_5f5533:2491:2507,0,rolling_128@0.99,5.490587768751145,18.4745806920148
ec2_cpu_utilization_5f5533:2499:2515,0,rolling_128@0.99,2.540940867451055,18.4745806920148
ec2_cpu_utilization_5f5533:2507:2523,0,rolling_128@0.99,2.540940867451055,18.4745806920148
ec2_cpu_utilization_5f5533:2515:2531,0,rolling_128@0.99,2.083085436435163,18.4745806920148
ec2_cpu_utilization_5f5533:2523:2539,0,rolling_128@0.99,1.5460757996686751,18.4745806920148
ec2_cpu_utilization_5f5533:2531:2547,0,rolling_128@0.99,2.342586319226089,18.4745806920148
ec2_cpu_utilization_5f5533:2539:2555,0,rolling_128@0.99,2.342586319226089,18.4745806920148
ec2_cpu_utilization_5f5533:2547:2563,0,rolling_128@0.99,2.30670514681746,18.4745806920148
ec2_cpu_utilization_5f5533:2555:2571,0,rolling_128@0.99,2.692377082783239,18.4745806920148
ec2_cpu_utilization_5f5533:2563:2579,0,rolling_128@0.99,2.692377082783239,18.4745806920148
ec2_cpu_utilization_5f5533:2571:2587,0,rolling_128@0.99,2.938615771015341,18.4745806920148
ec2_cpu_utilization_5f5533:2579:2595,0,rolling_128@0.99,2.938615771015341,18.4745806920148
ec2_cpu_utilization_5f5533:2587:2603,0,rolling_128@0.99,1.6367809454798612,18.4745806920148
ec2_cpu_utilization_5f5533:2595:2611,0,rolling_128@0.99,2.0972181867430586,18.4745806920148
ec2_cpu_utilization_5f5533:2603:2619,0,rolling_128@0.99,2.0972181867430586,18.4745806920148
ec2_cpu_utilization_5f5533:2611:2627,0,rolling_128@0.99,1.8000933178032157,18.4745806920148
ec2_cpu_utilization_5f5533:2619:2635,0,rolling_128@0.99,1.8557464658381508,18.4745806920148
ec2_cpu_utilization_5f5533:2627:2643,0,rolling_128@0.99,1.8557464658381508,18.4745806920148
ec2_cpu_utilization_5f5533:2635:2651,0,rolling_128@0.99,1.8101313784780872,18.4745806920148
ec2_cpu_utilization_5f5533:2643:2659,0,rolling_128@0.99,1.8101313784780872,18.4745806920148
ec2_cpu_utilization_5f5533:2651:2667,0,rolling_128@0.99,1.4039045052450125,18.4745806920148
ec2_cpu_utilization_5f5533:2659:2675,0,rolling_128@0.99,2.4072488620283927,18.4745806920148
ec2_cpu_utilization_5f5533:2667:2683,0,rolling_128@0.99,2.4072488620283927,18.4745806920148
ec2_cpu_utilization_5f5533:2675:2691,0,rolling_128@0.99,1.3237875963018055,18.4745806920148
ec2_cpu_utilization_5f5533:2683:2699,0,rolling_128@0.99,2.3871344405797417,18.4745806920148
ec2_cpu_utilization_5f5533:2691:2707,0,rolling_128@0.99,2.3871344405797417,18.4745806920148
ec2_cpu_utilization_5f5533:2699:2715,0,rolling_128@0.99,1.87961828657855,18.4745806920148
ec2_cpu_utilization_5f5533:2707:2723,0,rolling_128@0.99,2.4421369646777285,18.4745806920148
ec2_cpu_utilization_5f5533:2715:2731,0,rolling_128@0.99,2.478504717382088,18.4745806920148
ec2_cpu_utilization_5f5533:2723:2739,0,rolling_128@0.99,2.478504717382088,18.4745806920148
ec2_cpu_utilization_5f5533:2731:2747,0,rolling_128@0.99,2.060786779716393,18.4745806920148
ec2_cpu_utilization_5f5533:2739:2755,0,rolling_128@0.99,2.060786779716393,18.4745806920148
ec2_cpu_utilization_5f5533:2747:2763,0,rolling_128@0.99,1.9719039070463626,18.4745806920148
ec2_cpu_utilization_5f5533:2755:2771,0,rolling_128@0.99,1.9719039070463626,18.4745806920148
ec2_cpu_utilization_5f5533:2763:2779,0,rolling_128@0.99,3.1849938308293244,18.4745806920148
ec2_cpu_utilization_5f5533:2771:2787,0,rolling_128@0.99,3.1849938308293244,18.4745806920148
ec2_cpu_utilization_5f5533:2779:2795,0,rolling_128@0.99,2.7386785817929242,18.4745806920148
ec2_cpu_utilization_5f5533:2787:2803,0,rolling_128@0.99,3.411303874857381,18.4745806920148
ec2_cpu_utilization_5f5533:2795:2811,0,rolling_128@0.99,3.411303874857381,18.4745806920148
ec2_cpu_utilization_5f5533:2803:2819,0,rolling_128@0.99,2.3648478980639713,18.4745806920148
ec2_cpu_utilization_5f5533:2811:2827,0,rolling_128@0.99,1.875825067576901,18.4745806920148
ec2_cpu_utilization_5f5533:2819:2835,1,rolling_128@0.99,1.4955217395088778,18.4745806920148
ec2_cpu_utilization_5f5533:2827:2843,1,rolling_128@0.99,1.5901859470364776,18.4745806920148
ec2_cpu_utilization_5f5533:2835:2851,1,rolling_128@0.99,2.160722108531799,18.4745806920148
ec2_cpu_utilization_5f5533:2843:2859,1,rolling_128@0.99,2.160722108531799,18.4745806920148
ec2_cpu_utilization_5f5533:2851:2867,1,rolling_128@0.99,2.3873252669944764,18.4745806920148
ec2_cpu_utilization_5f5533:2859:2875,1,rolling_128@0.99,2.3873252669944764,18.4745806920148
ec2_cpu_utilization_5f5533:2867:2883,1,rolling_128@0.99,2.828173951290899,18.4745806920148
ec2_cpu_utilization_5f5533:2875:2891,1,rolling_128@0.99,2.894325434294682,18.4745806920148
ec2_cpu_utilization_5f5533:2883:2899,1,rolling_128@0.99,2.894325434294682,18.4745806920148
ec2_cpu_utilization_5f5533:2891:2907,1,rolling_128@0.99,2.278933930928954,18.4745806920148
ec2_cpu_utilization_5f5533:2899:2915,1,rolling_128@0.99,1.6264169721269557,18.4745806920148
ec2_cpu_utilization_5f5533:2907:2923,1,rolling_128@0.99,1.6654494877992023,18.4745806920148
ec2_cpu_utilization_5f5533:2915:2931,1,rolling_128@0.99,3.6040552463706272,18.4745806920148
ec2_cpu_utilization_5f5533:2923:2939,1,rolling_128@0.99,3.6040552463706272,18.4745806920148
ec2_cpu_utilization_5f5533:2931:2947,1,rolling_128@0.99,3.571962839054323,18.4745806920148
ec2_cpu_utilization_5f5533:2939:2955,1,rolling_128@0.99,3.064732750215106,18.4745806920148
ec2_cpu_utilization_5f5533:2947:2963,1,rolling_128@0.99,2.8020297954432105,18.4745806920148
ec2_cpu_utilization_5f5533:2955:2971,1,rolling_128@0.99,7.819532358625481,18.4745806920148
ec2_cpu_utilization_5f5533:2963:2979,1,rolling_128@0.99,7.819532358625481,18.4745806920148
ec2_cpu_utilization_5f5533:2971:2987,1,rolling_128@0.99,1.6559932924091674,18.4745806920148
ec2_cpu_utilization_5f5533:2979:2995,1,rolling_128@0.99,1.5285429283597993,18.4745806920148
ec2_cpu_utilization_5f5533:2987:3003,1,rolling_128@0.99,1.2058832816648188,18.4745806920148
ec2_cpu_utilization_5f5533:2995:3011,1,rolling_128@0.99,1.0752255454718536,18.4745806920148
ec2_cpu_utilization_5f5533:3003:3019,1,rolling_128@0.99,0.7156086683880203,18.4745806920148
ec2_cpu_utilization_5f5533:3011:3027,1,rolling_128@0.99,1.0351932975087623,18.4745806920148
ec2_cpu_utilization_5f5533:3019:3035,1,rolling_128@0.99,1.0351932975087623,18.4745806920148
ec2_cpu_utilization_5f5533:3027:3043,1,rolling_128@0.99,1.3443019564602297,18.4745806920148
ec2_cpu_utilization_5f5533:3035:3051,0,rolling_128@0.99,1.3443019564602297,18.4745806920148
ec2_cpu_utilization_5f5533:3043:3059,0,rolling_128@0.99,1.74556221802477,18.4745806920148
ec2_cpu_utilization_5f5533:3051:3067,0,rolling_128@0.99,1.74556221802477,18.4745806920148
ec2_cpu_utilization_5f5533:3059:3075,0,rolling_128@0.99,0.9821962094300124,18.4745806920148
ec2_cpu_utilization_5f5533:3067:3083,0,rolling_128@0.99,2.07434403475224,18.4745806920148
ec2_cpu_utilization_5f5533:3075:3091,0,rolling_128@0.99,2.8031311338492486,18.4745806920148
ec2_cpu_utilization_5f5533:3083:3099,0,rolling_128@0.99,2.8031311338492486,18.4745806920148
ec2_cpu_utilization_5f5533:3091:3107,0,rolling_128@0.99,2.4785972571653376,18.4745806920148
ec2_cpu_utilization_5f5533:3099:3115,0,rolling_128@0.99,2.7184039238537783,18.4745806920148
ec2_cpu_utilization_5f5533:3107:3123,0,rolling_128@0.99,2.7184039238537783,18.4745806920148
ec2_cpu_utilization_5f5533:3115:3131,0,rolling_128@0.99,3.489414421775168,18.4745806920148
ec2_cpu_utilization_5f5533:3123:3139,0,rolling_128@0.99,3.489414421775168,18.4745806920148
ec2_cpu_utilization_5f5533:3131:3147,0,rolling_128@0.99,3.378980974504842,18.4745806920148
ec2_cpu_utilization_5f5533:3139:3155,0,rolling_128@0.99,3.176536607839906,18.4745806920148
ec2_cpu_utilization_5f5533:3147:3163,0,rolling_128@0.99,4.269126157326083,18.4745806920148
ec2_cpu_utilization_5f5533:3155:3171,0,rolling_128@0.99,4.269126157326083,18.4745806920148
ec2_cpu_utilization_5f5533:3163:3179,0,rolling_128@0.99,2.9442304243517667,18.4745806920148
ec2_cpu_utilization_5f5533:3171:3187,0,rolling_128@0.99,3.108863701729324,18.4745806920148
ec2_cpu_utilization_5f5533:3179:3195,0,rolling_128@0.99,3.108863701729324,18.4745806920148
ec2_cpu_utilization_5f5533:3187:3203,0,rolling_128@0.99,4.08106405201767,18.4745806920148
ec2_cpu_utilization_5f5533:3195:3211,0,rolling_128@0.99,4.08106405201767,18.4745806920148
ec2_cpu_utilization_5f5533:3203:3219,0,rolling_128@0.99,3.026518903203343,18.4745806920148
