window_id,truth,detector,score,threshold
ec2_cpu_utilization_77c1ca:2419:2435,0,autoencoder@0.95,1.1949763,1.9701683521270752
ec2_cpu_utilization_77c1ca:2427:2443,0,autoencoder@0.95,0.83635443,1.9701683521270752
ec2_cpu_utilization_77c1ca:2435:2451,0,autoencoder@0.95,0.41228902,1.9701683521270752
ec2_cpu_utilization_77c1ca:2443:2459,0,autoencoder@0.95,0.81346977,1.9701683521270752
ec2_cpu_utilization_77c1ca:2451:2467,0,autoencoder@0.95,0.0014182444,1.9701683521270752
ec2_cpu_utilization_77c1ca:2459:2475,0,autoencoder@0.95,0.0014297392,1.9701683521270752
ec2_cpu_utilization_77c1ca:2467:2483,0,autoencoder@0.95,1.569613,1.9701683521270752
ec2_cpu_utilization_77c1ca:2475:2491,0,autoencoder@0.95,1.0906852,1.9701683521270752
ec2_cpu_utilization_77c1ca:2483:2499,0,autoencoder@0.95,0.05663567,1.9701683521270752
ec2_cpu_utilization_77c1ca:2491:2507,0,autoencoder@0.95,0.0015961842,1.9701683521270752
ec2_cpu_utilization_77c1ca:2499:2515,0,autoencoder@0.95,0.0014217555,1.9701683521270752
ec2_cpu_utilization_77c1ca:2507:2523,0,autoencoder@0.95,0.0014227524,1.9701683521270752
ec2_cpu_utilization_77c1ca:2515:2531,0,autoencoder@0.95,0.0014282799,1.9701683521270752
ec2_cpu_utilization_77c1ca:2523:2539,0,autoencoder@0.95,0.23118578,1.9701683521270752
ec2_cpu_utilization_77c1ca:2531:2547,0,autoencoder@0.95,0.659693,1.9701683521270752
ec2_cpu_utilization_77c1ca:2539:2555,0,autoencoder@0.95,0.7873315,1.9701683521270752
ec2_cpu_utilization_77c1ca:2547:2563,0,autoencoder@0.95,0.91890705,1.9701683521270752
ec2_cpu_utilization_77c1ca:2555:2571,0,autoencoder@0.95,0.7124679,1.9701683521270752
ec2_cpu_utilization_77c1ca:2563:2579,0,autoencoder@0.95,1.5356026,1.9701683521270752
ec2_cpu_utilization_77c1ca:2571:2587,0,autoencoder@0.95,1.5312495,1.9701683521270752
ec2_cpu_utilization_77c1ca:2579:2595,0,autoencoder@0.95,1.0114577,1.9701683521270752
ec2_cpu_utilization_77c1ca:2587:2603,0,autoencoder@0.95,1.3984175,1.9701683521270752
ec2_cpu_utilization_77c1ca:2595:2611,0,autoencoder@0.95,0.001482592,1.9701683521270752
ec2_cpu_utilization_77c1ca:2603:2619,0,autoencoder@0.95,0.0014768129,1.9701683521270752
ec2_cpu_utilization_77c1ca:2611:2627,0,autoencoder@0.95,0.0014885445,1.9701683521270752
ec2_cpu_utilization_77c1ca:2619:2635,0,autoencoder@0.95,0.5583136,1.9701683521270752
ec2_cpu_utilization_77c1ca:2627:2643,0,autoencoder@0.95,3.0231032,1.9701683521270752
ec2_cpu_utilization_77c1ca:2635:2651,0,autoencoder@0.95,1.650317,1.9701683521270752
ec2_cpu_utilization_77c1ca:2643:2659,0,autoencoder@0.95,0.8087858,1.9701683521270752
ec2_cpu_utilization_77c1ca:2651:2667,0,autoencoder@0.95,0.6338539,1.9701683521270752
ec2_cpu_utilization_77c1ca:2659:2675,0,autoencoder@0.95,2.3742828,1.9701683521270752
ec2_cpu_utilization_77c1ca:2667:2683,0,autoencoder@0.95,1.7895513,1.9701683521270752
ec2_cpu_utilization_77c1ca:2675:2691,0,autoencoder@0.95,0.53085184,1.9701683521270752
ec2_cpu_utilization_77c1ca:2683:2699,0,autoencoder@0.95,0.55513567,1.9701683521270752
ec2_cpu_utilization_77c1ca:2691:2707,0,autoencoder@0.95,0.94238275,1.9701683521270752
ec2_cpu_utilization_77c1ca:2699:2715,0,autoencoder@0.95,1.496097,1.9701683521270752
ec2_cpu_utilization_77c1ca:2707:2723,0,autoencoder@0.95,1.1399034,1.9701683521270752
ec2_cpu_utilization_77c1ca:2715:2731,0,autoencoder@0.95,0.6558584,1.9701683521270752
ec2_cpu_utilization_77c1ca:2723:2739,0,autoencoder@0.95,0.69707763,1.9701683521270752
ec2_cpu_utilization_77c1ca:2731:2747,0,autoencoder@0.95,0.7763972,1.9701683521270752
ec2_cpu_utilization_77c1ca:2739:2755,0,autoencoder@0.95,0.0014325602,1.9701683521270752
ec2_cpu_utilization_77c1ca:2747:2763,0,autoencoder@0.95,0.0014355531,1.9701683521270752
ec2_cpu_utilization_77c1ca:2755:2771,0,autoencoder@0.95,0.0014115253,1.9701683521270752
ec2_cpu_utilization_77c1ca:2763:2779,0,autoencoder@0.95,0.0014219739,1.9701683521270752
ec2_cpu_utilization_77c1ca:2771:2787,0,autoencoder@0.95,0.0014115339,1.9701683521270752
ec2_cpu_utilization_77c1ca:2779:2795,0,autoencoder@0.95,0.0014281722,1.9701683521270752
ec2_cpu_utilization_77c1ca:2787:2803,0,autoencoder@0.95,0.001431414,1.9701683521270752
ec2_cpu_utilization_77c1ca:2795:2811,0,autoencoder@0.95,0.0014156464,1.9701683521270752
ec2_cpu_utilization_77c1ca:2803:2819,0,autoencoder@0.95,0.0014209651,1.9701683521270752
ec2_cpu_utilization_77c1ca:2811:2827,0,autoencoder@0.95,0.0014133188,1.9701683521270752
ec2_cpu_utilization_77c1ca:2819:2835,0,autoencoder@0.95,0.0014282174,1.9701683521270752
ec2_cpu_utilization_77c1ca:2827:2843,0,autoencoder@0.95,0.0014313995,1.9701683521270752
ec2_cpu_utilization_77c1ca:2835:2851,0,autoencoder@0.95,0.0014300089,1.9701683521270752
ec2_cpu_utilization_77c1ca:2843:2859,0,autoencoder@0.95,0.0014163393,1.9701683521270752
ec2_cpu_utilization_77c1ca:2851:2867,0,autoencoder@0.95,0.0014377122,1.9701683521270752
ec2_cpu_utilization_77c1ca:2859:2875,0,autoencoder@0.95,0.0014493146,1.9701683521270752
ec2_cpu_utilization_77c1ca:2867:2883,0,autoencoder@0.95,0.0014402291,1.9701683521270752
ec2_cpu_utilization_77c1ca:2875:2891,0,autoencoder@0.95,0.0014332478,1.9701683521270752
ec2_cpu_utilization_77c1ca:2883:2899,0,autoencoder@0.95,0.0014261967,1.9701683521270752
ec2_cpu_utilization_77c1ca:2891:2907,0,autoencoder@0.95,0.0014258348,1.9701683521270752
ec2_cpu_utilization_77c1ca:2899:2915,0,autoencoder@0.95,0.0014077814,1.9701683521270752
ec2_cpu_utilization_77c1ca:2907:2923,0,autoencoder@0.95,0.0014186923,1.9701683521270752
ec2_cpu_utilization_77c1ca:2915:2931,0,autoencoder@0.95,0.0014276373,1.9701683521270752
ec2_cpu_utilization_77c1ca:2923:2939,0,autoencoder@0.95,0.0014288789,1.9701683521270752
ec2_cpu_utilization_77c1ca:2931:2947,0,autoencoder@0.95,0.0014324774,1.9701683521270752
ec2_cpu_utilization_77c1ca:2939:2955,0,autoencoder@0.95,0.001426415,1.9701683521270752
ec2_cpu_utilization_77c1ca:2947:2963,0,autoencoder@0.95,0.0014160104,1.9701683521270752
ec2_cpu_utilization_77c1ca:2955:2971,0,autoencoder@0.95,0.0014180406,1.9701683521270752
ec2_cpu_utilization_77c1ca:2963:2979,0,autoencoder@0.95,0.0014188057,1.9701683521270752
ec2_cpu_utilization_77c1ca:2971:2987,0,autoencoder@0.95,0.0014203539,1.9701683521270752
ec2_cpu_utilization_77c1ca:2979:2995,0,autoencoder@0.95,0.0014349918,1.9701683521270752
ec2_cpu_utilization_77c1ca:2987:3003,0,autoencoder@0.95,0.0014086785,1.9701683521270752
ec2_cpu_utilization_77c1ca:2995:3011,0,autoencoder@0.95,0.0014106021,1.9701683521270752
ec2_cpu_utilization_77c1ca:3003:3019,0,autoencoder@0.95,0.0014102622,1.9701683521270752
ec2_cpu_utilization_77c1ca:3011:3027,0,autoencoder@0.95,0.0014277435,1.9701683521270752
ec2_cpu_utilization_77c1ca:3019:3035,0,autoencoder@0.95,0.0014197979,1.9701683521270752
ec2_cpu_utilization_77c1ca:3027:3043,0,autoencoder@0.95,0.0014278124,1.9701683521270752
ec2_cpu_utilization_77c1ca:3035:3051,0,autoencoder@0.95,0.0014232071,1.9701683521270752
ec2_cpu_utilization_77c1ca:3043:3059,0,autoencoder@0.95,0.0014304533,1.9701683521270752
ec2_cpu_utilization_77c1ca:3051:3067,0,autoencoder@0.95,0.0014088558,1.9701683521270752
ec2_cpu_utilization_77c1ca:3059:3075,0,autoencoder@0.95,0.0014287821,1.9701683521270752
ec2_cpu_utilization_77c1ca:3067:3083,0,autoencoder@0.95,0.0014092294,1.9701683521270752
ec2_cpu_utilization_77c1ca:3075:3091,0,autoencoder@0.95,0.0014205836,1.9701683521270752
ec2_cpu_utilization_77c1ca:3083:3099,0,autoencoder@0.95,0.001426953,1.9701683521270752
ec2_cpu_utilization_77c1ca:3091:3107,0,autoencoder@0.95,0.0014193096,1.9701683521270752
ec2_cpu_utilization_77c1ca:3099:3115,0,autoencoder@0.95,0.0014276778,1.9701683521270752
ec2_cpu_utilization_77c1ca:3107:3123,0,autoencoder@0.95,0.0014321308,1.9701683521270752
ec2_cpu_utilization_77c1ca:3115:3131,0,autoencoder@0.95,0.0014260286,1.9701683521270752
ec2_cpu_utilization_77c1ca:3123:3139,0,autoencoder@0.95,0.0014346166,1.9701683521270752
ec2_cpu_utilization_77c1ca:3131:3147,0,autoencoder@0.95,0.0014276537,1.9701683521270752
ec2_cpu_utilization_77c1ca:3139:3155,0,autoencoder@0.95,0.001424264,1.9701683521270752
ec2_cpu_utilization_77c1ca:3147:3163,0,autoencoder@0.95,0.0014291436,1.9701683521270752
ec2_cpu_utilization_77c1ca:3155:3171,0,autoencoder@0.95,0.001431494,1.9701683521270752
ec2_cpu_utilization_77c1ca:3163:3179,0,autoencoder@0.95,0.0014179435,1.9701683521270752
ec2_cpu_utilization_77c1ca:3171:3187,0,autoencoder@0.95,0.001428825,1.9701683521270752
ec2_cpu_utilization_77c1ca:3179:3195,0,autoencoder@0.95,0.0014377383,1.9701683521270752
ec2_cpu_utilization_77c1ca:3187:3203,0,autoencoder@0.95,0.001444905,1.9701683521270752
ec2_cpu_utilization_77c1ca:3195:3211,0,autoencoder@0.95,0.0014382708,1.9701683521270752
ec2_cpu_utilization_77c1ca:3203:3219,0,autoencoder@0.95,0.0014473186,1.9701683521270752
ec2_cpu_utilization_77c1ca:2419:2435,0,autoencoder@0.975,1.1949763,2.2767889499664307
ec2_cpu_utilization_77c1ca:2427:2443,0,autoencoder@0.975,0.83635443,2.2767889499664307
ec2_cpu_utilization_77c1ca:2435:2451,0,autoencoder@0.975,0.41228902,2.2767889499664307
ec2_cpu_utilization_77c1ca:2443:2459,0,autoencoder@0.975,0.81346977,2.2767889499664307
ec2_cpu_utilization_77c1ca:2451:2467,0,autoencoder@0.975,0.0014182444,2.2767889499664307
ec2_cpu_utilization_77c1ca:2459:2475,0,autoencoder@0.975,0.0014297392,2.2767889499664307
ec2_cpu_utilization_77c1ca:2467:2483,0,autoencoder@0.975,1.569613,2.2767889499664307
ec2_cpu_utilization_77c1ca:2475:2491,0,autoencoder@0.975,1.0906852,2.2767889499664307
ec2_cpu_utilization_77c1ca:2483:2499,0,autoencoder@0.975,0.05663567,2.2767889499664307
ec2_cpu_utilization_77c1ca:2491:2507,0,autoencoder@0.975,0.0015961842,2.2767889499664307
ec2_cpu_utilization_77c1ca:2499:2515,0,autoencoder@0.975,0.0014217555,2.2767889499664307
ec2_cpu_utilization_77c1ca:2507:2523,0,autoencoder@0.975,0.0014227524,2.2767889499664307
ec2_cpu_utilization_77c1ca:2515:2531,0,autoencoder@0.975,0.0014282799,2.2767889499664307
ec2_cpu_utilization_77c1ca:2523:2539,0,autoencoder@0.975,0.23118578,2.2767889499664307
ec2_cpu_utilization_77c1ca:2531:2547,0,autoencoder@0.975,0.659693,2.2767889499664307
ec2_cpu_utilization_77c1ca:2539:2555,0,autoencoder@0.975,0.7873315,2.2767889499664307
ec2_cpu_utilization_77c1ca:2547:2563,0,autoencoder@0.975,0.91890705,2.2767889499664307
ec2_cpu_utilization_77c1ca:2555:2571,0,autoencoder@0.975,0.7124679,2.2767889499664307
ec2_cpu_utilization_77c1ca:2563:2579,0,autoencoder@0.975,1.5356026,2.2767889499664307
ec2_cpu_utilization_77c1ca:2571:2587,0,autoencoder@0.975,1.5312495,2.2767889499664307
ec2_cpu_utilization_77c1ca:2579:2595,0,autoencoder@0.975,1.0114577,2.2767889499664307
ec2_cpu_utilization_77c1ca:2587:2603,0,autoencoder@0.975,1.3984175,2.2767889499664307
ec2_cpu_utilization_77c1ca:2595:2611,0,autoencoder@0.975,0.001482592,2.2767889499664307
ec2_cpu_utilization_77c1ca:2603:2619,0,autoencoder@0.975,0.0014768129,2.2767889499664307
ec2_cpu_utilization_77c1ca:2611:2627,0,autoencoder@0.975,0.0014885445,2.2767889499664307
ec2_cpu_utilization_77c1ca:2619:2635,0,autoencoder@0.975,0.5583136,2.2767889499664307
ec2_cpu_utilization_77c1ca:2627:2643,0,autoencoder@0.975,3.0231032,2.2767889499664307
ec2_cpu_utilization_77c1ca:2635:2651,0,autoencoder@0.975,1.650317,2.2767889499664307
ec2_cpu_utilization_77c1ca:2643:2659,0,autoencoder@0.975,0.8087858,2.2767889499664307
ec2_cpu_utilization_77c1ca:2651:2667,0,autoencoder@0.975,0.6338539,2.2767889499664307
ec2_cpu_utilization_77c1ca:2659:2675,0,autoencoder@0.975,2.3742828,2.2767889499664307
ec2_cpu_utilization_77c1ca:2667:2683,0,autoencoder@0.975,1.7895513,2.2767889499664307
ec2_cpu_utilization_77c1ca:2675:2691,0,autoencoder@0.975,0.53085184,2.2767889499664307
ec2_cpu_utilization_77c1ca:2683:2699,0,autoencoder@0.975,0.55513567,2.2767889499664307
ec2_cpu_utilization_77c1ca:2691:2707,0,autoencoder@0.975,0.94238275,2.2767889499664307
ec2_cpu_utilization_77c1ca:2699:2715,0,autoencoder@0.975,1.496097,2.2767889499664307
ec2_cpu_utilization_77c1ca:2707:2723,0,autoencoder@0.975,1.1399034,2.2767889499664307
ec2_cpu_utilization_77c1ca:2715:2731,0,autoencoder@0.975,0.6558584,2.2767889499664307
ec2_cpu_utilization_77c1ca:2723:2739,0,autoencoder@0.975,0.69707763,2.2767889499664307
ec2_cpu_utilization_77c1ca:2731:2747,0,autoencoder@0.975,0.7763972,2.2767889499664307
ec2_cpu_utilization_77c1ca:2739:2755,0,autoencoder@0.975,0.0014325602,2.2767889499664307
ec2_cpu_utilization_77c1ca:2747:2763,0,autoencoder@0.975,0.0014355531,2.2767889499664307
ec2_cpu_utilization_77c1ca:2755:2771,0,autoencoder@0.975,0.0014115253,2.2767889499664307
ec2_cpu_utilization_77c1ca:2763:2779,0,autoencoder@0.975,0.0014219739,2.2767889499664307
ec2_cpu_utilization_77c1ca:2771:2787,0,autoencoder@0.975,0.0014115339,2.2767889499664307
ec2_cpu_utilization_77c1ca:2779:2795,0,autoencoder@0.975,0.0014281722,2.2767889499664307
ec2_cpu_utilization_77c1ca:2787:2803,0,autoencoder@0.975,0.001431414,2.2767889499664307
ec2_cpu_utilization_77c1ca:2795:2811,0,autoencoder@0.975,0.0014156464,2.2767889499664307
ec2_cpu_utilization_77c1ca:2803:2819,0,autoencoder@0.975,0.0014209651,2.2767889499664307
ec2_cpu_utilization_77c1ca:2811:2827,0,autoencoder@0.975,0.0014133188,2.2767889499664307
ec2_cpu_utilization_77c1ca:2819:2835,0,autoencoder@0.975,0.0014282174,2.2767889499664307
ec2_cpu_utilization_77c1ca:2827:2843,0,autoencoder@0.975,0.0014313995,2.2767889499664307
ec2_cpu_utilization_77c1ca:2835:2851,0,autoencoder@0.975,0.0014300089,2.2767889499664307
ec2_cpu_utilization_77c1ca:2843:2859,0,autoencoder@0.975,0.0014163393,2.2767889499664307
ec2_cpu_utilization_77c1ca:2851:2867,0,autoencoder@0.975,0.0014377122,2.2767889499664307
ec2_cpu_utilization_77c1ca:2859:2875,0,autoencoder@0.975,0.0014493146,2.2767889499664307
ec2_cpu_utilization_77c1ca:2867:2883,0,autoencoder@0.975,0.0014402291,2.2767889499664307
ec2_cpu_utilization_77c1ca:2875:2891,0,autoencoder@0.975,0.0014332478,2.2767889499664307
ec2_cpu_utilization_77c1ca:2883:2899,0,autoencoder@0.975,0.0014261967,2.2767889499664307
ec2_cpu_utilization_77c1ca:2891:2907,0,autoencoder@0.975,0.0014258348,2.2767889499664307
ec2_cpu_utilization_77c1ca:2899:2915,0,autoencoder@0.975,0.0014077814,2.2767889499664307
ec2_cpu_utilization_77c1ca:2907:2923,0,autoencoder@0.975,0.0014186923,2.2767889499664307
ec2_cpu_utilization_77c1ca:2915:2931,0,autoencoder@0.975,0.0014276373,2.2767889499664307
ec2_cpu_utilization_77c1ca:2923:2939,0,autoencoder@0.975,0.0014288789,2.2767889499664307
ec2_cpu_utilization_77c1ca:2931:2947,0,autoencoder@0.975,0.0014324774,2.2767889499664307
ec2_cpu_utilization_77c1ca:2939:2955,0,autoencoder@0.975,0.001426415,2.2767889499664307
ec2_cpu_utilization_77c1ca:2947:2963,0,autoencoder@0.975,0.0014160104,2.2767889499664307
ec2_cpu_utilization_77c1ca:2955:2971,0,autoencoder@0.975,0.0014180406,2.2767889499664307
ec2_cpu_utilization_77c1ca:2963:2979,0,autoencoder@0.975,0.0014188057,2.2767889499664307
ec2_cpu_utilization_77c1ca:2971:2987,0,autoencoder@0.975,0.0014203539,2.2767889499664307
ec2_cpu_utilization_77c1ca:2979:2995,0,autoencoder@0.975,0.0014349918,2.2767889499664307
ec2_cpu_utilization_77c1ca:2987:3003,0,autoencoder@0.975,0.0014086785,2.2767889499664307
ec2_cpu_utilization_77c1ca:2995:3011,0,autoencoder@0.975,0.0014106021,2.2767889499664307
ec2_cpu_utilization_77c1ca:3003:3019,0,autoencoder@0.975,0.0014102622,2.2767889499664307
ec2_cpu_utilization_77c1ca:3011:3027,0,autoencoder@0.975,0.0014277435,2.2767889499664307
ec2_cpu_utilization_77c1ca:3019:3035,0,autoencoder@0.975,0.0014197979,2.2767889499664307
ec2_cpu_utilization_77c1ca:3027:3043,0,autoencoder@0.975,0.0014278124,2.2767889499664307
ec2_cpu_utilization_77c1ca:3035:3051,0,autoencoder@0.975,0.0014232071,2.2767889499664307
ec2_cpu_utilization_77c1ca:3043:3059,0,autoencoder@0.975,0.0014304533,2.2767889499664307
ec2_cpu_utilization_77c1ca:3051:3067,0,autoencoder@0.975,0.0014088558,2.2767889499664307
ec2_cpu_utilization_77c1ca:3059:3075,0,autoencoder@0.975,0.0014287821,2.2767889499664307
ec2_cpu_utilization_77c1ca:3067:3083,0,autoencoder@0.975,0.0014092294,2.2767889499664307
ec2_cpu_utilization_77c1ca:3075:3091,0,autoencoder@0.975,0.0014205836,2.2767889499664307
ec2_cpu_utilization_77c1ca:3083:3099,0,autoencoder@0.975,0.001426953,2.2767889499664307
ec2_cpu_utilization_77c1ca:3091:3107,0,autoencoder@0.975,0.0014193096,2.2767889499664307
ec2_cpu_utilization_77c1ca:3099:3115,0,autoencoder@0.975,0.0014276778,2.2767889499664307
ec2_cpu_utilization_77c1ca:3107:3123,0,autoencoder@0.975,0.0014321308,2.2767889499664307
ec2_cpu_utilization_77c1ca:3115:3131,0,autoencoder@0.975,0.0014260286,2.2767889499664307
ec2_cpu_utilization_77c1ca:3123:3139,0,autoencoder@0.975,0.0014346166,2.2767889499664307
ec2_cpu_utilization_77c1ca:3131:3147,0,autoencoder@0.975,0.0014276537,2.2767889499664307
ec2_cpu_utilization_77c1ca:3139:3155,0,autoencoder@0.975,0.001424264,2.2767889499664307
ec2_cpu_utilization_77c1ca:3147:3163,0,autoencoder@0.975,0.0014291436,2.2767889499664307
ec2_cpu_utilization_77c1ca:3155:3171,0,autoencoder@0.975,0.001431494,2.2767889499664307
ec2_cpu_utilization_77c1ca:3163:3179,0,autoencoder@0.975,0.0014179435,2.2767889499664307
ec2_cpu_utilization_77c1ca:3171:3187,0,autoencoder@0.975,0.001428825,2.2767889499664307
ec2_cpu_utilization_77c1ca:3179:3195,0,autoencoder@0.975,0.0014377383,2.2767889499664307
ec2_cpu_utilization_77c1ca:3187:3203,0,autoencoder@0.975,0.001444905,2.2767889499664307
ec2_cpu_utilization_77c1ca:3195:3211,0,autoencoder@0.975,0.0014382708,2.2767889499664307
ec2_cpu_utilization_77c1ca:3203:3219,0,autoencoder@0.975,0.0014473186,2.2767889499664307
ec2_cpu_utilization_77c1ca:2419:2435,0,autoencoder@0.99,1.1949763,2.5214571952819824
ec2_cpu_utilization_77c1ca:2427:2443,0,autoencoder@0.99,0.83635443,2.5214571952819824
ec2_cpu_utilization_77c1ca:2435:2451,0,autoencoder@0.99,0.41228902,2.5214571952819824
ec2_cpu_utilization_77c1ca:2443:2459,0,autoencoder@0.99,0.81346977,2.5214571952819824
ec2_cpu_utilization_77c1ca:2451:2467,0,autoencoder@0.99,0.0014182444,2.5214571952819824
ec2_cpu_utilization_77c1ca:2459:2475,0,autoencoder@0.99,0.0014297392,2.5214571952819824
ec2_cpu_utilization_77c1ca:2467:2483,0,autoencoder@0.99,1.569613,2.5214571952819824
ec2_cpu_utilization_77c1ca:2475:2491,0,autoencoder@0.99,1.0906852,2.5214571952819824
ec2_cpu_utilization_77c1ca:2483:2499,0,autoencoder@0.99,0.05663567,2.5214571952819824
ec2_cpu_utilization_77c1ca:2491:2507,0,autoencoder@0.99,0.0015961842,2.5214571952819824
ec2_cpu_utilization_77c1ca:2499:2515,0,autoencoder@0.99,0.0014217555,2.5214571952819824
ec2_cpu_utilization_77c1ca:2507:2523,0,autoencoder@0.99,0.0014227524,2.5214571952819824
ec2_cpu_utilization_77c1ca:2515:2531,0,autoencoder@0.99,0.0014282799,2.5214571952819824
ec2_cpu_utilization_77c1ca:2523:2539,0,autoencoder@0.99,0.23118578,2.5214571952819824
ec2_cpu_utilization_77c1ca:2531:2547,0,autoencoder@0.99,0.659693,2.5214571952819824
ec2_cpu_utilization_77c1ca:2539:2555,0,autoencoder@0.99,0.7873315,2.5214571952819824
ec2_cpu_utilization_77c1ca:2547:2563,0,autoencoder@0.99,0.91890705,2.5214571952819824
ec2_cpu_utilization_77c1ca:2555:2571,0,autoencoder@0.99,0.7124679,2.5214571952819824
ec2_cpu_utilization_77c1ca:2563:2579,0,autoencoder@0.99,1.5356026,2.5214571952819824
ec2_cpu_utilization_77c1ca:2571:2587,0,autoencoder@0.99,1.5312495,2.5214571952819824
ec2_cpu_utilization_77c1ca:2579:2595,0,autoencoder@0.99,1.0114577,2.5214571952819824
ec2_cpu_utilization_77c1ca:2587:2603,0,autoencoder@0.99,1.3984175,2.5214571952819824
ec2_cpu_utilization_77c1ca:2595:2611,0,autoencoder@0.99,0.001482592,2.5214571952819824
ec2_cpu_utilization_77c1ca:2603:2619,0,autoencoder@0.99,0.0014768129,2.5214571952819824
ec2_cpu_utilization_77c1ca:2611:2627,0,autoencoder@0.99,0.0014885445,2.5214571952819824
ec2_cpu_utilization_77c1ca:2619:2635,0,autoencoder@0.99,0.5583136,2.5214571952819824
ec2_cpu_utilization_77c1ca:2627:2643,0,autoencoder@0.99,3.0231032,2.5214571952819824
ec2_cpu_utilization_77c1ca:2635:2651,0,autoencoder@0.99,1.650317,2.5214571952819824
ec2_cpu_utilization_77c1ca:2643:2659,0,autoencoder@0.99,0.8087858,2.5214571952819824
ec2_cpu_utilization_77c1ca:2651:2667,0,autoencoder@0.99,0.6338539,2.5214571952819824
ec2_cpu_utilization_77c1ca:2659:2675,0,autoencoder@0.99,2.3742828,2.5214571952819824
ec2_cpu_utilization_77c1ca:2667:2683,0,autoencoder@0.99,1.7895513,2.5214571952819824
ec2_cpu_utilization_77c1ca:2675:2691,0,autoencoder@0.99,0.53085184,2.5214571952819824
ec2_cpu_utilization_77c1ca:2683:2699,0,autoencoder@0.99,0.55513567,2.5214571952819824
ec2_cpu_utilization_77c1ca:2691:2707,0,autoencoder@0.99,0.94238275,2.5214571952819824
ec2_cpu_utilization_77c1ca:2699:2715,0,autoencoder@0.99,1.496097,2.5214571952819824
ec2_cpu_utilization_77c1ca:2707:2723,0,autoencoder@0.99,1.1399034,2.5214571952819824
ec2_cpu_utilization_77c1ca:2715:2731,0,autoencoder@0.99,0.6558584,2.5214571952819824
ec2_cpu_utilization_77c1ca:2723:2739,0,autoencoder@0.99,0.69707763,2.5214571952819824
ec2_cpu_utilization_77c1ca:2731:2747,0,autoencoder@0.99,0.7763972,2.5214571952819824
ec2_cpu_utilization_77c1ca:2739:2755,0,autoencoder@0.99,0.0014325602,2.5214571952819824
ec2_cpu_utilization_77c1ca:2747:2763,0,autoencoder@0.99,0.0014355531,2.5214571952819824
ec2_cpu_utilization_77c1ca:2755:2771,0,autoencoder@0.99,0.0014115253,2.5214571952819824
ec2_cpu_utilization_77c1ca:2763:2779,0,autoencoder@0.99,0.0014219739,2.5214571952819824
ec2_cpu_utilization_77c1ca:2771:2787,0,autoencoder@0.99,0.0014115339,2.5214571952819824
ec2_cpu_utilization_77c1ca:2779:2795,0,autoencoder@0.99,0.0014281722,2.5214571952819824
ec2_cpu_utilization_77c1ca:2787:2803,0,autoencoder@0.99,0.001431414,2.5214571952819824
ec2_cpu_utilization_77c1ca:2795:2811,0,autoencoder@0.99,0.0014156464,2.5214571952819824
ec2_cpu_utilization_77c1ca:2803:2819,0,autoencoder@0.99,0.0014209651,2.5214571952819824
ec2_cpu_utilization_77c1ca:2811:2827,0,autoencoder@0.99,0.0014133188,2.5214571952819824
ec2_cpu_utilization_77c1ca:2819:2835,0,autoencoder@0.99,0.0014282174,2.5214571952819824
ec2_cpu_utilization_77c1ca:2827:2843,0,autoencoder@0.99,0.0014313995,2.5214571952819824
ec2_cpu_utilization_77c1ca:2835:2851,0,autoencoder@0.99,0.0014300089,2.5214571952819824
ec2_cpu_utilization_77c1ca:2843:2859,0,autoencoder@0.99,0.0014163393,2.5214571952819824
ec2_cpu_utilization_77c1ca:2851:2867,0,autoencoder@0.99,0.0014377122,2.5214571952819824
ec2_cpu_utilization_77c1ca:2859:2875,0,autoencoder@0.99,0.0014493146,2.5214571952819824
ec2_cpu_utilization_77c1ca:2867:2883,0,autoencoder@0.99,0.0014402291,2.5214571952819824
ec2_cpu_utilization_77c1ca:2875:2891,0,autoencoder@0.99,0.0014332478,2.5214571952819824
ec2_cpu_utilization_77c1ca:2883:2899,0,autoencoder@0.99,0.0014261967,2.5214571952819824
ec2_cpu_utilization_77c1ca:2891:2907,0,autoencoder@0.99,0.0014258348,2.5214571952819824
ec2_cpu_utilization_77c1ca:2899:2915,0,autoencoder@0.99,0.0014077814,2.5214571952819824
ec2_cpu_utilization_77c1ca:2907:2923,0,autoencoder@0.99,0.0014186923,2.5214571952819824
ec2_cpu_utilization_77c1ca:2915:2931,0,autoencoder@0.99,0.0014276373,2.5214571952819824
ec2_cpu_utilization_77c1ca:2923:2939,0,autoencoder@0.99,0.0014288789,2.5214571952819824
ec2_cpu_utilization_77c1ca:2931:2947,0,autoencoder@0.99,0.0014324774,2.5214571952819824
ec2_cpu_utilization_77c1ca:2939:2955,0,autoencoder@0.99,0.001426415,2.5214571952819824
ec2_cpu_utilization_77c1ca:2947:2963,0,autoencoder@0.99,0.0014160104,2.5214571952819824
ec2_cpu_utilization_77c1ca:2955:2971,0,autoencoder@0.99,0.0014180406,2.5214571952819824
ec2_cpu_utilization_77c1ca:2963:2979,0,autoencoder@0.99,0.0014188057,2.5214571952819824
ec2_cpu_utilization_77c1ca:2971:2987,0,autoencoder@0.99,0.0014203539,2.5214571952819824
ec2_cpu_utilization_77c1ca:2979:2995,0,autoencoder@0.99,0.0014349918,2.5214571952819824
ec2_cpu_utilization_77c1ca:2987:3003,0,autoencoder@0.99,0.0014086785,2.5214571952819824
ec2_cpu_utilization_77c1ca:2995:3011,0,autoencoder@0.99,0.0014106021,2.5214571952819824
ec2_cpu_utilization_77c1ca:3003:3019,0,autoencoder@0.99,0.0014102622,2.5214571952819824
ec2_cpu_utilization_77c1ca:3011:3027,0,autoencoder@0.99,0.0014277435,2.5214571952819824
ec2_cpu_utilization_77c1ca:3019:3035,0,autoencoder@0.99,0.0014197979,2.5214571952819824
ec2_cpu_utilization_77c1ca:3027:3043,0,autoencoder@0.99,0.0014278124,2.5214571952819824
ec2_cpu_utilization_77c1ca:3035:3051,0,autoencoder@0.99,0.0014232071,2.5214571952819824
ec2_cpu_utilization_77c1ca:3043:3059,0,autoencoder@0.99,0.0014304533,2.5214571952819824
ec2_cpu_utilization_77c1ca:3051:3067,0,autoencoder@0.99,0.0014088558,2.5214571952819824
ec2_cpu_utilization_77c1ca:3059:3075,0,autoencoder@0.99,0.0014287821,2.5214571952819824
ec2_cpu_utilization_77c1ca:3067:3083,0,autoencoder@0.99,0.0014092294,2.5214571952819824
ec2_cpu_utilization_77c1ca:3075:3091,0,autoencoder@0.99,0.0014205836,2.5214571952819824
ec2_cpu_utilization_77c1ca:3083:3099,0,autoencoder@0.99,0.001426953,2.5214571952819824
ec2_cpu_utilization_77c1ca:3091:3107,0,autoencoder@0.99,0.0014193096,2.5214571952819824
ec2_cpu_utilization_77c1ca:3099:3115,0,autoencoder@0.99,0.0014276778,2.5214571952819824
ec2_cpu_utilization_77c1ca:3107:3123,0,autoencoder@0.99,0.0014321308,2.5214571952819824
ec2_cpu_utilization_77c1ca:3115:3131,0,autoencoder@0.99,0.0014260286,2.5214571952819824
ec2_cpu_utilization_77c1ca:3123:3139,0,autoencoder@0.99,0.0014346166,2.5214571952819824
ec2_cpu_utilization_77c1ca:3131:3147,0,autoencoder@0.99,0.0014276537,2.5214571952819824
ec2_cpu_utilization_77c1ca:3139:3155,0,autoencoder@0.99,0.001424264,2.5214571952819824
ec2_cpu_utilization_77c1ca:3147:3163,0,autoencoder@0.99,0.0014291436,2.5214571952819824
ec2_cpu_utilization_77c1ca:3155:3171,0,autoencoder@0.99,0.001431494,2.5214571952819824
ec2_cpu_utilization_77c1ca:3163:3179,0,autoencoder@0.99,0.0014179435,2.5214571952819824
ec2_cpu_utilization_77c1ca:3171:3187,0,autoencoder@0.99,0.001428825,2.5214571952819824
ec2_cpu_utilization_77c1ca:3179:3195,0,autoencoder@0.99,0.0014377383,2.5214571952819824
ec2_cpu_utilization_77c1ca:3187:3203,0,autoencoder@0.99,0.001444905,2.5214571952819824
ec2_cpu_utilization_77c1ca:3195:3211,0,autoencoder@0.99,0.0014382708,2.5214571952819824
ec2_cpu_utilization_77c1ca:3203:3219,0,autoencoder@0.99,0.0014473186,2.5214571952819824
ec2_cpu_utilization_77c1ca:2419:2435,0,max_abs_z@0.95,4.433639,4.469257354736328
ec2_cpu_utilization_77c1ca:2427:2443,0,max_abs_z@0.95,3.4160554,4.469257354736328
ec2_cpu_utilization_77c1ca:2435:2451,0,max_abs_z@0.95,3.899813,4.469257354736328
ec2_cpu_utilization_77c1ca:2443:2459,0,max_abs_z@0.95,3.8998196,4.469257354736328
ec2_cpu_utilization_77c1ca:2451:2467,0,max_abs_z@0.95,0.3429575,4.469257354736328
ec2_cpu_utilization_77c1ca:2459:2475,0,max_abs_z@0.95,0.3429575,4.469257354736328
ec2_cpu_utilization_77c1ca:2467:2483,0,max_abs_z@0.95,3.9377692,4.469257354736328
ec2_cpu_utilization_77c1ca:2475:2491,0,max_abs_z@0.95,3.937773,4.469257354736328
ec2_cpu_utilization_77c1ca:2483:2499,0,max_abs_z@0.95,0.6399053,4.469257354736328
ec2_cpu_utilization_77c1ca:2491:2507,0,max_abs_z@0.95,0.3442581,4.469257354736328
ec2_cpu_utilization_77c1ca:2499:2515,0,max_abs_z@0.95,0.34425086,4.469257354736328
ec2_cpu_utilization_77c1ca:2507:2523,0,max_abs_z@0.95,0.343034,4.469257354736328
ec2_cpu_utilization_77c1ca:2515:2531,0,max_abs_z@0.95,0.3442581,4.469257354736328
ec2_cpu_utilization_77c1ca:2523:2539,0,max_abs_z@0.95,1.3460296,4.469257354736328
ec2_cpu_utilization_77c1ca:2531:2547,0,max_abs_z@0.95,3.5017064,4.469257354736328
ec2_cpu_utilization_77c1ca:2539:2555,0,max_abs_z@0.95,3.9012582,4.469257354736328
ec2_cpu_utilization_77c1ca:2547:2563,0,max_abs_z@0.95,3.901265,4.469257354736328
ec2_cpu_utilization_77c1ca:2555:2571,0,max_abs_z@0.95,2.4787297,4.469257354736328
ec2_cpu_utilization_77c1ca:2563:2579,0,max_abs_z@0.95,4.156338,4.469257354736328
ec2_cpu_utilization_77c1ca:2571:2587,0,max_abs_z@0.95,4.1563416,4.469257354736328
ec2_cpu_utilization_77c1ca:2579:2595,0,max_abs_z@0.95,4.1008625,4.469257354736328
ec2_cpu_utilization_77c1ca:2587:2603,0,max_abs_z@0.95,4.1008654,4.469257354736328
ec2_cpu_utilization_77c1ca:2595:2611,0,max_abs_z@0.95,0.34425086,4.469257354736328
ec2_cpu_utilization_77c1ca:2603:2619,0,max_abs_z@0.95,0.343034,4.469257354736328
ec2_cpu_utilization_77c1ca:2611:2627,0,max_abs_z@0.95,0.343034,4.469257354736328
ec2_cpu_utilization_77c1ca:2619:2635,0,max_abs_z@0.95,3.9409766,4.469257354736328
ec2_cpu_utilization_77c1ca:2627:2643,0,max_abs_z@0.95,4.4097023,4.469257354736328
ec2_cpu_utilization_77c1ca:2635:2651,0,max_abs_z@0.95,4.409701,4.469257354736328
ec2_cpu_utilization_77c1ca:2643:2659,0,max_abs_z@0.95,3.867424,4.469257354736328
ec2_cpu_utilization_77c1ca:2651:2667,0,max_abs_z@0.95,4.1089067,4.469257354736328
ec2_cpu_utilization_77c1ca:2659:2675,0,max_abs_z@0.95,4.4835453,4.469257354736328
ec2_cpu_utilization_77c1ca:2667:2683,0,max_abs_z@0.95,4.4835434,4.469257354736328
ec2_cpu_utilization_77c1ca:2675:2691,0,max_abs_z@0.95,3.7668197,4.469257354736328
ec2_cpu_utilization_77c1ca:2683:2699,0,max_abs_z@0.95,4.0443497,4.469257354736328
ec2_cpu_utilization_77c1ca:2691:2707,0,max_abs_z@0.95,4.0443482,4.469257354736328
ec2_cpu_utilization_77c1ca:2699:2715,0,max_abs_z@0.95,4.120509,4.469257354736328
ec2_cpu_utilization_77c1ca:2707:2723,0,max_abs_z@0.95,4.1205077,4.469257354736328
ec2_cpu_utilization_77c1ca:2715:2731,0,max_abs_z@0.95,3.922109,4.469257354736328
ec2_cpu_utilization_77c1ca:2723:2739,0,max_abs_z@0.95,3.9221127,4.469257354736328
ec2_cpu_utilization_77c1ca:2731:2747,0,max_abs_z@0.95,3.4701755,4.469257354736328
ec2_cpu_utilization_77c1ca:2739:2755,0,max_abs_z@0.95,0.3430268,4.469257354736328
ec2_cpu_utilization_77c1ca:2747:2763,0,max_abs_z@0.95,0.3429575,4.469257354736328
ec2_cpu_utilization_77c1ca:2755:2771,0,max_abs_z@0.95,0.3429575,4.469257354736328
ec2_cpu_utilization_77c1ca:2763:2779,0,max_abs_z@0.95,0.3429575,4.469257354736328
ec2_cpu_utilization_77c1ca:2771:2787,0,max_abs_z@0.95,0.3429575,4.469257354736328
ec2_cpu_utilization_77c1ca:2779:2795,0,max_abs_z@0.95,0.343034,4.469257354736328
ec2_cpu_utilization_77c1ca:2787:2803,0,max_abs_z@0.95,0.3443346,4.469257354736328
ec2_cpu_utilization_77c1ca:2795:2811,0,max_abs_z@0.95,0.34432736,4.469257354736328
ec2_cpu_utilization_77c1ca:2803:2819,0,max_abs_z@0.95,0.3442581,4.469257354736328
ec2_cpu_utilization_77c1ca:2811:2827,0,max_abs_z@0.95,0.34425086,4.469257354736328
ec2_cpu_utilization_77c1ca:2819:2835,0,max_abs_z@0.95,0.3430268,4.469257354736328
ec2_cpu_utilization_77c1ca:2827:2843,0,max_abs_z@0.95,0.3429575,4.469257354736328
ec2_cpu_utilization_77c1ca:2835:2851,0,max_abs_z@0.95,0.343034,4.469257354736328
ec2_cpu_utilization_77c1ca:2843:2859,0,max_abs_z@0.95,0.3442581,4.469257354736328
ec2_cpu_utilization_77c1ca:2851:2867,0,max_abs_z@0.95,0.34425086,4.469257354736328
ec2_cpu_utilization_77c1ca:2859:2875,0,max_abs_z@0.95,0.3430268,4.469257354736328
ec2_cpu_utilization_77c1ca:2867:2883,0,max_abs_z@0.95,0.3429575,4.469257354736328
ec2_cpu_utilization_77c1ca:2875:2891,0,max_abs_z@0.95,0.3443346,4.469257354736328
ec2_cpu_utilization_77c1ca:2883:2899,0,max_abs_z@0.95,0.34432736,4.469257354736328
ec2_cpu_utilization_77c1ca:2891:2907,0,max_abs_z@0.95,0.3442581,4.469257354736328
ec2_cpu_utilization_77c1ca:2899:2915,0,max_abs_z@0.95,0.34425086,4.469257354736328
ec2_cpu_utilization_77c1ca:2907:2923,0,max_abs_z@0.95,0.3430268,4.469257354736328
ec2_cpu_utilization_77c1ca:2915:2931,0,max_abs_z@0.95,0.343034,4.469257354736328
ec2_cpu_utilization_77c1ca:2923:2939,0,max_abs_z@0.95,0.3430268,4.469257354736328
ec2_cpu_utilization_77c1ca:2931:2947,0,max_abs_z@0.95,0.3442581,4.469257354736328
ec2_cpu_utilization_77c1ca:2939:2955,0,max_abs_z@0.95,0.3442581,4.469257354736328
ec2_cpu_utilization_77c1ca:2947:2963,0,max_abs_z@0.95,0.3442581,4.469257354736328
ec2_cpu_utilization_77c1ca:2955:2971,0,max_abs_z@0.95,0.34425086,4.469257354736328
ec2_cpu_utilization_77c1ca:2963:2979,0,max_abs_z@0.95,0.343034,4.469257354736328
ec2_cpu_utilization_77c1ca:2971:2987,0,max_abs_z@0.95,0.3442581,4.469257354736328
ec2_cpu_utilization_77c1ca:2979:2995,0,max_abs_z@0.95,0.34425086,4.469257354736328
ec2_cpu_utilization_77c1ca:2987:3003,0,max_abs_z@0.95,0.34310332,4.469257354736328
ec2_cpu_utilization_77c1ca:2995:3011,0,max_abs_z@0.95,0.3443346,4.469257354736328
ec2_cpu_utilization_77c1ca:3003:3019,0,max_abs_z@0.95,0.34432736,4.469257354736328
ec2_cpu_utilization_77c1ca:3011:3027,0,max_abs_z@0.95,0.3430268,4.469257354736328
ec2_cpu_utilization_77c1ca:3019:3035,0,max_abs_z@0.95,0.3429575,4.469257354736328
ec2_cpu_utilization_77c1ca:3027:3043,0,max_abs_z@0.95,0.343034,4.469257354736328
ec2_cpu_utilization_77c1ca:3035:3051,0,max_abs_z@0.95,0.343034,4.469257354736328
ec2_cpu_utilization_77c1ca:3043:3059,0,max_abs_z@0.95,0.3430268,4.469257354736328
ec2_cpu_utilization_77c1ca:3051:3067,0,max_abs_z@0.95,0.3429575,4.469257354736328
ec2_cpu_utilization_77c1ca:3059:3075,0,max_abs_z@0.95,0.343034,4.469257354736328
ec2_cpu_utilization_77c1ca:3067:3083,0,max_abs_z@0.95,0.3430268,4.469257354736328
ec2_cpu_utilization_77c1ca:3075:3091,0,max_abs_z@0.95,0.3442581,4.469257354736328
ec2_cpu_utilization_77c1ca:3083:3099,0,max_abs_z@0.95,0.3442581,4.469257354736328
ec2_cpu_utilization_77c1ca:3091:3107,0,max_abs_z@0.95,0.3442581,4.469257354736328
ec2_cpu_utilization_77c1ca:3099:3115,0,max_abs_z@0.95,0.34425086,4.469257354736328
ec2_cpu_utilization_77c1ca:3107:3123,0,max_abs_z@0.95,0.343034,4.469257354736328
ec2_cpu_utilization_77c1ca:3115:3131,0,max_abs_z@0.95,0.3443346,4.469257354736328
ec2_cpu_utilization_77c1ca:3123:3139,0,max_abs_z@0.95,0.34432736,4.469257354736328
ec2_cpu_utilization_77c1ca:3131:3147,0,max_abs_z@0.95,0.3429575,4.469257354736328
ec2_cpu_utilization_77c1ca:3139:3155,0,max_abs_z@0.95,0.343034,4.469257354736328
ec2_cpu_utilization_77c1ca:3147:3163,0,max_abs_z@0.95,0.343034,4.469257354736328
ec2_cpu_utilization_77c1ca:3155:3171,0,max_abs_z@0.95,0.343034,4.469257354736328
ec2_cpu_utilization_77c1ca:3163:3179,0,max_abs_z@0.95,0.3442581,4.469257354736328
ec2_cpu_utilization_77c1ca:3171:3187,0,max_abs_z@0.95,0.34425086,4.469257354736328
ec2_cpu_utilization_77c1ca:3179:3195,0,max_abs_z@0.95,0.343034,4.469257354736328
ec2_cpu_utilization_77c1ca:3187:3203,0,max_abs_z@0.95,0.343034,4.469257354736328
ec2_cpu_utilization_77c1ca:3195:3211,0,max_abs_z@0.95,0.343034,4.469257354736328
ec2_cpu_utilization_77c1ca:3203:3219,0,max_abs_z@0.95,0.3430268,4.469257354736328
ec2_cpu_utilization_77c1ca:2419:2435,0,max_abs_z@0.975,4.433639,4.469258785247803
ec2_cpu_utilization_77c1ca:2427:2443,0,max_abs_z@0.975,3.4160554,4.469258785247803
ec2_cpu_utilization_77c1ca:2435:2451,0,max_abs_z@0.975,3.899813,4.469258785247803
ec2_cpu_utilization_77c1ca:2443:2459,0,max_abs_z@0.975,3.8998196,4.469258785247803
ec2_cpu_utilization_77c1ca:2451:2467,0,max_abs_z@0.975,0.3429575,4.469258785247803
ec2_cpu_utilization_77c1ca:2459:2475,0,max_abs_z@0.975,0.3429575,4.469258785247803
ec2_cpu_utilization_77c1ca:2467:2483,0,max_abs_z@0.975,3.9377692,4.469258785247803
ec2_cpu_utilization_77c1ca:2475:2491,0,max_abs_z@0.975,3.937773,4.469258785247803
ec2_cpu_utilization_77c1ca:2483:2499,0,max_abs_z@0.975,0.6399053,4.469258785247803
ec2_cpu_utilization_77c1ca:2491:2507,0,max_abs_z@0.975,0.3442581,4.469258785247803
ec2_cpu_utilization_77c1ca:2499:2515,0,max_abs_z@0.975,0.34425086,4.469258785247803
ec2_cpu_utilization_77c1ca:2507:2523,0,max_abs_z@0.975,0.343034,4.469258785247803
ec2_cpu_utilization_77c1ca:2515:2531,0,max_abs_z@0.975,0.3442581,4.469258785247803
ec2_cpu_utilization_77c1ca:2523:2539,0,max_abs_z@0.975,1.3460296,4.469258785247803
ec2_cpu_utilization_77c1ca:2531:2547,0,max_abs_z@0.975,3.5017064,4.469258785247803
ec2_cpu_utilization_77c1ca:2539:2555,0,max_abs_z@0.975,3.9012582,4.469258785247803
ec2_cpu_utilization_77c1ca:2547:2563,0,max_abs_z@0.975,3.901265,4.469258785247803
ec2_cpu_utilization_77c1ca:2555:2571,0,max_abs_z@0.975,2.4787297,4.469258785247803
ec2_cpu_utilization_77c1ca:2563:2579,0,max_abs_z@0.975,4.156338,4.469258785247803
ec2_cpu_utilization_77c1ca:2571:2587,0,max_abs_z@0.975,4.1563416,4.469258785247803
ec2_cpu_utilization_77c1ca:2579:2595,0,max_abs_z@0.975,4.1008625,4.469258785247803
ec2_cpu_utilization_77c1ca:2587:2603,0,max_abs_z@0.975,4.1008654,4.469258785247803
ec2_cpu_utilization_77c1ca:2595:2611,0,max_abs_z@0.975,0.34425086,4.469258785247803
ec2_cpu_utilization_77c1ca:2603:2619,0,max_abs_z@0.975,0.343034,4.469258785247803
ec2_cpu_utilization_77c1ca:2611:2627,0,max_abs_z@0.975,0.343034,4.469258785247803
ec2_cpu_utilization_77c1ca:2619:2635,0,max_abs_z@0.975,3.9409766,4.469258785247803
ec2_cpu_utilization_77c1ca:2627:2643,0,max_abs_z@0.975,4.4097023,4.469258785247803
ec2_cpu_utilization_77c1ca:2635:2651,0,max_abs_z@0.975,4.409701,4.469258785247803
ec2_cpu_utilization_77c1ca:2643:2659,0,max_abs_z@0.975,3.867424,4.469258785247803
ec2_cpu_utilization_77c1ca:2651:2667,0,max_abs_z@0.975,4.1089067,4.469258785247803
ec2_cpu_utilization_77c1ca:2659:2675,0,max_abs_z@0.975,4.4835453,4.469258785247803
ec2_cpu_utilization_77c1ca:2667:2683,0,max_abs_z@0.975,4.4835434,4.469258785247803
ec2_cpu_utilization_77c1ca:2675:2691,0,max_abs_z@0.975,3.7668197,4.469258785247803
ec2_cpu_utilization_77c1ca:2683:2699,0,max_abs_z@0.975,4.0443497,4.469258785247803
ec2_cpu_utilization_77c1ca:2691:2707,0,max_abs_z@0.975,4.0443482,4.469258785247803
ec2_cpu_utilization_77c1ca:2699:2715,0,max_abs_z@0.975,4.120509,4.469258785247803
ec2_cpu_utilization_77c1ca:2707:2723,0,max_abs_z@0.975,4.1205077,4.469258785247803
ec2_cpu_utilization_77c1ca:2715:2731,0,max_abs_z@0.975,3.922109,4.469258785247803
ec2_cpu_utilization_77c1ca:2723:2739,0,max_abs_z@0.975,3.9221127,4.469258785247803
ec2_cpu_utilization_77c1ca:2731:2747,0,max_abs_z@0.975,3.4701755,4.469258785247803
ec2_cpu_utilization_77c1ca:2739:2755,0,max_abs_z@0.975,0.3430268,4.469258785247803
ec2_cpu_utilization_77c1ca:2747:2763,0,max_abs_z@0.975,0.3429575,4.469258785247803
ec2_cpu_utilization_77c1ca:2755:2771,0,max_abs_z@0.975,0.3429575,4.469258785247803
ec2_cpu_utilization_77c1ca:2763:2779,0,max_abs_z@0.975,0.3429575,4.469258785247803
ec2_cpu_utilization_77c1ca:2771:2787,0,max_abs_z@0.975,0.3429575,4.469258785247803
ec2_cpu_utilization_77c1ca:2779:2795,0,max_abs_z@0.975,0.343034,4.469258785247803
ec2_cpu_utilization_77c1ca:2787:2803,0,max_abs_z@0.975,0.3443346,4.469258785247803
ec2_cpu_utilization_77c1ca:2795:2811,0,max_abs_z@0.975,0.34432736,4.469258785247803
ec2_cpu_utilization_77c1ca:2803:2819,0,max_abs_z@0.975,0.3442581,4.469258785247803
ec2_cpu_utilization_77c1ca:2811:2827,0,max_abs_z@0.975,0.34425086,4.469258785247803
ec2_cpu_utilization_77c1ca:2819:2835,0,max_abs_z@0.975,0.3430268,4.469258785247803
ec2_cpu_utilization_77c1ca:2827:2843,0,max_abs_z@0.975,0.3429575,4.469258785247803
ec2_cpu_utilization_77c1ca:2835:2851,0,max_abs_z@0.975,0.343034,4.469258785247803
ec2_cpu_utilization_77c1ca:2843:2859,0,max_abs_z@0.975,0.3442581,4.469258785247803
ec2_cpu_utilization_77c1ca:2851:2867,0,max_abs_z@0.975,0.34425086,4.469258785247803
ec2_cpu_utilization_77c1ca:2859:2875,0,max_abs_z@0.975,0.3430268,4.469258785247803
ec2_cpu_utilization_77c1ca:2867:2883,0,max_abs_z@0.975,0.3429575,4.469258785247803
ec2_cpu_utilization_77c1ca:2875:2891,0,max_abs_z@0.975,0.3443346,4.469258785247803
ec2_cpu_utilization_77c1ca:2883:2899,0,max_abs_z@0.975,0.34432736,4.469258785247803
ec2_cpu_utilization_77c1ca:2891:2907,0,max_abs_z@0.975,0.3442581,4.469258785247803
ec2_cpu_utilization_77c1ca:2899:2915,0,max_abs_z@0.975,0.34425086,4.469258785247803
ec2_cpu_utilization_77c1ca:2907:2923,0,max_abs_z@0.975,0.3430268,4.469258785247803
ec2_cpu_utilization_77c1ca:2915:2931,0,max_abs_z@0.975,0.343034,4.469258785247803
ec2_cpu_utilization_77c1ca:2923:2939,0,max_abs_z@0.975,0.3430268,4.469258785247803
ec2_cpu_utilization_77c1ca:2931:2947,0,max_abs_z@0.975,0.3442581,4.469258785247803
ec2_cpu_utilization_77c1ca:2939:2955,0,max_abs_z@0.975,0.3442581,4.469258785247803
ec2_cpu_utilization_77c1ca:2947:2963,0,max_abs_z@0.975,0.3442581,4.469258785247803
ec2_cpu_utilization_77c1ca:2955:2971,0,max_abs_z@0.975,0.34425086,4.469258785247803
ec2_cpu_utilization_77c1ca:2963:2979,0,max_abs_z@0.975,0.343034,4.469258785247803
ec2_cpu_utilization_77c1ca:2971:2987,0,max_abs_z@0.975,0.3442581,4.469258785247803
ec2_cpu_utilization_77c1ca:2979:2995,0,max_abs_z@0.975,0.34425086,4.469258785247803
ec2_cpu_utilization_77c1ca:2987:3003,0,max_abs_z@0.975,0.34310332,4.469258785247803
ec2_cpu_utilization_77c1ca:2995:3011,0,max_abs_z@0.975,0.3443346,4.469258785247803
ec2_cpu_utilization_77c1ca:3003:3019,0,max_abs_z@0.975,0.34432736,4.469258785247803
ec2_cpu_utilization_77c1ca:3011:3027,0,max_abs_z@0.975,0.3430268,4.469258785247803
ec2_cpu_utilization_77c1ca:3019:3035,0,max_abs_z@0.975,0.3429575,4.469258785247803
ec2_cpu_utilization_77c1ca:3027:3043,0,max_abs_z@0.975,0.343034,4.469258785247803
ec2_cpu_utilization_77c1ca:3035:3051,0,max_abs_z@0.975,0.343034,4.469258785247803
ec2_cpu_utilization_77c1ca:3043:3059,0,max_abs_z@0.975,0.3430268,4.469258785247803
ec2_cpu_utilization_77c1ca:3051:3067,0,max_abs_z@0.975,0.3429575,4.469258785247803
ec2_cpu_utilization_77c1ca:3059:3075,0,max_abs_z@0.975,0.343034,4.469258785247803
ec2_cpu_utilization_77c1ca:3067:3083,0,max_abs_z@0.975,0.3430268,4.469258785247803
ec2_cpu_utilization_77c1ca:3075:3091,0,max_abs_z@0.975,0.3442581,4.469258785247803
ec2_cpu_utilization_77c1ca:3083:3099,0,max_abs_z@0.975,0.3442581,4.469258785247803
ec2_cpu_utilization_77c1ca:3091:3107,0,max_abs_z@0.975,0.3442581,4.469258785247803
ec2_cpu_utilization_77c1ca:3099:3115,0,max_abs_z@0.975,0.34425086,4.469258785247803
ec2_cpu_utilization_77c1ca:3107:3123,0,max_abs_z@0.975,0.343034,4.469258785247803
ec2_cpu_utilization_77c1ca:3115:3131,0,max_abs_z@0.975,0.3443346,4.469258785247803
ec2_cpu_utilization_77c1ca:3123:3139,0,max_abs_z@0.975,0.34432736,4.469258785247803
ec2_cpu_utilization_77c1ca:3131:3147,0,max_abs_z@0.975,0.3429575,4.469258785247803
ec2_cpu_utilization_77c1ca:3139:3155,0,max_abs_z@0.975,0.343034,4.469258785247803
ec2_cpu_utilization_77c1ca:3147:3163,0,max_abs_z@0.975,0.343034,4.469258785247803
ec2_cpu_utilization_77c1ca:3155:3171,0,max_abs_z@0.975,0.343034,4.469258785247803
ec2_cpu_utilization_77c1ca:3163:3179,0,max_abs_z@0.975,0.3442581,4.469258785247803
ec2_cpu_utilization_77c1ca:3171:3187,0,max_abs_z@0.975,0.34425086,4.469258785247803
ec2_cpu_utilization_77c1ca:3179:3195,0,max_abs_z@0.975,0.343034,4.469258785247803
ec2_cpu_utilization_77c1ca:3187:3203,0,max_abs_z@0.975,0.343034,4.469258785247803
ec2_cpu_utilization_77c1ca:3195:3211,0,max_abs_z@0.975,0.343034,4.469258785247803
ec2_cpu_utilization_77c1ca:3203:3219,0,max_abs_z@0.975,0.3430268,4.469258785247803
ec2_cpu_utilization_77c1ca:2419:2435,0,max_abs_z@0.99,4.433639,4.4851861000061035
ec2_cpu_utilization_77c1ca:2427:2443,0,max_abs_z@0.99,3.4160554,4.4851861000061035
ec2_cpu_utilization_77c1ca:2435:2451,0,max_abs_z@0.99,3.899813,4.4851861000061035
ec2_cpu_utilization_77c1ca:2443:2459,0,max_abs_z@0.99,3.8998196,4.4851861000061035
ec2_cpu_utilization_77c1ca:2451:2467,0,max_abs_z@0.99,0.3429575,4.4851861000061035
ec2_cpu_utilization_77c1ca:2459:2475,0,max_abs_z@0.99,0.3429575,4.4851861000061035
ec2_cpu_utilization_77c1ca:2467:2483,0,max_abs_z@0.99,3.9377692,4.4851861000061035
ec2_cpu_utilization_77c1ca:2475:2491,0,max_abs_z@0.99,3.937773,4.4851861000061035
ec2_cpu_utilization_77c1ca:2483:2499,0,max_abs_z@0.99,0.6399053,4.4851861000061035
ec2_cpu_utilization_77c1ca:2491:2507,0,max_abs_z@0.99,0.3442581,4.4851861000061035
ec2_cpu_utilization_77c1ca:2499:2515,0,max_abs_z@0.99,0.34425086,4.4851861000061035
ec2_cpu_utilization_77c1ca:2507:2523,0,max_abs_z@0.99,0.343034,4.4851861000061035
ec2_cpu_utilization_77c1ca:2515:2531,0,max_abs_z@0.99,0.3442581,4.4851861000061035
ec2_cpu_utilization_77c1ca:2523:2539,0,max_abs_z@0.99,1.3460296,4.4851861000061035
ec2_cpu_utilization_77c1ca:2531:2547,0,max_abs_z@0.99,3.5017064,4.4851861000061035
ec2_cpu_utilization_77c1ca:2539:2555,0,max_abs_z@0.99,3.9012582,4.4851861000061035
ec2_cpu_utilization_77c1ca:2547:2563,0,max_abs_z@0.99,3.901265,4.4851861000061035
ec2_cpu_utilization_77c1ca:2555:2571,0,max_abs_z@0.99,2.4787297,4.4851861000061035
ec2_cpu_utilization_77c1ca:2563:2579,0,max_abs_z@0.99,4.156338,4.4851861000061035
ec2_cpu_utilization_77c1ca:2571:2587,0,max_abs_z@0.99,4.1563416,4.4851861000061035
ec2_cpu_utilization_77c1ca:2579:2595,0,max_abs_z@0.99,4.1008625,4.4851861000061035
ec2_cpu_utilization_77c1ca:2587:2603,0,max_abs_z@0.99,4.1008654,4.4851861000061035
ec2_cpu_utilization_77c1ca:2595:2611,0,max_abs_z@0.99,0.34425086,4.4851861000061035
ec2_cpu_utilization_77c1ca:2603:2619,0,max_abs_z@0.99,0.343034,4.4851861000061035
ec2_cpu_utilization_77c1ca:2611:2627,0,max_abs_z@0.99,0.343034,4.4851861000061035
ec2_cpu_utilization_77c1ca:2619:2635,0,max_abs_z@0.99,3.9409766,4.4851861000061035
ec2_cpu_utilization_77c1ca:2627:2643,0,max_abs_z@0.99,4.4097023,4.4851861000061035
ec2_cpu_utilization_77c1ca:2635:2651,0,max_abs_z@0.99,4.409701,4.4851861000061035
ec2_cpu_utilization_77c1ca:2643:2659,0,max_abs_z@0.99,3.867424,4.4851861000061035
ec2_cpu_utilization_77c1ca:2651:2667,0,max_abs_z@0.99,4.1089067,4.4851861000061035
ec2_cpu_utilization_77c1ca:2659:2675,0,max_abs_z@0.99,4.4835453,4.4851861000061035
ec2_cpu_utilization_77c1ca:2667:2683,0,max_abs_z@0.99,4.4835434,4.4851861000061035
ec2_cpu_utilization_77c1ca:2675:2691,0,max_abs_z@0.99,3.7668197,4.4851861000061035
ec2_cpu_utilization_77c1ca:2683:2699,0,max_abs_z@0.99,4.0443497,4.4851861000061035
ec2_cpu_utilization_77c1ca:2691:2707,0,max_abs_z@0.99,4.0443482,4.4851861000061035
ec2_cpu_utilization_77c1ca:2699:2715,0,max_abs_z@0.99,4.120509,4.4851861000061035
ec2_cpu_utilization_77c1ca:2707:2723,0,max_abs_z@0.99,4.1205077,4.4851861000061035
ec2_cpu_utilization_77c1ca:2715:2731,0,max_abs_z@0.99,3.922109,4.4851861000061035
ec2_cpu_utilization_77c1ca:2723:2739,0,max_abs_z@0.99,3.9221127,4.4851861000061035
ec2_cpu_utilization_77c1ca:2731:2747,0,max_abs_z@0.99,3.4701755,4.4851861000061035
ec2_cpu_utilization_77c1ca:2739:2755,0,max_abs_z@0.99,0.3430268,4.4851861000061035
ec2_cpu_utilization_77c1ca:2747:2763,0,max_abs_z@0.99,0.3429575,4.4851861000061035
ec2_cpu_utilization_77c1ca:2755:2771,0,max_abs_z@0.99,0.3429575,4.4851861000061035
ec2_cpu_utilization_77c1ca:2763:2779,0,max_abs_z@0.99,0.3429575,4.4851861000061035
ec2_cpu_utilization_77c1ca:2771:2787,0,max_abs_z@0.99,0.3429575,4.4851861000061035
ec2_cpu_utilization_77c1ca:2779:2795,0,max_abs_z@0.99,0.343034,4.4851861000061035
ec2_cpu_utilization_77c1ca:2787:2803,0,max_abs_z@0.99,0.3443346,4.4851861000061035
ec2_cpu_utilization_77c1ca:2795:2811,0,max_abs_z@0.99,0.34432736,4.4851861000061035
ec2_cpu_utilization_77c1ca:2803:2819,0,max_abs_z@0.99,0.3442581,4.4851861000061035
ec2_cpu_utilization_77c1ca:2811:2827,0,max_abs_z@0.99,0.34425086,4.4851861000061035
ec2_cpu_utilization_77c1ca:2819:2835,0,max_abs_z@0.99,0.3430268,4.4851861000061035
ec2_cpu_utilization_77c1ca:2827:2843,0,max_abs_z@0.99,0.3429575,4.4851861000061035
ec2_cpu_utilization_77c1ca:2835:2851,0,max_abs_z@0.99,0.343034,4.4851861000061035
ec2_cpu_utilization_77c1ca:2843:2859,0,max_abs_z@0.99,0.3442581,4.4851861000061035
ec2_cpu_utilization_77c1ca:2851:2867,0,max_abs_z@0.99,0.34425086,4.4851861000061035
ec2_cpu_utilization_77c1ca:2859:2875,0,max_abs_z@0.99,0.3430268,4.4851861000061035
ec2_cpu_utilization_77c1ca:2867:2883,0,max_abs_z@0.99,0.3429575,4.4851861000061035
ec2_cpu_utilization_77c1ca:2875:2891,0,max_abs_z@0.99,0.3443346,4.4851861000061035
ec2_cpu_utilization_77c1ca:2883:2899,0,max_abs_z@0.99,0.34432736,4.4851861000061035
ec2_cpu_utilization_77c1ca:2891:2907,0,max_abs_z@0.99,0.3442581,4.4851861000061035
ec2_cpu_utilization_77c1ca:2899:2915,0,max_abs_z@0.99,0.34425086,4.4851861000061035
ec2_cpu_utilization_77c1ca:2907:2923,0,max_abs_z@0.99,0.3430268,4.4851861000061035
ec2_cpu_utilization_77c1ca:2915:2931,0,max_abs_z@0.99,0.343034,4.4851861000061035
ec2_cpu_utilization_77c1ca:2923:2939,0,max_abs_z@0.99,0.3430268,4.4851861000061035
ec2_cpu_utilization_77c1ca:2931:2947,0,max_abs_z@0.99,0.3442581,4.4851861000061035
ec2_cpu_utilization_77c1ca:2939:2955,0,max_abs_z@0.99,0.3442581,4.4851861000061035
ec2_cpu_utilization_77c1ca:2947:2963,0,max_abs_z@0.99,0.3442581,4.4851861000061035
ec2_cpu_utilization_77c1ca:2955:2971,0,max_abs_z@0.99,0.34425086,4.4851861000061035
ec2_cpu_utilization_77c1ca:2963:2979,0,max_abs_z@0.99,0.343034,4.4851861000061035
ec2_cpu_utilization_77c1ca:2971:2987,0,max_abs_z@0.99,0.3442581,4.4851861000061035
ec2_cpu_utilization_77c1ca:2979:2995,0,max_abs_z@0.99,0.34425086,4.4851861000061035
ec2_cpu_utilization_77c1ca:2987:3003,0,max_abs_z@0.99,0.34310332,4.4851861000061035
ec2_cpu_utilization_77c1ca:2995:3011,0,max_abs_z@0.99,0.3443346,4.4851861000061035
ec2_cpu_utilization_77c1ca:3003:3019,0,max_abs_z@0.99,0.34432736,4.4851861000061035
ec2_cpu_utilization_77c1ca:3011:3027,0,max_abs_z@0.99,0.3430268,4.4851861000061035
ec2_cpu_utilization_77c1ca:3019:3035,0,max_abs_z@0.99,0.3429575,4.4851861000061035
ec2_cpu_utilization_77c1ca:3027:3043,0,max_abs_z@0.99,0.343034,4.4851861000061035
ec2_cpu_utilization_77c1ca:3035:3051,0,max_abs_z@0.99,0.343034,4.4851861000061035
ec2_cpu_utilization_77c1ca:3043:3059,0,max_abs_z@0.99,0.3430268,4.4851861000061035
ec2_cpu_utilization_77c1ca:3051:3067,0,max_abs_z@0.99,0.3429575,4.4851861000061035
ec2_cpu_utilization_77c1ca:3059:3075,0,max_abs_z@0.99,0.343034,4.4851861000061035
ec2_cpu_utilization_77c1ca:3067:3083,0,max_abs_z@0.99,0.3430268,4.4851861000061035
ec2_cpu_utilization_77c1ca:3075:3091,0,max_abs_z@0.99,0.3442581,4.4851861000061035
ec2_cpu_utilization_77c1ca:3083:3099,0,max_abs_z@0.99,0.3442581,4.4851861000061035
ec2_cpu_utilization_77c1ca:3091:3107,0,max_abs_z@0.99,0.3442581,4.4851861000061035
ec2_cpu_utilization_77c1ca:3099:3115,0,max_abs_z@0.99,0.34425086,4.4851861000061035
ec2_cpu_utilization_77c1ca:3107:3123,0,max_abs_z@0.99,0.343034,4.4851861000061035
ec2_cpu_utilization_77c1ca:3115:3131,0,max_abs_z@0.99,0.3443346,4.4851861000061035
ec2_cpu_utilization_77c1ca:3123:3139,0,max_abs_z@0.99,0.34432736,4.4851861000061035
ec2_cpu_utilization_77c1ca:3131:3147,0,max_abs_z@0.99,0.3429575,4.4851861000061035
ec2_cpu_utilization_77c1ca:3139:3155,0,max_abs_z@0.99,0.343034,4.4851861000061035
ec2_cpu_utilization_77c1ca:3147:3163,0,max_abs_z@0.99,0.343034,4.4851861000061035
ec2_cpu_utilization_77c1ca:3155:3171,0,max_abs_z@0.99,0.343034,4.4851861000061035
ec2_cpu_utilization_77c1ca:3163:3179,0,max_abs_z@0.99,0.3442581,4.4851861000061035
ec2_cpu_utilization_77c1ca:3171:3187,0,max_abs_z@0.99,0.34425086,4.4851861000061035
ec2_cpu_utilization_77c1ca:3179:3195,0,max_abs_z@0.99,0.343034,4.4851861000061035
ec2_cpu_utilization_77c1ca:3187:3203,0,max_abs_z@0.99,0.343034,4.4851861000061035
ec2_cpu_utilization_77c1ca:3195:3211,0,max_abs_z@0.99,0.343034,4.4851861000061035
ec2_cpu_utilization_77c1ca:3203:3219,0,max_abs_z@0.99,0.3430268,4.4851861000061035
ec2_cpu_utilization_77c1ca:2419:2435,0,rolling_32@0.95,42.148190104662135,42.00629029345212
ec2_cpu_utilization_77c1ca:2427:2443,0,rolling_32@0.95,40.2658251417932,42.00629029345212
ec2_cpu_utilization_77c1ca:2435:2451,0,rolling_32@0.95,42.14734295740835,42.00629029345212
ec2_cpu_utilization_77c1ca:2443:2459,0,rolling_32@0.95,42.14734295740835,42.00629029345212
ec2_cpu_utilization_77c1ca:2451:2467,0,rolling_32@0.95,0.6745439193206498,42.00629029345212
ec2_cpu_utilization_77c1ca:2459:2475,0,rolling_32@0.95,0.05591181342605485,42.00629029345212
ec2_cpu_utilization_77c1ca:2467:2483,0,rolling_32@0.95,42.271026589007704,42.00629029345212
ec2_cpu_utilization_77c1ca:2475:2491,0,rolling_32@0.95,42.271026589007704,42.00629029345212
ec2_cpu_utilization_77c1ca:2483:2499,0,rolling_32@0.95,10.883319057670526,42.00629029345212
ec2_cpu_utilization_77c1ca:2491:2507,0,rolling_32@0.95,0.3964655838168436,42.00629029345212
ec2_cpu_utilization_77c1ca:2499:2515,0,rolling_32@0.95,0.01609582306891364,42.00629029345212
ec2_cpu_utilization_77c1ca:2507:2523,0,rolling_32@0.95,0.01609582306891364,42.00629029345212
ec2_cpu_utilization_77c1ca:2515:2531,0,rolling_32@0.95,0.014825102188236124,42.00629029345212
ec2_cpu_utilization_77c1ca:2523:2539,0,rolling_32@0.95,17.02175792386135,42.00629029345212
ec2_cpu_utilization_77c1ca:2531:2547,0,rolling_32@0.95,41.644981817717635,42.00629029345212
ec2_cpu_utilization_77c1ca:2539:2555,0,rolling_32@0.95,42.15496584676938,42.00629029345212
ec2_cpu_utilization_77c1ca:2547:2563,0,rolling_32@0.95,42.15496584676938,42.00629029345212
ec2_cpu_utilization_77c1ca:2555:2571,0,rolling_32@0.95,10.516408127068544,42.00629029345212
ec2_cpu_utilization_77c1ca:2563:2579,0,rolling_32@0.95,2.369887363715132,42.00629029345212
ec2_cpu_utilization_77c1ca:2571:2587,0,rolling_32@0.95,2.369887363715132,42.00629029345212
ec2_cpu_utilization_77c1ca:2579:2595,0,rolling_32@0.95,41.01936323469674,42.00629029345212
ec2_cpu_utilization_77c1ca:2587:2603,0,rolling_32@0.95,41.01936323469674,42.00629029345212
ec2_cpu_utilization_77c1ca:2595:2611,0,rolling_32@0.95,0.6744907594765952,42.00629029345212
ec2_cpu_utilization_77c1ca:2603:2619,0,rolling_32@0.95,0.08471486423699247,42.00629029345212
ec2_cpu_utilization_77c1ca:2611:2627,0,rolling_32@0.95,0.06946619157773865,42.00629029345212
ec2_cpu_utilization_77c1ca:2619:2635,0,rolling_32@0.95,41.159567735207496,42.00629029345212
ec2_cpu_utilization_77c1ca:2627:2643,0,rolling_32@0.95,41.84999177503284,42.00629029345212
ec2_cpu_utilization_77c1ca:2635:2651,0,rolling_32@0.95,41.861852448825545,42.00629029345212
ec2_cpu_utilization_77c1ca:2643:2659,0,rolling_32@0.95,41.861852448825545,42.00629029345212
ec2_cpu_utilization_77c1ca:2651:2667,0,rolling_32@0.95,31.42624772936565,42.00629029345212
ec2_cpu_utilization_77c1ca:2659:2675,0,rolling_32@0.95,31.42624772936565,42.00629029345212
ec2_cpu_utilization_77c1ca:2667:2683,0,rolling_32@0.95,24.22132411603644,42.00629029345212
ec2_cpu_utilization_77c1ca:2675:2691,0,rolling_32@0.95,5.412193009969471,42.00629029345212
ec2_cpu_utilization_77c1ca:2683:2699,0,rolling_32@0.95,5.412193009969471,42.00629029345212
ec2_cpu_utilization_77c1ca:2691:2707,0,rolling_32@0.95,2.3654755128339895,42.00629029345212
ec2_cpu_utilization_77c1ca:2699:2715,0,rolling_32@0.95,41.9084446231124,42.00629029345212
ec2_cpu_utilization_77c1ca:2707:2723,0,rolling_32@0.95,41.9084446231124,42.00629029345212
ec2_cpu_utilization_77c1ca:2715:2731,0,rolling_32@0.95,42.115149600786374,42.00629029345212
ec2_cpu_utilization_77c1ca:2723:2739,0,rolling_32@0.95,42.115149600786374,42.00629029345212
ec2_cpu_utilization_77c1ca:2731:2747,0,rolling_32@0.95,41.93640246753256,42.00629029345212
ec2_cpu_utilization_77c1ca:2739:2755,0,rolling_32@0.95,0.01524867581512863,42.00629029345212
ec2_cpu_utilization_77c1ca:2747:2763,0,rolling_32@0.95,0.01524867581512863,42.00629029345212
ec2_cpu_utilization_77c1ca:2755:2771,0,rolling_32@0.95,0.014401525405468813,42.00629029345212
ec2_cpu_utilization_77c1ca:2763:2779,0,rolling_32@0.95,0.013977951778576308,42.00629029345212
ec2_cpu_utilization_77c1ca:2771:2787,0,rolling_32@0.95,0.01524867581512863,42.00629029345212
ec2_cpu_utilization_77c1ca:2779:2795,0,rolling_32@0.95,0.01524867581512863,42.00629029345212
ec2_cpu_utilization_77c1ca:2787:2803,0,rolling_32@0.95,0.01524867581512863,42.00629029345212
ec2_cpu_utilization_77c1ca:2795:2811,0,rolling_32@0.95,0.01524867581512863,42.00629029345212
ec2_cpu_utilization_77c1ca:2803:2819,0,rolling_32@0.95,0.01440152856134362,42.00629029345212
ec2_cpu_utilization_77c1ca:2811:2827,0,rolling_32@0.95,0.014401525405468813,42.00629029345212
ec2_cpu_utilization_77c1ca:2819:2835,0,rolling_32@0.95,0.01524867581512863,42.00629029345212
ec2_cpu_utilization_77c1ca:2827:2843,0,rolling_32@0.95,0.01524867581512863,42.00629029345212
ec2_cpu_utilization_77c1ca:2835:2851,0,rolling_32@0.95,0.01524867581512863,42.00629029345212
ec2_cpu_utilization_77c1ca:2843:2859,0,rolling_32@0.95,0.01440152856134362,42.00629029345212
ec2_cpu_utilization_77c1ca:2851:2867,0,rolling_32@0.95,0.013554378151683803,42.00629029345212
ec2_cpu_utilization_77c1ca:2859:2875,0,rolling_32@0.95,0.01440152856134362,42.00629029345212
ec2_cpu_utilization_77c1ca:2867:2883,0,rolling_32@0.95,0.01440152856134362,42.00629029345212
ec2_cpu_utilization_77c1ca:2875:2891,0,rolling_32@0.95,0.01440152856134362,42.00629029345212
ec2_cpu_utilization_77c1ca:2883:2899,0,rolling_32@0.95,0.01440152856134362,42.00629029345212
ec2_cpu_utilization_77c1ca:2891:2907,0,rolling_32@0.95,0.01440152856134362,42.00629029345212
ec2_cpu_utilization_77c1ca:2899:2915,0,rolling_32@0.95,0.01440152856134362,42.00629029345212
ec2_cpu_utilization_77c1ca:2907:2923,0,rolling_32@0.95,0.01440152856134362,42.00629029345212
ec2_cpu_utilization_77c1ca:2915:2931,0,rolling_32@0.95,0.01440152856134362,42.00629029345212
ec2_cpu_utilization_77c1ca:2923:2939,0,rolling_32@0.95,0.013554378151683803,42.00629029345212
ec2_cpu_utilization_77c1ca:2931:2947,0,rolling_32@0.95,0.01440152856134362,42.00629029345212
ec2_cpu_utilization_77c1ca:2939:2955,0,rolling_32@0.95,0.01440152856134362,42.00629029345212
ec2_cpu_utilization_77c1ca:2947:2963,0,rolling_32@0.95,0.013554378151683803,42.00629029345212
ec2_cpu_utilization_77c1ca:2955:2971,0,rolling_32@0.95,0.013554378151683803,42.00629029345212
ec2_cpu_utilization_77c1ca:2963:2979,0,rolling_32@0.95,0.01440152856134362,42.00629029345212
ec2_cpu_utilization_77c1ca:2971:2987,0,rolling_32@0.95,0.01440152856134362,42.00629029345212
ec2_cpu_utilization_77c1ca:2979:2995,0,rolling_32@0.95,0.01440152856134362,42.00629029345212
ec2_cpu_utilization_77c1ca:2987:3003,0,rolling_32@0.95,0.013554378151683803,42.00629029345212
ec2_cpu_utilization_77c1ca:2995:3011,0,rolling_32@0.95,0.01440152856134362,42.00629029345212
ec2_cpu_utilization_77c1ca:3003:3019,0,rolling_32@0.95,0.01440152856134362,42.00629029345212
ec2_cpu_utilization_77c1ca:3011:3027,0,rolling_32@0.95,0.013554378151683803,42.00629029345212
ec2_cpu_utilization_77c1ca:3019:3035,0,rolling_32@0.95,0.01440152856134362,42.00629029345212
ec2_cpu_utilization_77c1ca:3027:3043,0,rolling_32@0.95,0.01440152856134362,42.00629029345212
ec2_cpu_utilization_77c1ca:3035:3051,0,rolling_32@0.95,0.013554378151683803,42.00629029345212
ec2_cpu_utilization_77c1ca:3043:3059,0,rolling_32@0.95,0.01440152856134362,42.00629029345212
ec2_cpu_utilization_77c1ca:3051:3067,0,rolling_32@0.95,0.01440152856134362,42.00629029345212
ec2_cpu_utilization_77c1ca:3059:3075,0,rolling_32@0.95,0.01440152856134362,42.00629029345212
ec2_cpu_utilization_77c1ca:3067:3083,0,rolling_32@0.95,0.01524867581512863,42.00629029345212
ec2_cpu_utilization_77c1ca:3075:3091,0,rolling_32@0.95,0.01524867581512863,42.00629029345212
ec2_cpu_utilization_77c1ca:3083:3099,0,rolling_32@0.95,0.014401525405468813,42.00629029345212
ec2_cpu_utilization_77c1ca:3091:3107,0,rolling_32@0.95,0.01524867581512863,42.00629029345212
ec2_cpu_utilization_77c1ca:3099:3115,0,rolling_32@0.95,0.01524867581512863,42.00629029345212
ec2_cpu_utilization_77c1ca:3107:3123,0,rolling_32@0.95,0.01440152856134362,42.00629029345212
ec2_cpu_utilization_77c1ca:3115:3131,0,rolling_32@0.95,0.01440152856134362,42.00629029345212
ec2_cpu_utilization_77c1ca:3123:3139,0,rolling_32@0.95,0.015248678971003437,42.00629029345212
ec2_cpu_utilization_77c1ca:3131:3147,0,rolling_32@0.95,0.015248678971003437,42.00629029345212
ec2_cpu_utilization_77c1ca:3139:3155,0,rolling_32@0.95,0.014825102188236124,42.00629029345212
ec2_cpu_utilization_77c1ca:3147:3163,0,rolling_32@0.95,0.014825102188236124,42.00629029345212
ec2_cpu_utilization_77c1ca:3155:3171,0,rolling_32@0.95,0.01440152856134362,42.00629029345212
ec2_cpu_utilization_77c1ca:3163:3179,0,rolling_32@0.95,0.01440152856134362,42.00629029345212
ec2_cpu_utilization_77c1ca:3171:3187,0,rolling_32@0.95,0.01440152856134362,42.00629029345212
ec2_cpu_utilization_77c1ca:3179:3195,0,rolling_32@0.95,0.01440152856134362,42.00629029345212
ec2_cpu_utilization_77c1ca:3187:3203,0,rolling_32@0.95,0.013554378151683803,42.00629029345212
ec2_cpu_utilization_77c1ca:3195:3211,0,rolling_32@0.95,0.013554378151683803,42.00629029345212
ec2_cpu_utilization_77c1ca:3203:3219,0,rolling_32@0.95,0.01440152856134362,42.00629029345212
ec2_cpu_utilization_77c1ca:2419:2435,0,rolling_32@0.975,42.148190104662135,42.1888530623882
ec2_cpu_utilization_77c1ca:2427:2443,0,rolling_32@0.975,40.2658251417932,42.1888530623882
ec2_cpu_utilization_77c1ca:2435:2451,0,rolling_32@0.975,42.14734295740835,42.1888530623882
ec2_cpu_utilization_77c1ca:2443:2459,0,rolling_32@0.975,42.14734295740835,42.1888530623882
ec2_cpu_utilization_77c1ca:2451:2467,0,rolling_32@0.975,0.6745439193206498,42.1888530623882
ec2_cpu_utilization_77c1ca:2459:2475,0,rolling_32@0.975,0.05591181342605485,42.1888530623882
ec2_cpu_utilization_77c1ca:2467:2483,0,rolling_32@0.975,42.271026589007704,42.1888530623882
ec2_cpu_utilization_77c1ca:2475:2491,0,rolling_32@0.975,42.271026589007704,42.1888530623882
ec2_cpu_utilization_77c1ca:2483:2499,0,rolling_32@0.975,10.883319057670526,42.1888530623882
ec2_cpu_utilization_77c1ca:2491:2507,0,rolling_32@0.975,0.3964655838168436,42.1888530623882
ec2_cpu_utilization_77c1ca:2499:2515,0,rolling_32@0.975,0.01609582306891364,42.1888530623882
ec2_cpu_utilization_77c1ca:2507:2523,0,rolling_32@0.975,0.01609582306891364,42.1888530623882
ec2_cpu_utilization_77c1ca:2515:2531,0,rolling_32@0.975,0.014825102188236124,42.1888530623882
ec2_cpu_utilization_77c1ca:2523:2539,0,rolling_32@0.975,17.02175792386135,42.1888530623882
ec2_cpu_utilization_77c1ca:2531:2547,0,rolling_32@0.975,41.644981817717635,42.1888530623882
ec2_cpu_utilization_77c1ca:2539:2555,0,rolling_32@0.975,42.15496584676938,42.1888530623882
ec2_cpu_utilization_77c1ca:2547:2563,0,rolling_32@0.975,42.15496584676938,42.1888530623882
ec2_cpu_utilization_77c1ca:2555:2571,0,rolling_32@0.975,10.516408127068544,42.1888530623882
ec2_cpu_utilization_77c1ca:2563:2579,0,rolling_32@0.975,2.369887363715132,42.1888530623882
ec2_cpu_utilization_77c1ca:2571:2587,0,rolling_32@0.975,2.369887363715132,42.1888530623882
ec2_cpu_utilization_77c1ca:2579:2595,0,rolling_32@0.975,41.01936323469674,42.1888530623882
ec2_cpu_utilization_77c1ca:2587:2603,0,rolling_32@0.975,41.01936323469674,42.1888530623882
ec2_cpu_utilization_77c1ca:2595:2611,0,rolling_32@0.975,0.6744907594765952,42.1888530623882
ec2_cpu_utilization_77c1ca:2603:2619,0,rolling_32@0.975,0.08471486423699247,42.1888530623882
ec2_cpu_utilization_77c1ca:2611:2627,0,rolling_32@0.975,0.06946619157773865,42.1888530623882
ec2_cpu_utilization_77c1ca:2619:2635,0,rolling_32@0.975,41.159567735207496,42.1888530623882
ec2_cpu_utilization_77c1ca:2627:2643,0,rolling_32@0.975,41.84999177503284,42.1888530623882
ec2_cpu_utilization_77c1ca:2635:2651,0,rolling_32@0.975,41.861852448825545,42.1888530623882
ec2_cpu_utilization_77c1ca:2643:2659,0,rolling_32@0.975,41.861852448825545,42.1888530623882
ec2_cpu_utilization_77c1ca:2651:2667,0,rolling_32@0.975,31.42624772936565,42.1888530623882
ec2_cpu_utilization_77c1ca:2659:2675,0,rolling_32@0.975,31.42624772936565,42.1888530623882
ec2_cpu_utilization_77c1ca:2667:2683,0,rolling_32@0.975,24.22132411603644,42.1888530623882
ec2_cpu_utilization_77c1ca:2675:2691,0,rolling_32@0.975,5.412193009969471,42.1888530623882
ec2_cpu_utilization_77c1ca:2683:2699,0,rolling_32@0.975,5.412193009969471,42.1888530623882
ec2_cpu_utilization_77c1ca:2691:2707,0,rolling_32@0.975,2.3654755128339895,42.1888530623882
ec2_cpu_utilization_77c1ca:2699:2715,0,rolling_32@0.975,41.9084446231124,42.1888530623882
ec2_cpu_utilization_77c1ca:2707:2723,0,rolling_32@0.975,41.9084446231124,42.1888530623882
ec2_cpu_utilization_77c1ca:2715:2731,0,rolling_32@0.975,42.115149600786374,42.1888530623882
ec2_cpu_utilization_77c1ca:2723:2739,0,rolling_32@0.975,42.115149600786374,42.1888530623882
ec2_cpu_utilization_77c1ca:2731:2747,0,rolling_32@0.975,41.93640246753256,42.1888530623882
ec2_cpu_utilization_77c1ca:2739:2755,0,rolling_32@0.975,0.01524867581512863,42.1888530623882
ec2_cpu_utilization_77c1ca:2747:2763,0,rolling_32@0.975,0.01524867581512863,42.1888530623882
ec2_cpu_utilization_77c1ca:2755:2771,0,rolling_32@0.975,0.014401525405468813,42.1888530623882
ec2_cpu_utilization_77c1ca:2763:2779,0,rolling_32@0.975,0.013977951778576308,42.1888530623882
ec2_cpu_utilization_77c1ca:2771:2787,0,rolling_32@0.975,0.01524867581512863,42.1888530623882
ec2_cpu_utilization_77c1ca:2779:2795,0,rolling_32@0.975,0.01524867581512863,42.1888530623882
ec2_cpu_utilization_77c1ca:2787:2803,0,rolling_32@0.975,0.01524867581512863,42.1888530623882
ec2_cpu_utilization_77c1ca:2795:2811,0,rolling_32@0.975,0.01524867581512863,42.1888530623882
ec2_cpu_utilization_77c1ca:2803:2819,0,rolling_32@0.975,0.01440152856134362,42.1888530623882
ec2_cpu_utilization_77c1ca:2811:2827,0,rolling_32@0.975,0.014401525405468813,42.1888530623882
ec2_cpu_utilization_77c1ca:2819:2835,0,rolling_32@0.975,0.01524867581512863,42.1888530623882
ec2_cpu_utilization_77c1ca:2827:2843,0,rolling_32@0.975,0.01524867581512863,42.1888530623882
ec2_cpu_utilization_77c1ca:2835:2851,0,rolling_32@0.975,0.01524867581512863,42.1888530623882
ec2_cpu_utilization_77c1ca:2843:2859,0,rolling_32@0.975,0.01440152856134362,42.1888530623882
ec2_cpu_utilization_77c1ca:2851:2867,0,rolling_32@0.975,0.013554378151683803,42.1888530623882
ec2_cpu_utilization_77c1ca:2859:2875,0,rolling_32@0.975,0.01440152856134362,42.1888530623882
ec2_cpu_utilization_77c1ca:2867:2883,0,rolling_32@0.975,0.01440152856134362,42.1888530623882
ec2_cpu_utilization_77c1ca:2875:2891,0,rolling_32@0.975,0.01440152856134362,42.1888530623882
ec2_cpu_utilization_77c1ca:2883:2899,0,rolling_32@0.975,0.01440152856134362,42.1888530623882
ec2_cpu_utilization_77c1ca:2891:2907,0,rolling_32@0.975,0.01440152856134362,42.1888530623882
ec2_cpu_utilization_77c1ca:2899:2915,0,rolling_32@0.975,0.01440152856134362,42.1888530623882
ec2_cpu_utilization_77c1ca:2907:2923,0,rolling_32@0.975,0.01440152856134362,42.1888530623882
ec2_cpu_utilization_77c1ca:2915:2931,0,rolling_32@0.975,0.01440152856134362,42.1888530623882
ec2_cpu_utilization_77c1ca:2923:2939,0,rolling_32@0.975,0.013554378151683803,42.1888530623882
ec2_cpu_utilization_77c1ca:2931:2947,0,rolling_32@0.975,0.01440152856134362,42.1888530623882
ec2_cpu_utilization_77c1ca:2939:2955,0,rolling_32@0.975,0.01440152856134362,42.1888530623882
ec2_cpu_utilization_77c1ca:2947:2963,0,rolling_32@0.975,0.013554378151683803,42.1888530623882
ec2_cpu_utilization_77c1ca:2955:2971,0,rolling_32@0.975,0.013554378151683803,42.1888530623882
ec2_cpu_utilization_77c1ca:2963:2979,0,rolling_32@0.975,0.01440152856134362,42.1888530623882
ec2_cpu_utilization_77c1ca:2971:2987,0,rolling_32@0.975,0.01440152856134362,42.1888530623882
ec2_cpu_utilization_77c1ca:2979:2995,0,rolling_32@0.975,0.01440152856134362,42.1888530623882
ec2_cpu_utilization_77c1ca:2987:3003,0,rolling_32@0.975,0.013554378151683803,42.1888530623882
ec2_cpu_utilization_77c1ca:2995:3011,0,rolling_32@0.975,0.01440152856134362,42.1888530623882
ec2_cpu_utilization_77c1ca:3003:3019,0,rolling_32@0.975,0.01440152856134362,42.1888530623882
ec2_cpu_utilization_77c1ca:3011:3027,0,rolling_32@0.975,0.013554378151683803,42.1888530623882
ec2_cpu_utilization_77c1ca:3019:3035,0,rolling_32@0.975,0.01440152856134362,42.1888530623882
ec2_cpu_utilization_77c1ca:3027:3043,0,rolling_32@0.975,0.01440152856134362,42.1888530623882
ec2_cpu_utilization_77c1ca:3035:3051,0,rolling_32@0.975,0.013554378151683803,42.1888530623882
ec2_cpu_utilization_77c1ca:3043:3059,0,rolling_32@0.975,0.01440152856134362,42.1888530623882
ec2_cpu_utilization_77c1ca:3051:3067,0,rolling_32@0.975,0.01440152856134362,42.1888530623882
ec2_cpu_utilization_77c1ca:3059:3075,0,rolling_32@0.975,0.01440152856134362,42.1888530623882
ec2_cpu_utilization_77c1ca:3067:3083,0,rolling_32@0.975,0.01524867581512863,42.1888530623882
ec2_cpu_utilization_77c1ca:3075:3091,0,rolling_32@0.975,0.01524867581512863,42.1888530623882
ec2_cpu_utilization_77c1ca:3083:3099,0,rolling_32@0.975,0.014401525405468813,42.1888530623882
ec2_cpu_utilization_77c1ca:3091:3107,0,rolling_32@0.975,0.01524867581512863,42.1888530623882
ec2_cpu_utilization_77c1ca:3099:3115,0,rolling_32@0.975,0.01524867581512863,42.1888530623882
ec2_cpu_utilization_77c1ca:3107:3123,0,rolling_32@0.975,0.01440152856134362,42.1888530623882
ec2_cpu_utilization_77c1ca:3115:3131,0,rolling_32@0.975,0.01440152856134362,42.1888530623882
ec2_cpu_utilization_77c1ca:3123:3139,0,rolling_32@0.975,0.015248678971003437,42.1888530623882
ec2_cpu_utilization_77c1ca:3131:3147,0,rolling_32@0.975,0.015248678971003437,42.1888530623882
ec2_cpu_utilization_77c1ca:3139:3155,0,rolling_32@0.975,0.014825102188236124,42.1888530623882
ec2_cpu_utilization_77c1ca:3147:3163,0,rolling_32@0.975,0.014825102188236124,42.1888530623882
ec2_cpu_utilization_77c1ca:3155:3171,0,rolling_32@0.975,0.01440152856134362,42.1888530623882
ec2_cpu_utilization_77c1ca:3163:3179,0,rolling_32@0.975,0.01440152856134362,42.1888530623882
ec2_cpu_utilization_77c1ca:3171:3187,0,rolling_32@0.975,0.01440152856134362,42.1888530623882
ec2_cpu_utilization_77c1ca:3179:3195,0,rolling_32@0.975,0.01440152856134362,42.1888530623882
ec2_cpu_utilization_77c1ca:3187:3203,0,rolling_32@0.975,0.013554378151683803,42.1888530623882
ec2_cpu_utilization_77c1ca:3195:3211,0,rolling_32@0.975,0.013554378151683803,42.1888530623882
ec2_cpu_utilization_77c1ca:3203:3219,0,rolling_32@0.975,0.01440152856134362,42.1888530623882
ec2_cpu_utilization_77c1ca:2419:2435,0,rolling_32@0.99,42.148190104662135,42.1888530623882
ec2_cpu_utilization_77c1ca:2427:2443,0,rolling_32@0.99,40.2658251417932,42.1888530623882
ec2_cpu_utilization_77c1ca:2435:2451,0,rolling_32@0.99,42.14734295740835,42.1888530623882
ec2_cpu_utilization_77c1ca:2443:2459,0,rolling_32@0.99,42.14734295740835,42.1888530623882
ec2_cpu_utilization_77c1ca:2451:2467,0,rolling_32@0.99,0.6745439193206498,42.1888530623882
ec2_cpu_utilization_77c1ca:2459:2475,0,rolling_32@0.99,0.05591181342605485,42.1888530623882
ec2_cpu_utilization_77c1ca:2467:2483,0,rolling_32@0.99,42.271026589007704,42.1888530623882
ec2_cpu_utilization_77c1ca:2475:2491,0,rolling_32@0.99,42.271026589007704,42.1888530623882
ec2_cpu_utilization_77c1ca:2483:2499,0,rolling_32@0.99,10.883319057670526,42.1888530623882
ec2_cpu_utilization_77c1ca:2491:2507,0,rolling_32@0.99,0.3964655838168436,42.1888530623882
ec2_cpu_utilization_77c1ca:2499:2515,0,rolling_32@0.99,0.01609582306891364,42.1888530623882
ec2_cpu_utilization_77c1ca:2507:2523,0,rolling_32@0.99,0.01609582306891364,42.1888530623882
ec2_cpu_utilization_77c1ca:2515:2531,0,rolling_32@0.99,0.014825102188236124,42.1888530623882
ec2_cpu_utilization_77c1ca:2523:2539,0,rolling_32@0.99,17.02175792386135,42.1888530623882
ec2_cpu_utilization_77c1ca:2531:2547,0,rolling_32@0.99,41.644981817717635,42.1888530623882
ec2_cpu_utilization_77c1ca:2539:2555,0,rolling_32@0.99,42.15496584676938,42.1888530623882
ec2_cpu_utilization_77c1ca:2547:2563,0,rolling_32@0.99,42.15496584676938,42.1888530623882
ec2_cpu_utilization_77c1ca:2555:2571,0,rolling_32@0.99,10.516408127068544,42.1888530623882
ec2_cpu_utilization_77c1ca:2563:2579,0,rolling_32@0.99,2.369887363715132,42.1888530623882
ec2_cpu_utilization_77c1ca:2571:2587,0,rolling_32@0.99,2.369887363715132,42.1888530623882
ec2_cpu_utilization_77c1ca:2579:2595,0,rolling_32@0.99,41.01936323469674,42.1888530623882
ec2_cpu_utilization_77c1ca:2587:2603,0,rolling_32@0.99,41.01936323469674,42.1888530623882
ec2_cpu_utilization_77c1ca:2595:2611,0,rolling_32@0.99,0.6744907594765952,42.1888530623882
ec2_cpu_utilization_77c1ca:2603:2619,0,rolling_32@0.99,0.08471486423699247,42.1888530623882
ec2_cpu_utilization_77c1ca:2611:2627,0,rolling_32@0.99,0.06946619157773865,42.1888530623882
ec2_cpu_utilization_77c1ca:2619:2635,0,rolling_32@0.99,41.159567735207496,42.1888530623882
ec2_cpu_utilization_77c1ca:2627:2643,0,rolling_32@0.99,41.84999177503284,42.1888530623882
ec2_cpu_utilization_77c1ca:2635:2651,0,rolling_32@0.99,41.861852448825545,42.1888530623882
ec2_cpu_utilization_77c1ca:2643:2659,0,rolling_32@0.99,41.861852448825545,42.1888530623882
ec2_cpu_utilization_77c1ca:2651:2667,0,rolling_32@0.99,31.42624772936565,42.1888530623882
ec2_cpu_utilization_77c1ca:2659:2675,0,rolling_32@0.99,31.42624772936565,42.1888530623882
ec2_cpu_utilization_77c1ca:2667:2683,0,rolling_32@0.99,24.22132411603644,42.1888530623882
ec2_cpu_utilization_77c1ca:2675:2691,0,rolling_32@0.99,5.412193009969471,42.1888530623882
ec2_cpu_utilization_77c1ca:2683:2699,0,rolling_32@0.99,5.412193009969471,42.1888530623882
ec2_cpu_utilization_77c1ca:2691:2707,0,rolling_32@0.99,2.3654755128339895,42.1888530623882
ec2_cpu_utilization_77c1ca:2699:2715,0,rolling_32@0.99,41.9084446231124,42.1888530623882
ec2_cpu_utilization_77c1ca:2707:2723,0,rolling_32@0.99,41.9084446231124,42.1888530623882
ec2_cpu_utilization_77c1ca:2715:2731,0,rolling_32@0.99,42.115149600786374,42.1888530623882
ec2_cpu_utilization_77c1ca:2723:2739,0,rolling_32@0.99,42.115149600786374,42.1888530623882
ec2_cpu_utilization_77c1ca:2731:2747,0,rolling_32@0.99,41.93640246753256,42.1888530623882
ec2_cpu_utilization_77c1ca:2739:2755,0,rolling_32@0.99,0.01524867581512863,42.1888530623882
ec2_cpu_utilization_77c1ca:2747:2763,0,rolling_32@0.99,0.01524867581512863,42.1888530623882
ec2_cpu_utilization_77c1ca:2755:2771,0,rolling_32@0.99,0.014401525405468813,42.1888530623882
ec2_cpu_utilization_77c1ca:2763:2779,0,rolling_32@0.99,0.013977951778576308,42.1888530623882
ec2_cpu_utilization_77c1ca:2771:2787,0,rolling_32@0.99,0.01524867581512863,42.1888530623882
ec2_cpu_utilization_77c1ca:2779:2795,0,rolling_32@0.99,0.01524867581512863,42.1888530623882
ec2_cpu_utilization_77c1ca:2787:2803,0,rolling_32@0.99,0.01524867581512863,42.1888530623882
ec2_cpu_utilization_77c1ca:2795:2811,0,rolling_32@0.99,0.01524867581512863,42.1888530623882
ec2_cpu_utilization_77c1ca:2803:2819,0,rolling_32@0.99,0.01440152856134362,42.1888530623882
ec2_cpu_utilization_77c1ca:2811:2827,0,rolling_32@0.99,0.014401525405468813,42.1888530623882
ec2_cpu_utilization_77c1ca:2819:2835,0,rolling_32@0.99,0.01524867581512863,42.1888530623882
ec2_cpu_utilization_77c1ca:2827:2843,0,rolling_32@0.99,0.01524867581512863,42.1888530623882
ec2_cpu_utilization_77c1ca:2835:2851,0,rolling_32@0.99,0.01524867581512863,42.1888530623882
ec2_cpu_utilization_77c1ca:2843:2859,0,rolling_32@0.99,0.01440152856134362,42.1888530623882
ec2_cpu_utilization_77c1ca:2851:2867,0,rolling_32@0.99,0.013554378151683803,42.1888530623882
ec2_cpu_utilization_77c1ca:2859:2875,0,rolling_32@0.99,0.01440152856134362,42.1888530623882
ec2_cpu_utilization_77c1ca:2867:2883,0,rolling_32@0.99,0.01440152856134362,42.1888530623882
ec2_cpu_utilization_77c1ca:2875:2891,0,rolling_32@0.99,0.01440152856134362,42.1888530623882
ec2_cpu_utilization_77c1ca:2883:2899,0,rolling_32@0.99,0.01440152856134362,42.1888530623882
ec2_cpu_utilization_77c1ca:2891:2907,0,rolling_32@0.99,0.01440152856134362,42.1888530623882
ec2_cpu_utilization_77c1ca:2899:2915,0,rolling_32@0.99,0.01440152856134362,42.1888530623882
ec2_cpu_utilization_77c1ca:2907:2923,0,rolling_32@0.99,0.01440152856134362,42.1888530623882
ec2_cpu_utilization_77c1ca:2915:2931,0,rolling_32@0.99,0.01440152856134362,42.1888530623882
ec2_cpu_utilization_77c1ca:2923:2939,0,rolling_32@0.99,0.013554378151683803,42.1888530623882
ec2_cpu_utilization_77c1ca:2931:2947,0,rolling_32@0.99,0.01440152856134362,42.1888530623882
ec2_cpu_utilization_77c1ca:2939:2955,0,rolling_32@0.99,0.01440152856134362,42.1888530623882
ec2_cpu_utilization_77c1ca:2947:2963,0,rolling_32@0.99,0.013554378151683803,42.1888530623882
ec2_cpu_utilization_77c1ca:2955:2971,0,rolling_32@0.99,0.013554378151683803,42.1888530623882
ec2_cpu_utilization_77c1ca:2963:2979,0,rolling_32@0.99,0.01440152856134362,42.1888530623882
ec2_cpu_utilization_77c1ca:2971:2987,0,rolling_32@0.99,0.01440152856134362,42.1888530623882
ec2_cpu_utilization_77c1ca:2979:2995,0,rolling_32@0.99,0.01440152856134362,42.1888530623882
ec2_cpu_utilization_77c1ca:2987:3003,0,rolling_32@0.99,0.013554378151683803,42.1888530623882
ec2_cpu_utilization_77c1ca:2995:3011,0,rolling_32@0.99,0.01440152856134362,42.1888530623882
ec2_cpu_utilization_77c1ca:3003:3019,0,rolling_32@0.99,0.01440152856134362,42.1888530623882
ec2_cpu_utilization_77c1ca:3011:3027,0,rolling_32@0.99,0.013554378151683803,42.1888530623882
ec2_cpu_utilization_77c1ca:3019:3035,0,rolling_32@0.99,0.01440152856134362,42.1888530623882
ec2_cpu_utilization_77c1ca:3027:3043,0,rolling_32@0.99,0.01440152856134362,42.1888530623882
ec2_cpu_utilization_77c1ca:3035:3051,0,rolling_32@0.99,0.013554378151683803,42.1888530623882
ec2_cpu_utilization_77c1ca:3043:3059,0,rolling_32@0.99,0.01440152856134362,42.1888530623882
ec2_cpu_utilization_77c1ca:3051:3067,0,rolling_32@0.99,0.01440152856134362,42.1888530623882
ec2_cpu_utilization_77c1ca:3059:3075,0,rolling_32@0.99,0.01440152856134362,42.1888530623882
ec2_cpu_utilization_77c1ca:3067:3083,0,rolling_32@0.99,0.01524867581512863,42.1888530623882
ec2_cpu_utilization_77c1ca:3075:3091,0,rolling_32@0.99,0.01524867581512863,42.1888530623882
ec2_cpu_utilization_77c1ca:3083:3099,0,rolling_32@0.99,0.014401525405468813,42.1888530623882
ec2_cpu_utilization_77c1ca:3091:3107,0,rolling_32@0.99,0.01524867581512863,42.1888530623882
ec2_cpu_utilization_77c1ca:3099:3115,0,rolling_32@0.99,0.01524867581512863,42.1888530623882
ec2_cpu_utilization_77c1ca:3107:3123,0,rolling_32@0.99,0.01440152856134362,42.1888530623882
ec2_cpu_utilization_77c1ca:3115:3131,0,rolling_32@0.99,0.01440152856134362,42.1888530623882
ec2_cpu_utilization_77c1ca:3123:3139,0,rolling_32@0.99,0.015248678971003437,42.1888530623882
ec2_cpu_utilization_77c1ca:3131:3147,0,rolling_32@0.99,0.015248678971003437,42.1888530623882
ec2_cpu_utilization_77c1ca:3139:3155,0,rolling_32@0.99,0.014825102188236124,42.1888530623882
ec2_cpu_utilization_77c1ca:3147:3163,0,rolling_32@0.99,0.014825102188236124,42.1888530623882
ec2_cpu_utilization_77c1ca:3155:3171,0,rolling_32@0.99,0.01440152856134362,42.1888530623882
ec2_cpu_utilization_77c1ca:3163:3179,0,rolling_32@0.99,0.01440152856134362,42.1888530623882
ec2_cpu_utilization_77c1ca:3171:3187,0,rolling_32@0.99,0.01440152856134362,42.1888530623882
ec2_cpu_utilization_77c1ca:3179:3195,0,rolling_32@0.99,0.01440152856134362,42.1888530623882
ec2_cpu_utilization_77c1ca:3187:3203,0,rolling_32@0.99,0.013554378151683803,42.1888530623882
ec2_cpu_utilization_77c1ca:3195:3211,0,rolling_32@0.99,0.013554378151683803,42.1888530623882
ec2_cpu_utilization_77c1ca:3203:3219,0,rolling_32@0.99,0.01440152856134362,42.1888530623882
ec2_cpu_utilization_77c1ca:2419:2435,0,rolling_64@0.95,42.148190104662135,41.92835290389764
ec2_cpu_utilization_77c1ca:2427:2443,0,rolling_64@0.95,40.26667228904698,41.92835290389764
ec2_cpu_utilization_77c1ca:2435:2451,0,rolling_64@0.95,42.148190104662135,41.92835290389764
ec2_cpu_utilization_77c1ca:2443:2459,0,rolling_64@0.95,42.148190104662135,41.92835290389764
ec2_cpu_utilization_77c1ca:2451:2467,0,rolling_64@0.95,0.056758960679839855,41.92835290389764
ec2_cpu_utilization_77c1ca:2459:2475,0,rolling_64@0.95,0.056758960679839855,41.92835290389764
ec2_cpu_utilization_77c1ca:2467:2483,0,rolling_64@0.95,42.271026589007704,41.92835290389764
ec2_cpu_utilization_77c1ca:2475:2491,0,rolling_64@0.95,42.271026589007704,41.92835290389764
ec2_cpu_utilization_77c1ca:2483:2499,0,rolling_64@0.95,10.883319057670526,41.92835290389764
ec2_cpu_utilization_77c1ca:2491:2507,0,rolling_64@0.95,0.3964655838168436,41.92835290389764
ec2_cpu_utilization_77c1ca:2499:2515,0,rolling_64@0.95,0.01609582306891364,41.92835290389764
ec2_cpu_utilization_77c1ca:2507:2523,0,rolling_64@0.95,0.01609582306891364,41.92835290389764
ec2_cpu_utilization_77c1ca:2515:2531,0,rolling_64@0.95,0.01524867581512863,41.92835290389764
ec2_cpu_utilization_77c1ca:2523:2539,0,rolling_64@0.95,17.02175792386135,41.92835290389764
ec2_cpu_utilization_77c1ca:2531:2547,0,rolling_64@0.95,41.644981817717635,41.92835290389764
ec2_cpu_utilization_77c1ca:2539:2555,0,rolling_64@0.95,42.16174303742316,41.92835290389764
ec2_cpu_utilization_77c1ca:2547:2563,0,rolling_64@0.95,42.16174303742316,41.92835290389764
ec2_cpu_utilization_77c1ca:2555:2571,0,rolling_64@0.95,26.353101382190353,41.92835290389764
ec2_cpu_utilization_77c1ca:2563:2579,0,rolling_64@0.95,42.074909135800084,41.92835290389764
ec2_cpu_utilization_77c1ca:2571:2587,0,rolling_64@0.95,42.074909135800084,41.92835290389764
ec2_cpu_utilization_77c1ca:2579:2595,0,rolling_64@0.95,31.123398141117395,41.92835290389764
ec2_cpu_utilization_77c1ca:2587:2603,0,rolling_64@0.95,31.123398141117395,41.92835290389764
ec2_cpu_utilization_77c1ca:2595:2611,0,rolling_64@0.95,0.6754764967131422,41.92835290389764
ec2_cpu_utilization_77c1ca:2603:2619,0,rolling_64@0.95,0.6747061833464745,41.92835290389764
ec2_cpu_utilization_77c1ca:2611:2627,0,rolling_64@0.95,0.10038711841282581,41.92835290389764
ec2_cpu_utilization_77c1ca:2619:2635,0,rolling_64@0.95,41.15872058795371,41.92835290389764
ec2_cpu_utilization_77c1ca:2627:2643,0,rolling_64@0.95,41.862699005930736,41.92835290389764
ec2_cpu_utilization_77c1ca:2635:2651,0,rolling_64@0.95,41.93809583421294,41.92835290389764
ec2_cpu_utilization_77c1ca:2643:2659,0,rolling_64@0.95,41.93809583421294,41.92835290389764
ec2_cpu_utilization_77c1ca:2651:2667,0,rolling_64@0.95,41.54035960683434,41.92835290389764
ec2_cpu_utilization_77c1ca:2659:2675,0,rolling_64@0.95,41.54035960683434,41.92835290389764
ec2_cpu_utilization_77c1ca:2667:2683,0,rolling_64@0.95,36.91153902147804,41.92835290389764
ec2_cpu_utilization_77c1ca:2675:2691,0,rolling_64@0.95,35.17326532323607,41.92835290389764
ec2_cpu_utilization_77c1ca:2683:2699,0,rolling_64@0.95,4.956297910242724,41.92835290389764
ec2_cpu_utilization_77c1ca:2691:2707,0,rolling_64@0.95,1.4586344246632066,41.92835290389764
ec2_cpu_utilization_77c1ca:2699:2715,0,rolling_64@0.95,36.53866214280903,41.92835290389764
ec2_cpu_utilization_77c1ca:2707:2723,0,rolling_64@0.95,36.53866214280903,41.92835290389764
ec2_cpu_utilization_77c1ca:2715:2731,0,rolling_64@0.95,23.18512416347363,41.92835290389764
ec2_cpu_utilization_77c1ca:2723:2739,0,rolling_64@0.95,23.18512416347363,41.92835290389764
ec2_cpu_utilization_77c1ca:2731:2747,0,rolling_64@0.95,8.057740164355737,41.92835290389764
ec2_cpu_utilization_77c1ca:2739:2755,0,rolling_64@0.95,0.01524867581512863,41.92835290389764
ec2_cpu_utilization_77c1ca:2747:2763,0,rolling_64@0.95,0.01524867581512863,41.92835290389764
ec2_cpu_utilization_77c1ca:2755:2771,0,rolling_64@0.95,0.014401525405468813,41.92835290389764
ec2_cpu_utilization_77c1ca:2763:2779,0,rolling_64@0.95,0.014401525405468813,41.92835290389764
ec2_cpu_utilization_77c1ca:2771:2787,0,rolling_64@0.95,0.01524867581512863,41.92835290389764
ec2_cpu_utilization_77c1ca:2779:2795,0,rolling_64@0.95,0.01524867581512863,41.92835290389764
ec2_cpu_utilization_77c1ca:2787:2803,0,rolling_64@0.95,0.01440152856134362,41.92835290389764
ec2_cpu_utilization_77c1ca:2795:2811,0,rolling_64@0.95,0.01440152856134362,41.92835290389764
ec2_cpu_utilization_77c1ca:2803:2819,0,rolling_64@0.95,0.01440152856134362,41.92835290389764
ec2_cpu_utilization_77c1ca:2811:2827,0,rolling_64@0.95,0.014401525405468813,41.92835290389764
ec2_cpu_utilization_77c1ca:2819:2835,0,rolling_64@0.95,0.01524867581512863,41.92835290389764
ec2_cpu_utilization_77c1ca:2827:2843,0,rolling_64@0.95,0.01524867581512863,41.92835290389764
ec2_cpu_utilization_77c1ca:2835:2851,0,rolling_64@0.95,0.014825102188236124,41.92835290389764
ec2_cpu_utilization_77c1ca:2843:2859,0,rolling_64@0.95,0.01440152856134362,41.92835290389764
ec2_cpu_utilization_77c1ca:2851:2867,0,rolling_64@0.95,0.013977951778576308,41.92835290389764
ec2_cpu_utilization_77c1ca:2859:2875,0,rolling_64@0.95,0.01440152856134362,41.92835290389764
ec2_cpu_utilization_77c1ca:2867:2883,0,rolling_64@0.95,0.01440152856134362,41.92835290389764
ec2_cpu_utilization_77c1ca:2875:2891,0,rolling_64@0.95,0.01440152856134362,41.92835290389764
ec2_cpu_utilization_77c1ca:2883:2899,0,rolling_64@0.95,0.01440152856134362,41.92835290389764
ec2_cpu_utilization_77c1ca:2891:2907,0,rolling_64@0.95,0.01440152856134362,41.92835290389764
ec2_cpu_utilization_77c1ca:2899:2915,0,rolling_64@0.95,0.01440152856134362,41.92835290389764
ec2_cpu_utilization_77c1ca:2907:2923,0,rolling_64@0.95,0.01440152856134362,41.92835290389764
ec2_cpu_utilization_77c1ca:2915:2931,0,rolling_64@0.95,0.01440152856134362,41.92835290389764
ec2_cpu_utilization_77c1ca:2923:2939,0,rolling_64@0.95,0.013554378151683803,41.92835290389764
ec2_cpu_utilization_77c1ca:2931:2947,0,rolling_64@0.95,0.01440152856134362,41.92835290389764
ec2_cpu_utilization_77c1ca:2939:2955,0,rolling_64@0.95,0.01440152856134362,41.92835290389764
ec2_cpu_utilization_77c1ca:2947:2963,0,rolling_64@0.95,0.013554378151683803,41.92835290389764
ec2_cpu_utilization_77c1ca:2955:2971,0,rolling_64@0.95,0.013554378151683803,41.92835290389764
ec2_cpu_utilization_77c1ca:2963:2979,0,rolling_64@0.95,0.01440152856134362,41.92835290389764
ec2_cpu_utilization_77c1ca:2971:2987,0,rolling_64@0.95,0.01440152856134362,41.92835290389764
ec2_cpu_utilization_77c1ca:2979:2995,0,rolling_64@0.95,0.01440152856134362,41.92835290389764
ec2_cpu_utilization_77c1ca:2987:3003,0,rolling_64@0.95,0.013554378151683803,41.92835290389764
ec2_cpu_utilization_77c1ca:2995:3011,0,rolling_64@0.95,0.01440152856134362,41.92835290389764
ec2_cpu_utilization_77c1ca:3003:3019,0,rolling_64@0.95,0.01440152856134362,41.92835290389764
ec2_cpu_utilization_77c1ca:3011:3027,0,rolling_64@0.95,0.013554378151683803,41.92835290389764
ec2_cpu_utilization_77c1ca:3019:3035,0,rolling_64@0.95,0.01440152856134362,41.92835290389764
ec2_cpu_utilization_77c1ca:3027:3043,0,rolling_64@0.95,0.01440152856134362,41.92835290389764
ec2_cpu_utilization_77c1ca:3035:3051,0,rolling_64@0.95,0.013554378151683803,41.92835290389764
ec2_cpu_utilization_77c1ca:3043:3059,0,rolling_64@0.95,0.01440152856134362,41.92835290389764
ec2_cpu_utilization_77c1ca:3051:3067,0,rolling_64@0.95,0.01440152856134362,41.92835290389764
ec2_cpu_utilization_77c1ca:3059:3075,0,rolling_64@0.95,0.01440152856134362,41.92835290389764
ec2_cpu_utilization_77c1ca:3067:3083,0,rolling_64@0.95,0.01440152856134362,41.92835290389764
ec2_cpu_utilization_77c1ca:3075:3091,0,rolling_64@0.95,0.01440152856134362,41.92835290389764
ec2_cpu_utilization_77c1ca:3083:3099,0,rolling_64@0.95,0.014401525405468813,41.92835290389764
ec2_cpu_utilization_77c1ca:3091:3107,0,rolling_64@0.95,0.01524867581512863,41.92835290389764
ec2_cpu_utilization_77c1ca:3099:3115,0,rolling_64@0.95,0.01524867581512863,41.92835290389764
ec2_cpu_utilization_77c1ca:3107:3123,0,rolling_64@0.95,0.01524867581512863,41.92835290389764
ec2_cpu_utilization_77c1ca:3115:3131,0,rolling_64@0.95,0.01524867581512863,41.92835290389764
ec2_cpu_utilization_77c1ca:3123:3139,0,rolling_64@0.95,0.015248678971003437,41.92835290389764
ec2_cpu_utilization_77c1ca:3131:3147,0,rolling_64@0.95,0.015248678971003437,41.92835290389764
ec2_cpu_utilization_77c1ca:3139:3155,0,rolling_64@0.95,0.01440152856134362,41.92835290389764
ec2_cpu_utilization_77c1ca:3147:3163,0,rolling_64@0.95,0.01440152856134362,41.92835290389764
ec2_cpu_utilization_77c1ca:3155:3171,0,rolling_64@0.95,0.01440152856134362,41.92835290389764
ec2_cpu_utilization_77c1ca:3163:3179,0,rolling_64@0.95,0.01440152856134362,41.92835290389764
ec2_cpu_utilization_77c1ca:3171:3187,0,rolling_64@0.95,0.01440152856134362,41.92835290389764
ec2_cpu_utilization_77c1ca:3179:3195,0,rolling_64@0.95,0.01440152856134362,41.92835290389764
ec2_cpu_utilization_77c1ca:3187:3203,0,rolling_64@0.95,0.013554378151683803,41.92835290389764
ec2_cpu_utilization_77c1ca:3195:3211,0,rolling_64@0.95,0.013554378151683803,41.92835290389764
ec2_cpu_utilization_77c1ca:3203:3219,0,rolling_64@0.95,0.01440152856134362,41.92835290389764
ec2_cpu_utilization_77c1ca:2419:2435,0,rolling_64@0.975,42.148190104662135,42.05711921704371
ec2_cpu_utilization_77c1ca:2427:2443,0,rolling_64@0.975,40.26667228904698,42.05711921704371
ec2_cpu_utilization_77c1ca:2435:2451,0,rolling_64@0.975,42.148190104662135,42.05711921704371
ec2_cpu_utilization_77c1ca:2443:2459,0,rolling_64@0.975,42.148190104662135,42.05711921704371
ec2_cpu_utilization_77c1ca:2451:2467,0,rolling_64@0.975,0.056758960679839855,42.05711921704371
ec2_cpu_utilization_77c1ca:2459:2475,0,rolling_64@0.975,0.056758960679839855,42.05711921704371
ec2_cpu_utilization_77c1ca:2467:2483,0,rolling_64@0.975,42.271026589007704,42.05711921704371
ec2_cpu_utilization_77c1ca:2475:2491,0,rolling_64@0.975,42.271026589007704,42.05711921704371
ec2_cpu_utilization_77c1ca:2483:2499,0,rolling_64@0.975,10.883319057670526,42.05711921704371
ec2_cpu_utilization_77c1ca:2491:2507,0,rolling_64@0.975,0.3964655838168436,42.05711921704371
ec2_cpu_utilization_77c1ca:2499:2515,0,rolling_64@0.975,0.01609582306891364,42.05711921704371
ec2_cpu_utilization_77c1ca:2507:2523,0,rolling_64@0.975,0.01609582306891364,42.05711921704371
ec2_cpu_utilization_77c1ca:2515:2531,0,rolling_64@0.975,0.01524867581512863,42.05711921704371
ec2_cpu_utilization_77c1ca:2523:2539,0,rolling_64@0.975,17.02175792386135,42.05711921704371
ec2_cpu_utilization_77c1ca:2531:2547,0,rolling_64@0.975,41.644981817717635,42.05711921704371
ec2_cpu_utilization_77c1ca:2539:2555,0,rolling_64@0.975,42.16174303742316,42.05711921704371
ec2_cpu_utilization_77c1ca:2547:2563,0,rolling_64@0.975,42.16174303742316,42.05711921704371
ec2_cpu_utilization_77c1ca:2555:2571,0,rolling_64@0.975,26.353101382190353,42.05711921704371
ec2_cpu_utilization_77c1ca:2563:2579,0,rolling_64@0.975,42.074909135800084,42.05711921704371
ec2_cpu_utilization_77c1ca:2571:2587,0,rolling_64@0.975,42.074909135800084,42.05711921704371
ec2_cpu_utilization_77c1ca:2579:2595,0,rolling_64@0.975,31.123398141117395,42.05711921704371
ec2_cpu_utilization_77c1ca:2587:2603,0,rolling_64@0.975,31.123398141117395,42.05711921704371
ec2_cpu_utilization_77c1ca:2595:2611,0,rolling_64@0.975,0.6754764967131422,42.05711921704371
ec2_cpu_utilization_77c1ca:2603:2619,0,rolling_64@0.975,0.6747061833464745,42.05711921704371
ec2_cpu_utilization_77c1ca:2611:2627,0,rolling_64@0.975,0.10038711841282581,42.05711921704371
ec2_cpu_utilization_77c1ca:2619:2635,0,rolling_64@0.975,41.15872058795371,42.05711921704371
ec2_cpu_utilization_77c1ca:2627:2643,0,rolling_64@0.975,41.862699005930736,42.05711921704371
ec2_cpu_utilization_77c1ca:2635:2651,0,rolling_64@0.975,41.93809583421294,42.05711921704371
ec2_cpu_utilization_77c1ca:2643:2659,0,rolling_64@0.975,41.93809583421294,42.05711921704371
ec2_cpu_utilization_77c1ca:2651:2667,0,rolling_64@0.975,41.54035960683434,42.05711921704371
ec2_cpu_utilization_77c1ca:2659:2675,0,rolling_64@0.975,41.54035960683434,42.05711921704371
ec2_cpu_utilization_77c1ca:2667:2683,0,rolling_64@0.975,36.91153902147804,42.05711921704371
ec2_cpu_utilization_77c1ca:2675:2691,0,rolling_64@0.975,35.17326532323607,42.05711921704371
ec2_cpu_utilization_77c1ca:2683:2699,0,rolling_64@0.975,4.956297910242724,42.05711921704371
ec2_cpu_utilization_77c1ca:2691:2707,0,rolling_64@0.975,1.4586344246632066,42.05711921704371
ec2_cpu_utilization_77c1ca:2699:2715,0,rolling_64@0.975,36.53866214280903,42.05711921704371
ec2_cpu_utilization_77c1ca:2707:2723,0,rolling_64@0.975,36.53866214280903,42.05711921704371
ec2_cpu_utilization_77c1ca:2715:2731,0,rolling_64@0.975,23.18512416347363,42.05711921704371
ec2_cpu_utilization_77c1ca:2723:2739,0,rolling_64@0.975,23.18512416347363,42.05711921704371
ec2_cpu_utilization_77c1ca:2731:2747,0,rolling_64@0.975,8.057740164355737,42.05711921704371
ec2_cpu_utilization_77c1ca:2739:2755,0,rolling_64@0.975,0.01524867581512863,42.05711921704371
ec2_cpu_utilization_77c1ca:2747:2763,0,rolling_64@0.975,0.01524867581512863,42.05711921704371
ec2_cpu_utilization_77c1ca:2755:2771,0,rolling_64@0.975,0.014401525405468813,42.05711921704371
ec2_cpu_utilization_77c1ca:2763:2779,0,rolling_64@0.975,0.014401525405468813,42.05711921704371
ec2_cpu_utilization_77c1ca:2771:2787,0,rolling_64@0.975,0.01524867581512863,42.05711921704371
ec2_cpu_utilization_77c1ca:2779:2795,0,rolling_64@0.975,0.01524867581512863,42.05711921704371
ec2_cpu_utilization_77c1ca:2787:2803,0,rolling_64@0.975,0.01440152856134362,42.05711921704371
ec2_cpu_utilization_77c1ca:2795:2811,0,rolling_64@0.975,0.01440152856134362,42.05711921704371
ec2_cpu_utilization_77c1ca:2803:2819,0,rolling_64@0.975,0.01440152856134362,42.05711921704371
ec2_cpu_utilization_77c1ca:2811:2827,0,rolling_64@0.975,0.014401525405468813,42.05711921704371
ec2_cpu_utilization_77c1ca:2819:2835,0,rolling_64@0.975,0.01524867581512863,42.05711921704371
ec2_cpu_utilization_77c1ca:2827:2843,0,rolling_64@0.975,0.01524867581512863,42.05711921704371
ec2_cpu_utilization_77c1ca:2835:2851,0,rolling_64@0.975,0.014825102188236124,42.05711921704371
ec2_cpu_utilization_77c1ca:2843:2859,0,rolling_64@0.975,0.01440152856134362,42.05711921704371
ec2_cpu_utilization_77c1ca:2851:2867,0,rolling_64@0.975,0.013977951778576308,42.05711921704371
ec2_cpu_utilization_77c1ca:2859:2875,0,rolling_64@0.975,0.01440152856134362,42.05711921704371
ec2_cpu_utilization_77c1ca:2867:2883,0,rolling_64@0.975,0.01440152856134362,42.05711921704371
ec2_cpu_utilization_77c1ca:2875:2891,0,rolling_64@0.975,0.01440152856134362,42.05711921704371
ec2_cpu_utilization_77c1ca:2883:2899,0,rolling_64@0.975,0.01440152856134362,42.05711921704371
ec2_cpu_utilization_77c1ca:2891:2907,0,rolling_64@0.975,0.01440152856134362,42.05711921704371
ec2_cpu_utilization_77c1ca:2899:2915,0,rolling_64@0.975,0.01440152856134362,42.05711921704371
ec2_cpu_utilization_77c1ca:2907:2923,0,rolling_64@0.975,0.01440152856134362,42.05711921704371
ec2_cpu_utilization_77c1ca:2915:2931,0,rolling_64@0.975,0.01440152856134362,42.05711921704371
ec2_cpu_utilization_77c1ca:2923:2939,0,rolling_64@0.975,0.013554378151683803,42.05711921704371
ec2_cpu_utilization_77c1ca:2931:2947,0,rolling_64@0.975,0.01440152856134362,42.05711921704371
ec2_cpu_utilization_77c1ca:2939:2955,0,rolling_64@0.975,0.01440152856134362,42.05711921704371
ec2_cpu_utilization_77c1ca:2947:2963,0,rolling_64@0.975,0.013554378151683803,42.05711921704371
ec2_cpu_utilization_77c1ca:2955:2971,0,rolling_64@0.975,0.013554378151683803,42.05711921704371
ec2_cpu_utilization_77c1ca:2963:2979,0,rolling_64@0.975,0.01440152856134362,42.05711921704371
ec2_cpu_utilization_77c1ca:2971:2987,0,rolling_64@0.975,0.01440152856134362,42.05711921704371
ec2_cpu_utilization_77c1ca:2979:2995,0,rolling_64@0.975,0.01440152856134362,42.05711921704371
ec2_cpu_utilization_77c1ca:2987:3003,0,rolling_64@0.975,0.013554378151683803,42.05711921704371
ec2_cpu_utilization_77c1ca:2995:3011,0,rolling_64@0.975,0.01440152856134362,42.05711921704371
ec2_cpu_utilization_77c1ca:3003:3019,0,rolling_64@0.975,0.01440152856134362,42.05711921704371
ec2_cpu_utilization_77c1ca:3011:3027,0,rolling_64@0.975,0.013554378151683803,42.05711921704371
ec2_cpu_utilization_77c1ca:3019:3035,0,rolling_64@0.975,0.01440152856134362,42.05711921704371
ec2_cpu_utilization_77c1ca:3027:3043,0,rolling_64@0.975,0.01440152856134362,42.05711921704371
ec2_cpu_utilization_77c1ca:3035:3051,0,rolling_64@0.975,0.013554378151683803,42.05711921704371
ec2_cpu_utilization_77c1ca:3043:3059,0,rolling_64@0.975,0.01440152856134362,42.05711921704371
ec2_cpu_utilization_77c1ca:3051:3067,0,rolling_64@0.975,0.01440152856134362,42.05711921704371
ec2_cpu_utilization_77c1ca:3059:3075,0,rolling_64@0.975,0.01440152856134362,42.05711921704371
ec2_cpu_utilization_77c1ca:3067:3083,0,rolling_64@0.975,0.01440152856134362,42.05711921704371
ec2_cpu_utilization_77c1ca:3075:3091,0,rolling_64@0.975,0.01440152856134362,42.05711921704371
ec2_cpu_utilization_77c1ca:3083:3099,0,rolling_64@0.975,0.014401525405468813,42.05711921704371
ec2_cpu_utilization_77c1ca:3091:3107,0,rolling_64@0.975,0.01524867581512863,42.05711921704371
ec2_cpu_utilization_77c1ca:3099:3115,0,rolling_64@0.975,0.01524867581512863,42.05711921704371
ec2_cpu_utilization_77c1ca:3107:3123,0,rolling_64@0.975,0.01524867581512863,42.05711921704371
ec2_cpu_utilization_77c1ca:3115:3131,0,rolling_64@0.975,0.01524867581512863,42.05711921704371
ec2_cpu_utilization_77c1ca:3123:3139,0,rolling_64@0.975,0.015248678971003437,42.05711921704371
ec2_cpu_utilization_77c1ca:3131:3147,0,rolling_64@0.975,0.015248678971003437,42.05711921704371
ec2_cpu_utilization_77c1ca:3139:3155,0,rolling_64@0.975,0.01440152856134362,42.05711921704371
ec2_cpu_utilization_77c1ca:3147:3163,0,rolling_64@0.975,0.01440152856134362,42.05711921704371
ec2_cpu_utilization_77c1ca:3155:3171,0,rolling_64@0.975,0.01440152856134362,42.05711921704371
ec2_cpu_utilization_77c1ca:3163:3179,0,rolling_64@0.975,0.01440152856134362,42.05711921704371
ec2_cpu_utilization_77c1ca:3171:3187,0,rolling_64@0.975,0.01440152856134362,42.05711921704371
ec2_cpu_utilization_77c1ca:3179:3195,0,rolling_64@0.975,0.01440152856134362,42.05711921704371
ec2_cpu_utilization_77c1ca:3187:3203,0,rolling_64@0.975,0.013554378151683803,42.05711921704371
ec2_cpu_utilization_77c1ca:3195:3211,0,rolling_64@0.975,0.013554378151683803,42.05711921704371
ec2_cpu_utilization_77c1ca:3203:3219,0,rolling_64@0.975,0.01440152856134362,42.05711921704371
ec2_cpu_utilization_77c1ca:2419:2435,0,rolling_64@0.99,42.148190104662135,42.05711921704371
ec2_cpu_utilization_77c1ca:2427:2443,0,rolling_64@0.99,40.26667228904698,42.05711921704371
ec2_cpu_utilization_77c1ca:2435:2451,0,rolling_64@0.99,42.148190104662135,42.05711921704371
ec2_cpu_utilization_77c1ca:2443:2459,0,rolling_64@0.99,42.148190104662135,42.05711921704371
ec2_cpu_utilization_77c1ca:2451:2467,0,rolling_64@0.99,0.056758960679839855,42.05711921704371
ec2_cpu_utilization_77c1ca:2459:2475,0,rolling_64@0.99,0.056758960679839855,42.05711921704371
ec2_cpu_utilization_77c1ca:2467:2483,0,rolling_64@0.99,42.271026589007704,42.05711921704371
ec2_cpu_utilization_77c1ca:2475:2491,0,rolling_64@0.99,42.271026589007704,42.05711921704371
ec2_cpu_utilization_77c1ca:2483:2499,0,rolling_64@0.99,10.883319057670526,42.05711921704371
ec2_cpu_utilization_77c1ca:2491:2507,0,rolling_64@0.99,0.3964655838168436,42.05711921704371
ec2_cpu_utilization_77c1ca:2499:2515,0,rolling_64@0.99,0.01609582306891364,42.05711921704371
ec2_cpu_utilization_77c1ca:2507:2523,0,rolling_64@0.99,0.01609582306891364,42.05711921704371
ec2_cpu_utilization_77c1ca:2515:2531,0,rolling_64@0.99,0.01524867581512863,42.05711921704371
ec2_cpu_utilization_77c1ca:2523:2539,0,rolling_64@0.99,17.02175792386135,42.05711921704371
ec2_cpu_utilization_77c1ca:2531:2547,0,rolling_64@0.99,41.644981817717635,42.05711921704371
ec2_cpu_utilization_77c1ca:2539:2555,0,rolling_64@0.99,42.16174303742316,42.05711921704371
ec2_cpu_utilization_77c1ca:2547:2563,0,rolling_64@0.99,42.16174303742316,42.05711921704371
ec2_cpu_utilization_77c1ca:2555:2571,0,rolling_64@0.99,26.353101382190353,42.05711921704371
ec2_cpu_utilization_77c1ca:2563:2579,0,rolling_64@0.99,42.074909135800084,42.05711921704371
ec2_cpu_utilization_77c1ca:2571:2587,0,rolling_64@0.99,42.074909135800084,42.05711921704371
ec2_cpu_utilization_77c1ca:2579:2595,0,rolling_64@0.99,31.123398141117395,42.05711921704371
ec2_cpu_utilization_77c1ca:2587:2603,0,rolling_64@0.99,31.123398141117395,42.05711921704371
ec2_cpu_utilization_77c1ca:2595:2611,0,rolling_64@0.99,0.6754764967131422,42.05711921704371
ec2_cpu_utilization_77c1ca:2603:2619,0,rolling_64@0.99,0.6747061833464745,42.05711921704371
ec2_cpu_utilization_77c1ca:2611:2627,0,rolling_64@0.99,0.10038711841282581,42.05711921704371
ec2_cpu_utilization_77c1ca:2619:2635,0,rolling_64@0.99,41.15872058795371,42.05711921704371
ec2_cpu_utilization_77c1ca:2627:2643,0,rolling_64@0.99,41.862699005930736,42.05711921704371
ec2_cpu_utilization_77c1ca:2635:2651,0,rolling_64@0.99,41.93809583421294,42.05711921704371
ec2_cpu_utilization_77c1ca:2643:2659,0,rolling_64@0.99,41.93809583421294,42.05711921704371
ec2_cpu_utilization_77c1ca:2651:2667,0,rolling_64@0.99,41.54035960683434,42.05711921704371
ec2_cpu_utilization_77c1ca:2659:2675,0,rolling_64@0.99,41.54035960683434,42.05711921704371
ec2_cpu_utilization_77c1ca:2667:2683,0,rolling_64@0.99,36.91153902147804,42.05711921704371
ec2_cpu_utilization_77c1ca:2675:2691,0,rolling_64@0.99,35.17326532323607,42.05711921704371
ec2_cpu_utilization_77c1ca:2683:2699,0,rolling_64@0.99,4.956297910242724,42.05711921704371
ec2_cpu_utilization_77c1ca:2691:2707,0,rolling_64@0.99,1.4586344246632066,42.05711921704371
ec2_cpu_utilization_77c1ca:2699:2715,0,rolling_64@0.99,36.53866214280903,42.05711921704371
ec2_cpu_utilization_77c1ca:2707:2723,0,rolling_64@0.99,36.53866214280903,42.05711921704371
ec2_cpu_utilization_77c1ca:2715:2731,0,rolling_64@0.99,23.18512416347363,42.05711921704371
ec2_cpu_utilization_77c1ca:2723:2739,0,rolling_64@0.99,23.18512416347363,42.05711921704371
ec2_cpu_utilization_77c1ca:2731:2747,0,rolling_64@0.99,8.057740164355737,42.05711921704371
ec2_cpu_utilization_77c1ca:2739:2755,0,rolling_64@0.99,0.01524867581512863,42.05711921704371
ec2_cpu_utilization_77c1ca:2747:2763,0,rolling_64@0.99,0.01524867581512863,42.05711921704371
ec2_cpu_utilization_77c1ca:2755:2771,0,rolling_64@0.99,0.014401525405468813,42.05711921704371
ec2_cpu_utilization_77c1ca:2763:2779,0,rolling_64@0.99,0.014401525405468813,42.05711921704371
ec2_cpu_utilization_77c1ca:2771:2787,0,rolling_64@0.99,0.01524867581512863,42.05711921704371
ec2_cpu_utilization_77c1ca:2779:2795,0,rolling_64@0.99,0.01524867581512863,42.05711921704371
ec2_cpu_utilization_77c1ca:2787:2803,0,rolling_64@0.99,0.01440152856134362,42.05711921704371
ec2_cpu_utilization_77c1ca:2795:2811,0,rolling_64@0.99,0.01440152856134362,42.05711921704371
ec2_cpu_utilization_77c1ca:2803:2819,0,rolling_64@0.99,0.01440152856134362,42.05711921704371
ec2_cpu_utilization_77c1ca:2811:2827,0,rolling_64@0.99,0.014401525405468813,42.05711921704371
ec2_cpu_utilization_77c1ca:2819:2835,0,rolling_64@0.99,0.01524867581512863,42.05711921704371
ec2_cpu_utilization_77c1ca:2827:2843,0,rolling_64@0.99,0.01524867581512863,42.05711921704371
ec2_cpu_utilization_77c1ca:2835:2851,0,rolling_64@0.99,0.014825102188236124,42.05711921704371
ec2_cpu_utilization_77c1ca:2843:2859,0,rolling_64@0.99,0.01440152856134362,42.05711921704371
ec2_cpu_utilization_77c1ca:2851:2867,0,rolling_64@0.99,0.013977951778576308,42.05711921704371
ec2_cpu_utilization_77c1ca:2859:2875,0,rolling_64@0.99,0.01440152856134362,42.05711921704371
ec2_cpu_utilization_77c1ca:2867:2883,0,rolling_64@0.99,0.01440152856134362,42.05711921704371
ec2_cpu_utilization_77c1ca:2875:2891,0,rolling_64@0.99,0.01440152856134362,42.05711921704371
ec2_cpu_utilization_77c1ca:2883:2899,0,rolling_64@0.99,0.01440152856134362,42.05711921704371
ec2_cpu_utilization_77c1ca:2891:2907,0,rolling_64@0.99,0.01440152856134362,42.05711921704371
ec2_cpu_utilization_77c1ca:2899:2915,0,rolling_64@0.99,0.01440152856134362,42.05711921704371
ec2_cpu_utilization_77c1ca:2907:2923,0,rolling_64@0.99,0.01440152856134362,42.05711921704371
ec2_cpu_utilization_77c1ca:2915:2931,0,rolling_64@0.99,0.01440152856134362,42.05711921704371
ec2_cpu_utilization_77c1ca:2923:2939,0,rolling_64@0.99,0.013554378151683803,42.05711921704371
ec2_cpu_utilization_77c1ca:2931:2947,0,rolling_64@0.99,0.01440152856134362,42.05711921704371
ec2_cpu_utilization_77c1ca:2939:2955,0,rolling_64@0.99,0.01440152856134362,42.05711921704371
ec2_cpu_utilization_77c1ca:2947:2963,0,rolling_64@0.99,0.013554378151683803,42.05711921704371
ec2_cpu_utilization_77c1ca:2955:2971,0,rolling_64@0.99,0.013554378151683803,42.05711921704371
ec2_cpu_utilization_77c1ca:2963:2979,0,rolling_64@0.99,0.01440152856134362,42.05711921704371
ec2_cpu_utilization_77c1ca:2971:2987,0,rolling_64@0.99,0.01440152856134362,42.05711921704371
ec2_cpu_utilization_77c1ca:2979:2995,0,rolling_64@0.99,0.01440152856134362,42.05711921704371
ec2_cpu_utilization_77c1ca:2987:3003,0,rolling_64@0.99,0.013554378151683803,42.05711921704371
ec2_cpu_utilization_77c1ca:2995:3011,0,rolling_64@0.99,0.01440152856134362,42.05711921704371
ec2_cpu_utilization_77c1ca:3003:3019,0,rolling_64@0.99,0.01440152856134362,42.05711921704371
ec2_cpu_utilization_77c1ca:3011:3027,0,rolling_64@0.99,0.013554378151683803,42.05711921704371
ec2_cpu_utilization_77c1ca:3019:3035,0,rolling_64@0.99,0.01440152856134362,42.05711921704371
ec2_cpu_utilization_77c1ca:3027:3043,0,rolling_64@0.99,0.01440152856134362,42.05711921704371
ec2_cpu_utilization_77c1ca:3035:3051,0,rolling_64@0.99,0.013554378151683803,42.05711921704371
ec2_cpu_utilization_77c1ca:3043:3059,0,rolling_64@0.99,0.01440152856134362,42.05711921704371
ec2_cpu_utilization_77c1ca:3051:3067,0,rolling_64@0.99,0.01440152856134362,42.05711921704371
ec2_cpu_utilization_77c1ca:3059:3075,0,rolling_64@0.99,0.01440152856134362,42.05711921704371
ec2_cpu_utilization_77c1ca:3067:3083,0,rolling_64@0.99,0.01440152856134362,42.05711921704371
ec2_cpu_utilization_77c1ca:3075:3091,0,rolling_64@0.99,0.01440152856134362,42.05711921704371
ec2_cpu_utilization_77c1ca:3083:3099,0,rolling_64@0.99,0.014401525405468813,42.05711921704371
ec2_cpu_utilization_77c1ca:3091:3107,0,rolling_64@0.99,0.01524867581512863,42.05711921704371
ec2_cpu_utilization_77c1ca:3099:3115,0,rolling_64@0.99,0.01524867581512863,42.05711921704371
ec2_cpu_utilization_77c1ca:3107:3123,0,rolling_64@0.99,0.01524867581512863,42.05711921704371
ec2_cpu_utilization_77c1ca:3115:3131,0,rolling_64@0.99,0.01524867581512863,42.05711921704371
ec2_cpu_utilization_77c1ca:3123:3139,0,rolling_64@0.99,0.015248678971003437,42.05711921704371
ec2_cpu_utilization_77c1ca:3131:3147,0,rolling_64@0.99,0.015248678971003437,42.05711921704371
ec2_cpu_utilization_77c1ca:3139:3155,0,rolling_64@0.99,0.01440152856134362,42.05711921704371
ec2_cpu_utilization_77c1ca:3147:3163,0,rolling_64@0.99,0.01440152856134362,42.05711921704371
ec2_cpu_utilization_77c1ca:3155:3171,0,rolling_64@0.99,0.01440152856134362,42.05711921704371
ec2_cpu_utilization_77c1ca:3163:3179,0,rolling_64@0.99,0.01440152856134362,42.05711921704371
ec2_cpu_utilization_77c1ca:3171:3187,0,rolling_64@0.99,0.01440152856134362,42.05711921704371
ec2_cpu_utilization_77c1ca:3179:3195,0,rolling_64@0.99,0.01440152856134362,42.05711921704371
ec2_cpu_utilization_77c1ca:3187:3203,0,rolling_64@0.99,0.013554378151683803,42.05711921704371
ec2_cpu_utilization_77c1ca:3195:3211,0,rolling_64@0.99,0.013554378151683803,42.05711921704371
ec2_cpu_utilization_77c1ca:3203:3219,0,rolling_64@0.99,0.01440152856134362,42.05711921704371
ec2_cpu_utilization_77c1ca:2419:2435,0,rolling_128@0.95,42.148190104662135,42.104985342249115
ec2_cpu_utilization_77c1ca:2427:2443,0,rolling_128@0.95,40.26667228904698,42.104985342249115
ec2_cpu_utilization_77c1ca:2435:2451,0,rolling_128@0.95,42.148190104662135,42.104985342249115
ec2_cpu_utilization_77c1ca:2443:2459,0,rolling_128@0.95,42.148190104662135,42.104985342249115
ec2_cpu_utilization_77c1ca:2451:2467,0,rolling_128@0.95,0.056758960679839855,42.104985342249115
ec2_cpu_utilization_77c1ca:2459:2475,0,rolling_128@0.95,0.056758960679839855,42.104985342249115
ec2_cpu_utilization_77c1ca:2467:2483,0,rolling_128@0.95,42.27187373626149,42.104985342249115
ec2_cpu_utilization_77c1ca:2475:2491,0,rolling_128@0.95,42.27187373626149,42.104985342249115
ec2_cpu_utilization_77c1ca:2483:2499,0,rolling_128@0.95,10.88416620492431,42.104985342249115
ec2_cpu_utilization_77c1ca:2491:2507,0,rolling_128@0.95,0.3973127310706286,42.104985342249115
ec2_cpu_utilization_77c1ca:2499:2515,0,rolling_128@0.95,0.015248678971003437,42.104985342249115
ec2_cpu_utilization_77c1ca:2507:2523,0,rolling_128@0.95,0.01524867581512863,42.104985342249115
ec2_cpu_utilization_77c1ca:2515:2531,0,rolling_128@0.95,0.01440152856134362,42.104985342249115
ec2_cpu_utilization_77c1ca:2523:2539,0,rolling_128@0.95,17.02175792386135,42.104985342249115
ec2_cpu_utilization_77c1ca:2531:2547,0,rolling_128@0.95,41.644981817717635,42.104985342249115
ec2_cpu_utilization_77c1ca:2539:2555,0,rolling_128@0.95,42.16174303742316,42.104985342249115
ec2_cpu_utilization_77c1ca:2547:2563,0,rolling_128@0.95,42.16174303742316,42.104985342249115
ec2_cpu_utilization_77c1ca:2555:2571,0,rolling_128@0.95,26.35987857284413,42.104985342249115
ec2_cpu_utilization_77c1ca:2563:2579,0,rolling_128@0.95,42.21680653907762,42.104985342249115
ec2_cpu_utilization_77c1ca:2571:2587,0,rolling_128@0.95,42.21680653907762,42.104985342249115
ec2_cpu_utilization_77c1ca:2579:2595,0,rolling_128@0.95,42.243916564042664,42.104985342249115
ec2_cpu_utilization_77c1ca:2587:2603,0,rolling_128@0.95,42.243916564042664,42.104985342249115
ec2_cpu_utilization_77c1ca:2595:2611,0,rolling_128@0.95,0.08471486423699247,42.104985342249115
ec2_cpu_utilization_77c1ca:2603:2619,0,rolling_128@0.95,0.08471486423699247,42.104985342249115
ec2_cpu_utilization_77c1ca:2611:2627,0,rolling_128@0.95,0.06861904432395365,42.104985342249115
ec2_cpu_utilization_77c1ca:2619:2635,0,rolling_128@0.95,41.15872058795371,42.104985342249115
ec2_cpu_utilization_77c1ca:2627:2643,0,rolling_128@0.95,41.84914462462318,42.104985342249115
ec2_cpu_utilization_77c1ca:2635:2651,0,rolling_128@0.95,41.88896120828478,42.104985342249115
ec2_cpu_utilization_77c1ca:2643:2659,0,rolling_128@0.95,41.88896120828478,42.104985342249115
ec2_cpu_utilization_77c1ca:2651:2667,0,rolling_128@0.95,37.34331394956642,42.104985342249115
ec2_cpu_utilization_77c1ca:2659:2675,0,rolling_128@0.95,37.34331394956642,42.104985342249115
ec2_cpu_utilization_77c1ca:2667:2683,0,rolling_128@0.95,36.6703272215955,42.104985342249115
ec2_cpu_utilization_77c1ca:2675:2691,0,rolling_128@0.95,37.872595316779176,42.104985342249115
ec2_cpu_utilization_77c1ca:2683:2699,0,rolling_128@0.95,37.872595316779176,42.104985342249115
ec2_cpu_utilization_77c1ca:2691:2707,0,rolling_128@0.95,37.75565319726829,42.104985342249115
ec2_cpu_utilization_77c1ca:2699:2715,0,rolling_128@0.95,40.89737470550891,42.104985342249115
ec2_cpu_utilization_77c1ca:2707:2723,0,rolling_128@0.95,40.89737470550891,42.104985342249115
ec2_cpu_utilization_77c1ca:2715:2731,0,rolling_128@0.95,41.834319814353364,42.104985342249115
ec2_cpu_utilization_77c1ca:2723:2739,0,rolling_128@0.95,41.834319814353364,42.104985342249115
ec2_cpu_utilization_77c1ca:2731:2747,0,rolling_128@0.95,40.675344170558375,42.104985342249115
ec2_cpu_utilization_77c1ca:2739:2755,0,rolling_128@0.95,0.680832763741092,42.104985342249115
ec2_cpu_utilization_77c1ca:2747:2763,0,rolling_128@0.95,0.680832763741092,42.104985342249115
ec2_cpu_utilization_77c1ca:2755:2771,0,rolling_128@0.95,0.6806901218832115,42.104985342249115
ec2_cpu_utilization_77c1ca:2763:2779,0,rolling_128@0.95,0.416373574261602,42.104985342249115
ec2_cpu_utilization_77c1ca:2771:2787,0,rolling_128@0.95,0.01524867581512863,42.104985342249115
ec2_cpu_utilization_77c1ca:2779:2795,0,rolling_128@0.95,0.01524867581512863,42.104985342249115
ec2_cpu_utilization_77c1ca:2787:2803,0,rolling_128@0.95,0.01524867581512863,42.104985342249115
ec2_cpu_utilization_77c1ca:2795:2811,0,rolling_128@0.95,0.01524867581512863,42.104985342249115
ec2_cpu_utilization_77c1ca:2803:2819,0,rolling_128@0.95,0.01524867581512863,42.104985342249115
ec2_cpu_utilization_77c1ca:2811:2827,0,rolling_128@0.95,0.014401525405468813,42.104985342249115
ec2_cpu_utilization_77c1ca:2819:2835,0,rolling_128@0.95,0.01524867581512863,42.104985342249115
ec2_cpu_utilization_77c1ca:2827:2843,0,rolling_128@0.95,0.01524867581512863,42.104985342249115
ec2_cpu_utilization_77c1ca:2835:2851,0,rolling_128@0.95,0.01524867581512863,42.104985342249115
ec2_cpu_utilization_77c1ca:2843:2859,0,rolling_128@0.95,0.014825102188236124,42.104985342249115
ec2_cpu_utilization_77c1ca:2851:2867,0,rolling_128@0.95,0.014401525405468813,42.104985342249115
ec2_cpu_utilization_77c1ca:2859:2875,0,rolling_128@0.95,0.01440152856134362,42.104985342249115
ec2_cpu_utilization_77c1ca:2867:2883,0,rolling_128@0.95,0.01440152856134362,42.104985342249115
ec2_cpu_utilization_77c1ca:2875:2891,0,rolling_128@0.95,0.01440152856134362,42.104985342249115
ec2_cpu_utilization_77c1ca:2883:2899,0,rolling_128@0.95,0.01440152856134362,42.104985342249115
ec2_cpu_utilization_77c1ca:2891:2907,0,rolling_128@0.95,0.01440152856134362,42.104985342249115
ec2_cpu_utilization_77c1ca:2899:2915,0,rolling_128@0.95,0.01440152856134362,42.104985342249115
ec2_cpu_utilization_77c1ca:2907:2923,0,rolling_128@0.95,0.01440152856134362,42.104985342249115
ec2_cpu_utilization_77c1ca:2915:2931,0,rolling_128@0.95,0.01440152856134362,42.104985342249115
ec2_cpu_utilization_77c1ca:2923:2939,0,rolling_128@0.95,0.013554378151683803,42.104985342249115
ec2_cpu_utilization_77c1ca:2931:2947,0,rolling_128@0.95,0.01440152856134362,42.104985342249115
ec2_cpu_utilization_77c1ca:2939:2955,0,rolling_128@0.95,0.01440152856134362,42.104985342249115
ec2_cpu_utilization_77c1ca:2947:2963,0,rolling_128@0.95,0.013554378151683803,42.104985342249115
ec2_cpu_utilization_77c1ca:2955:2971,0,rolling_128@0.95,0.013554378151683803,42.104985342249115
ec2_cpu_utilization_77c1ca:2963:2979,0,rolling_128@0.95,0.01440152856134362,42.104985342249115
ec2_cpu_utilization_77c1ca:2971:2987,0,rolling_128@0.95,0.01440152856134362,42.104985342249115
ec2_cpu_utilization_77c1ca:2979:2995,0,rolling_128@0.95,0.01440152856134362,42.104985342249115
ec2_cpu_utilization_77c1ca:2987:3003,0,rolling_128@0.95,0.013554378151683803,42.104985342249115
ec2_cpu_utilization_77c1ca:2995:3011,0,rolling_128@0.95,0.01440152856134362,42.104985342249115
ec2_cpu_utilization_77c1ca:3003:3019,0,rolling_128@0.95,0.01440152856134362,42.104985342249115
ec2_cpu_utilization_77c1ca:3011:3027,0,rolling_128@0.95,0.013554378151683803,42.104985342249115
ec2_cpu_utilization_77c1ca:3019:3035,0,rolling_128@0.95,0.01440152856134362,42.104985342249115
ec2_cpu_utilization_77c1ca:3027:3043,0,rolling_128@0.95,0.01440152856134362,42.104985342249115
ec2_cpu_utilization_77c1ca:3035:3051,0,rolling_128@0.95,0.013554378151683803,42.104985342249115
ec2_cpu_utilization_77c1ca:3043:3059,0,rolling_128@0.95,0.01440152856134362,42.104985342249115
ec2_cpu_utilization_77c1ca:3051:3067,0,rolling_128@0.95,0.01440152856134362,42.104985342249115
ec2_cpu_utilization_77c1ca:3059:3075,0,rolling_128@0.95,0.01440152856134362,42.104985342249115
ec2_cpu_utilization_77c1ca:3067:3083,0,rolling_128@0.95,0.01440152856134362,42.104985342249115
ec2_cpu_utilization_77c1ca:3075:3091,0,rolling_128@0.95,0.01440152856134362,42.104985342249115
ec2_cpu_utilization_77c1ca:3083:3099,0,rolling_128@0.95,0.013554378151683803,42.104985342249115
ec2_cpu_utilization_77c1ca:3091:3107,0,rolling_128@0.95,0.01440152856134362,42.104985342249115
ec2_cpu_utilization_77c1ca:3099:3115,0,rolling_128@0.95,0.01440152856134362,42.104985342249115
ec2_cpu_utilization_77c1ca:3107:3123,0,rolling_128@0.95,0.01440152856134362,42.104985342249115
ec2_cpu_utilization_77c1ca:3115:3131,0,rolling_128@0.95,0.01440152856134362,42.104985342249115
ec2_cpu_utilization_77c1ca:3123:3139,0,rolling_128@0.95,0.015248678971003437,42.104985342249115
ec2_cpu_utilization_77c1ca:3131:3147,0,rolling_128@0.95,0.015248678971003437,42.104985342249115
ec2_cpu_utilization_77c1ca:3139:3155,0,rolling_128@0.95,0.01440152856134362,42.104985342249115
ec2_cpu_utilization_77c1ca:3147:3163,0,rolling_128@0.95,0.01440152856134362,42.104985342249115
ec2_cpu_utilization_77c1ca:3155:3171,0,rolling_128@0.95,0.01440152856134362,42.104985342249115
ec2_cpu_utilization_77c1ca:3163:3179,0,rolling_128@0.95,0.01440152856134362,42.104985342249115
ec2_cpu_utilization_77c1ca:3171:3187,0,rolling_128@0.95,0.01440152856134362,42.104985342249115
ec2_cpu_utilization_77c1ca:3179:3195,0,rolling_128@0.95,0.01440152856134362,42.104985342249115
ec2_cpu_utilization_77c1ca:3187:3203,0,rolling_128@0.95,0.013554378151683803,42.104985342249115
ec2_cpu_utilization_77c1ca:3195:3211,0,rolling_128@0.95,0.013554378151683803,42.104985342249115
ec2_cpu_utilization_77c1ca:3203:3219,0,rolling_128@0.95,0.01440152856134362,42.104985342249115
ec2_cpu_utilization_77c1ca:2419:2435,0,rolling_128@0.975,42.148190104662135,42.12616325671616
ec2_cpu_utilization_77c1ca:2427:2443,0,rolling_128@0.975,40.26667228904698,42.12616325671616
ec2_cpu_utilization_77c1ca:2435:2451,0,rolling_128@0.975,42.148190104662135,42.12616325671616
ec2_cpu_utilization_77c1ca:2443:2459,0,rolling_128@0.975,42.148190104662135,42.12616325671616
ec2_cpu_utilization_77c1ca:2451:2467,0,rolling_128@0.975,0.056758960679839855,42.12616325671616
ec2_cpu_utilization_77c1ca:2459:2475,0,rolling_128@0.975,0.056758960679839855,42.12616325671616
ec2_cpu_utilization_77c1ca:2467:2483,0,rolling_128@0.975,42.27187373626149,42.12616325671616
ec2_cpu_utilization_77c1ca:2475:2491,0,rolling_128@0.975,42.27187373626149,42.12616325671616
ec2_cpu_utilization_77c1ca:2483:2499,0,rolling_128@0.975,10.88416620492431,42.12616325671616
ec2_cpu_utilization_77c1ca:2491:2507,0,rolling_128@0.975,0.3973127310706286,42.12616325671616
ec2_cpu_utilization_77c1ca:2499:2515,0,rolling_128@0.975,0.015248678971003437,42.12616325671616
ec2_cpu_utilization_77c1ca:2507:2523,0,rolling_128@0.975,0.01524867581512863,42.12616325671616
ec2_cpu_utilization_77c1ca:2515:2531,0,rolling_128@0.975,0.01440152856134362,42.12616325671616
ec2_cpu_utilization_77c1ca:2523:2539,0,rolling_128@0.975,17.02175792386135,42.12616325671616
ec2_cpu_utilization_77c1ca:2531:2547,0,rolling_128@0.975,41.644981817717635,42.12616325671616
ec2_cpu_utilization_77c1ca:2539:2555,0,rolling_128@0.975,42.16174303742316,42.12616325671616
ec2_cpu_utilization_77c1ca:2547:2563,0,rolling_128@0.975,42.16174303742316,42.12616325671616
ec2_cpu_utilization_77c1ca:2555:2571,0,rolling_128@0.975,26.35987857284413,42.12616325671616
ec2_cpu_utilization_77c1ca:2563:2579,0,rolling_128@0.975,42.21680653907762,42.12616325671616
ec2_cpu_utilization_77c1ca:2571:2587,0,rolling_128@0.975,42.21680653907762,42.12616325671616
ec2_cpu_utilization_77c1ca:2579:2595,0,rolling_128@0.975,42.243916564042664,42.12616325671616
ec2_cpu_utilization_77c1ca:2587:2603,0,rolling_128@0.975,42.243916564042664,42.12616325671616
ec2_cpu_utilization_77c1ca:2595:2611,0,rolling_128@0.975,0.08471486423699247,42.12616325671616
ec2_cpu_utilization_77c1ca:2603:2619,0,rolling_128@0.975,0.08471486423699247,42.12616325671616
ec2_cpu_utilization_77c1ca:2611:2627,0,rolling_128@0.975,0.06861904432395365,42.12616325671616
ec2_cpu_utilization_77c1ca:2619:2635,0,rolling_128@0.975,41.15872058795371,42.12616325671616
ec2_cpu_utilization_77c1ca:2627:2643,0,rolling_128@0.975,41.84914462462318,42.12616325671616
ec2_cpu_utilization_77c1ca:2635:2651,0,rolling_128@0.975,41.88896120828478,42.12616325671616
ec2_cpu_utilization_77c1ca:2643:2659,0,rolling_128@0.975,41.88896120828478,42.12616325671616
ec2_cpu_utilization_77c1ca:2651:2667,0,rolling_128@0.975,37.34331394956642,42.12616325671616
ec2_cpu_utilization_77c1ca:2659:2675,0,rolling_128@0.975,37.34331394956642,42.12616325671616
ec2_cpu_utilization_77c1ca:2667:2683,0,rolling_128@0.975,36.6703272215955,42.12616325671616
ec2_cpu_utilization_77c1ca:2675:2691,0,rolling_128@0.975,37.872595316779176,42.12616325671616
ec2_cpu_utilization_77c1ca:2683:2699,0,rolling_128@0.975,37.872595316779176,42.12616325671616
ec2_cpu_utilization_77c1ca:2691:2707,0,rolling_128@0.975,37.75565319726829,42.12616325671616
ec2_cpu_utilization_77c1ca:2699:2715,0,rolling_128@0.975,40.89737470550891,42.12616325671616
ec2_cpu_utilization_77c1ca:2707:2723,0,rolling_128@0.975,40.89737470550891,42.12616325671616
ec2_cpu_utilization_77c1ca:2715:2731,0,rolling_128@0.975,41.834319814353364,42.12616325671616
ec2_cpu_utilization_77c1ca:2723:2739,0,rolling_128@0.975,41.834319814353364,42.12616325671616
ec2_cpu_utilization_77c1ca:2731:2747,0,rolling_128@0.975,40.675344170558375,42.12616325671616
ec2_cpu_utilization_77c1ca:2739:2755,0,rolling_128@0.975,0.680832763741092,42.12616325671616
ec2_cpu_utilization_77c1ca:2747:2763,0,rolling_128@0.975,0.680832763741092,42.12616325671616
ec2_cpu_utilization_77c1ca:2755:2771,0,rolling_128@0.975,0.6806901218832115,42.12616325671616
ec2_cpu_utilization_77c1ca:2763:2779,0,rolling_128@0.975,0.416373574261602,42.12616325671616
ec2_cpu_utilization_77c1ca:2771:2787,0,rolling_128@0.975,0.01524867581512863,42.12616325671616
ec2_cpu_utilization_77c1ca:2779:2795,0,rolling_128@0.975,0.01524867581512863,42.12616325671616
ec2_cpu_utilization_77c1ca:2787:2803,0,rolling_128@0.975,0.01524867581512863,42.12616325671616
ec2_cpu_utilization_77c1ca:2795:2811,0,rolling_128@0.975,0.01524867581512863,42.12616325671616
ec2_cpu_utilization_77c1ca:2803:2819,0,rolling_128@0.975,0.01524867581512863,42.12616325671616
ec2_cpu_utilization_77c1ca:2811:2827,0,rolling_128@0.975,0.014401525405468813,42.12616325671616
ec2_cpu_utilization_77c1ca:2819:2835,0,rolling_128@0.975,0.01524867581512863,42.12616325671616
ec2_cpu_utilization_77c1ca:2827:2843,0,rolling_128@0.975,0.01524867581512863,42.12616325671616
ec2_cpu_utilization_77c1ca:2835:2851,0,rolling_128@0.975,0.01524867581512863,42.12616325671616
ec2_cpu_utilization_77c1ca:2843:2859,0,rolling_128@0.975,0.014825102188236124,42.12616325671616
ec2_cpu_utilization_77c1ca:2851:2867,0,rolling_128@0.975,0.014401525405468813,42.12616325671616
ec2_cpu_utilization_77c1ca:2859:2875,0,rolling_128@0.975,0.01440152856134362,42.12616325671616
ec2_cpu_utilization_77c1ca:2867:2883,0,rolling_128@0.975,0.01440152856134362,42.12616325671616
ec2_cpu_utilization_77c1ca:2875:2891,0,rolling_128@0.975,0.01440152856134362,42.12616325671616
ec2_cpu_utilization_77c1ca:2883:2899,0,rolling_128@0.975,0.01440152856134362,42.12616325671616
ec2_cpu_utilization_77c1ca:2891:2907,0,rolling_128@0.975,0.01440152856134362,42.12616325671616
ec2_cpu_utilization_77c1ca:2899:2915,0,rolling_128@0.975,0.01440152856134362,42.12616325671616
ec2_cpu_utilization_77c1ca:2907:2923,0,rolling_128@0.975,0.01440152856134362,42.12616325671616
ec2_cpu_utilization_77c1ca:2915:2931,0,rolling_128@0.975,0.01440152856134362,42.12616325671616
ec2_cpu_utilization_77c1ca:2923:2939,0,rolling_128@0.975,0.013554378151683803,42.12616325671616
ec2_cpu_utilization_77c1ca:2931:2947,0,rolling_128@0.975,0.01440152856134362,42.12616325671616
ec2_cpu_utilization_77c1ca:2939:2955,0,rolling_128@0.975,0.01440152856134362,42.12616325671616
ec2_cpu_utilization_77c1ca:2947:2963,0,rolling_128@0.975,0.013554378151683803,42.12616325671616
ec2_cpu_utilization_77c1ca:2955:2971,0,rolling_128@0.975,0.013554378151683803,42.12616325671616
ec2_cpu_utilization_77c1ca:2963:2979,0,rolling_128@0.975,0.01440152856134362,42.12616325671616
ec2_cpu_utilization_77c1ca:2971:2987,0,rolling_128@0.975,0.01440152856134362,42.12616325671616
ec2_cpu_utilization_77c1ca:2979:2995,0,rolling_128@0.975,0.01440152856134362,42.12616325671616
ec2_cpu_utilization_77c1ca:2987:3003,0,rolling_128@0.975,0.013554378151683803,42.12616325671616
ec2_cpu_utilization_77c1ca:2995:3011,0,rolling_128@0.975,0.01440152856134362,42.12616325671616
ec2_cpu_utilization_77c1ca:3003:3019,0,rolling_128@0.975,0.01440152856134362,42.12616325671616
ec2_cpu_utilization_77c1ca:3011:3027,0,rolling_128@0.975,0.013554378151683803,42.12616325671616
ec2_cpu_utilization_77c1ca:3019:3035,0,rolling_128@0.975,0.01440152856134362,42.12616325671616
ec2_cpu_utilization_77c1ca:3027:3043,0,rolling_128@0.975,0.01440152856134362,42.12616325671616
ec2_cpu_utilization_77c1ca:3035:3051,0,rolling_128@0.975,0.013554378151683803,42.12616325671616
ec2_cpu_utilization_77c1ca:3043:3059,0,rolling_128@0.975,0.01440152856134362,42.12616325671616
ec2_cpu_utilization_77c1ca:3051:3067,0,rolling_128@0.975,0.01440152856134362,42.12616325671616
ec2_cpu_utilization_77c1ca:3059:3075,0,rolling_128@0.975,0.01440152856134362,42.12616325671616
ec2_cpu_utilization_77c1ca:3067:3083,0,rolling_128@0.975,0.01440152856134362,42.12616325671616
ec2_cpu_utilization_77c1ca:3075:3091,0,rolling_128@0.975,0.01440152856134362,42.12616325671616
ec2_cpu_utilization_77c1ca:3083:3099,0,rolling_128@0.975,0.013554378151683803,42.12616325671616
ec2_cpu_utilization_77c1ca:3091:3107,0,rolling_128@0.975,0.01440152856134362,42.12616325671616
ec2_cpu_utilization_77c1ca:3099:3115,0,rolling_128@0.975,0.01440152856134362,42.12616325671616
ec2_cpu_utilization_77c1ca:3107:3123,0,rolling_128@0.975,0.01440152856134362,42.12616325671616
ec2_cpu_utilization_77c1ca:3115:3131,0,rolling_128@0.975,0.01440152856134362,42.12616325671616
ec2_cpu_utilization_77c1ca:3123:3139,0,rolling_128@0.975,0.015248678971003437,42.12616325671616
ec2_cpu_utilization_77c1ca:3131:3147,0,rolling_128@0.975,0.015248678971003437,42.12616325671616
ec2_cpu_utilization_77c1ca:3139:3155,0,rolling_128@0.975,0.01440152856134362,42.12616325671616
ec2_cpu_utilization_77c1ca:3147:3163,0,rolling_128@0.975,0.01440152856134362,42.12616325671616
ec2_cpu_utilization_77c1ca:3155:3171,0,rolling_128@0.975,0.01440152856134362,42.12616325671616
ec2_cpu_utilization_77c1ca:3163:3179,0,rolling_128@0.975,0.01440152856134362,42.12616325671616
ec2_cpu_utilization_77c1ca:3171:3187,0,rolling_128@0.975,0.01440152856134362,42.12616325671616
ec2_cpu_utilization_77c1ca:3179:3195,0,rolling_128@0.975,0.01440152856134362,42.12616325671616
ec2_cpu_utilization_77c1ca:3187:3203,0,rolling_128@0.975,0.013554378151683803,42.12616325671616
ec2_cpu_utilization_77c1ca:3195:3211,0,rolling_128@0.975,0.013554378151683803,42.12616325671616
ec2_cpu_utilization_77c1ca:3203:3219,0,rolling_128@0.975,0.01440152856134362,42.12616325671616
ec2_cpu_utilization_77c1ca:2419:2435,0,rolling_128@0.99,42.148190104662135,42.12616325671616
ec2_cpu_utilization_77c1ca:2427:2443,0,rolling_128@0.99,40.26667228904698,42.12616325671616
ec2_cpu_utilization_77c1ca:2435:2451,0,rolling_128@0.99,42.148190104662135,42.12616325671616
ec2_cpu_utilization_77c1ca:2443:2459,0,rolling_128@0.99,42.148190104662135,42.12616325671616
ec2_cpu_utilization_77c1ca:2451:2467,0,rolling_128@0.99,0.056758960679839855,42.12616325671616
ec2_cpu_utilization_77c1ca:2459:2475,0,rolling_128@0.99,0.056758960679839855,42.12616325671616
ec2_cpu_utilization_77c1ca:2467:2483,0,rolling_128@0.99,42.27187373626149,42.12616325671616
ec2_cpu_utilization_77c1ca:2475:2491,0,rolling_128@0.99,42.27187373626149,42.12616325671616
ec2_cpu_utilization_77c1ca:2483:2499,0,rolling_128@0.99,10.88416620492431,42.12616325671616
ec2_cpu_utilization_77c1ca:2491:2507,0,rolling_128@0.99,0.3973127310706286,42.12616325671616
ec2_cpu_utilization_77c1ca:2499:2515,0,rolling_128@0.99,0.015248678971003437,42.12616325671616
ec2_cpu_utilization_77c1ca:2507:2523,0,rolling_128@0.99,0.01524867581512863,42.12616325671616
ec2_cpu_utilization_77c1ca:2515:2531,0,rolling_128@0.99,0.01440152856134362,42.12616325671616
ec2_cpu_utilization_77c1ca:2523:2539,0,rolling_128@0.99,17.02175792386135,42.12616325671616
ec2_cpu_utilization_77c1ca:2531:2547,0,rolling_128@0.99,41.644981817717635,42.12616325671616
ec2_cpu_utilization_77c1ca:2539:2555,0,rolling_128@0.99,42.16174303742316,42.12616325671616
ec2_cpu_utilization_77c1ca:2547:2563,0,rolling_128@0.99,42.16174303742316,42.12616325671616
ec2_cpu_utilization_77c1ca:2555:2571,0,rolling_128@0.99,26.35987857284413,42.12616325671616
ec2_cpu_utilization_77c1ca:2563:2579,0,rolling_128@0.99,42.21680653907762,42.12616325671616
ec2_cpu_utilization_77c1ca:2571:2587,0,rolling_128@0.99,42.21680653907762,42.12616325671616
ec2_cpu_utilization_77c1ca:2579:2595,0,rolling_128@0.99,42.243916564042664,42.12616325671616
ec2_cpu_utilization_77c1ca:2587:2603,0,rolling_128@0.99,42.243916564042664,42.12616325671616
ec2_cpu_utilization_77c1ca:2595:2611,0,rolling_128@0.99,0.08471486423699247,42.12616325671616
ec2_cpu_utilization_77c1ca:2603:2619,0,rolling_128@0.99,0.08471486423699247,42.12616325671616
ec2_cpu_utilization_77c1ca:2611:2627,0,rolling_128@0.99,0.06861904432395365,42.12616325671616
ec2_cpu_utilization_77c1ca:2619:2635,0,rolling_128@0.99,41.15872058795371,42.12616325671616
ec2_cpu_utilization_77c1ca:2627:2643,0,rolling_128@0.99,41.84914462462318,42.12616325671616
ec2_cpu_utilization_77c1ca:2635:2651,0,rolling_128@0.99,41.88896120828478,42.12616325671616
ec2_cpu_utilization_77c1ca:2643:2659,0,rolling_128@0.99,41.88896120828478,42.12616325671616
ec2_cpu_utilization_77c1ca:2651:2667,0,rolling_128@0.99,37.34331394956642,42.12616325671616
ec2_cpu_utilization_77c1ca:2659:2675,0,rolling_128@0.99,37.34331394956642,42.12616325671616
ec2_cpu_utilization_77c1ca:2667:2683,0,rolling_128@0.99,36.6703272215955,42.12616325671616
ec2_cpu_utilization_77c1ca:2675:2691,0,rolling_128@0.99,37.872595316779176,42.12616325671616
ec2_cpu_utilization_77c1ca:2683:2699,0,rolling_128@0.99,37.872595316779176,42.12616325671616
ec2_cpu_utilization_77c1ca:2691:2707,0,rolling_128@0.99,37.75565319726829,42.12616325671616
ec2_cpu_utilization_77c1ca:2699:2715,0,rolling_128@0.99,40.89737470550891,42.12616325671616
ec2_cpu_utilization_77c1ca:2707:2723,0,rolling_128@0.99,40.89737470550891,42.12616325671616
ec2_cpu_utilization_77c1ca:2715:2731,0,rolling_128@0.99,41.834319814353364,42.12616325671616
ec2_cpu_utilization_77c1ca:2723:2739,0,rolling_128@0.99,41.834319814353364,42.12616325671616
ec2_cpu_utilization_77c1ca:2731:2747,0,rolling_128@0.99,40.675344170558375,42.12616325671616
ec2_cpu_utilization_77c1ca:2739:2755,0,rolling_128@0.99,0.680832763741092,42.12616325671616
ec2_cpu_utilization_77c1ca:2747:2763,0,rolling_128@0.99,0.680832763741092,42.12616325671616
ec2_cpu_utilization_77c1ca:2755:2771,0,rolling_128@0.99,0.6806901218832115,42.12616325671616
ec2_cpu_utilization_77c1ca:2763:2779,0,rolling_128@0.99,0.416373574261602,42.12616325671616
ec2_cpu_utilization_77c1ca:2771:2787,0,rolling_128@0.99,0.01524867581512863,42.12616325671616
ec2_cpu_utilization_77c1ca:2779:2795,0,rolling_128@0.99,0.01524867581512863,42.12616325671616
ec2_cpu_utilization_77c1ca:2787:2803,0,rolling_128@0.99,0.01524867581512863,42.12616325671616
ec2_cpu_utilization_77c1ca:2795:2811,0,rolling_128@0.99,0.01524867581512863,42.12616325671616
ec2_cpu_utilization_77c1ca:2803:2819,0,rolling_128@0.99,0.01524867581512863,42.12616325671616
ec2_cpu_utilization_77c1ca:2811:2827,0,rolling_128@0.99,0.014401525405468813,42.12616325671616
ec2_cpu_utilization_77c1ca:2819:2835,0,rolling_128@0.99,0.01524867581512863,42.12616325671616
ec2_cpu_utilization_77c1ca:2827:2843,0,rolling_128@0.99,0.01524867581512863,42.12616325671616
ec2_cpu_utilization_77c1ca:2835:2851,0,rolling_128@0.99,0.01524867581512863,42.12616325671616
ec2_cpu_utilization_77c1ca:2843:2859,0,rolling_128@0.99,0.014825102188236124,42.12616325671616
ec2_cpu_utilization_77c1ca:2851:2867,0,rolling_128@0.99,0.014401525405468813,42.12616325671616
ec2_cpu_utilization_77c1ca:2859:2875,0,rolling_128@0.99,0.01440152856134362,42.12616325671616
ec2_cpu_utilization_77c1ca:2867:2883,0,rolling_128@0.99,0.01440152856134362,42.12616325671616
ec2_cpu_utilization_77c1ca:2875:2891,0,rolling_128@0.99,0.01440152856134362,42.12616325671616
ec2_cpu_utilization_77c1ca:2883:2899,0,rolling_128@0.99,0.01440152856134362,42.12616325671616
ec2_cpu_utilization_77c1ca:2891:2907,0,rolling_128@0.99,0.01440152856134362,42.12616325671616
ec2_cpu_utilization_77c1ca:2899:2915,0,rolling_128@0.99,0.01440152856134362,42.12616325671616
ec2_cpu_utilization_77c1ca:2907:2923,0,rolling_128@0.99,0.01440152856134362,42.12616325671616
ec2_cpu_utilization_77c1ca:2915:2931,0,rolling_128@0.99,0.01440152856134362,42.12616325671616
ec2_cpu_utilization_77c1ca:2923:2939,0,rolling_128@0.99,0.013554378151683803,42.12616325671616
ec2_cpu_utilization_77c1ca:2931:2947,0,rolling_128@0.99,0.01440152856134362,42.12616325671616
ec2_cpu_utilization_77c1ca:2939:2955,0,rolling_128@0.99,0.01440152856134362,42.12616325671616
ec2_cpu_utilization_77c1ca:2947:2963,0,rolling_128@0.99,0.013554378151683803,42.12616325671616
ec2_cpu_utilization_77c1ca:2955:2971,0,rolling_128@0.99,0.013554378151683803,42.12616325671616
ec2_cpu_utilization_77c1ca:2963:2979,0,rolling_128@0.99,0.01440152856134362,42.12616325671616
ec2_cpu_utilization_77c1ca:2971:2987,0,rolling_128@0.99,0.01440152856134362,42.12616325671616
ec2_cpu_utilization_77c1ca:2979:2995,0,rolling_128@0.99,0.01440152856134362,42.12616325671616
ec2_cpu_utilization_77c1ca:2987:3003,0,rolling_128@0.99,0.013554378151683803,42.12616325671616
ec2_cpu_utilization_77c1ca:2995:3011,0,rolling_128@0.99,0.01440152856134362,42.12616325671616
ec2_cpu_utilization_77c1ca:3003:3019,0,rolling_128@0.99,0.01440152856134362,42.12616325671616
ec2_cpu_utilization_77c1ca:3011:3027,0,rolling_128@0.99,0.013554378151683803,42.12616325671616
ec2_cpu_utilization_77c1ca:3019:3035,0,rolling_128@0.99,0.01440152856134362,42.12616325671616
ec2_cpu_utilization_77c1ca:3027:3043,0,rolling_128@0.99,0.01440152856134362,42.12616325671616
ec2_cpu_utilization_77c1ca:3035:3051,0,rolling_128@0.99,0.013554378151683803,42.12616325671616
ec2_cpu_utilization_77c1ca:3043:3059,0,rolling_128@0.99,0.01440152856134362,42.12616325671616
ec2_cpu_utilization_77c1ca:3051:3067,0,rolling_128@0.99,0.01440152856134362,42.12616325671616
ec2_cpu_utilization_77c1ca:3059:3075,0,rolling_128@0.99,0.01440152856134362,42.12616325671616
ec2_cpu_utilization_77c1ca:3067:3083,0,rolling_128@0.99,0.01440152856134362,42.12616325671616
ec2_cpu_utilization_77c1ca:3075:3091,0,rolling_128@0.99,0.01440152856134362,42.12616325671616
ec2_cpu_utilization_77c1ca:3083:3099,0,rolling_128@0.99,0.013554378151683803,42.12616325671616
ec2_cpu_utilization_77c1ca:3091:3107,0,rolling_128@0.99,0.01440152856134362,42.12616325671616
ec2_cpu_utilization_77c1ca:3099:3115,0,rolling_128@0.99,0.01440152856134362,42.12616325671616
ec2_cpu_utilization_77c1ca:3107:3123,0,rolling_128@0.99,0.01440152856134362,42.12616325671616
ec2_cpu_utilization_77c1ca:3115:3131,0,rolling_128@0.99,0.01440152856134362,42.12616325671616
ec2_cpu_utilization_77c1ca:3123:3139,0,rolling_128@0.99,0.015248678971003437,42.12616325671616
ec2_cpu_utilization_77c1ca:3131:3147,0,rolling_128@0.99,0.015248678971003437,42.12616325671616
ec2_cpu_utilization_77c1ca:3139:3155,0,rolling_128@0.99,0.01440152856134362,42.12616325671616
ec2_cpu_utilization_77c1ca:3147:3163,0,rolling_128@0.99,0.01440152856134362,42.12616325671616
ec2_cpu_utilization_77c1ca:3155:3171,0,rolling_128@0.99,0.01440152856134362,42.12616325671616
ec2_cpu_utilization_77c1ca:3163:3179,0,rolling_128@0.99,0.01440152856134362,42.12616325671616
ec2_cpu_utilization_77c1ca:3171:3187,0,rolling_128@0.99,0.01440152856134362,42.12616325671616
ec2_cpu_utilization_77c1ca:3179:3195,0,rolling_128@0.99,0.01440152856134362,42.12616325671616
ec2_cpu_utilization_77c1ca:3187:3203,0,rolling_128@0.99,0.013554378151683803,42.12616325671616
ec2_cpu_utilization_77c1ca:3195:3211,0,rolling_128@0.99,0.013554378151683803,42.12616325671616
ec2_cpu_utilization_77c1ca:3203:3219,0,rolling_128@0.99,0.01440152856134362,42.12616325671616
