window_id,truth,detector,score,threshold
ec2_cpu_utilization_24ae8d:2419:2435,0,autoencoder@0.95,0.6694167,0.8274495005607605
ec2_cpu_utilization_24ae8d:2427:2443,0,autoencoder@0.95,1.0556746,0.8274495005607605
ec2_cpu_utilization_24ae8d:2435:2451,0,autoencoder@0.95,0.5550614,0.8274495005607605
ec2_cpu_utilization_24ae8d:2443:2459,0,autoencoder@0.95,0.40962696,0.8274495005607605
ec2_cpu_utilization_24ae8d:2451:2467,0,autoencoder@0.95,6.8131123,0.8274495005607605
ec2_cpu_utilization_24ae8d:2459:2475,0,autoencoder@0.95,7.580208,0.8274495005607605
ec2_cpu_utilization_24ae8d:2467:2483,0,autoencoder@0.95,0.4323309,0.8274495005607605
ec2_cpu_utilization_24ae8d:2475:2491,0,autoencoder@0.95,0.305924,0.8274495005607605
ec2_cpu_utilization_24ae8d:2483:2499,0,autoencoder@0.95,0.24764267,0.8274495005607605
ec2_cpu_utilization_24ae8d:2491:2507,0,autoencoder@0.95,0.4357441,0.8274495005607605
ec2_cpu_utilization_24ae8d:2499:2515,0,autoencoder@0.95,0.43938157,0.8274495005607605
ec2_cpu_utilization_24ae8d:2507:2523,0,autoencoder@0.95,0.4484421,0.8274495005607605
ec2_cpu_utilization_24ae8d:2515:2531,0,autoencoder@0.95,0.5466929,0.8274495005607605
ec2_cpu_utilization_24ae8d:2523:2539,0,autoencoder@0.95,0.40278757,0.8274495005607605
ec2_cpu_utilization_24ae8d:2531:2547,0,autoencoder@0.95,0.5259813,0.8274495005607605
ec2_cpu_utilization_24ae8d:2539:2555,0,autoencoder@0.95,0.4095433,0.8274495005607605
ec2_cpu_utilization_24ae8d:2547:2563,0,autoencoder@0.95,0.3592112,0.8274495005607605
ec2_cpu_utilization_24ae8d:2555:2571,0,autoencoder@0.95,0.8124635,0.8274495005607605
ec2_cpu_utilization_24ae8d:2563:2579,0,autoencoder@0.95,1.0331941,0.8274495005607605
ec2_cpu_utilization_24ae8d:2571:2587,0,autoencoder@0.95,0.34763306,0.8274495005607605
ec2_cpu_utilization_24ae8d:2579:2595,0,autoencoder@0.95,0.24100855,0.8274495005607605
ec2_cpu_utilization_24ae8d:2587:2603,0,autoencoder@0.95,0.29893973,0.8274495005607605
ec2_cpu_utilization_24ae8d:2595:2611,0,autoencoder@0.95,0.26712412,0.8274495005607605
ec2_cpu_utilization_24ae8d:2603:2619,0,autoencoder@0.95,0.21314412,0.8274495005607605
ec2_cpu_utilization_24ae8d:2611:2627,0,autoencoder@0.95,0.15955812,0.8274495005607605
ec2_cpu_utilization_24ae8d:2619:2635,0,autoencoder@0.95,0.39045992,0.8274495005607605
ec2_cpu_utilization_24ae8d:2627:2643,0,autoencoder@0.95,0.42475715,0.8274495005607605
ec2_cpu_utilization_24ae8d:2635:2651,0,autoencoder@0.95,0.12967364,0.8274495005607605
ec2_cpu_utilization_24ae8d:2643:2659,0,autoencoder@0.95,0.11889747,0.8274495005607605
ec2_cpu_utilization_24ae8d:2651:2667,0,autoencoder@0.95,0.26878622,0.8274495005607605
ec2_cpu_utilization_24ae8d:2659:2675,0,autoencoder@0.95,0.5748114,0.8274495005607605
ec2_cpu_utilization_24ae8d:2667:2683,0,autoencoder@0.95,0.36926115,0.8274495005607605
ec2_cpu_utilization_24ae8d:2675:2691,0,autoencoder@0.95,0.21373667,0.8274495005607605
ec2_cpu_utilization_24ae8d:2683:2699,0,autoencoder@0.95,0.25178877,0.8274495005607605
ec2_cpu_utilization_24ae8d:2691:2707,0,autoencoder@0.95,0.22458044,0.8274495005607605
ec2_cpu_utilization_24ae8d:2699:2715,0,autoencoder@0.95,0.4164881,0.8274495005607605
ec2_cpu_utilization_24ae8d:2707:2723,0,autoencoder@0.95,0.3784308,0.8274495005607605
ec2_cpu_utilization_24ae8d:2715:2731,0,autoencoder@0.95,0.25053957,0.8274495005607605
ec2_cpu_utilization_24ae8d:2723:2739,0,autoencoder@0.95,0.20572563,0.8274495005607605
ec2_cpu_utilization_24ae8d:2731:2747,0,autoencoder@0.95,0.34820524,0.8274495005607605
ec2_cpu_utilization_24ae8d:2739:2755,0,autoencoder@0.95,9.524655,0.8274495005607605
ec2_cpu_utilization_24ae8d:2747:2763,0,autoencoder@0.95,9.4271965,0.8274495005607605
ec2_cpu_utilization_24ae8d:2755:2771,0,autoencoder@0.95,0.5870154,0.8274495005607605
ec2_cpu_utilization_24ae8d:2763:2779,0,autoencoder@0.95,0.4579954,0.8274495005607605
ec2_cpu_utilization_24ae8d:2771:2787,0,autoencoder@0.95,0.51544595,0.8274495005607605
ec2_cpu_utilization_24ae8d:2779:2795,0,autoencoder@0.95,0.15740159,0.8274495005607605
ec2_cpu_utilization_24ae8d:2787:2803,0,autoencoder@0.95,0.47689903,0.8274495005607605
ec2_cpu_utilization_24ae8d:2795:2811,0,autoencoder@0.95,0.6206111,0.8274495005607605
ec2_cpu_utilization_24ae8d:2803:2819,0,autoencoder@0.95,0.72604686,0.8274495005607605
ec2_cpu_utilization_24ae8d:2811:2827,0,autoencoder@0.95,0.28291723,0.8274495005607605
ec2_cpu_utilization_24ae8d:2819:2835,0,autoencoder@0.95,0.6002083,0.8274495005607605
ec2_cpu_utilization_24ae8d:2827:2843,0,autoencoder@0.95,0.60698044,0.8274495005607605
ec2_cpu_utilization_24ae8d:2835:2851,0,autoencoder@0.95,0.37117693,0.8274495005607605
ec2_cpu_utilization_24ae8d:2843:2859,0,autoencoder@0.95,0.23734163,0.8274495005607605
ec2_cpu_utilization_24ae8d:2851:2867,0,autoencoder@0.95,0.47233436,0.8274495005607605
ec2_cpu_utilization_24ae8d:2859:2875,0,autoencoder@0.95,0.39575842,0.8274495005607605
ec2_cpu_utilization_24ae8d:2867:2883,0,autoencoder@0.95,0.29941687,0.8274495005607605
ec2_cpu_utilization_24ae8d:2875:2891,0,autoencoder@0.95,0.5031836,0.8274495005607605
ec2_cpu_utilization_24ae8d:2883:2899,0,autoencoder@0.95,0.34664285,0.8274495005607605
ec2_cpu_utilization_24ae8d:2891:2907,0,autoencoder@0.95,0.1824003,0.8274495005607605
ec2_cpu_utilization_24ae8d:2899:2915,0,autoencoder@0.95,0.31043395,0.8274495005607605
ec2_cpu_utilization_24ae8d:2907:2923,0,autoencoder@0.95,0.2843506,0.8274495005607605
ec2_cpu_utilization_24ae8d:2915:2931,0,autoencoder@0.95,0.6325149,0.8274495005607605
ec2_cpu_utilization_24ae8d:2923:2939,0,autoencoder@0.95,0.6049163,0.8274495005607605
ec2_cpu_utilization_24ae8d:2931:2947,0,autoencoder@0.95,0.6065751,0.8274495005607605
ec2_cpu_utilization_24ae8d:2939:2955,0,autoencoder@0.95,0.5604687,0.8274495005607605
ec2_cpu_utilization_24ae8d:2947:2963,0,autoencoder@0.95,0.30485883,0.8274495005607605
ec2_cpu_utilization_24ae8d:2955:2971,0,autoencoder@0.95,0.25317317,0.8274495005607605
ec2_cpu_utilization_24ae8d:2963:2979,0,autoencoder@0.95,0.22103947,0.8274495005607605
ec2_cpu_utilization_24ae8d:2971:2987,0,autoencoder@0.95,0.19050545,0.8274495005607605
ec2_cpu_utilization_24ae8d:2979:2995,0,autoencoder@0.95,0.6814727,0.8274495005607605
ec2_cpu_utilization_24ae8d:2987:3003,0,autoencoder@0.95,0.67446274,0.8274495005607605
ec2_cpu_utilization_24ae8d:2995:3011,0,autoencoder@0.95,0.4409397,0.8274495005607605
ec2_cpu_utilization_24ae8d:3003:3019,0,autoencoder@0.95,0.56105024,0.8274495005607605
ec2_cpu_utilization_24ae8d:3011:3027,0,autoencoder@0.95,0.5189648,0.8274495005607605
ec2_cpu_utilization_24ae8d:3019:3035,0,autoencoder@0.95,5.012474,0.8274495005607605
ec2_cpu_utilization_24ae8d:3027:3043,0,autoencoder@0.95,4.894877,0.8274495005607605
ec2_cpu_utilization_24ae8d:3035:3051,0,autoencoder@0.95,0.7634005,0.8274495005607605
ec2_cpu_utilization_24ae8d:3043:3059,0,autoencoder@0.95,0.4551091,0.8274495005607605
ec2_cpu_utilization_24ae8d:3051:3067,0,autoencoder@0.95,0.60546154,0.8274495005607605
ec2_cpu_utilization_24ae8d:3059:3075,0,autoencoder@0.95,0.7692404,0.8274495005607605
ec2_cpu_utilization_24ae8d:3067:3083,0,autoencoder@0.95,0.8961768,0.8274495005607605
ec2_cpu_utilization_24ae8d:3075:3091,0,autoencoder@0.95,0.4740551,0.8274495005607605
ec2_cpu_utilization_24ae8d:3083:3099,0,autoencoder@0.95,0.44825286,0.8274495005607605
ec2_cpu_utilization_24ae8d:3091:3107,0,autoencoder@0.95,0.24300517,0.8274495005607605
ec2_cpu_utilization_24ae8d:3099:3115,0,autoencoder@0.95,0.3160132,0.8274495005607605
ec2_cpu_utilization_24ae8d:3107:3123,0,autoencoder@0.95,0.21964815,0.8274495005607605
ec2_cpu_utilization_24ae8d:3115:3131,0,autoencoder@0.95,0.28676605,0.8274495005607605
ec2_cpu_utilization_24ae8d:3123:3139,0,autoencoder@0.95,0.32869622,0.8274495005607605
ec2_cpu_utilization_24ae8d:3131:3147,0,autoencoder@0.95,0.2880011,0.8274495005607605
ec2_cpu_utilization_24ae8d:3139:3155,0,autoencoder@0.95,0.20350024,0.8274495005607605
ec2_cpu_utilization_24ae8d:3147:3163,0,autoencoder@0.95,0.44177288,0.8274495005607605
ec2_cpu_utilization_24ae8d:3155:3171,0,autoencoder@0.95,0.8068613,0.8274495005607605
ec2_cpu_utilization_24ae8d:3163:3179,0,autoencoder@0.95,0.7872956,0.8274495005607605
ec2_cpu_utilization_24ae8d:3171:3187,0,autoencoder@0.95,0.90441376,0.8274495005607605
ec2_cpu_utilization_24ae8d:3179:3195,0,autoencoder@0.95,1.3047938,0.8274495005607605
ec2_cpu_utilization_24ae8d:3187:3203,0,autoencoder@0.95,0.19410317,0.8274495005607605
ec2_cpu_utilization_24ae8d:3195:3211,0,autoencoder@0.95,0.27478823,0.8274495005607605
ec2_cpu_utilization_24ae8d:3203:3219,0,autoencoder@0.95,0.19009165,0.8274495005607605
ec2_cpu_utilization_24ae8d:2419:2435,0,autoencoder@0.975,0.6694167,5.8173112869262695
ec2_cpu_utilization_24ae8d:2427:2443,0,autoencoder@0.975,1.0556746,5.8173112869262695
ec2_cpu_utilization_24ae8d:2435:2451,0,autoencoder@0.975,0.5550614,5.8173112869262695
ec2_cpu_utilization_24ae8d:2443:2459,0,autoencoder@0.975,0.40962696,5.8173112869262695
ec2_cpu_utilization_24ae8d:2451:2467,0,autoencoder@0.975,6.8131123,5.8173112869262695
ec2_cpu_utilization_24ae8d:2459:2475,0,autoencoder@0.975,7.580208,5.8173112869262695
ec2_cpu_utilization_24ae8d:2467:2483,0,autoencoder@0.975,0.4323309,5.8173112869262695
ec2_cpu_utilization_24ae8d:2475:2491,0,autoencoder@0.975,0.305924,5.8173112869262695
ec2_cpu_utilization_24ae8d:2483:2499,0,autoencoder@0.975,0.24764267,5.8173112869262695
ec2_cpu_utilization_24ae8d:2491:2507,0,autoencoder@0.975,0.4357441,5.8173112869262695
ec2_cpu_utilization_24ae8d:2499:2515,0,autoencoder@0.975,0.43938157,5.8173112869262695
ec2_cpu_utilization_24ae8d:2507:2523,0,autoencoder@0.975,0.4484421,5.8173112869262695
ec2_cpu_utilization_24ae8d:2515:2531,0,autoencoder@0.975,0.5466929,5.8173112869262695
ec2_cpu_utilization_24ae8d:2523:2539,0,autoencoder@0.975,0.40278757,5.8173112869262695
ec2_cpu_utilization_24ae8d:2531:2547,0,autoencoder@0.975,0.5259813,5.8173112869262695
ec2_cpu_utilization_24ae8d:2539:2555,0,autoencoder@0.975,0.4095433,5.8173112869262695
ec2_cpu_utilization_24ae8d:2547:2563,0,autoencoder@0.975,0.3592112,5.8173112869262695
ec2_cpu_utilization_24ae8d:2555:2571,0,autoencoder@0.975,0.8124635,5.8173112869262695
ec2_cpu_utilization_24ae8d:2563:2579,0,autoencoder@0.975,1.0331941,5.8173112869262695
ec2_cpu_utilization_24ae8d:2571:2587,0,autoencoder@0.975,0.34763306,5.8173112869262695
ec2_cpu_utilization_24ae8d:2579:2595,0,autoencoder@0.975,0.24100855,5.8173112869262695
ec2_cpu_utilization_24ae8d:2587:2603,0,autoencoder@0.975,0.29893973,5.8173112869262695
ec2_cpu_utilization_24ae8d:2595:2611,0,autoencoder@0.975,0.26712412,5.8173112869262695
ec2_cpu_utilization_24ae8d:2603:2619,0,autoencoder@0.975,0.21314412,5.8173112869262695
ec2_cpu_utilization_24ae8d:2611:2627,0,autoencoder@0.975,0.15955812,5.8173112869262695
ec2_cpu_utilization_24ae8d:2619:2635,0,autoencoder@0.975,0.39045992,5.8173112869262695
ec2_cpu_utilization_24ae8d:2627:2643,0,autoencoder@0.975,0.42475715,5.8173112869262695
ec2_cpu_utilization_24ae8d:2635:2651,0,autoencoder@0.975,0.12967364,5.8173112869262695
ec2_cpu_utilization_24ae8d:2643:2659,0,autoencoder@0.975,0.11889747,5.8173112869262695
ec2_cpu_utilization_24ae8d:2651:2667,0,autoencoder@0.975,0.26878622,5.8173112869262695
ec2_cpu_utilization_24ae8d:2659:2675,0,autoencoder@0.975,0.5748114,5.8173112869262695
ec2_cpu_utilization_24ae8d:2667:2683,0,autoencoder@0.975,0.36926115,5.8173112869262695
ec2_cpu_utilization_24ae8d:2675:2691,0,autoencoder@0.975,0.21373667,5.8173112869262695
ec2_cpu_utilization_24ae8d:2683:2699,0,autoencoder@0.975,0.25178877,5.8173112869262695
ec2_cpu_utilization_24ae8d:2691:2707,0,autoencoder@0.975,0.22458044,5.8173112869262695
ec2_cpu_utilization_24ae8d:2699:2715,0,autoencoder@0.975,0.4164881,5.8173112869262695
ec2_cpu_utilization_24ae8d:2707:2723,0,autoencoder@0.975,0.3784308,5.8173112869262695
ec2_cpu_utilization_24ae8d:2715:2731,0,autoencoder@0.975,0.25053957,5.8173112869262695
ec2_cpu_utilization_24ae8d:2723:2739,0,autoencoder@0.975,0.20572563,5.8173112869262695
ec2_cpu_utilization_24ae8d:2731:2747,0,autoencoder@0.975,0.34820524,5.8173112869262695
ec2_cpu_utilization_24ae8d:2739:2755,0,autoencoder@0.975,9.524655,5.8173112869262695
ec2_cpu_utilization_24ae8d:2747:2763,0,autoencoder@0.975,9.4271965,5.8173112869262695
ec2_cpu_utilization_24ae8d:2755:2771,0,autoencoder@0.975,0.5870154,5.8173112869262695
ec2_cpu_utilization_24ae8d:2763:2779,0,autoencoder@0.975,0.4579954,5.8173112869262695
ec2_cpu_utilization_24ae8d:2771:2787,0,autoencoder@0.975,0.51544595,5.8173112869262695
ec2_cpu_utilization_24ae8d:2779:2795,0,autoencoder@0.975,0.15740159,5.8173112869262695
ec2_cpu_utilization_24ae8d:2787:2803,0,autoencoder@0.975,0.47689903,5.8173112869262695
ec2_cpu_utilization_24ae8d:2795:2811,0,autoencoder@0.975,0.6206111,5.8173112869262695
ec2_cpu_utilization_24ae8d:2803:2819,0,autoencoder@0.975,0.72604686,5.8173112869262695
ec2_cpu_utilization_24ae8d:2811:2827,0,autoencoder@0.975,0.28291723,5.8173112869262695
ec2_cpu_utilization_24ae8d:2819:2835,0,autoencoder@0.975,0.6002083,5.8173112869262695
ec2_cpu_utilization_24ae8d:2827:2843,0,autoencoder@0.975,0.60698044,5.8173112869262695
ec2_cpu_utilization_24ae8d:2835:2851,0,autoencoder@0.975,0.37117693,5.8173112869262695
ec2_cpu_utilization_24ae8d:2843:2859,0,autoencoder@0.975,0.23734163,5.8173112869262695
ec2_cpu_utilization_24ae8d:2851:2867,0,autoencoder@0.975,0.47233436,5.8173112869262695
ec2_cpu_utilization_24ae8d:2859:2875,0,autoencoder@0.975,0.39575842,5.8173112869262695
ec2_cpu_utilization_24ae8d:2867:2883,0,autoencoder@0.975,0.29941687,5.8173112869262695
ec2_cpu_utilization_24ae8d:2875:2891,0,autoencoder@0.975,0.5031836,5.8173112869262695
ec2_cpu_utilization_24ae8d:2883:2899,0,autoencoder@0.975,0.34664285,5.8173112869262695
ec2_cpu_utilization_24ae8d:2891:2907,0,autoencoder@0.975,0.1824003,5.8173112869262695
ec2_cpu_utilization_24ae8d:2899:2915,0,autoencoder@0.975,0.31043395,5.8173112869262695
ec2_cpu_utilization_24ae8d:2907:2923,0,autoencoder@0.975,0.2843506,5.8173112869262695
ec2_cpu_utilization_24ae8d:2915:2931,0,autoencoder@0.975,0.6325149,5.8173112869262695
ec2_cpu_utilization_24ae8d:2923:2939,0,autoencoder@0.975,0.6049163,5.8173112869262695
ec2_cpu_utilization_24ae8d:2931:2947,0,autoencoder@0.975,0.6065751,5.8173112869262695
ec2_cpu_utilization_24ae8d:2939:2955,0,autoencoder@0.975,0.5604687,5.8173112869262695
ec2_cpu_utilization_24ae8d:2947:2963,0,autoencoder@0.975,0.30485883,5.8173112869262695
ec2_cpu_utilization_24ae8d:2955:2971,0,autoencoder@0.975,0.25317317,5.8173112869262695
ec2_cpu_utilization_24ae8d:2963:2979,0,autoencoder@0.975,0.22103947,5.8173112869262695
ec2_cpu_utilization_24ae8d:2971:2987,0,autoencoder@0.975,0.19050545,5.8173112869262695
ec2_cpu_utilization_24ae8d:2979:2995,0,autoencoder@0.975,0.6814727,5.8173112869262695
ec2_cpu_utilization_24ae8d:2987:3003,0,autoencoder@0.975,0.67446274,5.8173112869262695
ec2_cpu_utilization_24ae8d:2995:3011,0,autoencoder@0.975,0.4409397,5.8173112869262695
ec2_cpu_utilization_24ae8d:3003:3019,0,autoencoder@0.975,0.56105024,5.8173112869262695
ec2_cpu_utilization_24ae8d:3011:3027,0,autoencoder@0.975,0.5189648,5.8173112869262695
ec2_cpu_utilization_24ae8d:3019:3035,0,autoencoder@0.975,5.012474,5.8173112869262695
ec2_cpu_utilization_24ae8d:3027:3043,0,autoencoder@0.975,4.894877,5.8173112869262695
ec2_cpu_utilization_24ae8d:3035:3051,0,autoencoder@0.975,0.7634005,5.8173112869262695
ec2_cpu_utilization_24ae8d:3043:3059,0,autoencoder@0.975,0.4551091,5.8173112869262695
ec2_cpu_utilization_24ae8d:3051:3067,0,autoencoder@0.975,0.60546154,5.8173112869262695
ec2_cpu_utilization_24ae8d:3059:3075,0,autoencoder@0.975,0.7692404,5.8173112869262695
ec2_cpu_utilization_24ae8d:3067:3083,0,autoencoder@0.975,0.8961768,5.8173112869262695
ec2_cpu_utilization_24ae8d:3075:3091,0,autoencoder@0.975,0.4740551,5.8173112869262695
ec2_cpu_utilization_24ae8d:3083:3099,0,autoencoder@0.975,0.44825286,5.8173112869262695
ec2_cpu_utilization_24ae8d:3091:3107,0,autoencoder@0.975,0.24300517,5.8173112869262695
ec2_cpu_utilization_24ae8d:3099:3115,0,autoencoder@0.975,0.3160132,5.8173112869262695
ec2_cpu_utilization_24ae8d:3107:3123,0,autoencoder@0.975,0.21964815,5.8173112869262695
ec2_cpu_utilization_24ae8d:3115:3131,0,autoencoder@0.975,0.28676605,5.8173112869262695
ec2_cpu_utilization_24ae8d:3123:3139,0,autoencoder@0.975,0.32869622,5.8173112869262695
ec2_cpu_utilization_24ae8d:3131:3147,0,autoencoder@0.975,0.2880011,5.8173112869262695
ec2_cpu_utilization_24ae8d:3139:3155,0,autoencoder@0.975,0.20350024,5.8173112869262695
ec2_cpu_utilization_24ae8d:3147:3163,0,autoencoder@0.975,0.44177288,5.8173112869262695
ec2_cpu_utilization_24ae8d:3155:3171,0,autoencoder@0.975,0.8068613,5.8173112869262695
ec2_cpu_utilization_24ae8d:3163:3179,0,autoencoder@0.975,0.7872956,5.8173112869262695
ec2_cpu_utilization_24ae8d:3171:3187,0,autoencoder@0.975,0.90441376,5.8173112869262695
ec2_cpu_utilization_24ae8d:3179:3195,0,autoencoder@0.975,1.3047938,5.8173112869262695
ec2_cpu_utilization_24ae8d:3187:3203,0,autoencoder@0.975,0.19410317,5.8173112869262695
ec2_cpu_utilization_24ae8d:3195:3211,0,autoencoder@0.975,0.27478823,5.8173112869262695
ec2_cpu_utilization_24ae8d:3203:3219,0,autoencoder@0.975,0.19009165,5.8173112869262695
ec2_cpu_utilization_24ae8d:2419:2435,0,autoencoder@0.99,0.6694167,96.42326354980469
ec2_cpu_utilization_24ae8d:2427:2443,0,autoencoder@0.99,1.0556746,96.42326354980469
ec2_cpu_utilization_24ae8d:2435:2451,0,autoencoder@0.99,0.5550614,96.42326354980469
ec2_cpu_utilization_24ae8d:2443:2459,0,autoencoder@0.99,0.40962696,96.42326354980469
ec2_cpu_utilization_24ae8d:2451:2467,0,autoencoder@0.99,6.8131123,96.42326354980469
ec2_cpu_utilization_24ae8d:2459:2475,0,autoencoder@0.99,7.580208,96.42326354980469
ec2_cpu_utilization_24ae8d:2467:2483,0,autoencoder@0.99,0.4323309,96.42326354980469
ec2_cpu_utilization_24ae8d:2475:2491,0,autoencoder@0.99,0.305924,96.42326354980469
ec2_cpu_utilization_24ae8d:2483:2499,0,autoencoder@0.99,0.24764267,96.42326354980469
ec2_cpu_utilization_24ae8d:2491:2507,0,autoencoder@0.99,0.4357441,96.42326354980469
ec2_cpu_utilization_24ae8d:2499:2515,0,autoencoder@0.99,0.43938157,96.42326354980469
ec2_cpu_utilization_24ae8d:2507:2523,0,autoencoder@0.99,0.4484421,96.42326354980469
ec2_cpu_utilization_24ae8d:2515:2531,0,autoencoder@0.99,0.5466929,96.42326354980469
ec2_cpu_utilization_24ae8d:2523:2539,0,autoencoder@0.99,0.40278757,96.42326354980469
ec2_cpu_utilization_24ae8d:2531:2547,0,autoencoder@0.99,0.5259813,96.42326354980469
ec2_cpu_utilization_24ae8d:2539:2555,0,autoencoder@0.99,0.4095433,96.42326354980469
ec2_cpu_utilization_24ae8d:2547:2563,0,autoencoder@0.99,0.3592112,96.42326354980469
ec2_cpu_utilization_24ae8d:2555:2571,0,autoencoder@0.99,0.8124635,96.42326354980469
ec2_cpu_utilization_24ae8d:2563:2579,0,autoencoder@0.99,1.0331941,96.42326354980469
ec2_cpu_utilization_24ae8d:2571:2587,0,autoencoder@0.99,0.34763306,96.42326354980469
ec2_cpu_utilization_24ae8d:2579:2595,0,autoencoder@0.99,0.24100855,96.42326354980469
ec2_cpu_utilization_24ae8d:2587:2603,0,autoencoder@0.99,0.29893973,96.42326354980469
ec2_cpu_utilization_24ae8d:2595:2611,0,autoencoder@0.99,0.26712412,96.42326354980469
ec2_cpu_utilization_24ae8d:2603:2619,0,autoencoder@0.99,0.21314412,96.42326354980469
ec2_cpu_utilization_24ae8d:2611:2627,0,autoencoder@0.99,0.15955812,96.42326354980469
ec2_cpu_utilization_24ae8d:2619:2635,0,autoencoder@0.99,0.39045992,96.42326354980469
ec2_cpu_utilization_24ae8d:2627:2643,0,autoencoder@0.99,0.42475715,96.42326354980469
ec2_cpu_utilization_24ae8d:2635:2651,0,autoencoder@0.99,0.12967364,96.42326354980469
ec2_cpu_utilization_24ae8d:2643:2659,0,autoencoder@0.99,0.11889747,96.42326354980469
ec2_cpu_utilization_24ae8d:2651:2667,0,autoencoder@0.99,0.26878622,96.42326354980469
ec2_cpu_utilization_24ae8d:2659:2675,0,autoencoder@0.99,0.5748114,96.42326354980469
ec2_cpu_utilization_24ae8d:2667:2683,0,autoencoder@0.99,0.36926115,96.42326354980469
ec2_cpu_utilization_24ae8d:2675:2691,0,autoencoder@0.99,0.21373667,96.42326354980469
ec2_cpu_utilization_24ae8d:2683:2699,0,autoencoder@0.99,0.25178877,96.42326354980469
ec2_cpu_utilization_24ae8d:2691:2707,0,autoencoder@0.99,0.22458044,96.42326354980469
ec2_cpu_utilization_24ae8d:2699:2715,0,autoencoder@0.99,0.4164881,96.42326354980469
ec2_cpu_utilization_24ae8d:2707:2723,0,autoencoder@0.99,0.3784308,96.42326354980469
ec2_cpu_utilization_24ae8d:2715:2731,0,autoencoder@0.99,0.25053957,96.42326354980469
ec2_cpu_utilization_24ae8d:2723:2739,0,autoencoder@0.99,0.20572563,96.42326354980469
ec2_cpu_utilization_24ae8d:2731:2747,0,autoencoder@0.99,0.34820524,96.42326354980469
ec2_cpu_utilization_24ae8d:2739:2755,0,autoencoder@0.99,9.524655,96.42326354980469
ec2_cpu_utilization_24ae8d:2747:2763,0,autoencoder@0.99,9.4271965,96.42326354980469
ec2_cpu_utilization_24ae8d:2755:2771,0,autoencoder@0.99,0.5870154,96.42326354980469
ec2_cpu_utilization_24ae8d:2763:2779,0,autoencoder@0.99,0.4579954,96.42326354980469
ec2_cpu_utilization_24ae8d:2771:2787,0,autoencoder@0.99,0.51544595,96.42326354980469
ec2_cpu_utilization_24ae8d:2779:2795,0,autoencoder@0.99,0.15740159,96.42326354980469
ec2_cpu_utilization_24ae8d:2787:2803,0,autoencoder@0.99,0.47689903,96.42326354980469
ec2_cpu_utilization_24ae8d:2795:2811,0,autoencoder@0.99,0.6206111,96.42326354980469
ec2_cpu_utilization_24ae8d:2803:2819,0,autoencoder@0.99,0.72604686,96.42326354980469
ec2_cpu_utilization_24ae8d:2811:2827,0,autoencoder@0.99,0.28291723,96.42326354980469
ec2_cpu_utilization_24ae8d:2819:2835,0,autoencoder@0.99,0.6002083,96.42326354980469
ec2_cpu_utilization_24ae8d:2827:2843,0,autoencoder@0.99,0.60698044,96.42326354980469
ec2_cpu_utilization_24ae8d:2835:2851,0,autoencoder@0.99,0.37117693,96.42326354980469
ec2_cpu_utilization_24ae8d:2843:2859,0,autoencoder@0.99,0.23734163,96.42326354980469
ec2_cpu_utilization_24ae8d:2851:2867,0,autoencoder@0.99,0.47233436,96.42326354980469
ec2_cpu_utilization_24ae8d:2859:2875,0,autoencoder@0.99,0.39575842,96.42326354980469
ec2_cpu_utilization_24ae8d:2867:2883,0,autoencoder@0.99,0.29941687,96.42326354980469
ec2_cpu_utilization_24ae8d:2875:2891,0,autoencoder@0.99,0.5031836,96.42326354980469
ec2_cpu_utilization_24ae8d:2883:2899,0,autoencoder@0.99,0.34664285,96.42326354980469
ec2_cpu_utilization_24ae8d:2891:2907,0,autoencoder@0.99,0.1824003,96.42326354980469
ec2_cpu_utilization_24ae8d:2899:2915,0,autoencoder@0.99,0.31043395,96.42326354980469
ec2_cpu_utilization_24ae8d:2907:2923,0,autoencoder@0.99,0.2843506,96.42326354980469
ec2_cpu_utilization_24ae8d:2915:2931,0,autoencoder@0.99,0.6325149,96.42326354980469
ec2_cpu_utilization_24ae8d:2923:2939,0,autoencoder@0.99,0.6049163,96.42326354980469
ec2_cpu_utilization_24ae8d:2931:2947,0,autoencoder@0.99,0.6065751,96.42326354980469
ec2_cpu_utilization_24ae8d:2939:2955,0,autoencoder@0.99,0.5604687,96.42326354980469
ec2_cpu_utilization_24ae8d:2947:2963,0,autoencoder@0.99,0.30485883,96.42326354980469
ec2_cpu_utilization_24ae8d:2955:2971,0,autoencoder@0.99,0.25317317,96.42326354980469
ec2_cpu_utilization_24ae8d:2963:2979,0,autoencoder@0.99,0.22103947,96.42326354980469
ec2_cpu_utilization_24ae8d:2971:2987,0,autoencoder@0.99,0.19050545,96.42326354980469
ec2_cpu_utilization_24ae8d:2979:2995,0,autoencoder@0.99,0.6814727,96.42326354980469
ec2_cpu_utilization_24ae8d:2987:3003,0,autoencoder@0.99,0.67446274,96.42326354980469
ec2_cpu_utilization_24ae8d:2995:3011,0,autoencoder@0.99,0.4409397,96.42326354980469
ec2_cpu_utilization_24ae8d:3003:3019,0,autoencoder@0.99,0.56105024,96.42326354980469
ec2_cpu_utilization_24ae8d:3011:3027,0,autoencoder@0.99,0.5189648,96.42326354980469
ec2_cpu_utilization_24ae8d:3019:3035,0,autoencoder@0.99,5.012474,96.42326354980469
ec2_cpu_utilization_24ae8d:3027:3043,0,autoencoder@0.99,4.894877,96.42326354980469
ec2_cpu_utilization_24ae8d:3035:3051,0,autoencoder@0.99,0.7634005,96.42326354980469
ec2_cpu_utilization_24ae8d:3043:3059,0,autoencoder@0.99,0.4551091,96.42326354980469
ec2_cpu_utilization_24ae8d:3051:3067,0,autoencoder@0.99,0.60546154,96.42326354980469
ec2_cpu_utilization_24ae8d:3059:3075,0,autoencoder@0.99,0.7692404,96.42326354980469
ec2_cpu_utilization_24ae8d:3067:3083,0,autoencoder@0.99,0.8961768,96.42326354980469
ec2_cpu_utilization_24ae8d:3075:3091,0,autoencoder@0.99,0.4740551,96.42326354980469
ec2_cpu_utilization_24ae8d:3083:3099,0,autoencoder@0.99,0.44825286,96.42326354980469
ec2_cpu_utilization_24ae8d:3091:3107,0,autoencoder@0.99,0.24300517,96.42326354980469
ec2_cpu_utilization_24ae8d:3099:3115,0,autoencoder@0.99,0.3160132,96.42326354980469
ec2_cpu_utilization_24ae8d:3107:3123,0,autoencoder@0.99,0.21964815,96.42326354980469
ec2_cpu_utilization_24ae8d:3115:3131,0,autoencoder@0.99,0.28676605,96.42326354980469
ec2_cpu_utilization_24ae8d:3123:3139,0,autoencoder@0.99,0.32869622,96.42326354980469
ec2_cpu_utilization_24ae8d:3131:3147,0,autoencoder@0.99,0.2880011,96.42326354980469
ec2_cpu_utilization_24ae8d:3139:3155,0,autoencoder@0.99,0.20350024,96.42326354980469
ec2_cpu_utilization_24ae8d:3147:3163,0,autoencoder@0.99,0.44177288,96.42326354980469
ec2_cpu_utilization_24ae8d:3155:3171,0,autoencoder@0.99,0.8068613,96.42326354980469
ec2_cpu_utilization_24ae8d:3163:3179,0,autoencoder@0.99,0.7872956,96.42326354980469
ec2_cpu_utilization_24ae8d:3171:3187,0,autoencoder@0.99,0.90441376,96.42326354980469
ec2_cpu_utilization_24ae8d:3179:3195,0,autoencoder@0.99,1.3047938,96.42326354980469
ec2_cpu_utilization_24ae8d:3187:3203,0,autoencoder@0.99,0.19410317,96.42326354980469
ec2_cpu_utilization_24ae8d:3195:3211,0,autoencoder@0.99,0.27478823,96.42326354980469
ec2_cpu_utilization_24ae8d:3203:3219,0,autoencoder@0.99,0.19009165,96.42326354980469
ec2_cpu_utilization_24ae8d:2419:2435,0,max_abs_z@0.95,2.6845517,2.69254994392395
ec2_cpu_utilization_24ae8d:2427:2443,0,max_abs_z@0.95,2.69255,2.69254994392395
ec2_cpu_utilization_24ae8d:2435:2451,0,max_abs_z@0.95,2.5600586,2.69254994392395
ec2_cpu_utilization_24ae8d:2443:2459,0,max_abs_z@0.95,1.8121517,2.69254994392395
ec2_cpu_utilization_24ae8d:2451:2467,0,max_abs_z@0.95,12.54735,2.69254994392395
ec2_cpu_utilization_24ae8d:2459:2475,0,max_abs_z@0.95,12.54735,2.69254994392395
ec2_cpu_utilization_24ae8d:2467:2483,0,max_abs_z@0.95,1.7459059,2.69254994392395
ec2_cpu_utilization_24ae8d:2475:2491,0,max_abs_z@0.95,1.630269,2.69254994392395
ec2_cpu_utilization_24ae8d:2483:2499,0,max_abs_z@0.95,1.6453475,2.69254994392395
ec2_cpu_utilization_24ae8d:2491:2507,0,max_abs_z@0.95,1.7738922,2.69254994392395
ec2_cpu_utilization_24ae8d:2499:2515,0,max_abs_z@0.95,1.7737278,2.69254994392395
ec2_cpu_utilization_24ae8d:2507:2523,0,max_abs_z@0.95,1.7886095,2.69254994392395
ec2_cpu_utilization_24ae8d:2515:2531,0,max_abs_z@0.95,1.8121517,2.69254994392395
ec2_cpu_utilization_24ae8d:2523:2539,0,max_abs_z@0.95,1.8367851,2.69254994392395
ec2_cpu_utilization_24ae8d:2531:2547,0,max_abs_z@0.95,1.8367851,2.69254994392395
ec2_cpu_utilization_24ae8d:2539:2555,0,max_abs_z@0.95,1.8366259,2.69254994392395
ec2_cpu_utilization_24ae8d:2547:2563,0,max_abs_z@0.95,1.5934008,2.69254994392395
ec2_cpu_utilization_24ae8d:2555:2571,0,max_abs_z@0.95,2.571292,2.69254994392395
ec2_cpu_utilization_24ae8d:2563:2579,0,max_abs_z@0.95,2.6217585,2.69254994392395
ec2_cpu_utilization_24ae8d:2571:2587,0,max_abs_z@0.95,1.8121517,2.69254994392395
ec2_cpu_utilization_24ae8d:2579:2595,0,max_abs_z@0.95,1.7886095,2.69254994392395
ec2_cpu_utilization_24ae8d:2587:2603,0,max_abs_z@0.95,1.8121517,2.69254994392395
ec2_cpu_utilization_24ae8d:2595:2611,0,max_abs_z@0.95,1.5684813,2.69254994392395
ec2_cpu_utilization_24ae8d:2603:2619,0,max_abs_z@0.95,1.5825957,2.69254994392395
ec2_cpu_utilization_24ae8d:2611:2627,0,max_abs_z@0.95,0.69365376,2.69254994392395
ec2_cpu_utilization_24ae8d:2619:2635,0,max_abs_z@0.95,1.8367851,2.69254994392395
ec2_cpu_utilization_24ae8d:2627:2643,0,max_abs_z@0.95,1.8366259,2.69254994392395
ec2_cpu_utilization_24ae8d:2635:2651,0,max_abs_z@0.95,0.69365376,2.69254994392395
ec2_cpu_utilization_24ae8d:2643:2659,0,max_abs_z@0.95,0.6936536,2.69254994392395
ec2_cpu_utilization_24ae8d:2651:2667,0,max_abs_z@0.95,1.7886095,2.69254994392395
ec2_cpu_utilization_24ae8d:2659:2675,0,max_abs_z@0.95,1.8121517,2.69254994392395
ec2_cpu_utilization_24ae8d:2667:2683,0,max_abs_z@0.95,1.8121517,2.69254994392395
ec2_cpu_utilization_24ae8d:2675:2691,0,max_abs_z@0.95,1.630269,2.69254994392395
ec2_cpu_utilization_24ae8d:2683:2699,0,max_abs_z@0.95,1.6453475,2.69254994392395
ec2_cpu_utilization_24ae8d:2691:2707,0,max_abs_z@0.95,1.6347692,2.69254994392395
ec2_cpu_utilization_24ae8d:2699:2715,0,max_abs_z@0.95,1.6555581,2.69254994392395
ec2_cpu_utilization_24ae8d:2707:2723,0,max_abs_z@0.95,1.8367851,2.69254994392395
ec2_cpu_utilization_24ae8d:2715:2731,0,max_abs_z@0.95,1.8366259,2.69254994392395
ec2_cpu_utilization_24ae8d:2723:2739,0,max_abs_z@0.95,1.6347692,2.69254994392395
ec2_cpu_utilization_24ae8d:2731:2747,0,max_abs_z@0.95,1.6555581,2.69254994392395
ec2_cpu_utilization_24ae8d:2739:2755,0,max_abs_z@0.95,14.059519,2.69254994392395
ec2_cpu_utilization_24ae8d:2747:2763,0,max_abs_z@0.95,14.059521,2.69254994392395
ec2_cpu_utilization_24ae8d:2755:2771,0,max_abs_z@0.95,2.4404404,2.69254994392395
ec2_cpu_utilization_24ae8d:2763:2779,0,max_abs_z@0.95,2.5038798,2.69254994392395
ec2_cpu_utilization_24ae8d:2771:2787,0,max_abs_z@0.95,2.5089698,2.69254994392395
ec2_cpu_utilization_24ae8d:2779:2795,0,max_abs_z@0.95,1.5684813,2.69254994392395
ec2_cpu_utilization_24ae8d:2787:2803,0,max_abs_z@0.95,1.8367851,2.69254994392395
ec2_cpu_utilization_24ae8d:2795:2811,0,max_abs_z@0.95,1.8366259,2.69254994392395
ec2_cpu_utilization_24ae8d:2803:2819,0,max_abs_z@0.95,1.8367851,2.69254994392395
ec2_cpu_utilization_24ae8d:2811:2827,0,max_abs_z@0.95,1.8366259,2.69254994392395
ec2_cpu_utilization_24ae8d:2819:2835,0,max_abs_z@0.95,1.8367851,2.69254994392395
ec2_cpu_utilization_24ae8d:2827:2843,0,max_abs_z@0.95,1.8367851,2.69254994392395
ec2_cpu_utilization_24ae8d:2835:2851,0,max_abs_z@0.95,1.8366259,2.69254994392395
ec2_cpu_utilization_24ae8d:2843:2859,0,max_abs_z@0.95,1.6347692,2.69254994392395
ec2_cpu_utilization_24ae8d:2851:2867,0,max_abs_z@0.95,1.8367851,2.69254994392395
ec2_cpu_utilization_24ae8d:2859:2875,0,max_abs_z@0.95,1.8366259,2.69254994392395
ec2_cpu_utilization_24ae8d:2867:2883,0,max_abs_z@0.95,1.6453475,2.69254994392395
ec2_cpu_utilization_24ae8d:2875:2891,0,max_abs_z@0.95,1.8367851,2.69254994392395
ec2_cpu_utilization_24ae8d:2883:2899,0,max_abs_z@0.95,1.8366259,2.69254994392395
ec2_cpu_utilization_24ae8d:2891:2907,0,max_abs_z@0.95,1.6347692,2.69254994392395
ec2_cpu_utilization_24ae8d:2899:2915,0,max_abs_z@0.95,1.8367851,2.69254994392395
ec2_cpu_utilization_24ae8d:2907:2923,0,max_abs_z@0.95,1.8366259,2.69254994392395
ec2_cpu_utilization_24ae8d:2915:2931,0,max_abs_z@0.95,2.4421089,2.69254994392395
ec2_cpu_utilization_24ae8d:2923:2939,0,max_abs_z@0.95,2.4468126,2.69254994392395
ec2_cpu_utilization_24ae8d:2931:2947,0,max_abs_z@0.95,2.5529878,2.69254994392395
ec2_cpu_utilization_24ae8d:2939:2955,0,max_abs_z@0.95,2.5600586,2.69254994392395
ec2_cpu_utilization_24ae8d:2947:2963,0,max_abs_z@0.95,1.6453475,2.69254994392395
ec2_cpu_utilization_24ae8d:2955:2971,0,max_abs_z@0.95,1.6453475,2.69254994392395
ec2_cpu_utilization_24ae8d:2963:2979,0,max_abs_z@0.95,1.6555581,2.69254994392395
ec2_cpu_utilization_24ae8d:2971:2987,0,max_abs_z@0.95,1.630269,2.69254994392395
ec2_cpu_utilization_24ae8d:2979:2995,0,max_abs_z@0.95,2.487206,2.69254994392395
ec2_cpu_utilization_24ae8d:2987:3003,0,max_abs_z@0.95,2.4938128,2.69254994392395
ec2_cpu_utilization_24ae8d:2995:3011,0,max_abs_z@0.95,1.8367851,2.69254994392395
ec2_cpu_utilization_24ae8d:3003:3019,0,max_abs_z@0.95,1.8367851,2.69254994392395
ec2_cpu_utilization_24ae8d:3011:3027,0,max_abs_z@0.95,1.8366259,2.69254994392395
ec2_cpu_utilization_24ae8d:3019:3035,0,max_abs_z@0.95,9.504276,2.69254994392395
ec2_cpu_utilization_24ae8d:3027:3043,0,max_abs_z@0.95,9.504276,2.69254994392395
ec2_cpu_utilization_24ae8d:3035:3051,0,max_abs_z@0.95,2.69255,2.69254994392395
ec2_cpu_utilization_24ae8d:3043:3059,0,max_abs_z@0.95,2.509504,2.69254994392395
ec2_cpu_utilization_24ae8d:3051:3067,0,max_abs_z@0.95,2.5590067,2.69254994392395
ec2_cpu_utilization_24ae8d:3059:3075,0,max_abs_z@0.95,1.8367851,2.69254994392395
ec2_cpu_utilization_24ae8d:3067:3083,0,max_abs_z@0.95,1.8367851,2.69254994392395
ec2_cpu_utilization_24ae8d:3075:3091,0,max_abs_z@0.95,1.8367851,2.69254994392395
ec2_cpu_utilization_24ae8d:3083:3099,0,max_abs_z@0.95,1.8366259,2.69254994392395
ec2_cpu_utilization_24ae8d:3091:3107,0,max_abs_z@0.95,1.6347692,2.69254994392395
ec2_cpu_utilization_24ae8d:3099:3115,0,max_abs_z@0.95,1.8367851,2.69254994392395
ec2_cpu_utilization_24ae8d:3107:3123,0,max_abs_z@0.95,1.8366259,2.69254994392395
ec2_cpu_utilization_24ae8d:3115:3131,0,max_abs_z@0.95,1.7886095,2.69254994392395
ec2_cpu_utilization_24ae8d:3123:3139,0,max_abs_z@0.95,1.8121517,2.69254994392395
ec2_cpu_utilization_24ae8d:3131:3147,0,max_abs_z@0.95,1.6555581,2.69254994392395
ec2_cpu_utilization_24ae8d:3139:3155,0,max_abs_z@0.95,1.6347692,2.69254994392395
ec2_cpu_utilization_24ae8d:3147:3163,0,max_abs_z@0.95,1.8367851,2.69254994392395
ec2_cpu_utilization_24ae8d:3155:3171,0,max_abs_z@0.95,2.4421089,2.69254994392395
ec2_cpu_utilization_24ae8d:3163:3179,0,max_abs_z@0.95,2.4468126,2.69254994392395
ec2_cpu_utilization_24ae8d:3171:3187,0,max_abs_z@0.95,4.5484967,2.69254994392395
ec2_cpu_utilization_24ae8d:3179:3195,0,max_abs_z@0.95,4.629808,2.69254994392395
ec2_cpu_utilization_24ae8d:3187:3203,0,max_abs_z@0.95,1.7228276,2.69254994392395
ec2_cpu_utilization_24ae8d:3195:3211,0,max_abs_z@0.95,1.7459059,2.69254994392395
ec2_cpu_utilization_24ae8d:3203:3219,0,max_abs_z@0.95,1.7886095,2.69254994392395
ec2_cpu_utilization_24ae8d:2419:2435,0,max_abs_z@0.975,2.6845517,10.411471366882324
ec2_cpu_utilization_24ae8d:2427:2443,0,max_abs_z@0.975,2.69255,10.411471366882324
ec2_cpu_utilization_24ae8d:2435:2451,0,max_abs_z@0.975,2.5600586,10.411471366882324
ec2_cpu_utilization_24ae8d:2443:2459,0,max_abs_z@0.975,1.8121517,10.411471366882324
ec2_cpu_utilization_24ae8d:2451:2467,0,max_abs_z@0.975,12.54735,10.411471366882324
ec2_cpu_utilization_24ae8d:2459:2475,0,max_abs_z@0.975,12.54735,10.411471366882324
ec2_cpu_utilization_24ae8d:2467:2483,0,max_abs_z@0.975,1.7459059,10.411471366882324
ec2_cpu_utilization_24ae8d:2475:2491,0,max_abs_z@0.975,1.630269,10.411471366882324
ec2_cpu_utilization_24ae8d:2483:2499,0,max_abs_z@0.975,1.6453475,10.411471366882324
ec2_cpu_utilization_24ae8d:2491:2507,0,max_abs_z@0.975,1.7738922,10.411471366882324
ec2_cpu_utilization_24ae8d:2499:2515,0,max_abs_z@0.975,1.7737278,10.411471366882324
ec2_cpu_utilization_24ae8d:2507:2523,0,max_abs_z@0.975,1.7886095,10.411471366882324
ec2_cpu_utilization_24ae8d:2515:2531,0,max_abs_z@0.975,1.8121517,10.411471366882324
ec2_cpu_utilization_24ae8d:2523:2539,0,max_abs_z@0.975,1.8367851,10.411471366882324
ec2_cpu_utilization_24ae8d:2531:2547,0,max_abs_z@0.975,1.8367851,10.411471366882324
ec2_cpu_utilization_24ae8d:2539:2555,0,max_abs_z@0.975,1.8366259,10.411471366882324
ec2_cpu_utilization_24ae8d:2547:2563,0,max_abs_z@0.975,1.5934008,10.411471366882324
ec2_cpu_utilization_24ae8d:2555:2571,0,max_abs_z@0.975,2.571292,10.411471366882324
ec2_cpu_utilization_24ae8d:2563:2579,0,max_abs_z@0.975,2.6217585,10.411471366882324
ec2_cpu_utilization_24ae8d:2571:2587,0,max_abs_z@0.975,1.8121517,10.411471366882324
ec2_cpu_utilization_24ae8d:2579:2595,0,max_abs_z@0.975,1.7886095,10.411471366882324
ec2_cpu_utilization_24ae8d:2587:2603,0,max_abs_z@0.975,1.8121517,10.411471366882324
ec2_cpu_utilization_24ae8d:2595:2611,0,max_abs_z@0.975,1.5684813,10.411471366882324
ec2_cpu_utilization_24ae8d:2603:2619,0,max_abs_z@0.975,1.5825957,10.411471366882324
ec2_cpu_utilization_24ae8d:2611:2627,0,max_abs_z@0.975,0.69365376,10.411471366882324
ec2_cpu_utilization_24ae8d:2619:2635,0,max_abs_z@0.975,1.8367851,10.411471366882324
ec2_cpu_utilization_24ae8d:2627:2643,0,max_abs_z@0.975,1.8366259,10.411471366882324
ec2_cpu_utilization_24ae8d:2635:2651,0,max_abs_z@0.975,0.69365376,10.411471366882324
ec2_cpu_utilization_24ae8d:2643:2659,0,max_abs_z@0.975,0.6936536,10.411471366882324
ec2_cpu_utilization_24ae8d:2651:2667,0,max_abs_z@0.975,1.7886095,10.411471366882324
ec2_cpu_utilization_24ae8d:2659:2675,0,max_abs_z@0.975,1.8121517,10.411471366882324
ec2_cpu_utilization_24ae8d:2667:2683,0,max_abs_z@0.975,1.8121517,10.411471366882324
ec2_cpu_utilization_24ae8d:2675:2691,0,max_abs_z@0.975,1.630269,10.411471366882324
ec2_cpu_utilization_24ae8d:2683:2699,0,max_abs_z@0.975,1.6453475,10.411471366882324
ec2_cpu_utilization_24ae8d:2691:2707,0,max_abs_z@0.975,1.6347692,10.411471366882324
ec2_cpu_utilization_24ae8d:2699:2715,0,max_abs_z@0.975,1.6555581,10.411471366882324
ec2_cpu_utilization_24ae8d:2707:2723,0,max_abs_z@0.975,1.8367851,10.411471366882324
ec2_cpu_utilization_24ae8d:2715:2731,0,max_abs_z@0.975,1.8366259,10.411471366882324
ec2_cpu_utilization_24ae8d:2723:2739,0,max_abs_z@0.975,1.6347692,10.411471366882324
ec2_cpu_utilization_24ae8d:2731:2747,0,max_abs_z@0.975,1.6555581,10.411471366882324
ec2_cpu_utilization_24ae8d:2739:2755,0,max_abs_z@0.975,14.059519,10.411471366882324
ec2_cpu_utilization_24ae8d:2747:2763,0,max_abs_z@0.975,14.059521,10.411471366882324
ec2_cpu_utilization_24ae8d:2755:2771,0,max_abs_z@0.975,2.4404404,10.411471366882324
ec2_cpu_utilization_24ae8d:2763:2779,0,max_abs_z@0.975,2.5038798,10.411471366882324
ec2_cpu_utilization_24ae8d:2771:2787,0,max_abs_z@0.975,2.5089698,10.411471366882324
ec2_cpu_utilization_24ae8d:2779:2795,0,max_abs_z@0.975,1.5684813,10.411471366882324
ec2_cpu_utilization_24ae8d:2787:2803,0,max_abs_z@0.975,1.8367851,10.411471366882324
ec2_cpu_utilization_24ae8d:2795:2811,0,max_abs_z@0.975,1.8366259,10.411471366882324
ec2_cpu_utilization_24ae8d:2803:2819,0,max_abs_z@0.975,1.8367851,10.411471366882324
ec2_cpu_utilization_24ae8d:2811:2827,0,max_abs_z@0.975,1.8366259,10.411471366882324
ec2_cpu_utilization_24ae8d:2819:2835,0,max_abs_z@0.975,1.8367851,10.411471366882324
ec2_cpu_utilization_24ae8d:2827:2843,0,max_abs_z@0.975,1.8367851,10.411471366882324
ec2_cpu_utilization_24ae8d:2835:2851,0,max_abs_z@0.975,1.8366259,10.411471366882324
ec2_cpu_utilization_24ae8d:2843:2859,0,max_abs_z@0.975,1.6347692,10.411471366882324
ec2_cpu_utilization_24ae8d:2851:2867,0,max_abs_z@0.975,1.8367851,10.411471366882324
ec2_cpu_utilization_24ae8d:2859:2875,0,max_abs_z@0.975,1.8366259,10.411471366882324
ec2_cpu_utilization_24ae8d:2867:2883,0,max_abs_z@0.975,1.6453475,10.411471366882324
ec2_cpu_utilization_24ae8d:2875:2891,0,max_abs_z@0.975,1.8367851,10.411471366882324
ec2_cpu_utilization_24ae8d:2883:2899,0,max_abs_z@0.975,1.8366259,10.411471366882324
ec2_cpu_utilization_24ae8d:2891:2907,0,max_abs_z@0.975,1.6347692,10.411471366882324
ec2_cpu_utilization_24ae8d:2899:2915,0,max_abs_z@0.975,1.8367851,10.411471366882324
ec2_cpu_utilization_24ae8d:2907:2923,0,max_abs_z@0.975,1.8366259,10.411471366882324
ec2_cpu_utilization_24ae8d:2915:2931,0,max_abs_z@0.975,2.4421089,10.411471366882324
ec2_cpu_utilization_24ae8d:2923:2939,0,max_abs_z@0.975,2.4468126,10.411471366882324
ec2_cpu_utilization_24ae8d:2931:2947,0,max_abs_z@0.975,2.5529878,10.411471366882324
ec2_cpu_utilization_24ae8d:2939:2955,0,max_abs_z@0.975,2.5600586,10.411471366882324
ec2_cpu_utilization_24ae8d:2947:2963,0,max_abs_z@0.975,1.6453475,10.411471366882324
ec2_cpu_utilization_24ae8d:2955:2971,0,max_abs_z@0.975,1.6453475,10.411471366882324
ec2_cpu_utilization_24ae8d:2963:2979,0,max_abs_z@0.975,1.6555581,10.411471366882324
ec2_cpu_utilization_24ae8d:2971:2987,0,max_abs_z@0.975,1.630269,10.411471366882324
ec2_cpu_utilization_24ae8d:2979:2995,0,max_abs_z@0.975,2.487206,10.411471366882324
ec2_cpu_utilization_24ae8d:2987:3003,0,max_abs_z@0.975,2.4938128,10.411471366882324
ec2_cpu_utilization_24ae8d:2995:3011,0,max_abs_z@0.975,1.8367851,10.411471366882324
ec2_cpu_utilization_24ae8d:3003:3019,0,max_abs_z@0.975,1.8367851,10.411471366882324
ec2_cpu_utilization_24ae8d:3011:3027,0,max_abs_z@0.975,1.8366259,10.411471366882324
ec2_cpu_utilization_24ae8d:3019:3035,0,max_abs_z@0.975,9.504276,10.411471366882324
ec2_cpu_utilization_24ae8d:3027:3043,0,max_abs_z@0.975,9.504276,10.411471366882324
ec2_cpu_utilization_24ae8d:3035:3051,0,max_abs_z@0.975,2.69255,10.411471366882324
ec2_cpu_utilization_24ae8d:3043:3059,0,max_abs_z@0.975,2.509504,10.411471366882324
ec2_cpu_utilization_24ae8d:3051:3067,0,max_abs_z@0.975,2.5590067,10.411471366882324
ec2_cpu_utilization_24ae8d:3059:3075,0,max_abs_z@0.975,1.8367851,10.411471366882324
ec2_cpu_utilization_24ae8d:3067:3083,0,max_abs_z@0.975,1.8367851,10.411471366882324
ec2_cpu_utilization_24ae8d:3075:3091,0,max_abs_z@0.975,1.8367851,10.411471366882324
ec2_cpu_utilization_24ae8d:3083:3099,0,max_abs_z@0.975,1.8366259,10.411471366882324
ec2_cpu_utilization_24ae8d:3091:3107,0,max_abs_z@0.975,1.6347692,10.411471366882324
ec2_cpu_utilization_24ae8d:3099:3115,0,max_abs_z@0.975,1.8367851,10.411471366882324
ec2_cpu_utilization_24ae8d:3107:3123,0,max_abs_z@0.975,1.8366259,10.411471366882324
ec2_cpu_utilization_24ae8d:3115:3131,0,max_abs_z@0.975,1.7886095,10.411471366882324
ec2_cpu_utilization_24ae8d:3123:3139,0,max_abs_z@0.975,1.8121517,10.411471366882324
ec2_cpu_utilization_24ae8d:3131:3147,0,max_abs_z@0.975,1.6555581,10.411471366882324
ec2_cpu_utilization_24ae8d:3139:3155,0,max_abs_z@0.975,1.6347692,10.411471366882324
ec2_cpu_utilization_24ae8d:3147:3163,0,max_abs_z@0.975,1.8367851,10.411471366882324
ec2_cpu_utilization_24ae8d:3155:3171,0,max_abs_z@0.975,2.4421089,10.411471366882324
ec2_cpu_utilization_24ae8d:3163:3179,0,max_abs_z@0.975,2.4468126,10.411471366882324
ec2_cpu_utilization_24ae8d:3171:3187,0,max_abs_z@0.975,4.5484967,10.411471366882324
ec2_cpu_utilization_24ae8d:3179:3195,0,max_abs_z@0.975,4.629808,10.411471366882324
ec2_cpu_utilization_24ae8d:3187:3203,0,max_abs_z@0.975,1.7228276,10.411471366882324
ec2_cpu_utilization_24ae8d:3195:3211,0,max_abs_z@0.975,1.7459059,10.411471366882324
ec2_cpu_utilization_24ae8d:3203:3219,0,max_abs_z@0.975,1.7886095,10.411471366882324
ec2_cpu_utilization_24ae8d:2419:2435,0,max_abs_z@0.99,2.6845517,42.2548942565918
ec2_cpu_utilization_24ae8d:2427:2443,0,max_abs_z@0.99,2.69255,42.2548942565918
ec2_cpu_utilization_24ae8d:2435:2451,0,max_abs_z@0.99,2.5600586,42.2548942565918
ec2_cpu_utilization_24ae8d:2443:2459,0,max_abs_z@0.99,1.8121517,42.2548942565918
ec2_cpu_utilization_24ae8d:2451:2467,0,max_abs_z@0.99,12.54735,42.2548942565918
ec2_cpu_utilization_24ae8d:2459:2475,0,max_abs_z@0.99,12.54735,42.2548942565918
ec2_cpu_utilization_24ae8d:2467:2483,0,max_abs_z@0.99,1.7459059,42.2548942565918
ec2_cpu_utilization_24ae8d:2475:2491,0,max_abs_z@0.99,1.630269,42.2548942565918
ec2_cpu_utilization_24ae8d:2483:2499,0,max_abs_z@0.99,1.6453475,42.2548942565918
ec2_cpu_utilization_24ae8d:2491:2507,0,max_abs_z@0.99,1.7738922,42.2548942565918
ec2_cpu_utilization_24ae8d:2499:2515,0,max_abs_z@0.99,1.7737278,42.2548942565918
ec2_cpu_utilization_24ae8d:2507:2523,0,max_abs_z@0.99,1.7886095,42.2548942565918
ec2_cpu_utilization_24ae8d:2515:2531,0,max_abs_z@0.99,1.8121517,42.2548942565918
ec2_cpu_utilization_24ae8d:2523:2539,0,max_abs_z@0.99,1.8367851,42.2548942565918
ec2_cpu_utilization_24ae8d:2531:2547,0,max_abs_z@0.99,1.8367851,42.2548942565918
ec2_cpu_utilization_24ae8d:2539:2555,0,max_abs_z@0.99,1.8366259,42.2548942565918
ec2_cpu_utilization_24ae8d:2547:2563,0,max_abs_z@0.99,1.5934008,42.2548942565918
ec2_cpu_utilization_24ae8d:2555:2571,0,max_abs_z@0.99,2.571292,42.2548942565918
ec2_cpu_utilization_24ae8d:2563:2579,0,max_abs_z@0.99,2.6217585,42.2548942565918
ec2_cpu_utilization_24ae8d:2571:2587,0,max_abs_z@0.99,1.8121517,42.2548942565918
ec2_cpu_utilization_24ae8d:2579:2595,0,max_abs_z@0.99,1.7886095,42.2548942565918
ec2_cpu_utilization_24ae8d:2587:2603,0,max_abs_z@0.99,1.8121517,42.2548942565918
ec2_cpu_utilization_24ae8d:2595:2611,0,max_abs_z@0.99,1.5684813,42.2548942565918
ec2_cpu_utilization_24ae8d:2603:2619,0,max_abs_z@0.99,1.5825957,42.2548942565918
ec2_cpu_utilization_24ae8d:2611:2627,0,max_abs_z@0.99,0.69365376,42.2548942565918
ec2_cpu_utilization_24ae8d:2619:2635,0,max_abs_z@0.99,1.8367851,42.2548942565918
ec2_cpu_utilization_24ae8d:2627:2643,0,max_abs_z@0.99,1.8366259,42.2548942565918
ec2_cpu_utilization_24ae8d:2635:2651,0,max_abs_z@0.99,0.69365376,42.2548942565918
ec2_cpu_utilization_24ae8d:2643:2659,0,max_abs_z@0.99,0.6936536,42.2548942565918
ec2_cpu_utilization_24ae8d:2651:2667,0,max_abs_z@0.99,1.7886095,42.2548942565918
ec2_cpu_utilization_24ae8d:2659:2675,0,max_abs_z@0.99,1.8121517,42.2548942565918
ec2_cpu_utilization_24ae8d:2667:2683,0,max_abs_z@0.99,1.8121517,42.2548942565918
ec2_cpu_utilization_24ae8d:2675:2691,0,max_abs_z@0.99,1.630269,42.2548942565918
ec2_cpu_utilization_24ae8d:2683:2699,0,max_abs_z@0.99,1.6453475,42.2548942565918
ec2_cpu_utilization_24ae8d:2691:2707,0,max_abs_z@0.99,1.6347692,42.2548942565918
ec2_cpu_utilization_24ae8d:2699:2715,0,max_abs_z@0.99,1.6555581,42.2548942565918
ec2_cpu_utilization_24ae8d:2707:2723,0,max_abs_z@0.99,1.8367851,42.2548942565918
ec2_cpu_utilization_24ae8d:2715:2731,0,max_abs_z@0.99,1.8366259,42.2548942565918
ec2_cpu_utilization_24ae8d:2723:2739,0,max_abs_z@0.99,1.6347692,42.2548942565918
ec2_cpu_utilization_24ae8d:2731:2747,0,max_abs_z@0.99,1.6555581,42.2548942565918
ec2_cpu_utilization_24ae8d:2739:2755,0,max_abs_z@0.99,14.059519,42.2548942565918
ec2_cpu_utilization_24ae8d:2747:2763,0,max_abs_z@0.99,14.059521,42.2548942565918
ec2_cpu_utilization_24ae8d:2755:2771,0,max_abs_z@0.99,2.4404404,42.2548942565918
ec2_cpu_utilization_24ae8d:2763:2779,0,max_abs_z@0.99,2.5038798,42.2548942565918
ec2_cpu_utilization_24ae8d:2771:2787,0,max_abs_z@0.99,2.5089698,42.2548942565918
ec2_cpu_utilization_24ae8d:2779:2795,0,max_abs_z@0.99,1.5684813,42.2548942565918
ec2_cpu_utilization_24ae8d:2787:2803,0,max_abs_z@0.99,1.8367851,42.2548942565918
ec2_cpu_utilization_24ae8d:2795:2811,0,max_abs_z@0.99,1.8366259,42.2548942565918
ec2_cpu_utilization_24ae8d:2803:2819,0,max_abs_z@0.99,1.8367851,42.2548942565918
ec2_cpu_utilization_24ae8d:2811:2827,0,max_abs_z@0.99,1.8366259,42.2548942565918
ec2_cpu_utilization_24ae8d:2819:2835,0,max_abs_z@0.99,1.8367851,42.2548942565918
ec2_cpu_utilization_24ae8d:2827:2843,0,max_abs_z@0.99,1.8367851,42.2548942565918
ec2_cpu_utilization_24ae8d:2835:2851,0,max_abs_z@0.99,1.8366259,42.2548942565918
ec2_cpu_utilization_24ae8d:2843:2859,0,max_abs_z@0.99,1.6347692,42.2548942565918
ec2_cpu_utilization_24ae8d:2851:2867,0,max_abs_z@0.99,1.8367851,42.2548942565918
ec2_cpu_utilization_24ae8d:2859:2875,0,max_abs_z@0.99,1.8366259,42.2548942565918
ec2_cpu_utilization_24ae8d:2867:2883,0,max_abs_z@0.99,1.6453475,42.2548942565918
ec2_cpu_utilization_24ae8d:2875:2891,0,max_abs_z@0.99,1.8367851,42.2548942565918
ec2_cpu_utilization_24ae8d:2883:2899,0,max_abs_z@0.99,1.8366259,42.2548942565918
ec2_cpu_utilization_24ae8d:2891:2907,0,max_abs_z@0.99,1.6347692,42.2548942565918
ec2_cpu_utilization_24ae8d:2899:2915,0,max_abs_z@0.99,1.8367851,42.2548942565918
ec2_cpu_utilization_24ae8d:2907:2923,0,max_abs_z@0.99,1.8366259,42.2548942565918
ec2_cpu_utilization_24ae8d:2915:2931,0,max_abs_z@0.99,2.4421089,42.2548942565918
ec2_cpu_utilization_24ae8d:2923:2939,0,max_abs_z@0.99,2.4468126,42.2548942565918
ec2_cpu_utilization_24ae8d:2931:2947,0,max_abs_z@0.99,2.5529878,42.2548942565918
ec2_cpu_utilization_24ae8d:2939:2955,0,max_abs_z@0.99,2.5600586,42.2548942565918
ec2_cpu_utilization_24ae8d:2947:2963,0,max_abs_z@0.99,1.6453475,42.2548942565918
ec2_cpu_utilization_24ae8d:2955:2971,0,max_abs_z@0.99,1.6453475,42.2548942565918
ec2_cpu_utilization_24ae8d:2963:2979,0,max_abs_z@0.99,1.6555581,42.2548942565918
ec2_cpu_utilization_24ae8d:2971:2987,0,max_abs_z@0.99,1.630269,42.2548942565918
ec2_cpu_utilization_24ae8d:2979:2995,0,max_abs_z@0.99,2.487206,42.2548942565918
ec2_cpu_utilization_24ae8d:2987:3003,0,max_abs_z@0.99,2.4938128,42.2548942565918
ec2_cpu_utilization_24ae8d:2995:3011,0,max_abs_z@0.99,1.8367851,42.2548942565918
ec2_cpu_utilization_24ae8d:3003:3019,0,max_abs_z@0.99,1.8367851,42.2548942565918
ec2_cpu_utilization_24ae8d:3011:3027,0,max_abs_z@0.99,1.8366259,42.2548942565918
ec2_cpu_utilization_24ae8d:3019:3035,0,max_abs_z@0.99,9.504276,42.2548942565918
ec2_cpu_utilization_24ae8d:3027:3043,0,max_abs_z@0.99,9.504276,42.2548942565918
ec2_cpu_utilization_24ae8d:3035:3051,0,max_abs_z@0.99,2.69255,42.2548942565918
ec2_cpu_utilization_24ae8d:3043:3059,0,max_abs_z@0.99,2.509504,42.2548942565918
ec2_cpu_utilization_24ae8d:3051:3067,0,max_abs_z@0.99,2.5590067,42.2548942565918
ec2_cpu_utilization_24ae8d:3059:3075,0,max_abs_z@0.99,1.8367851,42.2548942565918
ec2_cpu_utilization_24ae8d:3067:3083,0,max_abs_z@0.99,1.8367851,42.2548942565918
ec2_cpu_utilization_24ae8d:3075:3091,0,max_abs_z@0.99,1.8367851,42.2548942565918
ec2_cpu_utilization_24ae8d:3083:3099,0,max_abs_z@0.99,1.8366259,42.2548942565918
ec2_cpu_utilization_24ae8d:3091:3107,0,max_abs_z@0.99,1.6347692,42.2548942565918
ec2_cpu_utilization_24ae8d:3099:3115,0,max_abs_z@0.99,1.8367851,42.2548942565918
ec2_cpu_utilization_24ae8d:3107:3123,0,max_abs_z@0.99,1.8366259,42.2548942565918
ec2_cpu_utilization_24ae8d:3115:3131,0,max_abs_z@0.99,1.7886095,42.2548942565918
ec2_cpu_utilization_24ae8d:3123:3139,0,max_abs_z@0.99,1.8121517,42.2548942565918
ec2_cpu_utilization_24ae8d:3131:3147,0,max_abs_z@0.99,1.6555581,42.2548942565918
ec2_cpu_utilization_24ae8d:3139:3155,0,max_abs_z@0.99,1.6347692,42.2548942565918
ec2_cpu_utilization_24ae8d:3147:3163,0,max_abs_z@0.99,1.8367851,42.2548942565918
ec2_cpu_utilization_24ae8d:3155:3171,0,max_abs_z@0.99,2.4421089,42.2548942565918
ec2_cpu_utilization_24ae8d:3163:3179,0,max_abs_z@0.99,2.4468126,42.2548942565918
ec2_cpu_utilization_24ae8d:3171:3187,0,max_abs_z@0.99,4.5484967,42.2548942565918
ec2_cpu_utilization_24ae8d:3179:3195,0,max_abs_z@0.99,4.629808,42.2548942565918
ec2_cpu_utilization_24ae8d:3187:3203,0,max_abs_z@0.99,1.7228276,42.2548942565918
ec2_cpu_utilization_24ae8d:3195:3211,0,max_abs_z@0.99,1.7459059,42.2548942565918
ec2_cpu_utilization_24ae8d:3203:3219,0,max_abs_z@0.99,1.7886095,42.2548942565918
ec2_cpu_utilization_24ae8d:2419:2435,0,rolling_32@0.95,7.567530681404829,7.790105552174908
ec2_cpu_utilization_24ae8d:2427:2443,0,rolling_32@0.95,7.567530681404829,7.790105552174908
ec2_cpu_utilization_24ae8d:2435:2451,0,rolling_32@0.95,7.567530681404829,7.790105552174908
ec2_cpu_utilization_24ae8d:2443:2459,0,rolling_32@0.95,7.456243246019789,7.790105552174908
ec2_cpu_utilization_24ae8d:2451:2467,0,rolling_32@0.95,145.7862451754619,7.790105552174908
ec2_cpu_utilization_24ae8d:2459:2475,0,rolling_32@0.95,145.7862451754619,7.790105552174908
ec2_cpu_utilization_24ae8d:2467:2483,0,rolling_32@0.95,7.567530681404829,7.790105552174908
ec2_cpu_utilization_24ae8d:2475:2491,0,rolling_32@0.95,7.567530681404829,7.790105552174908
ec2_cpu_utilization_24ae8d:2483:2499,0,rolling_32@0.95,7.567530681404829,7.790105552174908
ec2_cpu_utilization_24ae8d:2491:2507,0,rolling_32@0.95,7.567530681404829,7.790105552174908
ec2_cpu_utilization_24ae8d:2499:2515,0,rolling_32@0.95,7.567530681404829,7.790105552174908
ec2_cpu_utilization_24ae8d:2507:2523,0,rolling_32@0.95,7.567530681404829,7.790105552174908
ec2_cpu_utilization_24ae8d:2515:2531,0,rolling_32@0.95,7.567530681404829,7.790105552174908
ec2_cpu_utilization_24ae8d:2523:2539,0,rolling_32@0.95,7.567530681404829,7.790105552174908
ec2_cpu_utilization_24ae8d:2531:2547,0,rolling_32@0.95,7.567530681404829,7.790105552174908
ec2_cpu_utilization_24ae8d:2539:2555,0,rolling_32@0.95,7.567530681404829,7.790105552174908
ec2_cpu_utilization_24ae8d:2547:2563,0,rolling_32@0.95,7.790105552174908,7.790105552174908
ec2_cpu_utilization_24ae8d:2555:2571,0,rolling_32@0.95,7.790105552174908,7.790105552174908
ec2_cpu_utilization_24ae8d:2563:2579,0,rolling_32@0.95,7.790105552174908,7.790105552174908
ec2_cpu_utilization_24ae8d:2571:2587,0,rolling_32@0.95,7.567530681404829,7.790105552174908
ec2_cpu_utilization_24ae8d:2579:2595,0,rolling_32@0.95,7.567530681404829,7.790105552174908
ec2_cpu_utilization_24ae8d:2587:2603,0,rolling_32@0.95,7.567530681404829,7.790105552174908
ec2_cpu_utilization_24ae8d:2595:2611,0,rolling_32@0.95,7.567530681404829,7.790105552174908
ec2_cpu_utilization_24ae8d:2603:2619,0,rolling_32@0.95,7.567530681404829,7.790105552174908
ec2_cpu_utilization_24ae8d:2611:2627,0,rolling_32@0.95,7.567530681404829,7.790105552174908
ec2_cpu_utilization_24ae8d:2619:2635,0,rolling_32@0.95,7.567530681404829,7.790105552174908
ec2_cpu_utilization_24ae8d:2627:2643,0,rolling_32@0.95,7.567530681404829,7.790105552174908
ec2_cpu_utilization_24ae8d:2635:2651,0,rolling_32@0.95,7.567530681404829,7.790105552174908
ec2_cpu_utilization_24ae8d:2643:2659,0,rolling_32@0.95,7.567530681404829,7.790105552174908
ec2_cpu_utilization_24ae8d:2651:2667,0,rolling_32@0.95,7.567530681404829,7.790105552174908
ec2_cpu_utilization_24ae8d:2659:2675,0,rolling_32@0.95,7.567530681404829,7.790105552174908
ec2_cpu_utilization_24ae8d:2667:2683,0,rolling_32@0.95,7.567530681404829,7.790105552174908
ec2_cpu_utilization_24ae8d:2675:2691,0,rolling_32@0.95,7.567530681404829,7.790105552174908
ec2_cpu_utilization_24ae8d:2683:2699,0,rolling_32@0.95,7.567530681404829,7.790105552174908
ec2_cpu_utilization_24ae8d:2691:2707,0,rolling_32@0.95,7.456243246019789,7.790105552174908
ec2_cpu_utilization_24ae8d:2699:2715,0,rolling_32@0.95,7.344955810634749,7.790105552174908
ec2_cpu_utilization_24ae8d:2707:2723,0,rolling_32@0.95,7.344955810634749,7.790105552174908
ec2_cpu_utilization_24ae8d:2715:2731,0,rolling_32@0.95,7.344955810634749,7.790105552174908
ec2_cpu_utilization_24ae8d:2723:2739,0,rolling_32@0.95,7.344955810634749,7.790105552174908
ec2_cpu_utilization_24ae8d:2731:2747,0,rolling_32@0.95,7.344955810634749,7.790105552174908
ec2_cpu_utilization_24ae8d:2739:2755,0,rolling_32@0.95,148.45713367485092,7.790105552174908
ec2_cpu_utilization_24ae8d:2747:2763,0,rolling_32@0.95,148.45713367485092,7.790105552174908
ec2_cpu_utilization_24ae8d:2755:2771,0,rolling_32@0.95,7.678818116789869,7.790105552174908
ec2_cpu_utilization_24ae8d:2763:2779,0,rolling_32@0.95,7.567530681404829,7.790105552174908
ec2_cpu_utilization_24ae8d:2771:2787,0,rolling_32@0.95,7.567530681404829,7.790105552174908
ec2_cpu_utilization_24ae8d:2779:2795,0,rolling_32@0.95,7.344955810634749,7.790105552174908
ec2_cpu_utilization_24ae8d:2787:2803,0,rolling_32@0.95,7.567530681404829,7.790105552174908
ec2_cpu_utilization_24ae8d:2795:2811,0,rolling_32@0.95,7.567530681404829,7.790105552174908
ec2_cpu_utilization_24ae8d:2803:2819,0,rolling_32@0.95,7.567530681404829,7.790105552174908
ec2_cpu_utilization_24ae8d:2811:2827,0,rolling_32@0.95,7.567530681404829,7.790105552174908
ec2_cpu_utilization_24ae8d:2819:2835,0,rolling_32@0.95,7.344955810634749,7.790105552174908
ec2_cpu_utilization_24ae8d:2827:2843,0,rolling_32@0.95,7.344955810634749,7.790105552174908
ec2_cpu_utilization_24ae8d:2835:2851,0,rolling_32@0.95,7.344955810634749,7.790105552174908
ec2_cpu_utilization_24ae8d:2843:2859,0,rolling_32@0.95,7.344955810634749,7.790105552174908
ec2_cpu_utilization_24ae8d:2851:2867,0,rolling_32@0.95,7.344955810634749,7.790105552174908
ec2_cpu_utilization_24ae8d:2859:2875,0,rolling_32@0.95,7.344955810634749,7.790105552174908
ec2_cpu_utilization_24ae8d:2867:2883,0,rolling_32@0.95,7.344955810634749,7.790105552174908
ec2_cpu_utilization_24ae8d:2875:2891,0,rolling_32@0.95,7.567530681404829,7.790105552174908
ec2_cpu_utilization_24ae8d:2883:2899,0,rolling_32@0.95,7.567530681404829,7.790105552174908
ec2_cpu_utilization_24ae8d:2891:2907,0,rolling_32@0.95,7.344955810634749,7.790105552174908
ec2_cpu_utilization_24ae8d:2899:2915,0,rolling_32@0.95,7.344955810634749,7.790105552174908
ec2_cpu_utilization_24ae8d:2907:2923,0,rolling_32@0.95,7.456243246019789,7.790105552174908
ec2_cpu_utilization_24ae8d:2915:2931,0,rolling_32@0.95,7.567530681404829,7.790105552174908
ec2_cpu_utilization_24ae8d:2923:2939,0,rolling_32@0.95,7.567530681404829,7.790105552174908
ec2_cpu_utilization_24ae8d:2931:2947,0,rolling_32@0.95,7.567530681404829,7.790105552174908
ec2_cpu_utilization_24ae8d:2939:2955,0,rolling_32@0.95,7.567530681404829,7.790105552174908
ec2_cpu_utilization_24ae8d:2947:2963,0,rolling_32@0.95,7.567530681404829,7.790105552174908
ec2_cpu_utilization_24ae8d:2955:2971,0,rolling_32@0.95,7.567530681404829,7.790105552174908
ec2_cpu_utilization_24ae8d:2963:2979,0,rolling_32@0.95,7.567530681404829,7.790105552174908
ec2_cpu_utilization_24ae8d:2971:2987,0,rolling_32@0.95,7.567530681404829,7.790105552174908
ec2_cpu_utilization_24ae8d:2979:2995,0,rolling_32@0.95,7.456243246019789,7.790105552174908
ec2_cpu_utilization_24ae8d:2987:3003,0,rolling_32@0.95,7.567530681404829,7.790105552174908
ec2_cpu_utilization_24ae8d:2995:3011,0,rolling_32@0.95,7.567530681404829,7.790105552174908
ec2_cpu_utilization_24ae8d:3003:3019,0,rolling_32@0.95,7.567530681404829,7.790105552174908
ec2_cpu_utilization_24ae8d:3011:3027,0,rolling_32@0.95,7.567530681404829,7.790105552174908
ec2_cpu_utilization_24ae8d:3019:3035,0,rolling_32@0.95,151.01674468870684,7.790105552174908
ec2_cpu_utilization_24ae8d:3027:3043,0,rolling_32@0.95,151.01674468870684,7.790105552174908
ec2_cpu_utilization_24ae8d:3035:3051,0,rolling_32@0.95,7.567530681404829,7.790105552174908
ec2_cpu_utilization_24ae8d:3043:3059,0,rolling_32@0.95,7.567530681404829,7.790105552174908
ec2_cpu_utilization_24ae8d:3051:3067,0,rolling_32@0.95,7.567530681404829,7.790105552174908
ec2_cpu_utilization_24ae8d:3059:3075,0,rolling_32@0.95,7.567530681404829,7.790105552174908
ec2_cpu_utilization_24ae8d:3067:3083,0,rolling_32@0.95,7.456243246019789,7.790105552174908
ec2_cpu_utilization_24ae8d:3075:3091,0,rolling_32@0.95,7.456243246019789,7.790105552174908
ec2_cpu_utilization_24ae8d:3083:3099,0,rolling_32@0.95,7.456243246019789,7.790105552174908
ec2_cpu_utilization_24ae8d:3091:3107,0,rolling_32@0.95,7.456243246019789,7.790105552174908
ec2_cpu_utilization_24ae8d:3099:3115,0,rolling_32@0.95,7.567530681404829,7.790105552174908
ec2_cpu_utilization_24ae8d:3107:3123,0,rolling_32@0.95,7.567530681404829,7.790105552174908
ec2_cpu_utilization_24ae8d:3115:3131,0,rolling_32@0.95,7.567530681404829,7.790105552174908
ec2_cpu_utilization_24ae8d:3123:3139,0,rolling_32@0.95,7.567530681404829,7.790105552174908
ec2_cpu_utilization_24ae8d:3131:3147,0,rolling_32@0.95,7.567530681404829,7.790105552174908
ec2_cpu_utilization_24ae8d:3139:3155,0,rolling_32@0.95,7.567530681404829,7.790105552174908
ec2_cpu_utilization_24ae8d:3147:3163,0,rolling_32@0.95,7.567530681404829,7.790105552174908
ec2_cpu_utilization_24ae8d:3155:3171,0,rolling_32@0.95,7.567530681404829,7.790105552174908
ec2_cpu_utilization_24ae8d:3163:3179,0,rolling_32@0.95,7.790105552174908,7.790105552174908
ec2_cpu_utilization_24ae8d:3171:3187,0,rolling_32@0.95,14.80119905665454,7.790105552174908
ec2_cpu_utilization_24ae8d:3179:3195,0,rolling_32@0.95,14.80119905665454,7.790105552174908
ec2_cpu_utilization_24ae8d:3187:3203,0,rolling_32@0.95,7.567530681404829,7.790105552174908
ec2_cpu_utilization_24ae8d:3195:3211,0,rolling_32@0.95,7.567530681404829,7.790105552174908
ec2_cpu_utilization_24ae8d:3203:3219,0,rolling_32@0.95,7.567530681404829,7.790105552174908
ec2_cpu_utilization_24ae8d:2419:2435,0,rolling_32@0.975,7.567530681404829,148.5684310600879
ec2_cpu_utilization_24ae8d:2427:2443,0,rolling_32@0.975,7.567530681404829,148.5684310600879
ec2_cpu_utilization_24ae8d:2435:2451,0,rolling_32@0.975,7.567530681404829,148.5684310600879
ec2_cpu_utilization_24ae8d:2443:2459,0,rolling_32@0.975,7.456243246019789,148.5684310600879
ec2_cpu_utilization_24ae8d:2451:2467,0,rolling_32@0.975,145.7862451754619,148.5684310600879
ec2_cpu_utilization_24ae8d:2459:2475,0,rolling_32@0.975,145.7862451754619,148.5684310600879
ec2_cpu_utilization_24ae8d:2467:2483,0,rolling_32@0.975,7.567530681404829,148.5684310600879
ec2_cpu_utilization_24ae8d:2475:2491,0,rolling_32@0.975,7.567530681404829,148.5684310600879
ec2_cpu_utilization_24ae8d:2483:2499,0,rolling_32@0.975,7.567530681404829,148.5684310600879
ec2_cpu_utilization_24ae8d:2491:2507,0,rolling_32@0.975,7.567530681404829,148.5684310600879
ec2_cpu_utilization_24ae8d:2499:2515,0,rolling_32@0.975,7.567530681404829,148.5684310600879
ec2_cpu_utilization_24ae8d:2507:2523,0,rolling_32@0.975,7.567530681404829,148.5684310600879
ec2_cpu_utilization_24ae8d:2515:2531,0,rolling_32@0.975,7.567530681404829,148.5684310600879
ec2_cpu_utilization_24ae8d:2523:2539,0,rolling_32@0.975,7.567530681404829,148.5684310600879
ec2_cpu_utilization_24ae8d:2531:2547,0,rolling_32@0.975,7.567530681404829,148.5684310600879
ec2_cpu_utilization_24ae8d:2539:2555,0,rolling_32@0.975,7.567530681404829,148.5684310600879
ec2_cpu_utilization_24ae8d:2547:2563,0,rolling_32@0.975,7.790105552174908,148.5684310600879
ec2_cpu_utilization_24ae8d:2555:2571,0,rolling_32@0.975,7.790105552174908,148.5684310600879
ec2_cpu_utilization_24ae8d:2563:2579,0,rolling_32@0.975,7.790105552174908,148.5684310600879
ec2_cpu_utilization_24ae8d:2571:2587,0,rolling_32@0.975,7.567530681404829,148.5684310600879
ec2_cpu_utilization_24ae8d:2579:2595,0,rolling_32@0.975,7.567530681404829,148.5684310600879
ec2_cpu_utilization_24ae8d:2587:2603,0,rolling_32@0.975,7.567530681404829,148.5684310600879
ec2_cpu_utilization_24ae8d:2595:2611,0,rolling_32@0.975,7.567530681404829,148.5684310600879
ec2_cpu_utilization_24ae8d:2603:2619,0,rolling_32@0.975,7.567530681404829,148.5684310600879
ec2_cpu_utilization_24ae8d:2611:2627,0,rolling_32@0.975,7.567530681404829,148.5684310600879
ec2_cpu_utilization_24ae8d:2619:2635,0,rolling_32@0.975,7.567530681404829,148.5684310600879
ec2_cpu_utilization_24ae8d:2627:2643,0,rolling_32@0.975,7.567530681404829,148.5684310600879
ec2_cpu_utilization_24ae8d:2635:2651,0,rolling_32@0.975,7.567530681404829,148.5684310600879
ec2_cpu_utilization_24ae8d:2643:2659,0,rolling_32@0.975,7.567530681404829,148.5684310600879
ec2_cpu_utilization_24ae8d:2651:2667,0,rolling_32@0.975,7.567530681404829,148.5684310600879
ec2_cpu_utilization_24ae8d:2659:2675,0,rolling_32@0.975,7.567530681404829,148.5684310600879
ec2_cpu_utilization_24ae8d:2667:2683,0,rolling_32@0.975,7.567530681404829,148.5684310600879
ec2_cpu_utilization_24ae8d:2675:2691,0,rolling_32@0.975,7.567530681404829,148.5684310600879
ec2_cpu_utilization_24ae8d:2683:2699,0,rolling_32@0.975,7.567530681404829,148.5684310600879
ec2_cpu_utilization_24ae8d:2691:2707,0,rolling_32@0.975,7.456243246019789,148.5684310600879
ec2_cpu_utilization_24ae8d:2699:2715,0,rolling_32@0.975,7.344955810634749,148.5684310600879
ec2_cpu_utilization_24ae8d:2707:2723,0,rolling_32@0.975,7.344955810634749,148.5684310600879
ec2_cpu_utilization_24ae8d:2715:2731,0,rolling_32@0.975,7.344955810634749,148.5684310600879
ec2_cpu_utilization_24ae8d:2723:2739,0,rolling_32@0.975,7.344955810634749,148.5684310600879
ec2_cpu_utilization_24ae8d:2731:2747,0,rolling_32@0.975,7.344955810634749,148.5684310600879
ec2_cpu_utilization_24ae8d:2739:2755,0,rolling_32@0.975,148.45713367485092,148.5684310600879
ec2_cpu_utilization_24ae8d:2747:2763,0,rolling_32@0.975,148.45713367485092,148.5684310600879
ec2_cpu_utilization_24ae8d:2755:2771,0,rolling_32@0.975,7.678818116789869,148.5684310600879
ec2_cpu_utilization_24ae8d:2763:2779,0,rolling_32@0.975,7.567530681404829,148.5684310600879
ec2_cpu_utilization_24ae8d:2771:2787,0,rolling_32@0.975,7.567530681404829,148.5684310600879
ec2_cpu_utilization_24ae8d:2779:2795,0,rolling_32@0.975,7.344955810634749,148.5684310600879
ec2_cpu_utilization_24ae8d:2787:2803,0,rolling_32@0.975,7.567530681404829,148.5684310600879
ec2_cpu_utilization_24ae8d:2795:2811,0,rolling_32@0.975,7.567530681404829,148.5684310600879
ec2_cpu_utilization_24ae8d:2803:2819,0,rolling_32@0.975,7.567530681404829,148.5684310600879
ec2_cpu_utilization_24ae8d:2811:2827,0,rolling_32@0.975,7.567530681404829,148.5684310600879
ec2_cpu_utilization_24ae8d:2819:2835,0,rolling_32@0.975,7.344955810634749,148.5684310600879
ec2_cpu_utilization_24ae8d:2827:2843,0,rolling_32@0.975,7.344955810634749,148.5684310600879
ec2_cpu_utilization_24ae8d:2835:2851,0,rolling_32@0.975,7.344955810634749,148.5684310600879
ec2_cpu_utilization_24ae8d:2843:2859,0,rolling_32@0.975,7.344955810634749,148.5684310600879
ec2_cpu_utilization_24ae8d:2851:2867,0,rolling_32@0.975,7.344955810634749,148.5684310600879
ec2_cpu_utilization_24ae8d:2859:2875,0,rolling_32@0.975,7.344955810634749,148.5684310600879
ec2_cpu_utilization_24ae8d:2867:2883,0,rolling_32@0.975,7.344955810634749,148.5684310600879
ec2_cpu_utilization_24ae8d:2875:2891,0,rolling_32@0.975,7.567530681404829,148.5684310600879
ec2_cpu_utilization_24ae8d:2883:2899,0,rolling_32@0.975,7.567530681404829,148.5684310600879
ec2_cpu_utilization_24ae8d:2891:2907,0,rolling_32@0.975,7.344955810634749,148.5684310600879
ec2_cpu_utilization_24ae8d:2899:2915,0,rolling_32@0.975,7.344955810634749,148.5684310600879
ec2_cpu_utilization_24ae8d:2907:2923,0,rolling_32@0.975,7.456243246019789,148.5684310600879
ec2_cpu_utilization_24ae8d:2915:2931,0,rolling_32@0.975,7.567530681404829,148.5684310600879
ec2_cpu_utilization_24ae8d:2923:2939,0,rolling_32@0.975,7.567530681404829,148.5684310600879
ec2_cpu_utilization_24ae8d:2931:2947,0,rolling_32@0.975,7.567530681404829,148.5684310600879
ec2_cpu_utilization_24ae8d:2939:2955,0,rolling_32@0.975,7.567530681404829,148.5684310600879
ec2_cpu_utilization_24ae8d:2947:2963,0,rolling_32@0.975,7.567530681404829,148.5684310600879
ec2_cpu_utilization_24ae8d:2955:2971,0,rolling_32@0.975,7.567530681404829,148.5684310600879
ec2_cpu_utilization_24ae8d:2963:2979,0,rolling_32@0.975,7.567530681404829,148.5684310600879
ec2_cpu_utilization_24ae8d:2971:2987,0,rolling_32@0.975,7.567530681404829,148.5684310600879
ec2_cpu_utilization_24ae8d:2979:2995,0,rolling_32@0.975,7.456243246019789,148.5684310600879
ec2_cpu_utilization_24ae8d:2987:3003,0,rolling_32@0.975,7.567530681404829,148.5684310600879
ec2_cpu_utilization_24ae8d:2995:3011,0,rolling_32@0.975,7.567530681404829,148.5684310600879
ec2_cpu_utilization_24ae8d:3003:3019,0,rolling_32@0.975,7.567530681404829,148.5684310600879
ec2_cpu_utilization_24ae8d:3011:3027,0,rolling_32@0.975,7.567530681404829,148.5684310600879
ec2_cpu_utilization_24ae8d:3019:3035,0,rolling_32@0.975,151.01674468870684,148.5684310600879
ec2_cpu_utilization_24ae8d:3027:3043,0,rolling_32@0.975,151.01674468870684,148.5684310600879
ec2_cpu_utilization_24ae8d:3035:3051,0,rolling_32@0.975,7.567530681404829,148.5684310600879
ec2_cpu_utilization_24ae8d:3043:3059,0,rolling_32@0.975,7.567530681404829,148.5684310600879
ec2_cpu_utilization_24ae8d:3051:3067,0,rolling_32@0.975,7.567530681404829,148.5684310600879
ec2_cpu_utilization_24ae8d:3059:3075,0,rolling_32@0.975,7.567530681404829,148.5684310600879
ec2_cpu_utilization_24ae8d:3067:3083,0,rolling_32@0.975,7.456243246019789,148.5684310600879
ec2_cpu_utilization_24ae8d:3075:3091,0,rolling_32@0.975,7.456243246019789,148.5684310600879
ec2_cpu_utilization_24ae8d:3083:3099,0,rolling_32@0.975,7.456243246019789,148.5684310600879
ec2_cpu_utilization_24ae8d:3091:3107,0,rolling_32@0.975,7.456243246019789,148.5684310600879
ec2_cpu_utilization_24ae8d:3099:3115,0,rolling_32@0.975,7.567530681404829,148.5684310600879
ec2_cpu_utilization_24ae8d:3107:3123,0,rolling_32@0.975,7.567530681404829,148.5684310600879
ec2_cpu_utilization_24ae8d:3115:3131,0,rolling_32@0.975,7.567530681404829,148.5684310600879
ec2_cpu_utilization_24ae8d:3123:3139,0,rolling_32@0.975,7.567530681404829,148.5684310600879
ec2_cpu_utilization_24ae8d:3131:3147,0,rolling_32@0.975,7.567530681404829,148.5684310600879
ec2_cpu_utilization_24ae8d:3139:3155,0,rolling_32@0.975,7.567530681404829,148.5684310600879
ec2_cpu_utilization_24ae8d:3147:3163,0,rolling_32@0.975,7.567530681404829,148.5684310600879
ec2_cpu_utilization_24ae8d:3155:3171,0,rolling_32@0.975,7.567530681404829,148.5684310600879
ec2_cpu_utilization_24ae8d:3163:3179,0,rolling_32@0.975,7.790105552174908,148.5684310600879
ec2_cpu_utilization_24ae8d:3171:3187,0,rolling_32@0.975,14.80119905665454,148.5684310600879
ec2_cpu_utilization_24ae8d:3179:3195,0,rolling_32@0.975,14.80119905665454,148.5684310600879
ec2_cpu_utilization_24ae8d:3187:3203,0,rolling_32@0.975,7.567530681404829,148.5684310600879
ec2_cpu_utilization_24ae8d:3195:3211,0,rolling_32@0.975,7.567530681404829,148.5684310600879
ec2_cpu_utilization_24ae8d:3203:3219,0,rolling_32@0.975,7.567530681404829,148.5684310600879
ec2_cpu_utilization_24ae8d:2419:2435,0,rolling_32@0.99,7.567530681404829,163.14705192935503
ec2_cpu_utilization_24ae8d:2427:2443,0,rolling_32@0.99,7.567530681404829,163.14705192935503
ec2_cpu_utilization_24ae8d:2435:2451,0,rolling_32@0.99,7.567530681404829,163.14705192935503
ec2_cpu_utilization_24ae8d:2443:2459,0,rolling_32@0.99,7.456243246019789,163.14705192935503
ec2_cpu_utilization_24ae8d:2451:2467,0,rolling_32@0.99,145.7862451754619,163.14705192935503
ec2_cpu_utilization_24ae8d:2459:2475,0,rolling_32@0.99,145.7862451754619,163.14705192935503
ec2_cpu_utilization_24ae8d:2467:2483,0,rolling_32@0.99,7.567530681404829,163.14705192935503
ec2_cpu_utilization_24ae8d:2475:2491,0,rolling_32@0.99,7.567530681404829,163.14705192935503
ec2_cpu_utilization_24ae8d:2483:2499,0,rolling_32@0.99,7.567530681404829,163.14705192935503
ec2_cpu_utilization_24ae8d:2491:2507,0,rolling_32@0.99,7.567530681404829,163.14705192935503
ec2_cpu_utilization_24ae8d:2499:2515,0,rolling_32@0.99,7.567530681404829,163.14705192935503
ec2_cpu_utilization_24ae8d:2507:2523,0,rolling_32@0.99,7.567530681404829,163.14705192935503
ec2_cpu_utilization_24ae8d:2515:2531,0,rolling_32@0.99,7.567530681404829,163.14705192935503
ec2_cpu_utilization_24ae8d:2523:2539,0,rolling_32@0.99,7.567530681404829,163.14705192935503
ec2_cpu_utilization_24ae8d:2531:2547,0,rolling_32@0.99,7.567530681404829,163.14705192935503
ec2_cpu_utilization_24ae8d:2539:2555,0,rolling_32@0.99,7.567530681404829,163.14705192935503
ec2_cpu_utilization_24ae8d:2547:2563,0,rolling_32@0.99,7.790105552174908,163.14705192935503
ec2_cpu_utilization_24ae8d:2555:2571,0,rolling_32@0.99,7.790105552174908,163.14705192935503
ec2_cpu_utilization_24ae8d:2563:2579,0,rolling_32@0.99,7.790105552174908,163.14705192935503
ec2_cpu_utilization_24ae8d:2571:2587,0,rolling_32@0.99,7.567530681404829,163.14705192935503
ec2_cpu_utilization_24ae8d:2579:2595,0,rolling_32@0.99,7.567530681404829,163.14705192935503
ec2_cpu_utilization_24ae8d:2587:2603,0,rolling_32@0.99,7.567530681404829,163.14705192935503
ec2_cpu_utilization_24ae8d:2595:2611,0,rolling_32@0.99,7.567530681404829,163.14705192935503
ec2_cpu_utilization_24ae8d:2603:2619,0,rolling_32@0.99,7.567530681404829,163.14705192935503
ec2_cpu_utilization_24ae8d:2611:2627,0,rolling_32@0.99,7.567530681404829,163.14705192935503
ec2_cpu_utilization_24ae8d:2619:2635,0,rolling_32@0.99,7.567530681404829,163.14705192935503
ec2_cpu_utilization_24ae8d:2627:2643,0,rolling_32@0.99,7.567530681404829,163.14705192935503
ec2_cpu_utilization_24ae8d:2635:2651,0,rolling_32@0.99,7.567530681404829,163.14705192935503
ec2_cpu_utilization_24ae8d:2643:2659,0,rolling_32@0.99,7.567530681404829,163.14705192935503
ec2_cpu_utilization_24ae8d:2651:2667,0,rolling_32@0.99,7.567530681404829,163.14705192935503
ec2_cpu_utilization_24ae8d:2659:2675,0,rolling_32@0.99,7.567530681404829,163.14705192935503
ec2_cpu_utilization_24ae8d:2667:2683,0,rolling_32@0.99,7.567530681404829,163.14705192935503
ec2_cpu_utilization_24ae8d:2675:2691,0,rolling_32@0.99,7.567530681404829,163.14705192935503
ec2_cpu_utilization_24ae8d:2683:2699,0,rolling_32@0.99,7.567530681404829,163.14705192935503
ec2_cpu_utilization_24ae8d:2691:2707,0,rolling_32@0.99,7.456243246019789,163.14705192935503
ec2_cpu_utilization_24ae8d:2699:2715,0,rolling_32@0.99,7.344955810634749,163.14705192935503
ec2_cpu_utilization_24ae8d:2707:2723,0,rolling_32@0.99,7.344955810634749,163.14705192935503
ec2_cpu_utilization_24ae8d:2715:2731,0,rolling_32@0.99,7.344955810634749,163.14705192935503
ec2_cpu_utilization_24ae8d:2723:2739,0,rolling_32@0.99,7.344955810634749,163.14705192935503
ec2_cpu_utilization_24ae8d:2731:2747,0,rolling_32@0.99,7.344955810634749,163.14705192935503
ec2_cpu_utilization_24ae8d:2739:2755,0,rolling_32@0.99,148.45713367485092,163.14705192935503
ec2_cpu_utilization_24ae8d:2747:2763,0,rolling_32@0.99,148.45713367485092,163.14705192935503
ec2_cpu_utilization_24ae8d:2755:2771,0,rolling_32@0.99,7.678818116789869,163.14705192935503
ec2_cpu_utilization_24ae8d:2763:2779,0,rolling_32@0.99,7.567530681404829,163.14705192935503
ec2_cpu_utilization_24ae8d:2771:2787,0,rolling_32@0.99,7.567530681404829,163.14705192935503
ec2_cpu_utilization_24ae8d:2779:2795,0,rolling_32@0.99,7.344955810634749,163.14705192935503
ec2_cpu_utilization_24ae8d:2787:2803,0,rolling_32@0.99,7.567530681404829,163.14705192935503
ec2_cpu_utilization_24ae8d:2795:2811,0,rolling_32@0.99,7.567530681404829,163.14705192935503
ec2_cpu_utilization_24ae8d:2803:2819,0,rolling_32@0.99,7.567530681404829,163.14705192935503
ec2_cpu_utilization_24ae8d:2811:2827,0,rolling_32@0.99,7.567530681404829,163.14705192935503
ec2_cpu_utilization_24ae8d:2819:2835,0,rolling_32@0.99,7.344955810634749,163.14705192935503
ec2_cpu_utilization_24ae8d:2827:2843,0,rolling_32@0.99,7.344955810634749,163.14705192935503
ec2_cpu_utilization_24ae8d:2835:2851,0,rolling_32@0.99,7.344955810634749,163.14705192935503
ec2_cpu_utilization_24ae8d:2843:2859,0,rolling_32@0.99,7.344955810634749,163.14705192935503
ec2_cpu_utilization_24ae8d:2851:2867,0,rolling_32@0.99,7.344955810634749,163.14705192935503
ec2_cpu_utilization_24ae8d:2859:2875,0,rolling_32@0.99,7.344955810634749,163.14705192935503
ec2_cpu_utilization_24ae8d:2867:2883,0,rolling_32@0.99,7.344955810634749,163.14705192935503
ec2_cpu_utilization_24ae8d:2875:2891,0,rolling_32@0.99,7.567530681404829,163.14705192935503
ec2_cpu_utilization_24ae8d:2883:2899,0,rolling_32@0.99,7.567530681404829,163.14705192935503
ec2_cpu_utilization_24ae8d:2891:2907,0,rolling_32@0.99,7.344955810634749,163.14705192935503
ec2_cpu_utilization_24ae8d:2899:2915,0,rolling_32@0.99,7.344955810634749,163.14705192935503
ec2_cpu_utilization_24ae8d:2907:2923,0,rolling_32@0.99,7.456243246019789,163.14705192935503
ec2_cpu_utilization_24ae8d:2915:2931,0,rolling_32@0.99,7.567530681404829,163.14705192935503
ec2_cpu_utilization_24ae8d:2923:2939,0,rolling_32@0.99,7.567530681404829,163.14705192935503
ec2_cpu_utilization_24ae8d:2931:2947,0,rolling_32@0.99,7.567530681404829,163.14705192935503
ec2_cpu_utilization_24ae8d:2939:2955,0,rolling_32@0.99,7.567530681404829,163.14705192935503
ec2_cpu_utilization_24ae8d:2947:2963,0,rolling_32@0.99,7.567530681404829,163.14705192935503
ec2_cpu_utilization_24ae8d:2955:2971,0,rolling_32@0.99,7.567530681404829,163.14705192935503
ec2_cpu_utilization_24ae8d:2963:2979,0,rolling_32@0.99,7.567530681404829,163.14705192935503
ec2_cpu_utilization_24ae8d:2971:2987,0,rolling_32@0.99,7.567530681404829,163.14705192935503
ec2_cpu_utilization_24ae8d:2979:2995,0,rolling_32@0.99,7.456243246019789,163.14705192935503
ec2_cpu_utilization_24ae8d:2987:3003,0,rolling_32@0.99,7.567530681404829,163.14705192935503
ec2_cpu_utilization_24ae8d:2995:3011,0,rolling_32@0.99,7.567530681404829,163.14705192935503
ec2_cpu_utilization_24ae8d:3003:3019,0,rolling_32@0.99,7.567530681404829,163.14705192935503
ec2_cpu_utilization_24ae8d:3011:3027,0,rolling_32@0.99,7.567530681404829,163.14705192935503
ec2_cpu_utilization_24ae8d:3019:3035,0,rolling_32@0.99,151.01674468870684,163.14705192935503
ec2_cpu_utilization_24ae8d:3027:3043,0,rolling_32@0.99,151.01674468870684,163.14705192935503
ec2_cpu_utilization_24ae8d:3035:3051,0,rolling_32@0.99,7.567530681404829,163.14705192935503
ec2_cpu_utilization_24ae8d:3043:3059,0,rolling_32@0.99,7.567530681404829,163.14705192935503
ec2_cpu_utilization_24ae8d:3051:3067,0,rolling_32@0.99,7.567530681404829,163.14705192935503
ec2_cpu_utilization_24ae8d:3059:3075,0,rolling_32@0.99,7.567530681404829,163.14705192935503
ec2_cpu_utilization_24ae8d:3067:3083,0,rolling_32@0.99,7.456243246019789,163.14705192935503
ec2_cpu_utilization_24ae8d:3075:3091,0,rolling_32@0.99,7.456243246019789,163.14705192935503
ec2_cpu_utilization_24ae8d:3083:3099,0,rolling_32@0.99,7.456243246019789,163.14705192935503
ec2_cpu_utilization_24ae8d:3091:3107,0,rolling_32@0.99,7.456243246019789,163.14705192935503
ec2_cpu_utilization_24ae8d:3099:3115,0,rolling_32@0.99,7.567530681404829,163.14705192935503
ec2_cpu_utilization_24ae8d:3107:3123,0,rolling_32@0.99,7.567530681404829,163.14705192935503
ec2_cpu_utilization_24ae8d:3115:3131,0,rolling_32@0.99,7.567530681404829,163.14705192935503
ec2_cpu_utilization_24ae8d:3123:3139,0,rolling_32@0.99,7.567530681404829,163.14705192935503
ec2_cpu_utilization_24ae8d:3131:3147,0,rolling_32@0.99,7.567530681404829,163.14705192935503
ec2_cpu_utilization_24ae8d:3139:3155,0,rolling_32@0.99,7.567530681404829,163.14705192935503
ec2_cpu_utilization_24ae8d:3147:3163,0,rolling_32@0.99,7.567530681404829,163.14705192935503
ec2_cpu_utilization_24ae8d:3155:3171,0,rolling_32@0.99,7.567530681404829,163.14705192935503
ec2_cpu_utilization_24ae8d:3163:3179,0,rolling_32@0.99,7.790105552174908,163.14705192935503
ec2_cpu_utilization_24ae8d:3171:3187,0,rolling_32@0.99,14.80119905665454,163.14705192935503
ec2_cpu_utilization_24ae8d:3179:3195,0,rolling_32@0.99,14.80119905665454,163.14705192935503
ec2_cpu_utilization_24ae8d:3187:3203,0,rolling_32@0.99,7.567530681404829,163.14705192935503
ec2_cpu_utilization_24ae8d:3195:3211,0,rolling_32@0.99,7.567530681404829,163.14705192935503
ec2_cpu_utilization_24ae8d:3203:3219,0,rolling_32@0.99,7.567530681404829,163.14705192935503
ec2_cpu_utilization_24ae8d:2419:2435,0,rolling_64@0.95,7.567530681404829,7.790105552174908
ec2_cpu_utilization_24ae8d:2427:2443,0,rolling_64@0.95,7.567530681404829,7.790105552174908
ec2_cpu_utilization_24ae8d:2435:2451,0,rolling_64@0.95,7.567530681404829,7.790105552174908
ec2_cpu_utilization_24ae8d:2443:2459,0,rolling_64@0.95,7.567530681404829,7.790105552174908
ec2_cpu_utilization_24ae8d:2451:2467,0,rolling_64@0.95,145.7862451754619,7.790105552174908
ec2_cpu_utilization_24ae8d:2459:2475,0,rolling_64@0.95,145.7862451754619,7.790105552174908
ec2_cpu_utilization_24ae8d:2467:2483,0,rolling_64@0.95,7.567530681404829,7.790105552174908
ec2_cpu_utilization_24ae8d:2475:2491,0,rolling_64@0.95,7.567530681404829,7.790105552174908
ec2_cpu_utilization_24ae8d:2483:2499,0,rolling_64@0.95,7.567530681404829,7.790105552174908
ec2_cpu_utilization_24ae8d:2491:2507,0,rolling_64@0.95,7.567530681404829,7.790105552174908
ec2_cpu_utilization_24ae8d:2499:2515,0,rolling_64@0.95,7.567530681404829,7.790105552174908
ec2_cpu_utilization_24ae8d:2507:2523,0,rolling_64@0.95,7.567530681404829,7.790105552174908
ec2_cpu_utilization_24ae8d:2515:2531,0,rolling_64@0.95,7.567530681404829,7.790105552174908
ec2_cpu_utilization_24ae8d:2523:2539,0,rolling_64@0.95,7.567530681404829,7.790105552174908
ec2_cpu_utilization_24ae8d:2531:2547,0,rolling_64@0.95,7.567530681404829,7.790105552174908
ec2_cpu_utilization_24ae8d:2539:2555,0,rolling_64@0.95,7.567530681404829,7.790105552174908
ec2_cpu_utilization_24ae8d:2547:2563,0,rolling_64@0.95,7.678818116789869,7.790105552174908
ec2_cpu_utilization_24ae8d:2555:2571,0,rolling_64@0.95,7.678818116789869,7.790105552174908
ec2_cpu_utilization_24ae8d:2563:2579,0,rolling_64@0.95,7.678818116789869,7.790105552174908
ec2_cpu_utilization_24ae8d:2571:2587,0,rolling_64@0.95,7.567530681404829,7.790105552174908
ec2_cpu_utilization_24ae8d:2579:2595,0,rolling_64@0.95,7.567530681404829,7.790105552174908
ec2_cpu_utilization_24ae8d:2587:2603,0,rolling_64@0.95,7.567530681404829,7.790105552174908
ec2_cpu_utilization_24ae8d:2595:2611,0,rolling_64@0.95,7.567530681404829,7.790105552174908
ec2_cpu_utilization_24ae8d:2603:2619,0,rolling_64@0.95,7.567530681404829,7.790105552174908
ec2_cpu_utilization_24ae8d:2611:2627,0,rolling_64@0.95,7.567530681404829,7.790105552174908
ec2_cpu_utilization_24ae8d:2619:2635,0,rolling_64@0.95,7.567530681404829,7.790105552174908
ec2_cpu_utilization_24ae8d:2627:2643,0,rolling_64@0.95,7.567530681404829,7.790105552174908
ec2_cpu_utilization_24ae8d:2635:2651,0,rolling_64@0.95,7.567530681404829,7.790105552174908
ec2_cpu_utilization_24ae8d:2643:2659,0,rolling_64@0.95,7.567530681404829,7.790105552174908
ec2_cpu_utilization_24ae8d:2651:2667,0,rolling_64@0.95,7.567530681404829,7.790105552174908
ec2_cpu_utilization_24ae8d:2659:2675,0,rolling_64@0.95,7.567530681404829,7.790105552174908
ec2_cpu_utilization_24ae8d:2667:2683,0,rolling_64@0.95,7.567530681404829,7.790105552174908
ec2_cpu_utilization_24ae8d:2675:2691,0,rolling_64@0.95,7.567530681404829,7.790105552174908
ec2_cpu_utilization_24ae8d:2683:2699,0,rolling_64@0.95,7.567530681404829,7.790105552174908
ec2_cpu_utilization_24ae8d:2691:2707,0,rolling_64@0.95,7.567530681404829,7.790105552174908
ec2_cpu_utilization_24ae8d:2699:2715,0,rolling_64@0.95,7.567530681404829,7.790105552174908
ec2_cpu_utilization_24ae8d:2707:2723,0,rolling_64@0.95,7.567530681404829,7.790105552174908
ec2_cpu_utilization_24ae8d:2715:2731,0,rolling_64@0.95,7.344955810634749,7.790105552174908
ec2_cpu_utilization_24ae8d:2723:2739,0,rolling_64@0.95,7.344955810634749,7.790105552174908
ec2_cpu_utilization_24ae8d:2731:2747,0,rolling_64@0.95,7.344955810634749,7.790105552174908
ec2_cpu_utilization_24ae8d:2739:2755,0,rolling_64@0.95,148.45713367485092,7.790105552174908
ec2_cpu_utilization_24ae8d:2747:2763,0,rolling_64@0.95,148.45713367485092,7.790105552174908
ec2_cpu_utilization_24ae8d:2755:2771,0,rolling_64@0.95,7.790105552174908,7.790105552174908
ec2_cpu_utilization_24ae8d:2763:2779,0,rolling_64@0.95,7.567530681404829,7.790105552174908
ec2_cpu_utilization_24ae8d:2771:2787,0,rolling_64@0.95,7.567530681404829,7.790105552174908
ec2_cpu_utilization_24ae8d:2779:2795,0,rolling_64@0.95,7.344955810634749,7.790105552174908
ec2_cpu_utilization_24ae8d:2787:2803,0,rolling_64@0.95,7.567530681404829,7.790105552174908
ec2_cpu_utilization_24ae8d:2795:2811,0,rolling_64@0.95,7.567530681404829,7.790105552174908
ec2_cpu_utilization_24ae8d:2803:2819,0,rolling_64@0.95,7.567530681404829,7.790105552174908
ec2_cpu_utilization_24ae8d:2811:2827,0,rolling_64@0.95,7.567530681404829,7.790105552174908
ec2_cpu_utilization_24ae8d:2819:2835,0,rolling_64@0.95,7.567530681404829,7.790105552174908
ec2_cpu_utilization_24ae8d:2827:2843,0,rolling_64@0.95,7.456243246019789,7.790105552174908
ec2_cpu_utilization_24ae8d:2835:2851,0,rolling_64@0.95,7.456243246019789,7.790105552174908
ec2_cpu_utilization_24ae8d:2843:2859,0,rolling_64@0.95,7.344955810634749,7.790105552174908
ec2_cpu_utilization_24ae8d:2851:2867,0,rolling_64@0.95,7.344955810634749,7.790105552174908
ec2_cpu_utilization_24ae8d:2859:2875,0,rolling_64@0.95,7.344955810634749,7.790105552174908
ec2_cpu_utilization_24ae8d:2867:2883,0,rolling_64@0.95,7.344955810634749,7.790105552174908
ec2_cpu_utilization_24ae8d:2875:2891,0,rolling_64@0.95,7.567530681404829,7.790105552174908
ec2_cpu_utilization_24ae8d:2883:2899,0,rolling_64@0.95,7.567530681404829,7.790105552174908
ec2_cpu_utilization_24ae8d:2891:2907,0,rolling_64@0.95,7.344955810634749,7.790105552174908
ec2_cpu_utilization_24ae8d:2899:2915,0,rolling_64@0.95,7.344955810634749,7.790105552174908
ec2_cpu_utilization_24ae8d:2907:2923,0,rolling_64@0.95,7.567530681404829,7.790105552174908
ec2_cpu_utilization_24ae8d:2915:2931,0,rolling_64@0.95,7.567530681404829,7.790105552174908
ec2_cpu_utilization_24ae8d:2923:2939,0,rolling_64@0.95,7.567530681404829,7.790105552174908
ec2_cpu_utilization_24ae8d:2931:2947,0,rolling_64@0.95,7.567530681404829,7.790105552174908
ec2_cpu_utilization_24ae8d:2939:2955,0,rolling_64@0.95,7.567530681404829,7.790105552174908
ec2_cpu_utilization_24ae8d:2947:2963,0,rolling_64@0.95,7.567530681404829,7.790105552174908
ec2_cpu_utilization_24ae8d:2955:2971,0,rolling_64@0.95,7.567530681404829,7.790105552174908
ec2_cpu_utilization_24ae8d:2963:2979,0,rolling_64@0.95,7.567530681404829,7.790105552174908
ec2_cpu_utilization_24ae8d:2971:2987,0,rolling_64@0.95,7.567530681404829,7.790105552174908
ec2_cpu_utilization_24ae8d:2979:2995,0,rolling_64@0.95,7.567530681404829,7.790105552174908
ec2_cpu_utilization_24ae8d:2987:3003,0,rolling_64@0.95,7.567530681404829,7.790105552174908
ec2_cpu_utilization_24ae8d:2995:3011,0,rolling_64@0.95,7.567530681404829,7.790105552174908
ec2_cpu_utilization_24ae8d:3003:3019,0,rolling_64@0.95,7.567530681404829,7.790105552174908
ec2_cpu_utilization_24ae8d:3011:3027,0,rolling_64@0.95,7.567530681404829,7.790105552174908
ec2_cpu_utilization_24ae8d:3019:3035,0,rolling_64@0.95,150.9054572533218,7.790105552174908
ec2_cpu_utilization_24ae8d:3027:3043,0,rolling_64@0.95,150.9054572533218,7.790105552174908
ec2_cpu_utilization_24ae8d:3035:3051,0,rolling_64@0.95,7.567530681404829,7.790105552174908
ec2_cpu_utilization_24ae8d:3043:3059,0,rolling_64@0.95,7.567530681404829,7.790105552174908
ec2_cpu_utilization_24ae8d:3051:3067,0,rolling_64@0.95,7.567530681404829,7.790105552174908
ec2_cpu_utilization_24ae8d:3059:3075,0,rolling_64@0.95,7.567530681404829,7.790105552174908
ec2_cpu_utilization_24ae8d:3067:3083,0,rolling_64@0.95,7.567530681404829,7.790105552174908
ec2_cpu_utilization_24ae8d:3075:3091,0,rolling_64@0.95,7.567530681404829,7.790105552174908
ec2_cpu_utilization_24ae8d:3083:3099,0,rolling_64@0.95,7.567530681404829,7.790105552174908
ec2_cpu_utilization_24ae8d:3091:3107,0,rolling_64@0.95,7.567530681404829,7.790105552174908
ec2_cpu_utilization_24ae8d:3099:3115,0,rolling_64@0.95,7.456243246019789,7.790105552174908
ec2_cpu_utilization_24ae8d:3107:3123,0,rolling_64@0.95,7.456243246019789,7.790105552174908
ec2_cpu_utilization_24ae8d:3115:3131,0,rolling_64@0.95,7.567530681404829,7.790105552174908
ec2_cpu_utilization_24ae8d:3123:3139,0,rolling_64@0.95,7.567530681404829,7.790105552174908
ec2_cpu_utilization_24ae8d:3131:3147,0,rolling_64@0.95,7.567530681404829,7.790105552174908
ec2_cpu_utilization_24ae8d:3139:3155,0,rolling_64@0.95,7.567530681404829,7.790105552174908
ec2_cpu_utilization_24ae8d:3147:3163,0,rolling_64@0.95,7.567530681404829,7.790105552174908
ec2_cpu_utilization_24ae8d:3155:3171,0,rolling_64@0.95,7.567530681404829,7.790105552174908
ec2_cpu_utilization_24ae8d:3163:3179,0,rolling_64@0.95,7.790105552174908,7.790105552174908
ec2_cpu_utilization_24ae8d:3171:3187,0,rolling_64@0.95,14.80119905665454,7.790105552174908
ec2_cpu_utilization_24ae8d:3179:3195,0,rolling_64@0.95,14.80119905665454,7.790105552174908
ec2_cpu_utilization_24ae8d:3187:3203,0,rolling_64@0.95,7.567530681404829,7.790105552174908
ec2_cpu_utilization_24ae8d:3195:3211,0,rolling_64@0.95,7.567530681404829,7.790105552174908
ec2_cpu_utilization_24ae8d:3203:3219,0,rolling_64@0.95,7.567530681404829,7.790105552174908
ec2_cpu_utilization_24ae8d:2419:2435,0,rolling_64@0.975,7.567530681404829,148.5684310600879
ec2_cpu_utilization_24ae8d:2427:2443,0,rolling_64@0.975,7.567530681404829,148.5684310600879
ec2_cpu_utilization_24ae8d:2435:2451,0,rolling_64@0.975,7.567530681404829,148.5684310600879
ec2_cpu_utilization_24ae8d:2443:2459,0,rolling_64@0.975,7.567530681404829,148.5684310600879
ec2_cpu_utilization_24ae8d:2451:2467,0,rolling_64@0.975,145.7862451754619,148.5684310600879
ec2_cpu_utilization_24ae8d:2459:2475,0,rolling_64@0.975,145.7862451754619,148.5684310600879
ec2_cpu_utilization_24ae8d:2467:2483,0,rolling_64@0.975,7.567530681404829,148.5684310600879
ec2_cpu_utilization_24ae8d:2475:2491,0,rolling_64@0.975,7.567530681404829,148.5684310600879
ec2_cpu_utilization_24ae8d:2483:2499,0,rolling_64@0.975,7.567530681404829,148.5684310600879
ec2_cpu_utilization_24ae8d:2491:2507,0,rolling_64@0.975,7.567530681404829,148.5684310600879
ec2_cpu_utilization_24ae8d:2499:2515,0,rolling_64@0.975,7.567530681404829,148.5684310600879
ec2_cpu_utilization_24ae8d:2507:2523,0,rolling_64@0.975,7.567530681404829,148.5684310600879
ec2_cpu_utilization_24ae8d:2515:2531,0,rolling_64@0.975,7.567530681404829,148.5684310600879
ec2_cpu_utilization_24ae8d:2523:2539,0,rolling_64@0.975,7.567530681404829,148.5684310600879
ec2_cpu_utilization_24ae8d:2531:2547,0,rolling_64@0.975,7.567530681404829,148.5684310600879
ec2_cpu_utilization_24ae8d:2539:2555,0,rolling_64@0.975,7.567530681404829,148.5684310600879
ec2_cpu_utilization_24ae8d:2547:2563,0,rolling_64@0.975,7.678818116789869,148.5684310600879
ec2_cpu_utilization_24ae8d:2555:2571,0,rolling_64@0.975,7.678818116789869,148.5684310600879
ec2_cpu_utilization_24ae8d:2563:2579,0,rolling_64@0.975,7.678818116789869,148.5684310600879
ec2_cpu_utilization_24ae8d:2571:2587,0,rolling_64@0.975,7.567530681404829,148.5684310600879
ec2_cpu_utilization_24ae8d:2579:2595,0,rolling_64@0.975,7.567530681404829,148.5684310600879
ec2_cpu_utilization_24ae8d:2587:2603,0,rolling_64@0.975,7.567530681404829,148.5684310600879
ec2_cpu_utilization_24ae8d:2595:2611,0,rolling_64@0.975,7.567530681404829,148.5684310600879
ec2_cpu_utilization_24ae8d:2603:2619,0,rolling_64@0.975,7.567530681404829,148.5684310600879
ec2_cpu_utilization_24ae8d:2611:2627,0,rolling_64@0.975,7.567530681404829,148.5684310600879
ec2_cpu_utilization_24ae8d:2619:2635,0,rolling_64@0.975,7.567530681404829,148.5684310600879
ec2_cpu_utilization_24ae8d:2627:2643,0,rolling_64@0.975,7.567530681404829,148.5684310600879
ec2_cpu_utilization_24ae8d:2635:2651,0,rolling_64@0.975,7.567530681404829,148.5684310600879
ec2_cpu_utilization_24ae8d:2643:2659,0,rolling_64@0.975,7.567530681404829,148.5684310600879
ec2_cpu_utilization_24ae8d:2651:2667,0,rolling_64@0.975,7.567530681404829,148.5684310600879
ec2_cpu_utilization_24ae8d:2659:2675,0,rolling_64@0.975,7.567530681404829,148.5684310600879
ec2_cpu_utilization_24ae8d:2667:2683,0,rolling_64@0.975,7.567530681404829,148.5684310600879
ec2_cpu_utilization_24ae8d:2675:2691,0,rolling_64@0.975,7.567530681404829,148.5684310600879
ec2_cpu_utilization_24ae8d:2683:2699,0,rolling_64@0.975,7.567530681404829,148.5684310600879
ec2_cpu_utilization_24ae8d:2691:2707,0,rolling_64@0.975,7.567530681404829,148.5684310600879
ec2_cpu_utilization_24ae8d:2699:2715,0,rolling_64@0.975,7.567530681404829,148.5684310600879
ec2_cpu_utilization_24ae8d:2707:2723,0,rolling_64@0.975,7.567530681404829,148.5684310600879
ec2_cpu_utilization_24ae8d:2715:2731,0,rolling_64@0.975,7.344955810634749,148.5684310600879
ec2_cpu_utilization_24ae8d:2723:2739,0,rolling_64@0.975,7.344955810634749,148.5684310600879
ec2_cpu_utilization_24ae8d:2731:2747,0,rolling_64@0.975,7.344955810634749,148.5684310600879
ec2_cpu_utilization_24ae8d:2739:2755,0,rolling_64@0.975,148.45713367485092,148.5684310600879
ec2_cpu_utilization_24ae8d:2747:2763,0,rolling_64@0.975,148.45713367485092,148.5684310600879
ec2_cpu_utilization_24ae8d:2755:2771,0,rolling_64@0.975,7.790105552174908,148.5684310600879
ec2_cpu_utilization_24ae8d:2763:2779,0,rolling_64@0.975,7.567530681404829,148.5684310600879
ec2_cpu_utilization_24ae8d:2771:2787,0,rolling_64@0.975,7.567530681404829,148.5684310600879
ec2_cpu_utilization_24ae8d:2779:2795,0,rolling_64@0.975,7.344955810634749,148.5684310600879
ec2_cpu_utilization_24ae8d:2787:2803,0,rolling_64@0.975,7.567530681404829,148.5684310600879
ec2_cpu_utilization_24ae8d:2795:2811,0,rolling_64@0.975,7.567530681404829,148.5684310600879
ec2_cpu_utilization_24ae8d:2803:2819,0,rolling_64@0.975,7.567530681404829,148.5684310600879
ec2_cpu_utilization_24ae8d:2811:2827,0,rolling_64@0.975,7.567530681404829,148.5684310600879
ec2_cpu_utilization_24ae8d:2819:2835,0,rolling_64@0.975,7.567530681404829,148.5684310600879
ec2_cpu_utilization_24ae8d:2827:2843,0,rolling_64@0.975,7.456243246019789,148.5684310600879
ec2_cpu_utilization_24ae8d:2835:2851,0,rolling_64@0.975,7.456243246019789,148.5684310600879
ec2_cpu_utilization_24ae8d:2843:2859,0,rolling_64@0.975,7.344955810634749,148.5684310600879
ec2_cpu_utilization_24ae8d:2851:2867,0,rolling_64@0.975,7.344955810634749,148.5684310600879
ec2_cpu_utilization_24ae8d:2859:2875,0,rolling_64@0.975,7.344955810634749,148.5684310600879
ec2_cpu_utilization_24ae8d:2867:2883,0,rolling_64@0.975,7.344955810634749,148.5684310600879
ec2_cpu_utilization_24ae8d:2875:2891,0,rolling_64@0.975,7.567530681404829,148.5684310600879
ec2_cpu_utilization_24ae8d:2883:2899,0,rolling_64@0.975,7.567530681404829,148.5684310600879
ec2_cpu_utilization_24ae8d:2891:2907,0,rolling_64@0.975,7.344955810634749,148.5684310600879
ec2_cpu_utilization_24ae8d:2899:2915,0,rolling_64@0.975,7.344955810634749,148.5684310600879
ec2_cpu_utilization_24ae8d:2907:2923,0,rolling_64@0.975,7.567530681404829,148.5684310600879
ec2_cpu_utilization_24ae8d:2915:2931,0,rolling_64@0.975,7.567530681404829,148.5684310600879
ec2_cpu_utilization_24ae8d:2923:2939,0,rolling_64@0.975,7.567530681404829,148.5684310600879
ec2_cpu_utilization_24ae8d:2931:2947,0,rolling_64@0.975,7.567530681404829,148.5684310600879
ec2_cpu_utilization_24ae8d:2939:2955,0,rolling_64@0.975,7.567530681404829,148.5684310600879
ec2_cpu_utilization_24ae8d:2947:2963,0,rolling_64@0.975,7.567530681404829,148.5684310600879
ec2_cpu_utilization_24ae8d:2955:2971,0,rolling_64@0.975,7.567530681404829,148.5684310600879
ec2_cpu_utilization_24ae8d:2963:2979,0,rolling_64@0.975,7.567530681404829,148.5684310600879
ec2_cpu_utilization_24ae8d:2971:2987,0,rolling_64@0.975,7.567530681404829,148.5684310600879
ec2_cpu_utilization_24ae8d:2979:2995,0,rolling_64@0.975,7.567530681404829,148.5684310600879
ec2_cpu_utilization_24ae8d:2987:3003,0,rolling_64@0.975,7.567530681404829,148.5684310600879
ec2_cpu_utilization_24ae8d:2995:3011,0,rolling_64@0.975,7.567530681404829,148.5684310600879
ec2_cpu_utilization_24ae8d:3003:3019,0,rolling_64@0.975,7.567530681404829,148.5684310600879
ec2_cpu_utilization_24ae8d:3011:3027,0,rolling_64@0.975,7.567530681404829,148.5684310600879
ec2_cpu_utilization_24ae8d:3019:3035,0,rolling_64@0.975,150.9054572533218,148.5684310600879
ec2_cpu_utilization_24ae8d:3027:3043,0,rolling_64@0.975,150.9054572533218,148.5684310600879
ec2_cpu_utilization_24ae8d:3035:3051,0,rolling_64@0.975,7.567530681404829,148.5684310600879
ec2_cpu_utilization_24ae8d:3043:3059,0,rolling_64@0.975,7.567530681404829,148.5684310600879
ec2_cpu_utilization_24ae8d:3051:3067,0,rolling_64@0.975,7.567530681404829,148.5684310600879
ec2_cpu_utilization_24ae8d:3059:3075,0,rolling_64@0.975,7.567530681404829,148.5684310600879
ec2_cpu_utilization_24ae8d:3067:3083,0,rolling_64@0.975,7.567530681404829,148.5684310600879
ec2_cpu_utilization_24ae8d:3075:3091,0,rolling_64@0.975,7.567530681404829,148.5684310600879
ec2_cpu_utilization_24ae8d:3083:3099,0,rolling_64@0.975,7.567530681404829,148.5684310600879
ec2_cpu_utilization_24ae8d:3091:3107,0,rolling_64@0.975,7.567530681404829,148.5684310600879
ec2_cpu_utilization_24ae8d:3099:3115,0,rolling_64@0.975,7.456243246019789,148.5684310600879
ec2_cpu_utilization_24ae8d:3107:3123,0,rolling_64@0.975,7.456243246019789,148.5684310600879
ec2_cpu_utilization_24ae8d:3115:3131,0,rolling_64@0.975,7.567530681404829,148.5684310600879
ec2_cpu_utilization_24ae8d:3123:3139,0,rolling_64@0.975,7.567530681404829,148.5684310600879
ec2_cpu_utilization_24ae8d:3131:3147,0,rolling_64@0.975,7.567530681404829,148.5684310600879
ec2_cpu_utilization_24ae8d:3139:3155,0,rolling_64@0.975,7.567530681404829,148.5684310600879
ec2_cpu_utilization_24ae8d:3147:3163,0,rolling_64@0.975,7.567530681404829,148.5684310600879
ec2_cpu_utilization_24ae8d:3155:3171,0,rolling_64@0.975,7.567530681404829,148.5684310600879
ec2_cpu_utilization_24ae8d:3163:3179,0,rolling_64@0.975,7.790105552174908,148.5684310600879
ec2_cpu_utilization_24ae8d:3171:3187,0,rolling_64@0.975,14.80119905665454,148.5684310600879
ec2_cpu_utilization_24ae8d:3179:3195,0,rolling_64@0.975,14.80119905665454,148.5684310600879
ec2_cpu_utilization_24ae8d:3187:3203,0,rolling_64@0.975,7.567530681404829,148.5684310600879
ec2_cpu_utilization_24ae8d:3195:3211,0,rolling_64@0.975,7.567530681404829,148.5684310600879
ec2_cpu_utilization_24ae8d:3203:3219,0,rolling_64@0.975,7.567530681404829,148.5684310600879
ec2_cpu_utilization_24ae8d:2419:2435,0,rolling_64@0.99,7.567530681404829,163.36962680012513
ec2_cpu_utilization_24ae8d:2427:2443,0,rolling_64@0.99,7.567530681404829,163.36962680012513
ec2_cpu_utilization_24ae8d:2435:2451,0,rolling_64@0.99,7.567530681404829,163.36962680012513
ec2_cpu_utilization_24ae8d:2443:2459,0,rolling_64@0.99,7.567530681404829,163.36962680012513
ec2_cpu_utilization_24ae8d:2451:2467,0,rolling_64@0.99,145.7862451754619,163.36962680012513
ec2_cpu_utilization_24ae8d:2459:2475,0,rolling_64@0.99,145.7862451754619,163.36962680012513
ec2_cpu_utilization_24ae8d:2467:2483,0,rolling_64@0.99,7.567530681404829,163.36962680012513
ec2_cpu_utilization_24ae8d:2475:2491,0,rolling_64@0.99,7.567530681404829,163.36962680012513
ec2_cpu_utilization_24ae8d:2483:2499,0,rolling_64@0.99,7.567530681404829,163.36962680012513
ec2_cpu_utilization_24ae8d:2491:2507,0,rolling_64@0.99,7.567530681404829,163.36962680012513
ec2_cpu_utilization_24ae8d:2499:2515,0,rolling_64@0.99,7.567530681404829,163.36962680012513
ec2_cpu_utilization_24ae8d:2507:2523,0,rolling_64@0.99,7.567530681404829,163.36962680012513
ec2_cpu_utilization_24ae8d:2515:2531,0,rolling_64@0.99,7.567530681404829,163.36962680012513
ec2_cpu_utilization_24ae8d:2523:2539,0,rolling_64@0.99,7.567530681404829,163.36962680012513
ec2_cpu_utilization_24ae8d:2531:2547,0,rolling_64@0.99,7.567530681404829,163.36962680012513
ec2_cpu_utilization_24ae8d:2539:2555,0,rolling_64@0.99,7.567530681404829,163.36962680012513
ec2_cpu_utilization_24ae8d:2547:2563,0,rolling_64@0.99,7.678818116789869,163.36962680012513
ec2_cpu_utilization_24ae8d:2555:2571,0,rolling_64@0.99,7.678818116789869,163.36962680012513
ec2_cpu_utilization_24ae8d:2563:2579,0,rolling_64@0.99,7.678818116789869,163.36962680012513
ec2_cpu_utilization_24ae8d:2571:2587,0,rolling_64@0.99,7.567530681404829,163.36962680012513
ec2_cpu_utilization_24ae8d:2579:2595,0,rolling_64@0.99,7.567530681404829,163.36962680012513
ec2_cpu_utilization_24ae8d:2587:2603,0,rolling_64@0.99,7.567530681404829,163.36962680012513
ec2_cpu_utilization_24ae8d:2595:2611,0,rolling_64@0.99,7.567530681404829,163.36962680012513
ec2_cpu_utilization_24ae8d:2603:2619,0,rolling_64@0.99,7.567530681404829,163.36962680012513
ec2_cpu_utilization_24ae8d:2611:2627,0,rolling_64@0.99,7.567530681404829,163.36962680012513
ec2_cpu_utilization_24ae8d:2619:2635,0,rolling_64@0.99,7.567530681404829,163.36962680012513
ec2_cpu_utilization_24ae8d:2627:2643,0,rolling_64@0.99,7.567530681404829,163.36962680012513
ec2_cpu_utilization_24ae8d:2635:2651,0,rolling_64@0.99,7.567530681404829,163.36962680012513
ec2_cpu_utilization_24ae8d:2643:2659,0,rolling_64@0.99,7.567530681404829,163.36962680012513
ec2_cpu_utilization_24ae8d:2651:2667,0,rolling_64@0.99,7.567530681404829,163.36962680012513
ec2_cpu_utilization_24ae8d:2659:2675,0,rolling_64@0.99,7.567530681404829,163.36962680012513
ec2_cpu_utilization_24ae8d:2667:2683,0,rolling_64@0.99,7.567530681404829,163.36962680012513
ec2_cpu_utilization_24ae8d:2675:2691,0,rolling_64@0.99,7.567530681404829,163.36962680012513
ec2_cpu_utilization_24ae8d:2683:2699,0,rolling_64@0.99,7.567530681404829,163.36962680012513
ec2_cpu_utilization_24ae8d:2691:2707,0,rolling_64@0.99,7.567530681404829,163.36962680012513
ec2_cpu_utilization_24ae8d:2699:2715,0,rolling_64@0.99,7.567530681404829,163.36962680012513
ec2_cpu_utilization_24ae8d:2707:2723,0,rolling_64@0.99,7.567530681404829,163.36962680012513
ec2_cpu_utilization_24ae8d:2715:2731,0,rolling_64@0.99,7.344955810634749,163.36962680012513
ec2_cpu_utilization_24ae8d:2723:2739,0,rolling_64@0.99,7.344955810634749,163.36962680012513
ec2_cpu_utilization_24ae8d:2731:2747,0,rolling_64@0.99,7.344955810634749,163.36962680012513
ec2_cpu_utilization_24ae8d:2739:2755,0,rolling_64@0.99,148.45713367485092,163.36962680012513
ec2_cpu_utilization_24ae8d:2747:2763,0,rolling_64@0.99,148.45713367485092,163.36962680012513
ec2_cpu_utilization_24ae8d:2755:2771,0,rolling_64@0.99,7.790105552174908,163.36962680012513
ec2_cpu_utilization_24ae8d:2763:2779,0,rolling_64@0.99,7.567530681404829,163.36962680012513
ec2_cpu_utilization_24ae8d:2771:2787,0,rolling_64@0.99,7.567530681404829,163.36962680012513
ec2_cpu_utilization_24ae8d:2779:2795,0,rolling_64@0.99,7.344955810634749,163.36962680012513
ec2_cpu_utilization_24ae8d:2787:2803,0,rolling_64@0.99,7.567530681404829,163.36962680012513
ec2_cpu_utilization_24ae8d:2795:2811,0,rolling_64@0.99,7.567530681404829,163.36962680012513
ec2_cpu_utilization_24ae8d:2803:2819,0,rolling_64@0.99,7.567530681404829,163.36962680012513
ec2_cpu_utilization_24ae8d:2811:2827,0,rolling_64@0.99,7.567530681404829,163.36962680012513
ec2_cpu_utilization_24ae8d:2819:2835,0,rolling_64@0.99,7.567530681404829,163.36962680012513
ec2_cpu_utilization_24ae8d:2827:2843,0,rolling_64@0.99,7.456243246019789,163.36962680012513
ec2_cpu_utilization_24ae8d:2835:2851,0,rolling_64@0.99,7.456243246019789,163.36962680012513
ec2_cpu_utilization_24ae8d:2843:2859,0,rolling_64@0.99,7.344955810634749,163.36962680012513
ec2_cpu_utilization_24ae8d:2851:2867,0,rolling_64@0.99,7.344955810634749,163.36962680012513
ec2_cpu_utilization_24ae8d:2859:2875,0,rolling_64@0.99,7.344955810634749,163.36962680012513
ec2_cpu_utilization_24ae8d:2867:2883,0,rolling_64@0.99,7.344955810634749,163.36962680012513
ec2_cpu_utilization_24ae8d:2875:2891,0,rolling_64@0.99,7.567530681404829,163.36962680012513
ec2_cpu_utilization_24ae8d:2883:2899,0,rolling_64@0.99,7.567530681404829,163.36962680012513
ec2_cpu_utilization_24ae8d:2891:2907,0,rolling_64@0.99,7.344955810634749,163.36962680012513
ec2_cpu_utilization_24ae8d:2899:2915,0,rolling_64@0.99,7.344955810634749,163.36962680012513
ec2_cpu_utilization_24ae8d:2907:2923,0,rolling_64@0.99,7.567530681404829,163.36962680012513
ec2_cpu_utilization_24ae8d:2915:2931,0,rolling_64@0.99,7.567530681404829,163.36962680012513
ec2_cpu_utilization_24ae8d:2923:2939,0,rolling_64@0.99,7.567530681404829,163.36962680012513
ec2_cpu_utilization_24ae8d:2931:2947,0,rolling_64@0.99,7.567530681404829,163.36962680012513
ec2_cpu_utilization_24ae8d:2939:2955,0,rolling_64@0.99,7.567530681404829,163.36962680012513
ec2_cpu_utilization_24ae8d:2947:2963,0,rolling_64@0.99,7.567530681404829,163.36962680012513
ec2_cpu_utilization_24ae8d:2955:2971,0,rolling_64@0.99,7.567530681404829,163.36962680012513
ec2_cpu_utilization_24ae8d:2963:2979,0,rolling_64@0.99,7.567530681404829,163.36962680012513
ec2_cpu_utilization_24ae8d:2971:2987,0,rolling_64@0.99,7.567530681404829,163.36962680012513
ec2_cpu_utilization_24ae8d:2979:2995,0,rolling_64@0.99,7.567530681404829,163.36962680012513
ec2_cpu_utilization_24ae8d:2987:3003,0,rolling_64@0.99,7.567530681404829,163.36962680012513
ec2_cpu_utilization_24ae8d:2995:3011,0,rolling_64@0.99,7.567530681404829,163.36962680012513
ec2_cpu_utilization_24ae8d:3003:3019,0,rolling_64@0.99,7.567530681404829,163.36962680012513
ec2_cpu_utilization_24ae8d:3011:3027,0,rolling_64@0.99,7.567530681404829,163.36962680012513
ec2_cpu_utilization_24ae8d:3019:3035,0,rolling_64@0.99,150.9054572533218,163.36962680012513
ec2_cpu_utilization_24ae8d:3027:3043,0,rolling_64@0.99,150.9054572533218,163.36962680012513
ec2_cpu_utilization_24ae8d:3035:3051,0,rolling_64@0.99,7.567530681404829,163.36962680012513
ec2_cpu_utilization_24ae8d:3043:3059,0,rolling_64@0.99,7.567530681404829,163.36962680012513
ec2_cpu_utilization_24ae8d:3051:3067,0,rolling_64@0.99,7.567530681404829,163.36962680012513
ec2_cpu_utilization_24ae8d:3059:3075,0,rolling_64@0.99,7.567530681404829,163.36962680012513
ec2_cpu_utilization_24ae8d:3067:3083,0,rolling_64@0.99,7.567530681404829,163.36962680012513
ec2_cpu_utilization_24ae8d:3075:3091,0,rolling_64@0.99,7.567530681404829,163.36962680012513
ec2_cpu_utilization_24ae8d:3083:3099,0,rolling_64@0.99,7.567530681404829,163.36962680012513
ec2_cpu_utilization_24ae8d:3091:3107,0,rolling_64@0.99,7.567530681404829,163.36962680012513
ec2_cpu_utilization_24ae8d:3099:3115,0,rolling_64@0.99,7.456243246019789,163.36962680012513
ec2_cpu_utilization_24ae8d:3107:3123,0,rolling_64@0.99,7.456243246019789,163.36962680012513
ec2_cpu_utilization_24ae8d:3115:3131,0,rolling_64@0.99,7.567530681404829,163.36962680012513
ec2_cpu_utilization_24ae8d:3123:3139,0,rolling_64@0.99,7.567530681404829,163.36962680012513
ec2_cpu_utilization_24ae8d:3131:3147,0,rolling_64@0.99,7.567530681404829,163.36962680012513
ec2_cpu_utilization_24ae8d:3139:3155,0,rolling_64@0.99,7.567530681404829,163.36962680012513
ec2_cpu_utilization_24ae8d:3147:3163,0,rolling_64@0.99,7.567530681404829,163.36962680012513
ec2_cpu_utilization_24ae8d:3155:3171,0,rolling_64@0.99,7.567530681404829,163.36962680012513
ec2_cpu_utilization_24ae8d:3163:3179,0,rolling_64@0.99,7.790105552174908,163.36962680012513
ec2_cpu_utilization_24ae8d:3171:3187,0,rolling_64@0.99,14.80119905665454,163.36962680012513
ec2_cpu_utilization_24ae8d:3179:3195,0,rolling_64@0.99,14.80119905665454,163.36962680012513
ec2_cpu_utilization_24ae8d:3187:3203,0,rolling_64@0.99,7.567530681404829,163.36962680012513
ec2_cpu_utilization_24ae8d:3195:3211,0,rolling_64@0.99,7.567530681404829,163.36962680012513
ec2_cpu_utilization_24ae8d:3203:3219,0,rolling_64@0.99,7.567530681404829,163.36962680012513
ec2_cpu_utilization_24ae8d:2419:2435,0,rolling_128@0.95,7.567530681404829,7.790105552174908
ec2_cpu_utilization_24ae8d:2427:2443,0,rolling_128@0.95,7.567530681404829,7.790105552174908
ec2_cpu_utilization_24ae8d:2435:2451,0,rolling_128@0.95,7.567530681404829,7.790105552174908
ec2_cpu_utilization_24ae8d:2443:2459,0,rolling_128@0.95,7.567530681404829,7.790105552174908
ec2_cpu_utilization_24ae8d:2451:2467,0,rolling_128@0.95,145.7862451754619,7.790105552174908
ec2_cpu_utilization_24ae8d:2459:2475,0,rolling_128@0.95,145.7862451754619,7.790105552174908
ec2_cpu_utilization_24ae8d:2467:2483,0,rolling_128@0.95,7.567530681404829,7.790105552174908
ec2_cpu_utilization_24ae8d:2475:2491,0,rolling_128@0.95,7.567530681404829,7.790105552174908
ec2_cpu_utilization_24ae8d:2483:2499,0,rolling_128@0.95,7.567530681404829,7.790105552174908
ec2_cpu_utilization_24ae8d:2491:2507,0,rolling_128@0.95,7.567530681404829,7.790105552174908
ec2_cpu_utilization_24ae8d:2499:2515,0,rolling_128@0.95,7.567530681404829,7.790105552174908
ec2_cpu_utilization_24ae8d:2507:2523,0,rolling_128@0.95,7.567530681404829,7.790105552174908
ec2_cpu_utilization_24ae8d:2515:2531,0,rolling_128@0.95,7.567530681404829,7.790105552174908
ec2_cpu_utilization_24ae8d:2523:2539,0,rolling_128@0.95,7.567530681404829,7.790105552174908
ec2_cpu_utilization_24ae8d:2531:2547,0,rolling_128@0.95,7.567530681404829,7.790105552174908
ec2_cpu_utilization_24ae8d:2539:2555,0,rolling_128@0.95,7.567530681404829,7.790105552174908
ec2_cpu_utilization_24ae8d:2547:2563,0,rolling_128@0.95,7.567530681404829,7.790105552174908
ec2_cpu_utilization_24ae8d:2555:2571,0,rolling_128@0.95,7.567530681404829,7.790105552174908
ec2_cpu_utilization_24ae8d:2563:2579,0,rolling_128@0.95,7.567530681404829,7.790105552174908
ec2_cpu_utilization_24ae8d:2571:2587,0,rolling_128@0.95,7.567530681404829,7.790105552174908
ec2_cpu_utilization_24ae8d:2579:2595,0,rolling_128@0.95,7.567530681404829,7.790105552174908
ec2_cpu_utilization_24ae8d:2587:2603,0,rolling_128@0.95,7.567530681404829,7.790105552174908
ec2_cpu_utilization_24ae8d:2595:2611,0,rolling_128@0.95,7.567530681404829,7.790105552174908
ec2_cpu_utilization_24ae8d:2603:2619,0,rolling_128@0.95,7.567530681404829,7.790105552174908
ec2_cpu_utilization_24ae8d:2611:2627,0,rolling_128@0.95,7.567530681404829,7.790105552174908
ec2_cpu_utilization_24ae8d:2619:2635,0,rolling_128@0.95,7.567530681404829,7.790105552174908
ec2_cpu_utilization_24ae8d:2627:2643,0,rolling_128@0.95,7.567530681404829,7.790105552174908
ec2_cpu_utilization_24ae8d:2635:2651,0,rolling_128@0.95,7.567530681404829,7.790105552174908
ec2_cpu_utilization_24ae8d:2643:2659,0,rolling_128@0.95,7.567530681404829,7.790105552174908
ec2_cpu_utilization_24ae8d:2651:2667,0,rolling_128@0.95,7.567530681404829,7.790105552174908
ec2_cpu_utilization_24ae8d:2659:2675,0,rolling_128@0.95,7.567530681404829,7.790105552174908
ec2_cpu_utilization_24ae8d:2667:2683,0,rolling_128@0.95,7.567530681404829,7.790105552174908
ec2_cpu_utilization_24ae8d:2675:2691,0,rolling_128@0.95,7.567530681404829,7.790105552174908
ec2_cpu_utilization_24ae8d:2683:2699,0,rolling_128@0.95,7.567530681404829,7.790105552174908
ec2_cpu_utilization_24ae8d:2691:2707,0,rolling_128@0.95,7.567530681404829,7.790105552174908
ec2_cpu_utilization_24ae8d:2699:2715,0,rolling_128@0.95,7.567530681404829,7.790105552174908
ec2_cpu_utilization_24ae8d:2707:2723,0,rolling_128@0.95,7.567530681404829,7.790105552174908
ec2_cpu_utilization_24ae8d:2715:2731,0,rolling_128@0.95,7.567530681404829,7.790105552174908
ec2_cpu_utilization_24ae8d:2723:2739,0,rolling_128@0.95,7.567530681404829,7.790105552174908
ec2_cpu_utilization_24ae8d:2731:2747,0,rolling_128@0.95,7.567530681404829,7.790105552174908
ec2_cpu_utilization_24ae8d:2739:2755,0,rolling_128@0.95,148.34584623946589,7.790105552174908
ec2_cpu_utilization_24ae8d:2747:2763,0,rolling_128@0.95,148.34584623946589,7.790105552174908
ec2_cpu_utilization_24ae8d:2755:2771,0,rolling_128@0.95,7.567530681404829,7.790105552174908
ec2_cpu_utilization_24ae8d:2763:2779,0,rolling_128@0.95,7.567530681404829,7.790105552174908
ec2_cpu_utilization_24ae8d:2771:2787,0,rolling_128@0.95,7.567530681404829,7.790105552174908
ec2_cpu_utilization_24ae8d:2779:2795,0,rolling_128@0.95,7.233668375249709,7.790105552174908
ec2_cpu_utilization_24ae8d:2787:2803,0,rolling_128@0.95,7.344955810634749,7.790105552174908
ec2_cpu_utilization_24ae8d:2795:2811,0,rolling_128@0.95,7.344955810634749,7.790105552174908
ec2_cpu_utilization_24ae8d:2803:2819,0,rolling_128@0.95,7.344955810634749,7.790105552174908
ec2_cpu_utilization_24ae8d:2811:2827,0,rolling_128@0.95,7.344955810634749,7.790105552174908
ec2_cpu_utilization_24ae8d:2819:2835,0,rolling_128@0.95,7.344955810634749,7.790105552174908
ec2_cpu_utilization_24ae8d:2827:2843,0,rolling_128@0.95,7.344955810634749,7.790105552174908
ec2_cpu_utilization_24ae8d:2835:2851,0,rolling_128@0.95,7.344955810634749,7.790105552174908
ec2_cpu_utilization_24ae8d:2843:2859,0,rolling_128@0.95,7.456243246019789,7.790105552174908
ec2_cpu_utilization_24ae8d:2851:2867,0,rolling_128@0.95,7.456243246019789,7.790105552174908
ec2_cpu_utilization_24ae8d:2859:2875,0,rolling_128@0.95,7.344955810634749,7.790105552174908
ec2_cpu_utilization_24ae8d:2867:2883,0,rolling_128@0.95,7.344955810634749,7.790105552174908
ec2_cpu_utilization_24ae8d:2875:2891,0,rolling_128@0.95,7.567530681404829,7.790105552174908
ec2_cpu_utilization_24ae8d:2883:2899,0,rolling_128@0.95,7.567530681404829,7.790105552174908
ec2_cpu_utilization_24ae8d:2891:2907,0,rolling_128@0.95,7.344955810634749,7.790105552174908
ec2_cpu_utilization_24ae8d:2899:2915,0,rolling_128@0.95,7.344955810634749,7.790105552174908
ec2_cpu_utilization_24ae8d:2907:2923,0,rolling_128@0.95,7.567530681404829,7.790105552174908
ec2_cpu_utilization_24ae8d:2915:2931,0,rolling_128@0.95,7.567530681404829,7.790105552174908
ec2_cpu_utilization_24ae8d:2923:2939,0,rolling_128@0.95,7.344955810634749,7.790105552174908
ec2_cpu_utilization_24ae8d:2931:2947,0,rolling_128@0.95,7.344955810634749,7.790105552174908
ec2_cpu_utilization_24ae8d:2939:2955,0,rolling_128@0.95,7.567530681404829,7.790105552174908
ec2_cpu_utilization_24ae8d:2947:2963,0,rolling_128@0.95,7.678818116789869,7.790105552174908
ec2_cpu_utilization_24ae8d:2955:2971,0,rolling_128@0.95,7.678818116789869,7.790105552174908
ec2_cpu_utilization_24ae8d:2963:2979,0,rolling_128@0.95,7.567530681404829,7.790105552174908
ec2_cpu_utilization_24ae8d:2971:2987,0,rolling_128@0.95,7.567530681404829,7.790105552174908
ec2_cpu_utilization_24ae8d:2979:2995,0,rolling_128@0.95,7.567530681404829,7.790105552174908
ec2_cpu_utilization_24ae8d:2987:3003,0,rolling_128@0.95,7.567530681404829,7.790105552174908
ec2_cpu_utilization_24ae8d:2995:3011,0,rolling_128@0.95,7.567530681404829,7.790105552174908
ec2_cpu_utilization_24ae8d:3003:3019,0,rolling_128@0.95,7.567530681404829,7.790105552174908
ec2_cpu_utilization_24ae8d:3011:3027,0,rolling_128@0.95,7.567530681404829,7.790105552174908
ec2_cpu_utilization_24ae8d:3019:3035,0,rolling_128@0.95,150.9054572533218,7.790105552174908
ec2_cpu_utilization_24ae8d:3027:3043,0,rolling_128@0.95,150.9054572533218,7.790105552174908
ec2_cpu_utilization_24ae8d:3035:3051,0,rolling_128@0.95,7.567530681404829,7.790105552174908
ec2_cpu_utilization_24ae8d:3043:3059,0,rolling_128@0.95,7.567530681404829,7.790105552174908
ec2_cpu_utilization_24ae8d:3051:3067,0,rolling_128@0.95,7.567530681404829,7.790105552174908
ec2_cpu_utilization_24ae8d:3059:3075,0,rolling_128@0.95,7.567530681404829,7.790105552174908
ec2_cpu_utilization_24ae8d:3067:3083,0,rolling_128@0.95,7.567530681404829,7.790105552174908
ec2_cpu_utilization_24ae8d:3075:3091,0,rolling_128@0.95,7.567530681404829,7.790105552174908
ec2_cpu_utilization_24ae8d:3083:3099,0,rolling_128@0.95,7.567530681404829,7.790105552174908
ec2_cpu_utilization_24ae8d:3091:3107,0,rolling_128@0.95,7.567530681404829,7.790105552174908
ec2_cpu_utilization_24ae8d:3099:3115,0,rolling_128@0.95,7.567530681404829,7.790105552174908
ec2_cpu_utilization_24ae8d:3107:3123,0,rolling_128@0.95,7.567530681404829,7.790105552174908
ec2_cpu_utilization_24ae8d:3115:3131,0,rolling_128@0.95,7.567530681404829,7.790105552174908
ec2_cpu_utilization_24ae8d:3123:3139,0,rolling_128@0.95,7.567530681404829,7.790105552174908
ec2_cpu_utilization_24ae8d:3131:3147,0,rolling_128@0.95,7.567530681404829,7.790105552174908
ec2_cpu_utilization_24ae8d:3139:3155,0,rolling_128@0.95,7.567530681404829,7.790105552174908
ec2_cpu_utilization_24ae8d:3147:3163,0,rolling_128@0.95,7.567530681404829,7.790105552174908
ec2_cpu_utilization_24ae8d:3155:3171,0,rolling_128@0.95,7.567530681404829,7.790105552174908
ec2_cpu_utilization_24ae8d:3163:3179,0,rolling_128@0.95,7.790105552174908,7.790105552174908
ec2_cpu_utilization_24ae8d:3171:3187,0,rolling_128@0.95,14.80119905665454,7.790105552174908
ec2_cpu_utilization_24ae8d:3179:3195,0,rolling_128@0.95,14.80119905665454,7.790105552174908
ec2_cpu_utilization_24ae8d:3187:3203,0,rolling_128@0.95,7.567530681404829,7.790105552174908
ec2_cpu_utilization_24ae8d:3195:3211,0,rolling_128@0.95,7.567530681404829,7.790105552174908
ec2_cpu_utilization_24ae8d:3203:3219,0,rolling_128@0.95,7.567530681404829,7.790105552174908
ec2_cpu_utilization_24ae8d:2419:2435,0,rolling_128@0.975,7.567530681404829,148.45714362470284
ec2_cpu_utilization_24ae8d:2427:2443,0,rolling_128@0.975,7.567530681404829,148.45714362470284
ec2_cpu_utilization_24ae8d:2435:2451,0,rolling_128@0.975,7.567530681404829,148.45714362470284
ec2_cpu_utilization_24ae8d:2443:2459,0,rolling_128@0.975,7.567530681404829,148.45714362470284
ec2_cpu_utilization_24ae8d:2451:2467,0,rolling_128@0.975,145.7862451754619,148.45714362470284
ec2_cpu_utilization_24ae8d:2459:2475,0,rolling_128@0.975,145.7862451754619,148.45714362470284
ec2_cpu_utilization_24ae8d:2467:2483,0,rolling_128@0.975,7.567530681404829,148.45714362470284
ec2_cpu_utilization_24ae8d:2475:2491,0,rolling_128@0.975,7.567530681404829,148.45714362470284
ec2_cpu_utilization_24ae8d:2483:2499,0,rolling_128@0.975,7.567530681404829,148.45714362470284
ec2_cpu_utilization_24ae8d:2491:2507,0,rolling_128@0.975,7.567530681404829,148.45714362470284
ec2_cpu_utilization_24ae8d:2499:2515,0,rolling_128@0.975,7.567530681404829,148.45714362470284
ec2_cpu_utilization_24ae8d:2507:2523,0,rolling_128@0.975,7.567530681404829,148.45714362470284
ec2_cpu_utilization_24ae8d:2515:2531,0,rolling_128@0.975,7.567530681404829,148.45714362470284
ec2_cpu_utilization_24ae8d:2523:2539,0,rolling_128@0.975,7.567530681404829,148.45714362470284
ec2_cpu_utilization_24ae8d:2531:2547,0,rolling_128@0.975,7.567530681404829,148.45714362470284
ec2_cpu_utilization_24ae8d:2539:2555,0,rolling_128@0.975,7.567530681404829,148.45714362470284
ec2_cpu_utilization_24ae8d:2547:2563,0,rolling_128@0.975,7.567530681404829,148.45714362470284
ec2_cpu_utilization_24ae8d:2555:2571,0,rolling_128@0.975,7.567530681404829,148.45714362470284
ec2_cpu_utilization_24ae8d:2563:2579,0,rolling_128@0.975,7.567530681404829,148.45714362470284
ec2_cpu_utilization_24ae8d:2571:2587,0,rolling_128@0.975,7.567530681404829,148.45714362470284
ec2_cpu_utilization_24ae8d:2579:2595,0,rolling_128@0.975,7.567530681404829,148.45714362470284
ec2_cpu_utilization_24ae8d:2587:2603,0,rolling_128@0.975,7.567530681404829,148.45714362470284
ec2_cpu_utilization_24ae8d:2595:2611,0,rolling_128@0.975,7.567530681404829,148.45714362470284
ec2_cpu_utilization_24ae8d:2603:2619,0,rolling_128@0.975,7.567530681404829,148.45714362470284
ec2_cpu_utilization_24ae8d:2611:2627,0,rolling_128@0.975,7.567530681404829,148.45714362470284
ec2_cpu_utilization_24ae8d:2619:2635,0,rolling_128@0.975,7.567530681404829,148.45714362470284
ec2_cpu_utilization_24ae8d:2627:2643,0,rolling_128@0.975,7.567530681404829,148.45714362470284
ec2_cpu_utilization_24ae8d:2635:2651,0,rolling_128@0.975,7.567530681404829,148.45714362470284
ec2_cpu_utilization_24ae8d:2643:2659,0,rolling_128@0.975,7.567530681404829,148.45714362470284
ec2_cpu_utilization_24ae8d:2651:2667,0,rolling_128@0.975,7.567530681404829,148.45714362470284
ec2_cpu_utilization_24ae8d:2659:2675,0,rolling_128@0.975,7.567530681404829,148.45714362470284
ec2_cpu_utilization_24ae8d:2667:2683,0,rolling_128@0.975,7.567530681404829,148.45714362470284
ec2_cpu_utilization_24ae8d:2675:2691,0,rolling_128@0.975,7.567530681404829,148.45714362470284
ec2_cpu_utilization_24ae8d:2683:2699,0,rolling_128@0.975,7.567530681404829,148.45714362470284
ec2_cpu_utilization_24ae8d:2691:2707,0,rolling_128@0.975,7.567530681404829,148.45714362470284
ec2_cpu_utilization_24ae8d:2699:2715,0,rolling_128@0.975,7.567530681404829,148.45714362470284
ec2_cpu_utilization_24ae8d:2707:2723,0,rolling_128@0.975,7.567530681404829,148.45714362470284
ec2_cpu_utilization_24ae8d:2715:2731,0,rolling_128@0.975,7.567530681404829,148.45714362470284
ec2_cpu_utilization_24ae8d:2723:2739,0,rolling_128@0.975,7.567530681404829,148.45714362470284
ec2_cpu_utilization_24ae8d:2731:2747,0,rolling_128@0.975,7.567530681404829,148.45714362470284
ec2_cpu_utilization_24ae8d:2739:2755,0,rolling_128@0.975,148.34584623946589,148.45714362470284
ec2_cpu_utilization_24ae8d:2747:2763,0,rolling_128@0.975,148.34584623946589,148.45714362470284
ec2_cpu_utilization_24ae8d:2755:2771,0,rolling_128@0.975,7.567530681404829,148.45714362470284
ec2_cpu_utilization_24ae8d:2763:2779,0,rolling_128@0.975,7.567530681404829,148.45714362470284
ec2_cpu_utilization_24ae8d:2771:2787,0,rolling_128@0.975,7.567530681404829,148.45714362470284
ec2_cpu_utilization_24ae8d:2779:2795,0,rolling_128@0.975,7.233668375249709,148.45714362470284
ec2_cpu_utilization_24ae8d:2787:2803,0,rolling_128@0.975,7.344955810634749,148.45714362470284
ec2_cpu_utilization_24ae8d:2795:2811,0,rolling_128@0.975,7.344955810634749,148.45714362470284
ec2_cpu_utilization_24ae8d:2803:2819,0,rolling_128@0.975,7.344955810634749,148.45714362470284
ec2_cpu_utilization_24ae8d:2811:2827,0,rolling_128@0.975,7.344955810634749,148.45714362470284
ec2_cpu_utilization_24ae8d:2819:2835,0,rolling_128@0.975,7.344955810634749,148.45714362470284
ec2_cpu_utilization_24ae8d:2827:2843,0,rolling_128@0.975,7.344955810634749,148.45714362470284
ec2_cpu_utilization_24ae8d:2835:2851,0,rolling_128@0.975,7.344955810634749,148.45714362470284
ec2_cpu_utilization_24ae8d:2843:2859,0,rolling_128@0.975,7.456243246019789,148.45714362470284
ec2_cpu_utilization_24ae8d:2851:2867,0,rolling_128@0.975,7.456243246019789,148.45714362470284
ec2_cpu_utilization_24ae8d:2859:2875,0,rolling_128@0.975,7.344955810634749,148.45714362470284
ec2_cpu_utilization_24ae8d:2867:2883,0,rolling_128@0.975,7.344955810634749,148.45714362470284
ec2_cpu_utilization_24ae8d:2875:2891,0,rolling_128@0.975,7.567530681404829,148.45714362470284
ec2_cpu_utilization_24ae8d:2883:2899,0,rolling_128@0.975,7.567530681404829,148.45714362470284
ec2_cpu_utilization_24ae8d:2891:2907,0,rolling_128@0.975,7.344955810634749,148.45714362470284
ec2_cpu_utilization_24ae8d:2899:2915,0,rolling_128@0.975,7.344955810634749,148.45714362470284
ec2_cpu_utilization_24ae8d:2907:2923,0,rolling_128@0.975,7.567530681404829,148.45714362470284
ec2_cpu_utilization_24ae8d:2915:2931,0,rolling_128@0.975,7.567530681404829,148.45714362470284
ec2_cpu_utilization_24ae8d:2923:2939,0,rolling_128@0.975,7.344955810634749,148.45714362470284
ec2_cpu_utilization_24ae8d:2931:2947,0,rolling_128@0.975,7.344955810634749,148.45714362470284
ec2_cpu_utilization_24ae8d:2939:2955,0,rolling_128@0.975,7.567530681404829,148.45714362470284
ec2_cpu_utilization_24ae8d:2947:2963,0,rolling_128@0.975,7.678818116789869,148.45714362470284
ec2_cpu_utilization_24ae8d:2955:2971,0,rolling_128@0.975,7.678818116789869,148.45714362470284
ec2_cpu_utilization_24ae8d:2963:2979,0,rolling_128@0.975,7.567530681404829,148.45714362470284
ec2_cpu_utilization_24ae8d:2971:2987,0,rolling_128@0.975,7.567530681404829,148.45714362470284
ec2_cpu_utilization_24ae8d:2979:2995,0,rolling_128@0.975,7.567530681404829,148.45714362470284
ec2_cpu_utilization_24ae8d:2987:3003,0,rolling_128@0.975,7.567530681404829,148.45714362470284
ec2_cpu_utilization_24ae8d:2995:3011,0,rolling_128@0.975,7.567530681404829,148.45714362470284
ec2_cpu_utilization_24ae8d:3003:3019,0,rolling_128@0.975,7.567530681404829,148.45714362470284
ec2_cpu_utilization_24ae8d:3011:3027,0,rolling_128@0.975,7.567530681404829,148.45714362470284
ec2_cpu_utilization_24ae8d:3019:3035,0,rolling_128@0.975,150.9054572533218,148.45714362470284
ec2_cpu_utilization_24ae8d:3027:3043,0,rolling_128@0.975,150.9054572533218,148.45714362470284
ec2_cpu_utilization_24ae8d:3035:3051,0,rolling_128@0.975,7.567530681404829,148.45714362470284
ec2_cpu_utilization_24ae8d:3043:3059,0,rolling_128@0.975,7.567530681404829,148.45714362470284
ec2_cpu_utilization_24ae8d:3051:3067,0,rolling_128@0.975,7.567530681404829,148.45714362470284
ec2_cpu_utilization_24ae8d:3059:3075,0,rolling_128@0.975,7.567530681404829,148.45714362470284
ec2_cpu_utilization_24ae8d:3067:3083,0,rolling_128@0.975,7.567530681404829,148.45714362470284
ec2_cpu_utilization_24ae8d:3075:3091,0,rolling_128@0.975,7.567530681404829,148.45714362470284
ec2_cpu_utilization_24ae8d:3083:3099,0,rolling_128@0.975,7.567530681404829,148.45714362470284
ec2_cpu_utilization_24ae8d:3091:3107,0,rolling_128@0.975,7.567530681404829,148.45714362470284
ec2_cpu_utilization_24ae8d:3099:3115,0,rolling_128@0.975,7.567530681404829,148.45714362470284
ec2_cpu_utilization_24ae8d:3107:3123,0,rolling_128@0.975,7.567530681404829,148.45714362470284
ec2_cpu_utilization_24ae8d:3115:3131,0,rolling_128@0.975,7.567530681404829,148.45714362470284
ec2_cpu_utilization_24ae8d:3123:3139,0,rolling_128@0.975,7.567530681404829,148.45714362470284
ec2_cpu_utilization_24ae8d:3131:3147,0,rolling_128@0.975,7.567530681404829,148.45714362470284
ec2_cpu_utilization_24ae8d:3139:3155,0,rolling_128@0.975,7.567530681404829,148.45714362470284
ec2_cpu_utilization_24ae8d:3147:3163,0,rolling_128@0.975,7.567530681404829,148.45714362470284
ec2_cpu_utilization_24ae8d:3155:3171,0,rolling_128@0.975,7.567530681404829,148.45714362470284
ec2_cpu_utilization_24ae8d:3163:3179,0,rolling_128@0.975,7.790105552174908,148.45714362470284
ec2_cpu_utilization_24ae8d:3171:3187,0,rolling_128@0.975,14.80119905665454,148.45714362470284
ec2_cpu_utilization_24ae8d:3179:3195,0,rolling_128@0.975,14.80119905665454,148.45714362470284
ec2_cpu_utilization_24ae8d:3187:3203,0,rolling_128@0.975,7.567530681404829,148.45714362470284
ec2_cpu_utilization_24ae8d:3195:3211,0,rolling_128@0.975,7.567530681404829,148.45714362470284
ec2_cpu_utilization_24ae8d:3203:3219,0,rolling_128@0.975,7.567530681404829,148.45714362470284
ec2_cpu_utilization_24ae8d:2419:2435,0,rolling_128@0.99,7.567530681404829,163.14705192935503
ec2_cpu_utilization_24ae8d:2427:2443,0,rolling_128@0.99,7.567530681404829,163.14705192935503
ec2_cpu_utilization_24ae8d:2435:2451,0,rolling_128@0.99,7.567530681404829,163.14705192935503
ec2_cpu_utilization_24ae8d:2443:2459,0,rolling_128@0.99,7.567530681404829,163.14705192935503
ec2_cpu_utilization_24ae8d:2451:2467,0,rolling_128@0.99,145.7862451754619,163.14705192935503
ec2_cpu_utilization_24ae8d:2459:2475,0,rolling_128@0.99,145.7862451754619,163.14705192935503
ec2_cpu_utilization_24ae8d:2467:2483,0,rolling_128@0.99,7.567530681404829,163.14705192935503
ec2_cpu_utilization_24ae8d:2475:2491,0,rolling_128@0.99,7.567530681404829,163.14705192935503
ec2_cpu_utilization_24ae8d:2483:2499,0,rolling_128@0.99,7.567530681404829,163.14705192935503
ec2_cpu_utilization_24ae8d:2491:2507,0,rolling_128@0.99,7.567530681404829,163.14705192935503
ec2_cpu_utilization_24ae8d:2499:2515,0,rolling_128@0.99,7.567530681404829,163.14705192935503
ec2_cpu_utilization_24ae8d:2507:2523,0,rolling_128@0.99,7.567530681404829,163.14705192935503
ec2_cpu_utilization_24ae8d:2515:2531,0,rolling_128@0.99,7.567530681404829,163.14705192935503
ec2_cpu_utilization_24ae8d:2523:2539,0,rolling_128@0.99,7.567530681404829,163.14705192935503
ec2_cpu_utilization_24ae8d:2531:2547,0,rolling_128@0.99,7.567530681404829,163.14705192935503
ec2_cpu_utilization_24ae8d:2539:2555,0,rolling_128@0.99,7.567530681404829,163.14705192935503
ec2_cpu_utilization_24ae8d:2547:2563,0,rolling_128@0.99,7.567530681404829,163.14705192935503
ec2_cpu_utilization_24ae8d:2555:2571,0,rolling_128@0.99,7.567530681404829,163.14705192935503
ec2_cpu_utilization_24ae8d:2563:2579,0,rolling_128@0.99,7.567530681404829,163.14705192935503
ec2_cpu_utilization_24ae8d:2571:2587,0,rolling_128@0.99,7.567530681404829,163.14705192935503
ec2_cpu_utilization_24ae8d:2579:2595,0,rolling_128@0.99,7.567530681404829,163.14705192935503
ec2_cpu_utilization_24ae8d:2587:2603,0,rolling_128@0.99,7.567530681404829,163.14705192935503
ec2_cpu_utilization_24ae8d:2595:2611,0,rolling_128@0.99,7.567530681404829,163.14705192935503
ec2_cpu_utilization_24ae8d:2603:2619,0,rolling_128@0.99,7.567530681404829,163.14705192935503
ec2_cpu_utilization_24ae8d:2611:2627,0,rolling_128@0.99,7.567530681404829,163.14705192935503
ec2_cpu_utilization_24ae8d:2619:2635,0,rolling_128@0.99,7.567530681404829,163.14705192935503
ec2_cpu_utilization_24ae8d:2627:2643,0,rolling_128@0.99,7.567530681404829,163.14705192935503
ec2_cpu_utilization_24ae8d:2635:2651,0,rolling_128@0.99,7.567530681404829,163.14705192935503
ec2_cpu_utilization_24ae8d:2643:2659,0,rolling_128@0.99,7.567530681404829,163.14705192935503
ec2_cpu_utilization_24ae8d:2651:2667,0,rolling_128@0.99,7.567530681404829,163.14705192935503
ec2_cpu_utilization_24ae8d:2659:2675,0,rolling_128@0.99,7.567530681404829,163.14705192935503
ec2_cpu_utilization_24ae8d:2667:2683,0,rolling_128@0.99,7.567530681404829,163.14705192935503
ec2_cpu_utilization_24ae8d:2675:2691,0,rolling_128@0.99,7.567530681404829,163.14705192935503
ec2_cpu_utilization_24ae8d:2683:2699,0,rolling_128@0.99,7.567530681404829,163.14705192935503
ec2_cpu_utilization_24ae8d:2691:2707,0,rolling_128@0.99,7.567530681404829,163.14705192935503
ec2_cpu_utilization_24ae8d:2699:2715,0,rolling_128@0.99,7.567530681404829,163.14705192935503
ec2_cpu_utilization_24ae8d:2707:2723,0,rolling_128@0.99,7.567530681404829,163.14705192935503
ec2_cpu_utilization_24ae8d:2715:2731,0,rolling_128@0.99,7.567530681404829,163.14705192935503
ec2_cpu_utilization_24ae8d:2723:2739,0,rolling_128@0.99,7.567530681404829,163.14705192935503
ec2_cpu_utilization_24ae8d:2731:2747,0,rolling_128@0.99,7.567530681404829,163.14705192935503
ec2_cpu_utilization_24ae8d:2739:2755,0,rolling_128@0.99,148.34584623946589,163.14705192935503
ec2_cpu_utilization_24ae8d:2747:2763,0,rolling_128@0.99,148.34584623946589,163.14705192935503
ec2_cpu_utilization_24ae8d:2755:2771,0,rolling_128@0.99,7.567530681404829,163.14705192935503
ec2_cpu_utilization_24ae8d:2763:2779,0,rolling_128@0.99,7.567530681404829,163.14705192935503
ec2_cpu_utilization_24ae8d:2771:2787,0,rolling_128@0.99,7.567530681404829,163.14705192935503
ec2_cpu_utilization_24ae8d:2779:2795,0,rolling_128@0.99,7.233668375249709,163.14705192935503
ec2_cpu_utilization_24ae8d:2787:2803,0,rolling_128@0.99,7.344955810634749,163.14705192935503
ec2_cpu_utilization_24ae8d:2795:2811,0,rolling_128@0.99,7.344955810634749,163.14705192935503
ec2_cpu_utilization_24ae8d:2803:2819,0,rolling_128@0.99,7.344955810634749,163.14705192935503
ec2_cpu_utilization_24ae8d:2811:2827,0,rolling_128@0.99,7.344955810634749,163.14705192935503
ec2_cpu_utilization_24ae8d:2819:2835,0,rolling_128@0.99,7.344955810634749,163.14705192935503
ec2_cpu_utilization_24ae8d:2827:2843,0,rolling_128@0.99,7.344955810634749,163.14705192935503
ec2_cpu_utilization_24ae8d:2835:2851,0,rolling_128@0.99,7.344955810634749,163.14705192935503
ec2_cpu_utilization_24ae8d:2843:2859,0,rolling_128@0.99,7.456243246019789,163.14705192935503
ec2_cpu_utilization_24ae8d:2851:2867,0,rolling_128@0.99,7.456243246019789,163.14705192935503
ec2_cpu_utilization_24ae8d:2859:2875,0,rolling_128@0.99,7.344955810634749,163.14705192935503
ec2_cpu_utilization_24ae8d:2867:2883,0,rolling_128@0.99,7.344955810634749,163.14705192935503
ec2_cpu_utilization_24ae8d:2875:2891,0,rolling_128@0.99,7.567530681404829,163.14705192935503
ec2_cpu_utilization_24ae8d:2883:2899,0,rolling_128@0.99,7.567530681404829,163.14705192935503
ec2_cpu_utilization_24ae8d:2891:2907,0,rolling_128@0.99,7.344955810634749,163.14705192935503
ec2_cpu_utilization_24ae8d:2899:2915,0,rolling_128@0.99,7.344955810634749,163.14705192935503
ec2_cpu_utilization_24ae8d:2907:2923,0,rolling_128@0.99,7.567530681404829,163.14705192935503
ec2_cpu_utilization_24ae8d:2915:2931,0,rolling_128@0.99,7.567530681404829,163.14705192935503
ec2_cpu_utilization_24ae8d:2923:2939,0,rolling_128@0.99,7.344955810634749,163.14705192935503
ec2_cpu_utilization_24ae8d:2931:2947,0,rolling_128@0.99,7.344955810634749,163.14705192935503
ec2_cpu_utilization_24ae8d:2939:2955,0,rolling_128@0.99,7.567530681404829,163.14705192935503
ec2_cpu_utilization_24ae8d:2947:2963,0,rolling_128@0.99,7.678818116789869,163.14705192935503
ec2_cpu_utilization_24ae8d:2955:2971,0,rolling_128@0.99,7.678818116789869,163.14705192935503
ec2_cpu_utilization_24ae8d:2963:2979,0,rolling_128@0.99,7.567530681404829,163.14705192935503
ec2_cpu_utilization_24ae8d:2971:2987,0,rolling_128@0.99,7.567530681404829,163.14705192935503
ec2_cpu_utilization_24ae8d:2979:2995,0,rolling_128@0.99,7.567530681404829,163.14705192935503
ec2_cpu_utilization_24ae8d:2987:3003,0,rolling_128@0.99,7.567530681404829,163.14705192935503
ec2_cpu_utilization_24ae8d:2995:3011,0,rolling_128@0.99,7.567530681404829,163.14705192935503
ec2_cpu_utilization_24ae8d:3003:3019,0,rolling_128@0.99,7.567530681404829,163.14705192935503
ec2_cpu_utilization_24ae8d:3011:3027,0,rolling_128@0.99,7.567530681404829,163.14705192935503
ec2_cpu_utilization_24ae8d:3019:3035,0,rolling_128@0.99,150.9054572533218,163.14705192935503
ec2_cpu_utilization_24ae8d:3027:3043,0,rolling_128@0.99,150.9054572533218,163.14705192935503
ec2_cpu_utilization_24ae8d:3035:3051,0,rolling_128@0.99,7.567530681404829,163.14705192935503
ec2_cpu_utilization_24ae8d:3043:3059,0,rolling_128@0.99,7.567530681404829,163.14705192935503
ec2_cpu_utilization_24ae8d:3051:3067,0,rolling_128@0.99,7.567530681404829,163.14705192935503
ec2_cpu_utilization_24ae8d:3059:3075,0,rolling_128@0.99,7.567530681404829,163.14705192935503
ec2_cpu_utilization_24ae8d:3067:3083,0,rolling_128@0.99,7.567530681404829,163.14705192935503
ec2_cpu_utilization_24ae8d:3075:3091,0,rolling_128@0.99,7.567530681404829,163.14705192935503
ec2_cpu_utilization_24ae8d:3083:3099,0,rolling_128@0.99,7.567530681404829,163.14705192935503
ec2_cpu_utilization_24ae8d:3091:3107,0,rolling_128@0.99,7.567530681404829,163.14705192935503
ec2_cpu_utilization_24ae8d:3099:3115,0,rolling_128@0.99,7.567530681404829,163.14705192935503
ec2_cpu_utilization_24ae8d:3107:3123,0,rolling_128@0.99,7.567530681404829,163.14705192935503
ec2_cpu_utilization_24ae8d:3115:3131,0,rolling_128@0.99,7.567530681404829,163.14705192935503
ec2_cpu_utilization_24ae8d:3123:3139,0,rolling_128@0.99,7.567530681404829,163.14705192935503
ec2_cpu_utilization_24ae8d:3131:3147,0,rolling_128@0.99,7.567530681404829,163.14705192935503
ec2_cpu_utilization_24ae8d:3139:3155,0,rolling_128@0.99,7.567530681404829,163.14705192935503
ec2_cpu_utilization_24ae8d:3147:3163,0,rolling_128@0.99,7.567530681404829,163.14705192935503
ec2_cpu_utilization_24ae8d:3155:3171,0,rolling_128@0.99,7.567530681404829,163.14705192935503
ec2_cpu_utilization_24ae8d:3163:3179,0,rolling_128@0.99,7.790105552174908,163.14705192935503
ec2_cpu_utilization_24ae8d:3171:3187,0,rolling_128@0.99,14.80119905665454,163.14705192935503
ec2_cpu_utilization_24ae8d:3179:3195,0,rolling_128@0.99,14.80119905665454,163.14705192935503
ec2_cpu_utilization_24ae8d:3187:3203,0,rolling_128@0.99,7.567530681404829,163.14705192935503
ec2_cpu_utilization_24ae8d:3195:3211,0,rolling_128@0.99,7.567530681404829,163.14705192935503
ec2_cpu_utilization_24ae8d:3203:3219,0,rolling_128@0.99,7.567530681404829,163.14705192935503
